# Object Export From Tinkercad Server 2015

mtllib obj.mtl

o obj_0
v -43.41 		-51.687 		0
v -43.164 		-51.903 		0
v -43.41 		-55.654 		0
v -43.164 		-55.438 		0
v -42.517 		-53.024 		0
v -42.622 		-52.714 		0
v -42.767 		-52.421 		0
v -42.949 		-52.149 		0
v -36.7105 		-58.0768 		0.9023
v -36.701 		-58.08 		0.9171
v -36.6589 		-58.0884 		0.9736
v -36.6153 		-58.0971 		1.0505
v -36.5828 		-58.1037 		1.1313
v -36.5649 		-58.1072 		1.2132
v -36.5633 		-58.1075 		1.286
v -37.2785 		-57.8426 		1.5445
v -37.224 		-57.8696 		1.5679
v -37.3542 		-57.7964 		1.5018
v -37.304 		-57.83 		1.5293
v -37.4246 		-57.7493 		1.4511
v -37.4898 		-57.7056 		1.3924
v -37.5477 		-57.6669 		1.3261
v -37.5763 		-57.6477 		1.286
v -37.576 		-57.648 		1.2864
v -41.5215 		-51.5605 		21.2967
v -40.4124 		-50.9039 		21.0455
v -40.4125 		-50.9585 		20.952
v -41.379 		-51.6581 		20.952
v -42.2403 		-52.4893 		20.5952
v -42.24 		-52.491 		20.592
v -32.337 		-56.88 		9.941
v -39.706 		-50.991 		20.018
v -39.7599 		-50.65 		20.6705
v -31.635 		-55.83 		9.941
v -32.134 		-57.036 		8.979
v -31.414 		-55.957 		8.979
v -49.33 		-48.5 		9.941
v -49.16 		-47.206 		8.979
v -32.066 		-57.088 		8
v -49.577 		-48.434 		8.979
v -31.34 		-56 		8
v -49.239 		-47.173 		8
v -49.659 		-48.412 		8
v -33.17 		-57.83 		9.941
v -32.989 		-58.011 		8.979
v -49.16 		-47.206 		7.021
v -49.577 		-48.434 		7.021
v -33.912 		-58.934 		8
v -32.929 		-58.071 		8
v -49.33 		-48.5 		6.059
v -39.5 		-65.88 		10.28
v -39.488 		-65.879 		10.28
v -39.484 		-65.908 		10.295
v -39.5 		-65.909 		10.295
v -39.475 		-65.876 		10.28
v -39.468 		-65.905 		10.295
v -49.577 		-49.739 		9.941
v -39.525 		-65.876 		10.28
v -49.914 		-51 		8.979
v -49.83 		-49.706 		8.979
v -39.512 		-65.879 		10.28
v -50 		-51 		8
v -49.914 		-49.695 		8
v -49.914 		-51 		7.021
v -49.83 		-49.706 		7.021
v -39.412 		-65.998 		10.415
v -49.659 		-51 		6.059
v -49.577 		-52.261 		6.059
v -39.472 		-66 		10.386
v -39.444 		-65.994 		10.386
v -49.577 		-49.739 		6.059
v -39.417 		-65.985 		10.386
v -49.239 		-51 		5.13
v -49.16 		-52.206 		5.13
v -39.528 		-66 		10.386
v -49.16 		-49.794 		5.13
v -48.536 		-47.464 		10.87
v -48.924 		-48.609 		10.87
v -39.449 		-65.976 		10.359
v -39.424 		-65.968 		10.359
v -48.924 		-47.304 		9.941
v -39.401 		-65.956 		10.359
v -48.924 		-47.304 		6.059
v -39.454 		-65.955 		10.334
v -48.536 		-47.464 		5.13
v -39.432 		-65.948 		10.334
v -48.924 		-48.609 		5.13
v -39.412 		-65.938 		10.334
v -48.365 		-48.759 		4.25
v -39.461 		-65.931 		10.313
v -39.442 		-65.925 		10.313
v -42.151 		-65.803 		10.313
v -42.147 		-65.823 		10.313
v -37.598 		-57.6288 		1.256
v -42.141 		-65.842 		10.313
v -37.6394 		-57.5925 		1.1826
v -37.6714 		-57.5647 		1.1075
v -37.6945 		-57.5445 		1.032
v -37.7084 		-57.5323 		0.9575
v -37.713 		-57.5283 		0.8867
v -37.7094 		-57.5314 		0.8204
v -42.124 		-65.8 		10.295
v -37.6999 		-57.5397 		0.774
v -42.121 		-65.816 		10.295
v -42.115 		-65.831 		10.295
v -42.108 		-65.846 		10.295
v -42.095 		-65.796 		10.28
v -42.092 		-65.808 		10.28
v -42.088 		-65.82 		10.28
v -42.197 		-65.809 		10.359
v -42.192 		-65.835 		10.359
v -42.175 		-65.806 		10.334
v -42.171 		-65.829 		10.334
v -42.163 		-65.851 		10.334
v -42.14 		-65.892 		10.334
v -42.125 		-65.909 		10.334
v -42.132 		-65.86 		10.313
v -42.121 		-65.877 		10.313
v -42.108 		-65.892 		10.313
v -42.093 		-65.905 		10.313
v -39.526 		-65.981 		10.359
v -39.5 		-65.983 		10.359
v -39.474 		-65.981 		10.359
v -39.523 		-65.96 		10.334
v -39.5 		-65.961 		10.334
v -42.949 		-55.193 		0
v -42.767 		-54.921 		0
v -42.622 		-54.627 		0
v -42.517 		-54.318 		0
v -42.453 		-53.997 		0
v -42.432 		-53.671 		0
v -42.453 		-53.344 		0
v -42.241 		-52.294 		0.756
v -42.053 		-52.576 		0.756
v -41.83 		-52.83 		0.756
v -41.576 		-53.053 		0.756
v -42.33 		-54.036 		1.071
v -41.913 		-54.314 		1.071
v -42.33 		-56.624 		2.05
v -41.576 		-56.88 		2.05
v -41.913 		-55.619 		1.505
v -41.83 		-57.83 		2.697
v -42.588 		-51 		0.756
v -42.566 		-50.662 		0.756
v -43.9081 		-51.3941 		1.1106
v -43.7974 		-51.4489 		1.071
v -43.7974 		-51.4489 		1.071
v -43.7152 		-51.4896 		1.0508
v -42.566 		-51.338 		0.756
v -43.41 		-51.687 		0.9844
v -43.215 		-51.8583 		0.9442
v -43.2123 		-51.8606 		0.9436
v -43.6657 		-51.5169 		1.0398
v -42.5 		-51.67 		0.756
v -43.682 		-51.506 		1.0433
v -42.949 		-52.149 		0.9036
v -42.9113 		-52.2054 		0.8991
v -43.164 		-51.903 		0.9354
v -43.088 		-51.99 		0.9242
v -42.391 		-51.99 		0.756
v -30.5345 		-55.3056 		14
v -30.3741 		-55.3084 		14
v -30.2657 		-55.3481 		14
v -30.117 		-55.4149 		14
v -30.5039 		-55.2889 		14
v -30.4506 		-55.29 		14
v -29.9027 		-55.524 		14
v -29.7584 		-55.6022 		14
v -36.9443 		-44.6345 		14
v -37.158 		-44.7454 		14
v -36.3929 		-44.5958 		14
v -29.067 		-55.2241 		14
v -36.6403 		-44.466 		14
v -36.5065 		-44.3881 		14
v -37.0708 		-43.9799 		14
v -36.8725 		-43.719 		14
v -48.586 		-52.13 		4.25
v -48.66 		-51 		4.25
v -48.586 		-49.87 		4.25
v -48.365 		-46.17 		9.941
v -48.586 		-46.043 		8.979
v -48.66 		-46 		8
v -48.586 		-46.043 		7.021
v -48.365 		-46.17 		6.059
v -40.664 		-63.978 		14.25
v -30.12 		-51.3184 		14
v -30.2679 		-51.3862 		14
v -30.3757 		-51.4273 		14
v -42.099 		-65.86 		10.295
v -42.088 		-65.872 		10.295
v -42.183 		-65.86 		10.359
v -42.172 		-65.883 		10.359
v -42.157 		-65.905 		10.359
v -42.153 		-65.872 		10.334
v -42.151 		-65.981 		10.478
v -42.124 		-66 		10.478
v -42.147 		-65.976 		10.446
v -42.121 		-65.994 		10.446
v -42.197 		-65.935 		10.478
v -42.175 		-65.96 		10.478
v -42.192 		-65.931 		10.446
v -42.171 		-65.955 		10.446
v -37.706 		-58.744 		0.998
v -42.183 		-65.925 		10.415
v -42.163 		-65.948 		10.415
v -42.141 		-65.968 		10.415
v -42.115 		-65.985 		10.415
v -42.088 		-65.998 		10.415
v -42.153 		-65.938 		10.386
v -42.132 		-65.956 		10.386
v -42.108 		-65.972 		10.386
v -42.14 		-65.925 		10.359
v -42.121 		-65.942 		10.359
v -42.099 		-65.956 		10.359
v -42.108 		-65.925 		10.334
v -42.088 		-65.938 		10.334
v -41.75 		-65.0996 		8.096
v -41.75 		-65.1038 		8.093
v -41.75 		-65.1697 		8.0463
v -41.75 		-65.3169 		7.942
v -41.75 		-65.3166 		7.9422
v -41.75 		-65.28 		7.9681
v -37.6971 		-57.5421 		0.7602
v -37.6778 		-57.559 		0.7064
v -41.875 		-65.632 		9.674
v -37.6521 		-57.5815 		0.6601
v -41.911 		-65.767 		8.968
v -37.6213 		-57.6084 		0.6205
v -37.5854 		-57.6397 		0.5889
v -37.576 		-57.648 		0.5831
v -37.5453 		-57.6686 		0.5625
v -37.5013 		-57.698 		0.5421
v -37.4542 		-57.7295 		0.5288
v -41.8928 		-65.536 		7.777
v -41.75 		-65.3704 		7.904
v -30.4524 		-51.4467 		14
v -30.5054 		-51.4481 		14
v -30.536 		-51.4315 		14
v -30.5486 		-51.3989 		14
v -37.4049 		-57.7625 		0.5221
v -30.541 		-51.3467 		14
v -30.5126 		-51.2727 		14
v -37.3538 		-57.7967 		0.5217
v -37.304 		-57.83 		0.5281
v -30.4587 		-51.1707 		14
v -37.3009 		-57.8315 		0.5282
v -30.3732 		-51.032 		14
v -30.2373 		-50.8336 		14
v -34.697 		-47.697 		14
v -34.7878 		-48.0596 		14
v -34.8136 		-48.0072 		14
v -34.8143 		-48.0058 		14
v -35 		-47.7276 		14
v -35.4687 		-47.104 		14
v -35.7259 		-46.8105 		14
v -35.7654 		-46.7654 		14
v -36.2 		-46.3845 		14
v -36.3096 		-46.2885 		14
v -36.3546 		-46.249 		14
v -36.9523 		-45.85 		14
v -29.9063 		-51.2075 		14
v -35.2158 		-47.4044 		14
v -35.2483 		-47.3558 		14
v -35.249 		-47.3546 		14
v -29.1187 		-50.7574 		14
v -29.1201 		-50.7557 		14
v -29.1351 		-50.7386 		14
v -29.1291 		-50.7636 		14
v -29.6031 		-51.039 		14
v -30.0328 		-50.5529 		14
v -29.8693 		-50.3371 		14
v -38.5 		-45.2061 		14
v -38.5049 		-45.2052 		14
v -28.3695 		-54.6665 		14
v -28.3276 		-54.8197 		14
v -28.4532 		-54.3299 		14
v -27.7878 		-54.3773 		14
v -27.7075 		-54.4807 		14
v -28.5325 		-53.9348 		14
v -28.5446 		-53.8196 		14
v -28.5052 		-54.0951 		14
v -28.275 		-53.806 		14
v -28.1631 		-53.9246 		14
v -28.543 		-53.741 		14
v -28.5309 		-53.6895 		14
v -42.0228 		-65.7356 		7.6266
v -41.9986 		-65.7435 		7.6226
v -42.2123 		-65.6735 		7.6578
v -41.9124 		-65.7719 		7.6082
v -41.8382 		-65.7863 		7.603
v -41.75 		-65.6134 		7.7315
v -42.4159 		-65.6069 		7.692
v -28.5067 		-53.6641 		14
v -28.4722 		-53.6603 		14
v -28.4235 		-53.6812 		14
v -28.3593 		-53.7275 		14
v -28.0067 		-54.1074 		14
v -27.853 		-52.736 		14
v -28.008 		-51.355 		14
v -27.5054 		-52.2666 		14
v -27.536 		-52.25 		14
v -27.4524 		-52.2657 		14
v -27.5486 		-52.2174 		14
v -27.541 		-52.1652 		14
v -39.477 		-65.96 		10.334
v -39.52 		-65.935 		10.313
v -39.5 		-65.937 		10.313
v -39.48 		-65.935 		10.313
v -39.746 		-65.816 		10.478
v -39.739 		-65.848 		10.478
v -39.729 		-65.879 		10.478
v -39.715 		-65.908 		10.478
v -39.739 		-65.815 		10.446
v -39.733 		-65.846 		10.446
v -39.723 		-65.876 		10.446
v -39.709 		-65.905 		10.446
v -39.729 		-65.814 		10.415
v -39.723 		-65.843 		10.415
v -39.715 		-65.812 		10.386
v -39.709 		-65.84 		10.386
v -39.713 		-65.872 		10.415
v -39.7 		-65.9 		10.415
v -38.1533 		-63.6298 		14.1987
v -38.0561 		-63.7311 		14.1429
v -39.7 		-65.867 		10.386
v -37.9463 		-63.8339 		14.0822
v -37.825 		-63.936 		14.0173
v -27.5126 		-52.0917 		14
v -37.7913 		-63.9612 		14
v -38.0235 		-63.6612 		14
v -39.3527 		-65.5664 		14.25
v -39.2735 		-65.6577 		14.2028
v -39.184 		-65.7509 		14.1514
v -39.0829 		-65.8455 		14.0955
v -38.9712 		-65.9396 		14.0358
v -39.0235 		-65.8342 		14
v -38.9017 		-65.9916 		14
v -27.4587 		-51.9897 		14
v -39.2302 		-65.5548 		14
v -39.3683 		-65.3577 		14
v -27.3757 		-52.2463 		14
v -39.4548 		-65.22 		14
v -39.5094 		-65.1186 		14
v -39.5387 		-65.045 		14
v -27.12 		-52.1374 		14
v -27.2679 		-52.2052 		14
v -39.6391 		-65.0306 		14.4619
v -27.3732 		-51.851 		14
v -39.6308 		-65.0781 		14.4494
v -27.299 		-51.7427 		14
v -39.615 		-65.1316 		14.4329
v -39.593 		-65.1898 		14.4132
v -39.5628 		-65.254 		14.3893
v -26.9063 		-52.0265 		14
v -26.8437 		-51.9917 		14
v -39.5245 		-65.3239 		14.3613
v -39.4775 		-65.3992 		14.3291
v -25 		-53 		14
v -39.4208 		-65.4797 		14.2922
v -30.2507 		-55.8715 		14
v -30.3683 		-55.7037 		14
v -30.4548 		-55.5654 		14
v -30.5094 		-55.4641 		14
v -30.5387 		-55.3905 		14
v -30.5465 		-55.3386 		14
v -39.5465 		-64.9926 		14
v -39.5345 		-64.9601 		14
v -39.5039 		-64.9434 		14
v -39.4506 		-64.944 		14
v -39.3741 		-64.9624 		14
v -31.8673 		-56.7555 		14
v -30.8146 		-55.3415 		14.3066
v -30.7779 		-55.3939 		14.2801
v -30.7328 		-55.4515 		14.25
v -30.6788 		-55.5135 		14.2165
v -30.6165 		-55.5787 		14.1802
v -30.3662 		-55.7918 		14.0522
v -39.63 		-64.9168 		14.4813
v -30.5436 		-55.6474 		14.1405
v -30.4603 		-55.7189 		14.0977
v -37.5712 		-44.5561 		14.423
v -37.5941 		-44.6181 		14.4438
v -37.6106 		-44.6751 		14.4612
v -30.0756 		-55.3105 		14.1702
v -37.6192 		-44.7257 		14.4745
v -37.6217 		-44.7712 		14.4845
v -37.6183 		-44.8111 		14.4912
v -37.4994 		-44.4128 		14.368
v -37.5395 		-44.4875 		14.3977
v -30.8437 		-55.293 		14.3302
v -30.872 		-55.0431 		14.4272
v -30.8547 		-55.0273 		14.4295
v -30.8854 		-55.062 		14.423
v -30.8942 		-55.0841 		14.4167
v -30.8987 		-55.1096 		14.4082
v -30.8989 		-55.1387 		14.3976
v -30.8932 		-55.1717 		14.3844
v -30.8826 		-55.2078 		14.3691
v -38.4476 		-42.2482 		14.2819
v -30.8662 		-55.2485 		14.3509
v -38.3816 		-42.2093 		14.25
v -38.3105 		-42.1622 		14.2146
v -30.6001 		-55.0269 		14.3787
v -30.6514 		-55.0139 		14.3937
v -30.6977 		-55.0054 		14.4062
v -30.7383 		-55.002 		14.4155
v -30.7745 		-55.0029 		14.4224
v -30.8054 		-55.0075 		14.4269
v -30.8322 		-55.0158 		14.4292
v -30.1664 		-55.246 		14.2119
v -30.2533 		-55.1893 		14.25
v -30.3356 		-55.1418 		14.2838
v -38.236 		-42.1069 		14.1763
v -30.4101 		-55.1027 		14.313
v -38.1574 		-42.0422 		14.1346
v -30.4793 		-55.0711 		14.3384
v -30.5427 		-55.0461 		14.3602
v -37.4161 		-42.7249 		14
v -29.7972 		-55.5575 		14.0241
v -29.8888 		-55.4672 		14.0755
v -29.9825 		-55.3844 		14.1245
v -28.5776 		-54.2729 		14.25
v -41.832 		-65.1827 		10.7779
v -41.8187 		-65.188 		10.7765
v -41.8171 		-65.1886 		10.7764
v -38.3059 		-41.9942 		14
v -41.811 		-65.207 		10.791
v -38.4138 		-42.0353 		14
v -38.4904 		-42.0547 		14
v -41.7715 		-65.2095 		10.7658
v -41.7702 		-65.2102 		10.7654
v -38.4967 		-41.7787 		14
v -37.244 		-57.8597 		0.5374
v -37.1853 		-57.8887 		0.5527
v -37.1262 		-57.918 		0.5752
v -37.0671 		-57.9472 		0.6038
v -37.011 		-57.975 		0.6368
v -37.0078 		-57.9761 		0.6383
v -41.799 		-65.25 		10.82
v -36.9441 		-57.9977 		0.677
v -41.7631 		-65.2136 		10.7635
v -41.7629 		-65.2136 		10.7634
v -41.7625 		-65.2138 		10.7633
v -36.8806 		-58.0192 		0.7231
v -36.8224 		-58.0389 		0.774
v -41.7528 		-65.2183 		10.7581
v -41.7526 		-65.2184 		10.758
v -41.789 		-65.297 		10.846
v -34.951 		-58.018 		1.99
v -35.044 		-57.98 		1.962
v -41.781 		-65.347 		10.871
v -35.097 		-57.975 		1.9218
v -35.0774 		-57.9653 		1.9473
v -35.1188 		-57.9824 		1.8966
v -35.1778 		-58.0024 		1.8079
v -41.774 		-65.401 		10.892
v -35.1832 		-58.0042 		1.798
v -41.769 		-65.457 		10.91
v -41.765 		-65.516 		10.926
v -35.0576 		-57.9555 		1.8979
v -35.0494 		-57.9515 		1.8771
v -35.0238 		-57.9388 		1.8115
v -35.0185 		-57.9362 		1.798
v -34.816 		-57.8359 		1.2916
v -34.8139 		-57.8349 		1.286
v -41.75 		-65.2196 		10.7566
v -34.8533 		-57.8544 		1.3851
v -34.8355 		-57.8456 		1.3397
v -34.8565 		-57.856 		1.3931
v -41.764 		-65.577 		10.938
v -34.496 		-57.967 		1.396
v -41.764 		-65.639 		10.947
v -34.8888 		-57.8719 		1.4743
v -34.8712 		-57.8632 		1.4292
v -34.9075 		-57.8812 		1.5216
v -34.9514 		-57.9029 		1.63
v -34.9284 		-57.8915 		1.5721
v -34.9785 		-57.9164 		1.6981
v -35.0129 		-57.9334 		1.7837
v -34.532 		-57.648 		0.774
v -49.064 		-46.68 		0.998
v -34.6683 		-57.7392 		0.8466
v -34.6683 		-57.7392 		0.8464
v -34.6716 		-57.7414 		0.838
v -34.6967 		-57.7582 		0.774
v -34.649 		-57.757 		0.884
v -34.593 		-57.815 		1.015
v -47.347 		-53.024 		0
v -47.347 		-54.318 		0
v -47.411 		-53.997 		0
v -47.432 		-53.671 		0
v -47.411 		-53.344 		0
v -42.767 		-52.421 		0.8905
v -42.6991 		-52.5583 		0.8905
v -42.8026 		-52.3677 		0.8926
v -47.663 		-48.947 		3.435
v -42.622 		-52.714 		0.8962
v -42.5418 		-52.9507 		0.9126
v -42.5418 		-52.9509 		0.9126
v -47.934 		-51 		3.435
v -47.866 		-49.964 		3.435
v -42.517 		-53.024 		0.9202
v -42.5002 		-53.1079 		0.9311
v -42.4722 		-53.248 		0.9492
v -47.866 		-52.036 		3.435
v -41.766 		-65.702 		10.953
v -41.77 		-65.766 		10.955
v -39.6169 		-64.8884 		14.4822
v -39.6387 		-64.9503 		14.4778
v -39.6416 		-64.9879 		14.4714
v -41.8314 		-65.7689 		10.694
v -41.832 		-65.7688 		10.6945
v -41.823 		-65.783 		10.688
v -39.3192 		-64.844 		14.3822
v -39.3759 		-64.8296 		14.4059
v -41.8242 		-65.7694 		10.688
v -39.4261 		-64.8219 		14.4257
v -39.4713 		-64.8195 		14.4427
v -41.823 		-65.7695 		10.6867
v -39.5104 		-64.8234 		14.4563
v -39.5446 		-64.8323 		14.467
v -41.802 		-65.783 		10.663
v -39.5733 		-64.8463 		14.4747
v -39.5977 		-64.8653 		14.4798
v -41.8173 		-65.77 		10.6803
v -41.783 		-65.783 		10.636
v -39.117 		-65.0695 		14
v -38.9027 		-65.1787 		14
v -38.851 		-65.1046 		14.1589
v -38.9436 		-65.0372 		14.2062
v -38.5978 		-65.344 		14
v -38.6517 		-65.2738 		14.0522
v -41.769 		-65.783 		10.607
v -38.5595 		-65.3659 		14
v -38.7534 		-65.1836 		14.1074
v -39.2657 		-65.0027 		14
v -41.759 		-65.783 		10.576
v -39.0319 		-64.9797 		14.25
v -41.752 		-65.783 		10.544
v -39.1138 		-64.9324 		14.2894
v -39.1884 		-64.895 		14.3242
v -39.2569 		-64.8659 		14.355
v -41.75 		-65.783 		10.511
v -41.8132 		-65.7703 		10.6758
v -41.8025 		-65.7711 		10.663
v -41.7837 		-65.7726 		10.636
v -41.7905 		-65.772 		10.6455
v -41.7951 		-65.7716 		10.6521
v -41.7822 		-65.7727 		10.6328
v -41.7808 		-65.7729 		10.63
v -41.779 		-65.7731 		10.6264
v -41.7698 		-65.774 		10.6073
v -33.549 		-49.666 		14.4905
v -33.5132 		-49.677 		14.4874
v -33.4718 		-49.6829 		14.4813
v -33.4798 		-49.1568 		14.2904
v -33.5284 		-49.2275 		14.326
v -33.5791 		-49.6506 		14.4909
v -33.5669 		-49.293 		14.3577
v -33.5967 		-49.353 		14.3856
v -33.6181 		-49.4078 		14.4099
v -33.6318 		-49.4567 		14.4305
v -41.7696 		-65.774 		10.607
v -33.6391 		-49.5011 		14.4482
v -41.7668 		-65.7743 		10.5986
v -33.6389 		-49.54 		14.4624
v -33.6327 		-49.5744 		14.4738
v -41.7595 		-65.7752 		10.576
v -33.6204 		-49.6043 		14.4822
v -33.6024 		-49.6296 		14.4879
v -41.7578 		-65.7754 		10.5687
v -41.7573 		-65.7755 		10.566
v -32.4217 		-49.1659 		14.0822
v -41.7524 		-65.7764 		10.544
v -41.7572 		-65.7755 		10.5656
v -41.751 		-65.7771 		10.522
v -33.169 		-48.8144 		14.103
v -33.2657 		-48.9071 		14.1563
v -33.3484 		-48.9952 		14.2051
v -33.42 		-49.0789 		14.25
v -41.7503 		-65.7774 		10.511
v -41.7509 		-65.7776 		10.502
v -33.0583 		-48.7178 		14.0456
v -32.9649 		-48.6442 		14
v -32.297 		-49.0549 		14.0166
v -32.268 		-49.0253 		14
v -41.96 		-65.1425 		10.7718
v -41.9365 		-65.1484 		10.7758
v -41.9196 		-65.1526 		10.7788
v -41.919 		-65.162 		10.789
v -41.8811 		-65.1643 		10.7813
v -41.917 		-65.201 		10.824
v -41.8694 		-65.1681 		10.7816
v -41.863 		-65.204 		10.812
v -41.8611 		-65.1714 		10.7808
v -41.916 		-65.243 		10.857
v -41.856 		-65.246 		10.843
v -42.066 		-65.156 		10.77
v -42.018 		-65.158 		10.785
v -41.9964 		-65.1354 		10.7617
v -41.9668 		-65.1409 		10.7705
v -41.9661 		-65.141 		10.7707
v -41.969 		-65.16 		10.792
v -42.0089 		-65.1331 		10.758
v -42.082 		-65.193 		10.803
v -42.028 		-65.195 		10.819
v -41.973 		-65.198 		10.827
v -42.039 		-65.237 		10.851
v -41.978 		-65.24 		10.859
v -41.916 		-65.289 		10.886
v -28.5414 		-54.3806 		14.2034
v -39.688 		-65.892 		10.386
v -28.3764 		-54.7374 		14.0399
v -28.4963 		-54.4939 		14.1529
v -39.672 		-65.916 		10.386
v -28.4414 		-54.6134 		14.0982
v -27.7465 		-54.3851 		14.0428
v -28.6425 		-53.8041 		14.4344
v -28.6463 		-53.8618 		14.4141
v -28.6444 		-53.9278 		14.3896
v -28.6375 		-54.0016 		14.3612
v -28.6247 		-54.0835 		14.3287
v -28.6052 		-54.1734 		14.2919
v -39.588 		-65.82 		10.28
v -39.592 		-65.808 		10.28
v -39.583 		-65.831 		10.28
v -39.576 		-65.842 		10.28
v -28.0536 		-53.8731 		14.2914
v -28.1123 		-53.8056 		14.3278
v -39.568 		-65.851 		10.28
v -28.5647 		-53.618 		14.4869
v -28.5388 		-53.5997 		14.4884
v -28.5871 		-53.6422 		14.4826
v -28.6067 		-53.6725 		14.4754
v -28.6224 		-53.7095 		14.465
v -39.564 		-65.792 		10.27
v -28.6347 		-53.7527 		14.4517
v -39.563 		-65.8 		10.27
v -39.56 		-65.808 		10.27
v -28.1682 		-53.748 		14.3601
v -28.2216 		-53.7 		14.3883
v -28.272 		-53.6608 		14.4127
v -28.3191 		-53.6307 		14.4332
v -28.3636 		-53.6077 		14.4505
v -28.4045 		-53.593 		14.464
v -28.4422 		-53.5848 		14.4746
v -28.4775 		-53.5837 		14.482
v -39.556 		-65.816 		10.27
v -28.5098 		-53.5888 		14.4866
v -27.8059 		-54.2602 		14.1003
v -27.8676 		-54.1465 		14.1543
v -27.9296 		-54.0443 		14.204
v -27.9928 		-53.9531 		14.25
v -39.551 		-65.823 		10.27
v -39.546 		-65.829 		10.27
v -39.539 		-65.835 		10.27
v -39.532 		-65.84 		10.27
v -30.2648 		-55.8627 		14.006
v -39.532 		-65.792 		10.263
v -39.53 		-65.796 		10.263
v -30.4593 		-51.4091 		14.51
v -30.4917 		-51.3923 		14.5104
v -30.4205 		-51.4209 		14.5066
v -39.528 		-65.8 		10.263
v -30.3758 		-51.4273 		14.5
v -30.324 		-51.4281 		14.4899
v -30.2655 		-51.4229 		14.4763
v -30.1984 		-51.4103 		14.4583
v -30.125 		-51.3907 		14.4365
v -30.5566 		-51.2308 		14.4643
v -30.5564 		-51.2728 		14.4796
v -30.5497 		-51.31 		14.4919
v -30.5364 		-51.3423 		14.501
v -30.5169 		-51.3697 		14.5071
v -30.3202 		-50.7741 		14.25
v -30.3845 		-50.8585 		14.2937
v -30.437 		-50.935 		14.3322
v -30.4786 		-51.0057 		14.3664
v -39.651 		-65.803 		10.313
v -30.5108 		-51.0707 		14.3966
v -30.5339 		-51.1299 		14.4229
v -30.549 		-51.1825 		14.4451
v -30.153 		-50.5886 		14.1487
v -39.647 		-65.823 		10.313
v -30.2424 		-50.6838 		14.2014
v -39.641 		-65.842 		10.313
v -30.0421 		-51.3629 		14.4097
v -29.9516 		-51.3259 		14.3781
v -29.8523 		-51.2795 		14.3413
v -29.7444 		-51.2228 		14.2989
v -39.624 		-65.8 		10.295
v -39.621 		-65.816 		10.295
v -29.1231 		-50.7523 		14.0026
v -29.1174 		-50.7587 		14.0038
v -29.2405 		-50.8684 		14.0686
v -39.615 		-65.831 		10.295
v -29.6272 		-51.1531 		14.25
v -29.5021 		-51.0708 		14.1949
v -29.3735 		-50.9761 		14.1345
v -39.608 		-65.846 		10.295
v -29.9287 		-50.384 		14.029
v -39.595 		-65.796 		10.28
v -30.0484 		-50.4884 		14.0911
v -27.5403 		-52.5236 		14.3339
v -39.576 		-65.916 		10.313
v -27.8729 		-52.5779 		14.4202
v -27.8942 		-52.5669 		14.4205
v -27.8474 		-52.5859 		14.418
v -39.588 		-65.872 		10.295
v -27.8181 		-52.59 		14.4137
v -27.7842 		-52.5905 		14.4071
v -27.7459 		-52.5872 		14.3982
v -27.7019 		-52.5789 		14.3864
v -27.6539 		-52.5661 		14.3721
v -39.576 		-65.883 		10.295
v -27.5999 		-52.5477 		14.3546
v -39.563 		-65.892 		10.295
v -27.9065 		-52.3565 		14.346
v -27.9216 		-52.3953 		14.3632
v -27.9315 		-52.4298 		14.3778
v -39.548 		-65.9 		10.295
v -27.9365 		-52.4614 		14.3903
v -27.9364 		-52.4889 		14.4004
v -27.932 		-52.5132 		14.4084
v -27.9234 		-52.5342 		14.4143
v -27.9107 		-52.5521 		14.4183
v -39.532 		-65.905 		10.295
v -27.4753 		-52.4933 		14.3098
v -27.4051 		-52.4559 		14.282
v -27.8582 		-52.2677 		14.3038
v -27.8854 		-52.314 		14.3262
v -39.558 		-65.86 		10.28
v -27.5254 		-51.9069 		14.1053
v -27.6037 		-51.9752 		14.146
v -27.6722 		-52.0409 		14.1837
v -39.548 		-65.867 		10.28
v -27.7308 		-52.1032 		14.2182
v -27.7817 		-52.1624 		14.25
v -27.8238 		-52.2176 		14.2786
v -39.537 		-65.872 		10.28
v -27.4371 		-51.8374 		14.0622
v -27.328 		-52.4105 		14.25
v -27.2465 		-52.3564 		14.2139
v -27.1618 		-52.2946 		14.1744
v -27.0748 		-52.2241 		14.1312
v -26.9873 		-52.1453 		14.0849
v -27.3419 		-51.7697 		14.0184
v -26.9019 		-52.0594 		14.0364
v -39.653 		-65.872 		10.334
v -39.64 		-65.892 		10.334
v -39.625 		-65.909 		10.334
v -34.7219 		-57.7751 		1.0121
v -34.7191 		-57.7732 		1.0036
v -39.632 		-65.86 		10.313
v -39.621 		-65.877 		10.313
v -34.7235 		-57.7761 		1.0167
v -39.608 		-65.892 		10.313
v -34.687 		-57.7517 		0.9039
v -39.593 		-65.905 		10.313
v -34.776 		-57.8113 		1.176
v -34.7626 		-57.8023 		1.1342
v -34.7435 		-57.7895 		1.0759
v -34.804 		-57.83 		1.2607
v -34.7994 		-57.8269 		1.2463
v -34.7931 		-57.8227 		1.2272
v -39.599 		-65.86 		10.295
v -34.6827 		-57.7488 		0.8905
v -34.7559 		-57.7978 		1.1134
v -34.7492 		-57.7933 		1.0928
v -34.7966 		-57.8251 		1.2377
v -39.697 		-65.809 		10.359
v -34.7526 		-57.7956 		1.1028
v -39.692 		-65.835 		10.359
v -39.675 		-65.806 		10.334
v -34.549 		-57.871 		1.145
v -39.671 		-65.829 		10.334
v -34.516 		-57.921 		1.273
v -39.663 		-65.851 		10.334
v -35.2302 		-58.0201 		1.7118
v -47.432 		-53.671 		0.774
v -47.4191 		-53.871 		1.1074
v -35.2758 		-58.0356 		1.6102
v -47.417 		-53.9032 		1.1636
v -47.4211 		-53.8399 		1.032
v -47.4223 		-53.8217 		0.9575
v -47.4227 		-53.8158 		0.8868
v -47.4224 		-53.8208 		0.8205
v -47.4215 		-53.8334 		0.774
v -47.4213 		-53.8371 		0.7603
v -47.4197 		-53.8622 		0.7065
v -47.4175 		-53.8966 		0.6602
v -35.3149 		-58.0488 		1.5065
v -47.4148 		-53.9375 		0.6208
v -47.4118 		-53.9847 		0.5891
v -47.411 		-53.997 		0.5835
v -35.3467 		-58.0596 		1.4019
v -35.3721 		-58.0682 		1.2986
v -35.3745 		-58.069 		1.286
v -47.4037 		-54.0337 		0.5628
v -47.3933 		-54.0855 		0.5425
v -47.3823 		-54.1409 		0.5291
v -47.3707 		-54.1992 		0.5225
v -47.363 		-54.2377 		0.5223
v -35.3919 		-58.0749 		1.1974
v -48.134 		-45.024 		0
v -48.028 		-44.714 		0
v -47.884 		-44.421 		0
v -47.702 		-44.149 		0
v -47.486 		-43.903 		0
v -47.486 		-47.438 		0
v -47.702 		-47.193 		0
v -47.884 		-46.921 		0
v -48.028 		-46.627 		0
v -48.134 		-46.318 		0
v -48.197 		-45.997 		0
v -48.219 		-45.671 		0
v -48.197 		-45.344 		0
v -41.851 		-65.293 		10.872
v -47.866 		-44.964 		8.979
v -41.916 		-65.34 		10.913
v -47.934 		-44.912 		8
v -41.846 		-65.343 		10.898
v -41.917 		-65.393 		10.937
v -41.843 		-65.397 		10.921
v -47.5 		-46.67 		11.75
v -48.001 		-47.686 		11.75
v -47.33 		-45.376 		10.87
v -48.001 		-46.381 		10.87
v -42.048 		-65.283 		10.881
v -47.663 		-45.12 		9.941
v -41.982 		-65.286 		10.889
v -47.866 		-44.964 		7.021
v -42.058 		-65.333 		10.907
v -41.987 		-65.336 		10.916
v -47.663 		-45.12 		6.059
v -42.067 		-65.386 		10.931
v -47.33 		-45.376 		5.13
v -48.001 		-46.381 		5.13
v -41.992 		-65.389 		10.94
v -47.927 		-46.4237 		5
v -47.9265 		-46.4229 		5
v -47.3551 		-45.5672 		5
v -47.284 		-45.4607 		5
v -48.001 		-46.5738 		5
v -48.0277 		-46.6277 		5
v -47.486 		-43.903 		5
v -47.702 		-44.149 		5
v -47.884 		-44.421 		5
v -48.028 		-44.714 		5
v -48.134 		-45.024 		5
v -42.075 		-65.441 		10.951
v -48.197 		-45.344 		5
v -48.219 		-45.671 		5
v -48.197 		-45.997 		5
v -48.134 		-46.318 		5
v -41.997 		-65.445 		10.961
v -41.919 		-65.449 		10.958
v -48.028 		-46.627 		5
v -41.842 		-65.453 		10.941
v -48.001 		-47.686 		4.25
v -42.083 		-65.5 		10.968
v -42.002 		-65.503 		10.979
v -41.921 		-65.507 		10.975
v -41.841 		-65.512 		10.957
v -35.4051 		-58.0794 		1.0997
v -35.4132 		-58.0812 		1.007
v -35.407 		-58.08 		1.077
v -42.088 		-65.1256 		10.7207
v -42.0855 		-65.1258 		10.722
v -42.0514 		-65.1276 		10.7408
v -35.4163 		-58.0819 		0.9181
v -42.0441 		-65.1286 		10.7438
v -42.0104 		-65.1328 		10.7575
v -35.4132 		-58.0812 		0.8349
v -35.4079 		-58.0802 		0.774
v -42.131 		-65.191 		10.777
v -42.201 		-65.231 		10.767
v -42.152 		-65.233 		10.804
v -42.097 		-65.235 		10.833
v -42.224 		-65.277 		10.789
v -42.171 		-65.278 		10.83
v -42.112 		-65.28 		10.861
v -34.8498 		-57.8526 		0.5066
v -34.8557 		-57.8556 		0.5
v -34.804 		-57.83 		0.5706
v -34.7982 		-57.8261 		0.5789
v -42.246 		-65.326 		10.809
v -34.7486 		-57.793 		0.6642
v -34.6999 		-57.7603 		0.7657
v -35.407 		-58.08 		0.7638
v -35.4065 		-58.0798 		0.7575
v -35.395 		-58.0759 		0.686
v -35.38 		-58.0709 		0.6198
v -35.3616 		-58.0646 		0.5602
v -35.3391 		-58.057 		0.507
v -35.3352 		-58.0557 		0.5
v -31.664 		-54.324 		14.25
v -37.822 		-57.433 		2.1709
v -48.001 		-46.6821 		4.9269
v -47.884 		-46.921 		4.6059
v -38.17 		-57.83 		2.697
v -47.7342 		-47.1449 		4.25
v -47.7331 		-47.1465 		4.2482
v -47.702 		-47.193 		4.1936
v -37.576 		-57.648 		2.7128
v -37.592 		-57.634 		2.697
v -37.5305 		-57.6784 		2.75
v -47.486 		-47.438 		3.8539
v -39.683 		-65.86 		10.359
v -33.2679 		-49.5672 		14
v -33.3757 		-49.6083 		14
v -33.4524 		-49.6277 		14
v -39.672 		-65.883 		10.359
v -33.5054 		-49.6291 		14
v -33.536 		-49.6125 		14
v -33.5486 		-49.5799 		14
v -39.657 		-65.905 		10.359
v -33.541 		-49.5277 		14
v -33.5126 		-49.4537 		14
v -33.4587 		-49.3517 		14
v -33.3732 		-49.213 		14
v -39.651 		-65.981 		10.478
v -39.624 		-66 		10.478
v -39.647 		-65.976 		10.446
v -39.621 		-65.994 		10.446
v -39.588 		-65.998 		10.415
v -39.583 		-65.985 		10.386
v -32.6031 		-49.22 		14
v -32.9063 		-49.3885 		14
v -33.12 		-49.4994 		14
v -39.556 		-65.994 		10.386
v -33.2373 		-49.0153 		14
v -39.641 		-65.968 		10.415
v -39.615 		-65.985 		10.415
v -39.653 		-65.938 		10.386
v -39.632 		-65.956 		10.386
v -39.608 		-65.972 		10.386
v -39.697 		-65.935 		10.478
v -39.675 		-65.96 		10.478
v -39.692 		-65.931 		10.446
v -39.671 		-65.955 		10.446
v -39.683 		-65.925 		10.415
v -39.663 		-65.948 		10.415
v -39.576 		-65.968 		10.359
v -39.551 		-65.976 		10.359
v -39.588 		-65.938 		10.334
v -39.568 		-65.948 		10.334
v -47.4805 		-47.4428 		3.846
v -47.33 		-47.964 		3.435
v -48.219 		-45.671 		1.2533
v -48.197 		-45.997 		1.2866
v -48.199 		-45.968 		1.2559
v -48.2026 		-45.9134 		1.1826
v -48.2055 		-45.8704 		1.1075
v -48.2076 		-45.8394 		1.032
v -48.2089 		-45.8213 		0.9575
v -48.2093 		-45.8154 		0.8867
v -48.2089 		-45.8204 		0.8204
v -48.2081 		-45.8329 		0.774
v -48.2078 		-45.8366 		0.7602
v -48.2061 		-45.8617 		0.7063
v -48.2038 		-45.896 		0.66
v -48.2011 		-45.9369 		0.6205
v -48.1979 		-45.984 		0.5887
v -48.197 		-45.997 		0.5827
v -41.8676 		-64.585 		14
v -41.8407 		-64.4502 		14
v -41.7806 		-64.108 		14
v -41.813 		-64.4588 		14.0452
v -41.7453 		-64.2813 		14.1055
v -41.6889 		-64.1128 		14.1598
v -42.1801 		-63.7504 		14.0526
v -42.235 		-63.9049 		14.0017
v -42.0982 		-63.724 		14
v -42.2366 		-63.9101 		14
v -41.9952 		-63.5982 		14
v -41.9165 		-63.5138 		14
v -42.0715 		-63.4917 		14.1441
v -42.1248 		-63.6116 		14.1006
v -41.7324 		-63.5142 		14
v -41.7253 		-63.593 		14
v -41.7292 		-63.7086 		14
v -41.7455 		-63.87 		14
v -41.6433 		-63.9564 		14.2078
v -41.8481 		-63.1073 		14.3027
v -41.8867 		-63.1594 		14.2781
v -41.9288 		-63.2231 		14.25
v -41.9738 		-63.2992 		14.2183
v -42.0211 		-63.3878 		14.1833
v -39.546 		-65.955 		10.334
v -39.558 		-65.925 		10.313
v -48.1807 		-46.08 		1.374
v -48.1905 		-46.0299 		1.3263
v -48.1899 		-46.0331 		0.5624
v -48.1807 		-46.08 		0.5441
v -39.539 		-65.931 		10.313
v -48.134 		-46.318 		1.5288
v -48.1455 		-46.2594 		1.5012
v -48.1619 		-46.1761 		1.4511
v -48.177 		-46.0991 		1.3922
v -39.64 		-65.925 		10.359
v -39.621 		-65.942 		10.359
v -48.1797 		-46.0851 		0.5422
v -48.1688 		-46.1407 		0.5289
v -39.599 		-65.956 		10.359
v -48.1573 		-46.1991 		0.5224
v -48.1455 		-46.2594 		0.5221
v -48.134 		-46.318 		0.5283
v -39.608 		-65.925 		10.334
v -37.844 		-65.101 		9.674
v -42.189 		-65.328 		10.853
v -37.774 		-65.222 		8.968
v -42.126 		-65.33 		10.886
v -37.75 		-65.263 		8.25
v -37.6656 		-65.203 		8.294
v -37.742 		-65.2577 		8.25
v -42.316 		-65.377 		10.771
v -37.7501 		-65.2628 		8.2458
v -37.7477 		-65.2612 		8.2471
v -42.265 		-65.378 		10.827
v -42.949 		-55.193 		1.5729
v -43.0394 		-55.296 		1.6411
v -42.8738 		-55.0806 		1.505
v -42.206 		-65.38 		10.873
v -42.139 		-65.383 		10.908
v -42.337 		-65.433 		10.784
v -42.4726 		-54.0951 		1.1223
v -42.5062 		-54.2637 		1.1775
v -42.5067 		-54.2664 		1.1784
v -42.283 		-65.434 		10.842
v -42.221 		-65.436 		10.891
v -42.453 		-53.997 		1.0902
v -42.4488 		-53.9317 		1.071
v -42.151 		-65.438 		10.927
v -42.767 		-54.921 		1.4338
v -42.622 		-54.627 		1.3133
v -42.6884 		-54.7617 		1.3686
v -42.517 		-54.318 		1.1964
v -42.299 		-65.492 		10.855
v -42.234 		-65.494 		10.905
v -42.161 		-65.496 		10.943
v -42.453 		-53.344 		0.9617
v -42.4464 		-53.4464 		0.9777
v -37.5923 		-57.6338 		2.6968
v -37.822 		-57.433 		2.5228
v -37.9001 		-57.344 		2.4507
v -37.718 		-57.5239 		2.6016
v -40.923 		-58.011 		2.697
v -40 		-58.071 		2.697
v -39.077 		-58.011 		2.697
v -42.432 		-53.671 		1.0182
v -42.4396 		-53.5521 		0.9968
v -48.0649 		-46.5196 		1.604
v -48.0951 		-46.4313 		1.5799
v -48.1248 		-46.3448 		1.5442
v -48.028 		-46.627 		1.6139
v -48.035 		-46.6065 		1.6147
v -43.2945 		-55.5526 		0.8101
v -43.3137 		-55.5695 		0.774
v -43.2616 		-55.5237 		0.8859
v -48.1329 		-46.3212 		0.5284
v -48.1121 		-46.3817 		0.5374
v -48.0911 		-46.4431 		0.5527
v -48.0696 		-46.5057 		0.575
v -48.0482 		-46.5682 		0.6036
v -48.028 		-46.627 		0.6362
v -43.2325 		-55.4982 		0.9694
v -47.884 		-46.921 		1.5293
v -47.892 		-46.9046 		1.5453
v -47.923 		-46.8414 		1.5831
v -47.9584 		-46.7692 		1.6075
v -47.9972 		-46.6898 		1.6169
v -47.9391 		-46.8085 		0.7762
v -47.9402 		-46.8062 		0.774
v -47.9126 		-46.8627 		0.8358
v -47.8884 		-46.9121 		0.9022
v -47.884 		-46.921 		0.9171
v -48.0263 		-46.6304 		0.638
v -47.9964 		-46.6914 		0.6768
v -47.9672 		-46.7512 		0.7229
v -47.884 		-46.921 		1.6349
v -47.8054 		-47.0385 		1.286
v -47.8052 		-47.0388 		1.2941
v -47.8137 		-47.026 		1.3699
v -47.8321 		-46.9986 		1.4391
v -47.8592 		-46.9581 		1.498
v -47.8601 		-46.9567 		0.9736
v -47.8355 		-46.9934 		1.0505
v -47.8171 		-47.0209 		1.1312
v -47.8068 		-47.0363 		1.2131
v -47.7615 		-47.104 		1.2065
v -47.3877 		-47.5247 		3.7117
v -47.284 		-47.6161 		3.5616
v -47.242 		-52.714 		0
v -47.097 		-52.421 		0
v -46.915 		-52.149 		0
v -46.7 		-51.903 		0
v -46.182 		-51.506 		0
v -46.454 		-51.687 		0
v -46.088 		-51 		2.05
v -46.036 		-50.205 		2.05
v -46.182 		-51.506 		2.1337
v -46.0589 		-51.4451 		2.05
v -46.44 		-51.6777 		2.3108
v -46.3054 		-51.5881 		2.2184
v -46.0583 		-51.4448 		2.0497
v -46 		-51.4159 		2.0196
v -47.071 		-51 		2.697
v -47.011 		-50.077 		2.697
v -47.011 		-51.923 		2.697
v -33.0328 		-48.7339 		14
v -37.947 		-58.663 		3.435
v -36.964 		-58.33 		3.435
v -37.5744 		-44.9013 		14.4932
v -37.5951 		-44.8766 		14.4958
v -37.5489 		-44.9212 		14.4878
v -37.5184 		-44.9357 		14.4796
v -37.4824 		-44.9449 		14.4682
v -37.4411 		-44.9488 		14.454
v -37.3932 		-44.9462 		14.4359
v -37.3403 		-44.9376 		14.4148
v -37.2807 		-44.9215 		14.3898
v -36.381 		-58.144 		3.5373
v -36.5274 		-58.1147 		3.435
v -36.3465 		-58.1462 		3.5567
v -37.304 		-57.83 		2.9354
v -37.4206 		-57.752 		2.84
v -37.1368 		-57.9128 		3.0487
v -42.21 		-65.152 		10.637
v -41.8556 		-63.4631 		14
v -42.1932 		-65.1372 		10.63
v -42.1785 		-65.1339 		10.646
v -42.1617 		-65.13 		10.6642
v -42.183 		-65.152 		10.68
v -36.701 		-58.08 		3.3424
v -36.8407 		-58.0327 		3.2531
v -42.1515 		-65.1289 		10.6732
v -42.1279 		-65.1266 		10.6929
v -42.1268 		-65.1265 		10.6938
v -37.011 		-57.975 		3.1442
v -42.12 		-65.1264 		10.6984
v -42.0978 		-65.1257 		10.7141
v -37.7495 		-58.9123 		3.7716
v -42.0904 		-65.1255 		10.7194
v -38.118 		-59.125 		3.487
v -38.1811 		-58.826 		3.5633
v -38.1232 		-58.8392 		3.5906
v -37.8852 		-58.8937 		3.7029
v -42.15 		-65.153 		10.717
v -42.11 		-65.154 		10.747
v -42.214 		-65.189 		10.701
v -42.176 		-65.19 		10.742
v -38.228 		-65.4844 		8.0569
v -38.0473 		-65.4006 		8.128
v -42.244 		-65.189 		10.654
v -38.467 		-65.408 		9.674
v -42.275 		-65.23 		10.669
v -42.242 		-65.23 		10.721
v -42.305 		-65.275 		10.683
v -42.269 		-65.276 		10.74
v -40.49 		-65.3884 		7.975
v -40.49 		-65.4349 		7.942
v -40.49 		-65.28 		8.0519
v -40.49 		-65.2178 		8.096
v -42.2036 		-65.1406 		10.6167
v -42.1945 		-65.1375 		10.6286
v -42.194 		-65.1373 		10.6292
v -42.216 		-65.1449 		10.6003
v -39.807 		-65.767 		9.674
v -39.125 		-65.632 		9.674
v -39.089 		-65.767 		8.968
v -42.2263 		-65.1489 		10.5859
v -42.2241 		-65.1478 		10.5896
v -42.229 		-65.152 		10.591
v -38.413 		-65.538 		8.968
v -42.2325 		-65.1523 		10.5753
v -42.26 		-65.172 		10.5195
v -42.25 		-65.163 		10.5434
v -38.395 		-65.581 		8.25
v -42.277 		-65.19 		10.547
v -42.2673 		-65.1787 		10.502
v -38.4016 		-65.5653 		7.9883
v -42.2447 		-65.1597 		10.5532
v -42.265 		-65.189 		10.602
v -38.3891 		-65.5595 		7.9933
v -42.312 		-65.231 		10.552
v -42.299 		-65.23 		10.612
v -40.49 		-65.4885 		7.904
v -39.0844 		-65.7834 		7.7879
v -47.2314 		-52.6927 		3.0116
v -47.1703 		-52.5692 		2.9394
v -37.6092 		-44.8463 		14.4949
v -41.8089 		-63.439 		14
v -37.2351 		-44.0552 		14.1999
v -37.3189 		-44.1526 		14.25
v -47.097 		-52.421 		2.8529
v -46.9542 		-52.2076 		2.697
v -41.7742 		-63.4405 		14
v -37.3903 		-44.246 		14.2948
v -41.7482 		-63.4641 		14
v -37.4499 		-44.3322 		14.3338
v -46.454 		-51.687 		2.3204
v -46.6721 		-51.8785 		2.4721
v -46.6716 		-51.8781 		2.4718
v -37.2149 		-44.8982 		14.3611
v -37.1428 		-44.8669 		14.3285
v -37.0646 		-44.8262 		14.2917
v -41.8121 		-63.0646 		14.3244
v -36.9781 		-44.7758 		14.25
v -36.8854 		-44.7138 		14.2037
v -36.7877 		-44.642 		14.1536
v -46.7 		-51.903 		2.4933
v -36.685 		-44.5574 		14.0991
v -46.915 		-52.149 		2.6641
v -46.8159 		-52.0356 		2.5854
v -45.258 		-51.192 		0
v -44.932 		-51.171 		0
v -45.889 		-51.361 		0
v -45.579 		-51.256 		0
v -36.5785 		-44.4604 		14.0408
v -41.7193 		-62.9837 		14.3745
v -41.7477 		-63.0031 		14.3602
v -36.9162 		-43.7524 		14.0227
v -41.7789 		-63.0298 		14.3435
v -45.258 		-51.192 		1.6406
v -44.9885 		-51.1746 		1.505
v -45.2981 		-51.2 		1.6609
v -45 		-51 		1.505
v -37.0341 		-43.8536 		14.0861
v -37.1407 		-43.9552 		14.1454
v -44.9877 		-51.1746 		1.5047
v -44.957 		-50.347 		1.505
v -44.932 		-51.171 		1.484
v -44.707 		-51.1855 		1.4011
v -41.6251 		-62.9684 		14.412
v -41.6459 		-62.9632 		14.4054
v -41.6683 		-62.9641 		14.3971
v -41.6925 		-62.9705 		14.3869
v -34.605 		-61.462 		18.049
v -45.579 		-51.256 		1.8035
v -45.889 		-51.361 		1.9622
v -45.6204 		-51.27 		1.8247
v -44.606 		-51.192 		0
v -43.0188 		-58.2884 		12.6045
v -43.0505 		-58.2951 		12.5874
v -43.09 		-58.3034 		12.566
v -44.606 		-51.192 		1.3639
v -44.5659 		-51.2 		1.3493
v -43.156 		-58.462 		12.614
v -44.392 		-51.2347 		1.2858
v -44.354 		-51.2422 		1.2719
v -43.041 		-59.448 		13.013
v -44.4729 		-51.2185 		1.3153
v -44.285 		-51.256 		0
v -44.285 		-51.256 		1.2467
v -44 		-51.3525 		1.1436
v -43.975 		-51.361 		0
v -43.682 		-51.506 		0
v -34.657 		-50.604 		14.25
v -43.696 		-50.01 		1.071
v -42.391 		-50.01 		0.756
v -43.827 		-51 		1.071
v -43.794 		-50.501 		1.071
v -42.5 		-50.33 		0.756
v -43.975 		-51.361 		1.1346
v -46.045 		-43.192 		0
v -45.719 		-43.171 		0
v -45.392 		-43.192 		0
v -45.392 		-48.149 		0
v -45.719 		-48.171 		0
v -46.045 		-48.149 		0
v -43.735 		-44.149 		0
v -43.554 		-44.421 		0
v -43.409 		-44.714 		0
v -43.304 		-45.024 		0
v -43.24 		-45.344 		0
v -43.219 		-45.671 		0
v -43.24 		-45.997 		0
v -43.304 		-46.318 		0
v -43.409 		-46.627 		0
v -43.554 		-46.921 		0
v -43.735 		-47.193 		0
v -35.673 		-46.073 		0
v -35.457 		-45.828 		0
v -35.211 		-45.612 		0
v -34.939 		-45.43 		0
v -34.646 		-45.286 		0
v -45.072 		-43.256 		0
v -44.762 		-43.361 		0
v -44.469 		-43.506 		0
v -44.197 		-43.687 		0
v -43.951 		-43.903 		0
v -44.762 		-47.98 		0
v -45.072 		-48.086 		0
v -44.469 		-47.836 		0
v -44.197 		-47.654 		0
v -43.951 		-47.438 		0
v -46.366 		-43.256 		0
v -47.241 		-43.687 		0
v -46.969 		-43.506 		0
v -46.675 		-43.361 		0
v -46.366 		-48.086 		0
v -46.969 		-47.836 		0
v -47.241 		-47.654 		0
v -46.675 		-47.98 		0
v -45.624 		-48.67 		2.05
v -45.719 		-48.171 		2.2516
v -45.88 		-49.424 		2.05
v -46.036 		-43.134 		8.979
v -46.088 		-43.066 		8
v -46.036 		-43.134 		7.021
v -46.124 		-44.876 		11.75
v -43.2089 		-55.4774 		1.0597
v -46 		-44.1131 		5
v -46.204 		-44.2919 		5
v -43.1909 		-55.4616 		1.1549
v -45.272 		-44.129 		11.75
v -45.624 		-43.67 		10.87
v -43.1811 		-55.453 		1.2515
v -43.1802 		-55.4522 		1.3142
v -45.88 		-43.337 		9.941
v -45.61 		-45.39 		12.566
v -45.88 		-43.337 		6.059
v -43.5564 		-55.752 		1.6154
v -43.5067 		-55.7187 		1.6536
v -45.624 		-43.67 		5.13
v -45.15 		-43.456 		5
v -45.572 		-43.7378 		5
v -45.6979 		-43.8482 		5
v -43.975 		-55.98 		1.286
v -46.045 		-43.192 		5
v -43.6041 		-55.7839 		1.5663
v -45.719 		-43.171 		5
v -45.392 		-43.192 		5
v -42.33 		-56.624 		13.95
v -42.2918 		-56.532 		14
v -42.2979 		-56.529 		14
v -42.344 		-56.5063 		14
v -41.6069 		-56.7645 		14
v -41.576 		-56.88 		13.95
v -46.204 		-48.1178 		2.5538
v -46.045 		-48.149 		2.4507
v -46.045 		-48.149 		2.3142
v -46 		-48.152 		2.4232
v -45.8341 		-48.1632 		2.3219
v -45.392 		-48.149 		2.0647
v -45.3645 		-48.1436 		2.05
v -45.1842 		-48.1081 		1.9767
v -45.15 		-48.1014 		1.9628
v -44.83 		-49.706 		1.505
v -44.619 		-49.087 		1.505
v -41.5502 		-56.7839 		14
v -41.5 		-56.7939 		14
v -38.7275 		-65.6698 		7.8921
v -38.7417 		-65.6743 		7.888
v -38.2866 		-58.8019 		3.5135
v -39.0211 		-65.7633 		7.8064
v -42.3456 		-56.5055 		14
v -42.396 		-56.4806 		14
v -42.4268 		-56.4654 		14
v -38.318 		-58.826 		3.487
v -38.3491 		-58.7904 		3.487
v -41.83 		-57.83 		13.304
v -41.8569 		-58.1494 		13.0309
v -41.8352 		-58.1485 		13.0353
v -43.6473 		-55.8128 		1.5085
v -43.6868 		-55.8383 		1.4448
v -43.682 		-55.836 		1.4518
v -41.5932 		-58.1389 		13.084
v -43.7231 		-55.8562 		1.3794
v -41.9296 		-58.1545 		13.013
v -41.9169 		-58.1545 		13.0165
v -43.7549 		-55.8718 		1.3101
v -43.7639 		-55.8762 		1.286
v -43.4952 		-55.711 		1.6593
v -43.7814 		-55.8849 		1.2388
v -43.8022 		-55.8951 		1.1671
v -43.8184 		-55.903 		1.0968
v -43.8295 		-55.9085 		1.03
v -43.8298 		-55.9086 		1.0284
v -43.8364 		-55.9119 		0.962
v -43.8383 		-55.9128 		0.8994
v -43.8366 		-55.912 		0.8404
v -43.8307 		-55.9091 		0.7857
v -43.8285 		-55.908 		0.774
v -38.83 		-59.219 		3.169
v -38.5035 		-58.7741 		3.435
v -38.7339 		-58.7339 		3.3625
v -39.012 		-59.012 		3.169
v -38.9858 		-58.7011 		3.2927
v -39.1007 		-58.676 		3.2647
v -38.9264 		-58.7088 		3.3091
v -39.219 		-58.83 		3.169
v -38.8511 		-58.7186 		3.33
v -42.174 		-58.318 		13.013
v -42.331 		-65.275 		10.622
v -39.3668 		-58.6301 		3.2105
v -39.416 		-58.6216 		3.2005
v -42.2805 		-58.1793 		12.8962
v -39.448 		-58.677 		3.169
v -42.329 		-58.1853 		12.878
v -39.609 		-58.5975 		3.169
v -42.332 		-65.324 		10.696
v -41.552 		-58.677 		13.332
v -41.781 		-58.83 		13.332
v -42.294 		-65.325 		10.756
v -41.988 		-59.012 		13.332
v -42.17 		-59.219 		13.332
v -42.007 		-65.564 		10.992
v -41.924 		-65.568 		10.989
v -41.507 		-59.493 		13.563
v -41.842 		-65.572 		10.97
v -41.629 		-59.633 		13.563
v -41.733 		-59.788 		13.563
v -42.013 		-65.626 		11.002
v -41.927 		-65.63 		10.999
v -41.843 		-65.634 		10.98
v -42.323 		-59.448 		13.332
v -42.018 		-65.689 		11.009
v -41.931 		-65.693 		11.005
v -39.6594 		-58.5934 		3.1627
v -41.846 		-65.697 		10.986
v -39.7092 		-58.5893 		3.1564
v -42.022 		-65.752 		11.011
v -41.935 		-65.756 		11.008
v -41.851 		-65.761 		10.989
v -39.7209 		-58.5888 		3.1553
v -39.9845 		-58.5769 		3.1304
v -42 		-65.783 		10.761
v -39.9036 		-65.7605 		7.75
v -41.968 		-65.792 		10.759
v -41.968 		-65.787 		10.759
v -41.967 		-65.783 		10.759
v -41.968 		-65.779 		10.759
v -38.555 		-65.195 		10.355
v -41.968 		-65.775 		10.759
v -41.97 		-65.77 		10.759
v -41.972 		-65.767 		10.759
v -41.974 		-65.763 		10.759
v -42.0114 		-65.7585 		10.7593
v -42.0191 		-65.7582 		10.7591
v -39.267 		-65.101 		11
v -42.0211 		-65.7581 		10.759
v -42.023 		-65.76 		10.759
v -39.272 		-65.2162 		10.772
v -39.2618 		-65.2173 		10.7659
v -39.2611 		-65.2174 		10.7655
v -39.247 		-65.253 		10.787
v -39.2517 		-65.2193 		10.758
v -39.233 		-65.3 		10.81
v -39.184 		-65.304 		10.765
v -39.221 		-65.351 		10.832
v -42.024 		-65.7579 		10.7585
v -39.168 		-65.355 		10.784
v -42.032 		-65.787 		10.759
v -42.032 		-65.792 		10.759
v -42.033 		-65.783 		10.759
v -42.026 		-65.763 		10.759
v -39.21 		-65.405 		10.851
v -42.028 		-65.767 		10.759
v -42.03 		-65.77 		10.759
v -42.032 		-65.775 		10.759
v -42.032 		-65.779 		10.759
v -42.0251 		-65.7579 		10.7584
v -42.0266 		-65.7578 		10.7581
v -40 		-58.5767 		3.1295
v -40.0173 		-58.5749 		3.1289
v -40.2433 		-58.5516 		3.1216
v -42.0272 		-65.7578 		10.758
v -40.2814 		-58.5491 		3.1216
v -39.633 		-59.371 		2.938
v -39.788 		-59.267 		2.938
v -39.955 		-59.185 		2.938
v -40.132 		-59.125 		2.938
v -41.815 		-59.955 		13.563
v -41.875 		-60.132 		13.563
v -41.911 		-60.314 		13.563
v -41.924 		-60.5 		13.563
v -41.911 		-60.686 		13.563
v -41.875 		-60.868 		13.563
v -43.307 		-56.775 		0.998
v -42.706 		-57.533 		13.304
v -42.7606 		-58.2394 		12.7153
v -42.5607 		-58.2144 		12.7907
v -42.9999 		-58.2831 		12.614
v -42.445 		-58.555 		13.013
v -42.682 		-58.826 		13.013
v -42.882 		-59.125 		13.013
v -42.445 		-59.695 		13.332
v -42.533 		-59.955 		13.332
v -42.587 		-60.225 		13.332
v -41.1954 		-58.5179 		3.169
v -41.3 		-58.5171 		3.1859
v -41.305 		-58.555 		3.169
v -40.5 		-58.5347 		3.1216
v -40.6006 		-58.5319 		3.1249
v -40.7599 		-58.5274 		3.1299
v -40.5372 		-58.5337 		3.1228
v -40.9915 		-58.5296 		3.1446
v -41.029 		-58.5263 		3.1482
v -40.79 		-58.5277 		3.1318
v -43.8213 		-55.9045 		0.7355
v -43.817 		-55.9024 		0.7198
v -41.045 		-58.5255 		3.1502
v -41.576 		-48.947 		0.756
v -40.314 		-59.089 		2.938
v -40.5 		-59.076 		2.938
v -40.686 		-59.089 		2.938
v -40.868 		-59.125 		2.938
v -41.045 		-59.185 		2.938
v -41.212 		-59.267 		2.938
v -43.314 		-49.087 		1.071
v -41.3208 		-58.517 		3.1893
v -41.83 		-49.17 		0.756
v -42.053 		-49.424 		0.756
v -42.241 		-49.706 		0.756
v -41.367 		-59.371 		2.938
v -43.536 		-49.536 		1.071
v -38.555 		-59.695 		3.169
v -38.677 		-59.448 		3.169
v -39.089 		-60.314 		2.938
v -39.662 		-48.434 		0.756
v -39.125 		-60.132 		2.938
v -40 		-48.412 		0.756
v -39.185 		-59.955 		2.938
v -39.267 		-59.788 		2.938
v -40.338 		-48.434 		0.756
v -40.67 		-48.5 		0.756
v -40.99 		-48.609 		0.756
v -41.294 		-48.759 		0.756
v -39.371 		-59.633 		2.938
v -39.493 		-59.493 		2.938
v -42.706 		-48.294 		1.071
v -43.036 		-48.67 		1.071
v -40.141 		-59.878 		2.797
v -40.225 		-59.837 		2.797
v -39.788 		-60.406 		2.797
v -39.155 		-65.409 		10.8
v -39.269 		-65.457 		10.91
v -39.202 		-65.462 		10.868
v -39.144 		-65.466 		10.815
v -39.265 		-65.516 		10.926
v -39.197 		-65.521 		10.882
v -39.136 		-65.525 		10.826
v -39.087 		-65.529 		10.761
v -42.587 		-60.775 		13.332
v -41.9769 		-65.7601 		10.759
v -41.9822 		-65.7599 		10.7592
v -42.605 		-60.5 		13.332
v -41.9941 		-65.7593 		10.7595
v -41.9971 		-65.7592 		10.7596
v -42.0029 		-65.7589 		10.7595
v -42.0061 		-65.7588 		10.7595
v -41.9708 		-65.7604 		10.7581
v -41.9703 		-65.7604 		10.758
v -41.972 		-65.7604 		10.7583
v -41.975 		-65.7602 		10.7587
v -41.815 		-61.045 		13.563
v -41.733 		-61.212 		13.563
v -41.875 		-65.783 		10.728
v -41.876 		-65.767 		10.728
v -41.848 		-65.783 		10.709
v -41.936 		-65.792 		10.752
v -41.935 		-65.783 		10.752
v -41.936 		-65.775 		10.752
v -41.937 		-65.766 		10.752
v -41.904 		-65.783 		10.742
v -41.905 		-65.77 		10.742
v -39.136 		-65.262 		10.641
v -39.144 		-65.2484 		10.6358
v -39.141 		-65.2504 		10.63
v -39.2514 		-65.2193 		10.7578
v -39.2345 		-65.2226 		10.7445
v -39.217 		-65.2246 		10.7293
v -39.202 		-65.256 		10.745
v -39.2033 		-65.228 		10.7138
v -39.1786 		-65.2341 		10.6858
v -39.165 		-65.259 		10.696
v -39.158 		-65.2425 		10.6564
v -39.1446 		-65.2481 		10.6369
v -39.1208 		-65.2637 		10.5913
v -39.1197 		-65.2645 		10.589
v -39.1165 		-65.2668 		10.5824
v -39.1141 		-65.2697 		10.5752
v -39.1056 		-65.28 		10.5499
v -39.143 		-65.307 		10.712
v -39.113 		-65.31 		10.653
v -39.125 		-65.358 		10.727
v -39.092 		-65.361 		10.664
v -41.629 		-61.367 		13.563
v -41.507 		-61.507 		13.563
v -42.533 		-61.045 		13.332
v -42.445 		-61.305 		13.332
v -43.3299 		-58.3282 		12.4215
v -36.464 		-44.876 		2.697
v -37.294 		-44.467 		2.697
v -38.17 		-44.17 		2.697
v -42.064 		-65.792 		10.752
v -42.065 		-65.783 		10.752
v -42.06 		-65.758 		10.752
v -42.063 		-65.766 		10.752
v -42.064 		-65.775 		10.752
v -39.807 		-60.314 		2.797
v -39.837 		-60.225 		2.797
v -39.878 		-60.141 		2.797
v -39.93 		-60.063 		2.797
v -39.992 		-59.992 		2.797
v -40.063 		-59.93 		2.797
v -39.878 		-60.859 		2.797
v -31.657 		-52.423 		14.25
v -39.837 		-60.775 		2.797
v -39.807 		-60.686 		2.797
v -39.788 		-60.594 		2.797
v -39.782 		-60.5 		2.797
v -40.225 		-61.163 		2.797
v -40.141 		-61.122 		2.797
v -40.063 		-61.07 		2.797
v -39.992 		-61.008 		2.797
v -39.93 		-60.937 		2.797
v -40.314 		-59.807 		2.797
v -40.406 		-59.788 		2.797
v -40.5 		-59.782 		2.797
v -39.109 		-65.412 		10.74
v -39.075 		-65.416 		10.673
v -39.096 		-65.469 		10.752
v -39.06 		-65.473 		10.682
v -43.7533 		-55.871 		0.5833
v -43.7708 		-55.8797 		0.6084
v -39.049 		-65.532 		10.689
v -43.7294 		-55.8593 		0.5586
v -43.7037 		-55.8467 		0.5393
v -43.682 		-55.836 		0.5291
v -43.6756 		-55.8317 		0.5254
v -43.647 		-55.8126 		0.5153
v -43.6164 		-55.7921 		0.512
v -43.5842 		-55.7706 		0.5149
v -43.5498 		-55.7476 		0.5242
v -43.5146 		-55.724 		0.5417
v -39.093 		-65.312 		10.589
v -39.0965 		-65.2911 		10.5226
v -39.0963 		-65.2913 		10.5221
v -39.084 		-65.314 		10.523
v -39.0926 		-65.3005 		10.502
v -39.071 		-65.364 		10.596
v -39.062 		-65.366 		10.525
v -43.4778 		-55.6993 		0.5662
v -43.4406 		-55.6745 		0.5984
v -43.41 		-55.654 		0.6315
v -43.4029 		-55.6477 		0.6389
v -43.3658 		-55.6152 		0.6865
v -43.3297 		-55.5835 		0.744
v -43.1802 		-55.4522 		1.3149
v -43.4948 		-55.7108 		1.6595
v -39.052 		-65.419 		10.601
v -39.042 		-65.421 		10.526
v -39.037 		-65.476 		10.606
v -39.026 		-65.478 		10.528
v -39.025 		-65.535 		10.611
v -39.264 		-65.577 		10.938
v -39.193 		-65.581 		10.893
v -39.131 		-65.586 		10.836
v -39.08 		-65.59 		10.769
v -39.264 		-65.639 		10.947
v -39.192 		-65.644 		10.901
v -39.129 		-65.648 		10.843
v -39.077 		-65.652 		10.775
v -39.266 		-65.702 		10.953
v -39.193 		-65.707 		10.906
v -39.13 		-65.711 		10.848
v -39.077 		-65.716 		10.779
v -39.27 		-65.766 		10.955
v -39.197 		-65.77 		10.909
v -39.133 		-65.775 		10.85
v -39.08 		-65.779 		10.78
v -39.014 		-65.538 		10.529
v -39.006 		-65.599 		10.53
v -39.012 		-65.659 		10.617
v -39.001 		-65.662 		10.532
v -39.011 		-65.723 		10.619
v -39 		-65.725 		10.533
v -39.014 		-65.786 		10.62
v -39.003 		-65.789 		10.533
v -39.042 		-65.593 		10.694
v -39.017 		-65.597 		10.614
v -39.038 		-65.656 		10.699
v -39.037 		-65.719 		10.702
v -39.04 		-65.783 		10.703
v -39.269 		-65.783 		10.607
v -39.259 		-65.783 		10.576
v -39.252 		-65.783 		10.544
v -39.25 		-65.783 		10.511
v -39.2698 		-65.774 		10.6073
v -36.956 		-45.728 		2.05
v -37.67 		-45.376 		2.05
v -38.087 		-46.381 		1.505
v -39.077 		-43.989 		2.697
v -40 		-43.929 		2.697
v -39.205 		-44.964 		2.05
v -40 		-44.912 		2.05
v -40.923 		-43.989 		2.697
v -41.83 		-44.17 		2.697
v -40.795 		-44.964 		2.05
v -38.424 		-45.12 		2.05
v -38.706 		-46.17 		1.505
v -39.347 		-46.043 		1.505
v -40 		-46 		1.505
v -40.594 		-59.788 		2.797
v -40.686 		-59.807 		2.797
v -40.775 		-59.837 		2.797
v -41.576 		-45.12 		2.05
v -40.859 		-59.878 		2.797
v -43.1799 		-55.4519 		1.3349
v -43.4879 		-55.7061 		1.6629
v -43.536 		-57.124 		2.697
v -43.1799 		-55.4519 		1.3352
v -43.4877 		-55.706 		1.663
v -40.937 		-59.93 		2.797
v -43.1797 		-55.4518 		1.3466
v -41.008 		-59.992 		2.797
v -43.1874 		-55.4586 		1.436
v -41.07 		-60.063 		2.797
v -43.2054 		-55.4744 		1.5168
v -41.122 		-60.141 		2.797
v -43.2319 		-55.4976 		1.5849
v -41.163 		-60.225 		2.797
v -43.2595 		-55.5218 		1.626
v -39.272 		-65.7738 		10.6119
v -41.193 		-60.314 		2.797
v -41.212 		-60.406 		2.797
v -43.3544 		-55.6052 		1.6902
v -43.3158 		-55.5712 		1.6754
v -43.368 		-55.6171 		1.69
v -43.4041 		-55.6488 		1.6895
v -39.2696 		-65.774 		10.607
v -39.2668 		-65.7743 		10.5986
v -39.2595 		-65.7752 		10.576
v -43.4555 		-55.6844 		1.6791
v -43.41 		-55.654 		1.6877
v -39.2578 		-65.7754 		10.5687
v -39.2573 		-65.7755 		10.566
v -42.33 		-45.376 		2.05
v -39.2524 		-65.7764 		10.544
v -39.2572 		-65.7755 		10.5656
v -39.251 		-65.7771 		10.522
v -40.653 		-46.043 		1.505
v -43.975 		-55.98 		2.2413
v -44 		-55.9885 		2.2564
v -41.294 		-46.17 		1.505
v -43.7279 		-55.8586 		2.0737
v -43.7339 		-55.8615 		2.0777
v -41.913 		-46.381 		1.505
v -39.2503 		-65.7774 		10.511
v -39.2509 		-65.7776 		10.502
v -43.2671 		-55.5286 		1.6374
v -43.3086 		-55.565 		1.6727
v -38.536 		-47.464 		1.071
v -39.01 		-47.304 		1.071
v -43.6906 		-55.8402 		2.05
v -43.044 		-56.272 		2.05
v -43.6889 		-55.8394 		2.0492
v -41.9328 		-65.7626 		10.7503
v -41.9354 		-65.7625 		10.7511
v -41.9265 		-65.763 		10.7484
v -42.0284 		-65.7577 		10.7578
v -42.0628 		-65.7563 		10.7509
v -42.0641 		-65.7562 		10.7505
v -42.0621 		-65.7563 		10.7511
v -42.088 		-65.7554 		10.743
v -39.501 		-47.206 		1.071
v -40 		-47.173 		1.071
v -40.5 		-47.206 		1.071
v -40.99 		-47.304 		1.071
v -41.464 		-47.464 		1.071
v -41.913 		-47.686 		1.071
v -42.33 		-47.964 		1.071
v -42.706 		-44.467 		2.697
v -43.044 		-45.728 		2.05
v -43.219 		-45.671 		2.1453
v -42.5 		-46.67 		1.505
v -43.044 		-47.033 		1.505
v -36.464 		-42.464 		5.13
v -37.609 		-42.076 		5.13
v -36.686 		-42.999 		4.25
v -37.759 		-42.635 		4.25
v -36.964 		-43.67 		3.435
v -37.947 		-43.337 		3.435
v -38.794 		-41.84 		5.13
v -40 		-41.761 		5.13
v -41.206 		-41.84 		5.13
v -38.87 		-42.414 		4.25
v -40 		-42.34 		4.25
v -41.13 		-42.414 		4.25
v -42.241 		-42.635 		4.25
v -38.964 		-43.134 		3.435
v -40 		-43.066 		3.435
v -41.036 		-43.134 		3.435
v -42.053 		-43.337 		3.435
v -42.391 		-42.076 		5.13
v -43.036 		-43.67 		3.435
v -43.036 		-43.67 		12.566
v -40.5 		-60.5 		2.75
v -42.396 		-59.539 		14.25
v -41.212 		-60.594 		2.797
v -41.218 		-60.5 		2.797
v -41.193 		-60.686 		2.797
v -39.4 		-65.2131 		10.8289
v -39.3623 		-65.2113 		10.8175
v -39.3618 		-65.2113 		10.8174
v -41.163 		-60.775 		2.797
v -39.356 		-65.246 		10.843
v -41.122 		-60.859 		2.797
v -39.3526 		-65.2115 		10.8133
v -39.3095 		-65.2124 		10.7946
v -39.299 		-65.25 		10.82
v -40.775 		-61.163 		2.797
v -39.3026 		-65.213 		10.7905
v -40.686 		-61.193 		2.797
v -40.594 		-61.212 		2.797
v -40.5 		-61.218 		2.797
v -40.406 		-61.212 		2.797
v -40.314 		-61.193 		2.797
v -41.07 		-60.937 		2.797
v -41.008 		-61.008 		2.797
v -40.937 		-61.07 		2.797
v -39.528 		-65.2297 		10.8463
v -39.4957 		-65.2241 		10.8448
v -39.4757 		-65.2204 		10.8441
v -39.478 		-65.24 		10.859
v -40.859 		-61.122 		2.797
v -39.4486 		-65.2172 		10.8398
v -39.4174 		-65.2139 		10.8342
v -39.4167 		-65.2138 		10.8341
v -39.416 		-65.243 		10.857
v -39.4006 		-65.2131 		10.8291
v -39.351 		-65.293 		10.872
v -41.212 		-61.733 		2.938
v -39.289 		-65.297 		10.846
v -41.045 		-61.815 		2.938
v -39.346 		-65.343 		10.898
v -39.281 		-65.347 		10.871
v -41.8858 		-65.7655 		10.7325
v -41.896 		-65.7648 		10.7373
v -41.9064 		-65.7642 		10.742
v -41.9172 		-65.7636 		10.7453
v -41.9039 		-65.7644 		10.7409
v -41.9262 		-65.763 		10.7483
v -41.8981 		-65.7647 		10.7383
v -41.367 		-61.629 		2.938
v -43.148 		-55.4198 		1.7231
v -43.682 		-55.836 		2.0458
v -43.41 		-55.654 		1.894
v -43.6193 		-55.7941 		2.0108
v -43.4007 		-55.6459 		1.888
v -43.3029 		-55.5599 		1.8248
v -43.2613 		-55.5234 		1.798
v -43.1741 		-55.4469 		1.7417
v -43.164 		-55.438 		1.7352
v -43.216 		-55.4837 		1.7688
v -42.5 		-55.33 		1.505
v -41.8762 		-65.766 		10.728
v -41.8711 		-65.7663 		10.7246
v -41.8686 		-65.7664 		10.7228
v -41.8751 		-65.7661 		10.7273
v -41.9463 		-65.7618 		10.7536
v -41.9491 		-65.7617 		10.7541
v -41.9384 		-65.7623 		10.752
v -41.9529 		-65.7614 		10.7548
v -41.9366 		-65.7624 		10.7515
v -41.8566 		-65.7671 		10.7145
v -41.8545 		-65.7672 		10.713
v -41.8488 		-65.7675 		10.709
v -41.8494 		-65.7675 		10.7095
v -41.8337 		-65.7687 		10.6959
v -42.706 		-57.533 		2.697
v -41.552 		-58.5262 		3.2358
v -41.6372 		-58.5295 		3.2529
v -41.552 		-58.677 		3.169
v -42.0328 		-65.7575 		10.7571
v -42.0584 		-65.7564 		10.7522
v -42.0592 		-65.7564 		10.752
v -42.0392 		-65.7573 		10.7559
v -42.0544 		-65.7566 		10.7529
v -42.0593 		-65.7564 		10.752
v -41.8535 		-58.5479 		3.3047
v -41.9887 		-58.5594 		3.3371
v -41.8186 		-58.5449 		3.2963
v -41.781 		-58.83 		3.169
v -39.343 		-65.397 		10.921
v -39.274 		-65.401 		10.892
v -39.482 		-65.286 		10.889
v -39.416 		-65.289 		10.886
v -39.487 		-65.336 		10.916
v -39.416 		-65.34 		10.913
v -39.492 		-65.389 		10.94
v -39.417 		-65.393 		10.937
v -37.3059 		-44.8132 		14
v -37.4138 		-44.8543 		14
v -37.4904 		-44.8737 		14
v -39.497 		-65.445 		10.961
v -37.5429 		-44.8746 		14
v -39.419 		-65.449 		10.958
v -37.574 		-44.858 		14
v -37.5866 		-44.8254 		14
v -37.579 		-44.7732 		14
v -37.5506 		-44.6997 		14
v -39.342 		-65.453 		10.941
v -37.4967 		-44.5977 		14
v -37.4112 		-44.459 		14
v -37.2746 		-44.2606 		14
v -40.795 		-57.036 		13.95
v -40.782 		-56.9372 		14
v -40.7844 		-56.9367 		14
v -40.8407 		-56.9256 		14
v -40.5 		-56.9556 		14
v -40.923 		-58.011 		13.304
v -38.6587 		-42.333 		14.3761
v -38.613 		-42.321 		14.357
v -38.5628 		-42.3029 		14.335
v -40.5 		-58.1484 		13.21
v -38.5076 		-42.279 		14.31
v -40.7905 		-58.1435 		13.1981
v -40.644 		-58.146 		13.2041
v -40.8105 		-58.1431 		13.1973
v -38.5061 		-41.5816 		14.17
v -38.5783 		-41.658 		14.2117
v -41.1335 		-58.1368 		13.1629
v -40.9809 		-58.1449 		13.1817
v -40.941 		-58.147 		13.1866
v -42.3091 		-58.5762 		3.435
v -42.0266 		-58.5643 		3.3476
v -42.1071 		-58.5678 		3.3725
v -41.988 		-59.012 		3.169
v -42.17 		-59.219 		3.169
v -42.323 		-59.448 		3.169
v -41.507 		-59.493 		2.938
v -41.629 		-59.633 		2.938
v -41.733 		-59.788 		2.938
v -41.815 		-59.955 		2.938
v -41.875 		-60.132 		2.938
v -41.911 		-60.314 		2.938
v -41.9584 		-65.7611 		10.7559
v -41.96 		-65.761 		10.7562
v -41.9666 		-65.7606 		10.7573
v -41.9682 		-65.7605 		10.7576
v -41.962 		-65.7609 		10.7565
v -41.9659 		-65.7607 		10.7572
v -42.312 		-65.552 		10.866
v -42.246 		-65.554 		10.917
v -42.171 		-65.557 		10.956
v -42.091 		-65.56 		10.981
v -42.323 		-65.614 		10.873
v -42.255 		-65.616 		10.926
v -42.179 		-65.618 		10.965
v -42.097 		-65.622 		10.991
v -42.332 		-65.676 		10.878
v -42.263 		-65.678 		10.931
v -42.186 		-65.681 		10.971
v -42.103 		-65.685 		10.998
v -42.338 		-65.74 		10.88
v -42.269 		-65.742 		10.934
v -42.192 		-65.745 		10.974
v -42.109 		-65.748 		11
v -42.096 		-65.783 		10.742
v -42.092 		-65.758 		10.742
v -42.095 		-65.77 		10.742
v -42.125 		-65.783 		10.728
v -42.124 		-65.767 		10.728
v -42.152 		-65.783 		10.709
v -42.151 		-65.763 		10.709
v -42.177 		-65.783 		10.688
v -42.175 		-65.76 		10.688
v -42.198 		-65.783 		10.663
v -42.197 		-65.757 		10.663
v -42.1968 		-65.7521 		10.6619
v -42.1992 		-65.7521 		10.6583
v -39.502 		-65.503 		10.979
v -39.421 		-65.507 		10.975
v -41.924 		-60.5 		2.938
v -41.911 		-60.686 		2.938
v -41.5 		-54.5 		16.1514
v -38.219 		-54.415 		0
v -38.038 		-54.143 		0
v -37.822 		-53.897 		0
v -39.341 		-65.512 		10.957
v -41.875 		-60.868 		2.938
v -41.815 		-61.045 		2.938
v -37.576 		-53.682 		0
v -37.304 		-53.5 		0
v -37.011 		-53.355 		0
v -36.701 		-53.25 		0
v -41.733 		-61.212 		2.938
v -41.629 		-61.367 		2.938
v -36.956 		-47.033 		1.505
v -41.4793 		-58.1344 		13.1069
v -41.3763 		-58.1351 		13.1236
v -37.5 		-46.67 		1.505
v -40.775 		-58.413 		13.332
v -40.5 		-58.395 		13.332
v -36.464 		-47.464 		1.505
v -41.045 		-58.467 		13.332
v -36.686 		-49.087 		1.071
v -41.305 		-58.555 		13.332
v -36.964 		-48.67 		1.071
v -37.294 		-48.294 		1.071
v -42.053 		-43.337 		12.566
v -37.67 		-47.964 		1.071
v -40.5 		-59.076 		13.563
v -40.686 		-59.089 		13.563
v -38.087 		-47.686 		1.071
v -40.868 		-59.125 		13.563
v -41.13 		-42.414 		11.75
v -41.045 		-59.185 		13.563
v -42.241 		-42.635 		11.75
v -41.212 		-59.267 		13.563
v -41.206 		-41.84 		10.87
v -38.424 		-48.947 		0.756
v -38.706 		-48.759 		0.756
v -41.367 		-59.371 		13.563
v -39.01 		-48.609 		0.756
v -39.33 		-48.5 		0.756
v -40.5 		-59.782 		13.703
v -40.594 		-59.788 		13.703
v -40.686 		-59.807 		13.703
v -40.775 		-59.837 		13.703
v -40.859 		-59.878 		13.703
v -39.5432 		-65.2327 		10.8463
v -39.5375 		-65.2314 		10.8467
v -39.539 		-65.237 		10.851
v -39.5582 		-65.2363 		10.845
v -39.6317 		-65.2569 		10.833
v -39.6016 		-65.2473 		10.8404
v -39.601 		-65.2471 		10.8405
v -39.612 		-65.28 		10.861
v -36.464 		-49.536 		1.071
v -39.656 		-65.2647 		10.827
v -37.609 		-50.01 		0.756
v -39.588 		-65.2438 		10.8418
v -37.759 		-49.706 		0.756
v -37.947 		-49.424 		0.756
v -38.17 		-49.17 		0.756
v -40.937 		-59.93 		13.703
v -41.008 		-59.992 		13.703
v -41.07 		-60.063 		13.703
v -41.122 		-60.141 		13.703
v -41.163 		-60.225 		13.703
v -41.193 		-60.314 		13.703
v -41.212 		-60.406 		13.703
v -37.412 		-51 		0.756
v -37.434 		-50.662 		0.756
v -37.5 		-50.33 		0.756
v -39.6752 		-65.2714 		10.8212
v -39.6669 		-65.2682 		10.8244
v -39.671 		-65.278 		10.83
v -39.6905 		-65.2776 		10.8149
v -39.6826 		-65.2744 		10.8182
v -39.6961 		-65.28 		10.8124
v -37.609 		-51.99 		0.756
v -39.548 		-65.283 		10.881
v -37.5 		-51.67 		0.756
v -37.434 		-51.338 		0.756
v -39.626 		-65.33 		10.886
v -39.558 		-65.333 		10.907
v -39.639 		-65.383 		10.908
v -39.567 		-65.386 		10.931
v -36.393 		-53.1884 		1.218
v -36.691 		-53.248 		1.1384
v -36.5131 		-53.2124 		1.1859
v -36.686 		-52.913 		1.071
v -40.5 		-60.5 		13.75
v -36.464 		-52.464 		1.071
v -39.7548 		-65.3068 		10.7825
v -39.7334 		-65.2959 		10.7957
v -39.7322 		-65.2952 		10.7964
v -39.746 		-65.326 		10.809
v -38.17 		-52.83 		0.756
v -37.947 		-52.576 		0.756
v -37.759 		-52.294 		0.756
v -39.784 		-65.3218 		10.7641
v -39.077 		-50.077 		0.564
v -39.205 		-49.964 		0.564
v -39.347 		-49.87 		0.564
v -39.501 		-49.794 		0.564
v -39.662 		-49.739 		0.564
v -39.83 		-49.706 		0.564
v -40 		-49.695 		0.564
v -40.17 		-49.706 		0.564
v -38.706 		-51.17 		0.564
v -38.695 		-51 		0.564
v -41.218 		-60.5 		13.703
v -41.212 		-60.594 		13.703
v -38.706 		-50.83 		0.564
v -41.193 		-60.686 		13.703
v -41.163 		-60.775 		13.703
v -38.739 		-50.662 		0.564
v -41.122 		-60.859 		13.703
v -38.794 		-50.501 		0.564
v -38.87 		-50.347 		0.564
v -38.964 		-50.205 		0.564
v -42.2119 		-65.7518 		10.6396
v -42.215 		-65.755 		10.636
v -42.2143 		-65.7518 		10.636
v -42.216 		-65.7517 		10.6326
v -42.217 		-65.783 		10.636
v -42.2173 		-65.7517 		10.63
v -42.231 		-65.783 		10.607
v -42.2279 		-65.7516 		10.6086
v -42.2287 		-65.7516 		10.607
v -42.229 		-65.753 		10.607
v -42.2288 		-65.7516 		10.6069
v -42.2195 		-65.7517 		10.6255
v -42.241 		-65.783 		10.576
v -42.2334 		-65.7516 		10.593
v -42.2356 		-65.7517 		10.5864
v -40 		-51 		0.5
v -42.2359 		-65.7517 		10.5855
v -42.239 		-65.7517 		10.576
v -42.2392 		-65.7518 		10.5753
v -42.2393 		-65.7518 		10.5747
v -42.2413 		-65.7519 		10.566
v -42.248 		-65.783 		10.544
v -42.2461 		-65.7521 		10.544
v -42.2462 		-65.7521 		10.5437
v -42.2462 		-65.7521 		10.5436
v -42.25 		-65.783 		10.511
v -42.2482 		-65.7528 		10.511
v -42.2476 		-65.7531 		10.502
v -42.1912 		-65.7522 		10.6685
v -42.1961 		-65.7521 		10.663
v -42.323 		-61.552 		3.169
v -42.17 		-61.781 		3.169
v -41.988 		-61.988 		3.169
v -41.781 		-62.17 		3.169
v -41.507 		-61.507 		2.938
v -43.9686 		-58.7594 		4.361
v -43.4392 		-58.6789 		3.9875
v -43.6085 		-58.7052 		4.0982
v -43.4 		-58.826 		3.887
v -43.2855 		-58.6551 		3.887
v -43.823 		-58.75 		4.25
v -43.7901 		-58.7431 		4.2267
v -43.593 		-59.219 		3.887
v -43.734 		-59.633 		3.887
v -43.82 		-60.063 		3.887
v -41.07 		-60.937 		13.703
v -41.261 		-41.423 		9.941
v -41.294 		-41.17 		8.979
v -41.305 		-41.086 		8
v -41.294 		-41.17 		7.021
v -40.775 		-61.163 		13.703
v -40.686 		-61.193 		13.703
v -40.594 		-61.212 		13.703
v -40.5 		-61.218 		13.703
v -41.261 		-41.423 		6.059
v -41.008 		-61.008 		13.703
v -40.937 		-61.07 		13.703
v -40.859 		-61.122 		13.703
v -42.391 		-42.076 		10.87
v -42.5 		-41.67 		9.941
v -41.212 		-61.733 		13.563
v -41.045 		-61.815 		13.563
v -42.566 		-41.423 		8.979
v -40.868 		-61.875 		13.563
v -40.686 		-61.911 		13.563
v -42.588 		-41.341 		8
v -40.5 		-61.924 		13.563
v -42.566 		-41.423 		7.021
v -39.7161 		-65.2885 		10.8034
v -39.689 		-65.328 		10.853
v -41.367 		-61.629 		13.563
v -40.0598 		-56.9844 		14
v -40.296 		-56.969 		14
v -40 		-57.088 		13.95
v -40 		-56.9884 		14
v -39.2267 		-56.9378 		14
v -39.205 		-57.036 		13.95
v -39.218 		-56.9372 		14
v -39.2778 		-56.9411 		14
v -39.765 		-65.378 		10.827
v -39.706 		-65.38 		10.873
v -39.783 		-65.434 		10.842
v -39.721 		-65.436 		10.891
v -39.651 		-65.438 		10.927
v -39.575 		-65.441 		10.951
v -39.734 		-65.494 		10.905
v -39.661 		-65.496 		10.943
v -39.583 		-65.5 		10.968
v -40.338 		-49.739 		0.564
v -40.5 		-49.794 		0.564
v -40.653 		-49.87 		0.564
v -39.878 		-65.222 		11
v -40.795 		-49.964 		0.564
v -38.5933 		-51.5933 		16.2042
v -39.7903 		-65.3251 		10.7601
v -40.923 		-50.077 		0.564
v -38.701 		-52.25 		16.4659
v -38.6741 		-52.3043 		16.4804
v -38.81 		-52.087 		16.4281
v -42.5 		-41.67 		6.059
v -38.939 		-51.939 		16.3998
v -39.087 		-51.81 		16.4281
v -39.25 		-51.701 		16.4659
v -39.272 		-51.6901 		16.4718
v -39.426 		-51.614 		16.5129
v -40 		-41.086 		7.021
v -39.5603 		-51.5685 		16.5529
v -40 		-41.341 		6.059
v -32.376 		-45.93 		17.125
v -43.82 		-60.937 		3.887
v -46.7 		-55.438 		0
v -46.915 		-55.193 		0
v -47.097 		-54.921 		0
v -47.242 		-54.627 		0
v -43.848 		-60.5 		3.887
v -39.816 		-65.377 		10.771
v -39.7934 		-65.3268 		10.758
v -39.7931 		-65.3266 		10.7582
v -39.837 		-65.433 		10.784
v -39.854 		-65.491 		10.795
v -39.799 		-65.492 		10.855
v -39.8574 		-65.37 		10.6974
v -39.8523 		-65.3657 		10.7039
v -39.8513 		-65.3648 		10.7052
v -39.857 		-65.377 		10.708
v -39.8616 		-65.3732 		10.6918
v -39.8587 		-65.371 		10.6958
v -39.8666 		-65.377 		10.6848
v -39.8249 		-65.3475 		10.7293
v -39.7952 		-65.3277 		10.7568
v -39.7951 		-65.3277 		10.7568
v -39.9006 		-65.4063 		10.63
v -39.8959 		-65.4008 		10.6406
v -39.8842 		-65.3911 		10.6586
v -39.909 		-65.432 		10.644
v -39.879 		-65.432 		10.718
v -39.93 		-65.49 		10.65
v -39.898 		-65.49 		10.726
v -41.036 		-50.205 		0.564
v -41.13 		-50.347 		0.564
v -41.206 		-50.501 		0.564
v -41.261 		-50.662 		0.564
v -37.434 		-41.423 		7.021
v -37.5 		-41.67 		6.059
v -41.294 		-51.17 		0.564
v -41.305 		-51 		0.564
v -41.294 		-50.83 		0.564
v -38.706 		-41.17 		7.021
v -38.739 		-41.423 		6.059
v -37.434 		-41.423 		8.979
v -39.205 		-52.036 		0.564
v -37.412 		-41.341 		8
v -39.077 		-51.923 		0.564
v -38.964 		-51.795 		0.564
v -38.87 		-51.653 		0.564
v -38.794 		-51.5 		0.564
v -40 		-42.34 		11.75
v -38.739 		-51.338 		0.564
v -38.794 		-41.84 		10.87
v -40 		-41.761 		10.87
v -38.739 		-41.423 		9.941
v -39.501 		-52.206 		0.564
v -40 		-41.341 		9.941
v -39.347 		-52.13 		0.564
v -38.706 		-41.17 		8.979
v -40 		-41.086 		8.979
v -38.695 		-41.086 		8
v -40 		-41 		8
v -38.706 		-53.241 		0.756
v -38.424 		-53.053 		0.756
v -43.536 		-42.464 		5.13
v -43.314 		-42.999 		4.25
v -43.314 		-42.999 		11.75
v -43.536 		-42.464 		10.87
v -43.696 		-42.076 		9.941
v -43.794 		-41.84 		8.979
v -43.827 		-41.761 		8
v -43.794 		-41.84 		7.021
v -43.696 		-42.076 		6.059
v -39.9241 		-65.4328 		10.5795
v -39.9066 		-65.4134 		10.6165
v -39.9301 		-65.4413 		10.563
v -39.9292 		-65.4392 		10.5673
v -39.9272 		-65.4366 		10.5722
v -39.9382 		-65.4605 		10.5253
v -39.948 		-65.491 		10.57
v -39.9431 		-65.4724 		10.502
v -39.507 		-65.564 		10.992
v -39.424 		-65.568 		10.989
v -39.342 		-65.572 		10.97
v -39.513 		-65.626 		11.002
v -39.427 		-65.63 		10.999
v -39.343 		-65.634 		10.98
v -39.518 		-65.689 		11.009
v -39.431 		-65.693 		11.005
v -39.346 		-65.697 		10.986
v -39.522 		-65.752 		11.011
v -39.435 		-65.756 		11.008
v -39.351 		-65.761 		10.989
v -39.5 		-65.783 		10.761
v -29.175 		-52.325 		14.25
v -39.468 		-65.792 		10.759
v -39.468 		-65.787 		10.759
v -39.467 		-65.783 		10.759
v -39.468 		-65.779 		10.759
v -40.49 		-56.9563 		14
v -38.17 		-57.83 		13.304
v -43.2976 		-45.056 		2.5211
v -43.304 		-45.024 		2.5419
v -38.118 		-59.125 		13.013
v -39.468 		-65.775 		10.759
v -39.47 		-65.77 		10.759
v -37.407 		-59.219 		12.614
v -37.6 		-58.826 		12.614
v -43.3801 		-44.7992 		2.697
v -43.4001 		-44.7401 		2.75
v -43.409 		-44.714 		2.7735
v -37.917 		-58.5181 		12.6755
v -37.8716 		-58.5288 		12.6542
v -37.7855 		-58.5492 		12.614
v -43.4416 		-44.6482 		2.8364
v -43.554 		-44.421 		3.0538
v -43.735 		-44.149 		3.3316
v -43.8819 		-43.9817 		3.5412
v -43.934 		-43.9224 		3.627
v -43.8173 		-44.0552 		3.435
v -43.3862 		-46.5599 		1.798
v -43.304 		-46.318 		1.8761
v -42.0955 		-65.7551 		10.74
v -42.1028 		-65.7548 		10.7368
v -43.24 		-45.997 		1.9923
v -43.2307 		-45.8527 		2.05
v -43.2368 		-45.3942 		2.3035
v -43.24 		-45.344 		2.3341
v -43.536 		-47.464 		1.505
v -43.7682 		-47.2306 		1.67
v -43.7687 		-47.2313 		1.6699
v -43.735 		-47.193 		1.6732
v -43.934 		-47.4187 		1.6703
v -43.734 		-61.367 		3.887
v -43.5985 		-46.9879 		1.7055
v -43.6758 		-47.104 		1.6872
v -43.554 		-46.921 		1.7161
v -40.17 		-52.294 		0.564
v -40 		-52.305 		0.564
v -43.967 		-57.871 		3.435
v -39.83 		-52.294 		0.564
v -39.662 		-52.261 		0.564
v -43.036 		-58.33 		3.435
v -42.1497 		-65.7531 		10.7084
v -42.152 		-65.7531 		10.7065
v -42.1631 		-65.7528 		10.6969
v -42.1666 		-65.7527 		10.694
v -43.409 		-46.627 		1.7791
v -42.1675 		-65.7527 		10.6933
v -42.1737 		-65.7525 		10.688
v -42.1743 		-65.7525 		10.6873
v -42.1908 		-65.7522 		10.669
v -39.472 		-65.767 		10.759
v -39.474 		-65.763 		10.759
v -41.261 		-51.338 		0.564
v -42.094 		-65.7552 		10.7407
v -41.206 		-51.5 		0.564
v -42.7425 		-58.6004 		3.6171
v -42.9499 		-58.6202 		3.7131
v -42.682 		-58.826 		3.487
v -41.13 		-51.653 		0.564
v -39.5114 		-65.7585 		10.7593
v -39.5191 		-65.7582 		10.7591
v -41.036 		-51.795 		0.564
v -42.4612 		-58.5735 		3.487
v -39.5211 		-65.7581 		10.759
v -39.523 		-65.76 		10.759
v -39.526 		-65.763 		10.759
v -39.528 		-65.767 		10.759
v -40.923 		-51.923 		0.564
v -43.1686 		-58.6501 		3.8238
v -43.0831 		-58.6385 		3.7805
v -42.882 		-59.125 		3.487
v -40.795 		-52.036 		0.564
v -40.653 		-52.13 		0.564
v -40.5 		-52.206 		0.564
v -42.4267 		-58.5733 		3.4743
v -42.4374 		-58.5733 		3.4782
v -43.041 		-59.448 		3.487
v -43.3926 		-46.5786 		1.792
v -41.294 		-53.241 		0.756
v -43.156 		-59.788 		3.487
v -43.226 		-60.141 		3.487
v -42.445 		-59.695 		3.169
v -40.338 		-52.261 		0.564
v -42.533 		-59.955 		3.169
v -42.587 		-60.225 		3.169
v -39.5251 		-65.7579 		10.7584
v -39.5266 		-65.7578 		10.7581
v -43.25 		-60.5 		3.487
v -43.226 		-60.859 		3.487
v -43.156 		-61.212 		3.487
v -42.587 		-60.775 		3.169
v -42.605 		-60.5 		3.169
v -42.533 		-61.045 		3.169
v -39.5272 		-65.7578 		10.758
v -36.206 		-41.84 		7.021
v -42.445 		-61.305 		3.169
v -36.304 		-42.076 		6.059
v -43.868 		-62.445 		4.361
v -43.593 		-61.781 		3.887
v -43.4 		-62.174 		3.887
v -35.67 		-43.5 		4.25
v -39.4769 		-65.7601 		10.759
v -39.4822 		-65.7599 		10.7592
v -39.4941 		-65.7593 		10.7595
v -43.585 		-62.868 		4.361
v -39.4971 		-65.7592 		10.7596
v -39.5029 		-65.7589 		10.7595
v -43.156 		-62.538 		3.887
v -39.5061 		-65.7588 		10.7595
v -36.033 		-44.129 		3.435
v -39.4708 		-65.7604 		10.7581
v -39.4703 		-65.7604 		10.758
v -39.472 		-65.7604 		10.7583
v -39.475 		-65.7602 		10.7587
v -43.041 		-61.552 		3.487
v -38.219 		-54.415 		1.0829
v -38.1836 		-54.3617 		1.071
v -42.882 		-61.875 		3.487
v -38.248 		-54.4736 		1.0976
v -42.682 		-62.174 		3.487
v -42.445 		-62.445 		3.487
v -38.1829 		-54.3608 		1.0709
v -36.173 		-41.761 		8
v -43.044 		-45.728 		13.95
v -43.2173 		-45.9632 		14
v -43.2525 		-45.9568 		13.9875
v -43.2199 		-45.965 		14
v -43.2043 		-45.9546 		14
v -43.1713 		-45.9325 		14
v -43.0976 		-45.8833 		14
v -43 		-45.8182 		14
v -43.2198 		-45.9651 		14
v -39.375 		-65.783 		10.728
v -36.9607 		-53.338 		1.0739
v -36.9576 		-53.3369 		1.0745
v -36.9558 		-53.3363 		1.0748
v -43.047 		-46.1105 		14
v -43.0823 		-46.08 		14
v -43 		-46.157 		14
v -36.964 		-53.33 		1.071
v -39.376 		-65.767 		10.728
v -36.9753 		-53.3429 		1.071
v -39.348 		-65.783 		10.709
v -36.701 		-53.25 		1.1357
v -43.049 		-46.3803 		14
v -43 		-46.3776 		14
v -43.293 		-46.3288 		13.9803
v -43.1642 		-46.3737 		14
v -43.293 		-46.3576 		14
v -43.1702 		-46.0039 		14
v -38.1171 		-54.2619 		1.0557
v -43 		-56.1818 		14
v -43.044 		-56.1525 		14
v -37.822 		-53.897 		1.02
v -37.7949 		-53.8733 		1.0189
v -39.323 		-65.783 		10.688
v -37.7948 		-53.8733 		1.0189
v -38.038 		-54.143 		1.0417
v -39.302 		-65.783 		10.663
v -37.7527 		-53.8365 		1.0189
v -37.718 		-53.8061 		1.0189
v -38.216 		-58.4454 		12.7942
v -37.576 		-53.682 		1.019
v -37.4214 		-53.5786 		1.0252
v -39.283 		-65.783 		10.636
v -37.9893 		-58.5049 		12.7061
v -39.436 		-65.792 		10.752
v -39.435 		-65.783 		10.752
v -43.044 		-56.272 		13.95
v -39.436 		-65.775 		10.752
v -39.437 		-65.766 		10.752
v -37.774 		-60.141 		13.013
v -37.844 		-59.788 		13.013
v -37.011 		-53.355 		1.0662
v -37.304 		-53.5 		1.0345
v -37.3826 		-53.5526 		1.0282
v -37.959 		-59.448 		13.013
v -37.18 		-60.063 		12.614
v -37.266 		-59.633 		12.614
v -40 		-53.588 		0.756
v -40.9761 		-41.005 		14
v -39.662 		-53.566 		0.756
v -40.9914 		-41.0363 		14
v -39.33 		-53.5 		0.756
v -41.0232 		-41.0502 		14
v -41.0759 		-41.0447 		14
v -41.1506 		-41.0185 		14
v -39.01 		-53.391 		0.756
v -41.2547 		-40.9686 		14
v -36.644 		-59.992 		12.139
v -39.404 		-65.783 		10.742
v -39.405 		-65.77 		10.742
v -37.844 		-61.212 		13.013
v -37.774 		-60.859 		13.013
v -39.4328 		-65.7626 		10.7503
v -39.4354 		-65.7625 		10.7511
v -39.4265 		-65.763 		10.7484
v -41.3958 		-40.8877 		14
v -41.5319 		-40.8012 		14
v -41.1189 		-40.6245 		14
v -41.0455 		-40.7703 		14
v -41.0009 		-40.8763 		14
v -40.979 		-40.9524 		14
v -39.528 		-65.7578 		10.7579
v -41.2371 		-40.415 		14
v -41.2809 		-40.3422 		14
v -40 		-38 		14
v -42.3597 		-42.6946 		14
v -42.3246 		-42.2507 		14
v -42.5073 		-42.5848 		14
v -41.3685 		-41.0115 		14.1018
v -41.2969 		-41.0883 		14.1434
v -41.2279 		-41.1551 		14.1819
v -41.1626 		-41.2127 		14.2174
v -41.1004 		-41.2623 		14.25
v -41.0427 		-41.3035 		14.2794
v -40.99 		-41.3366 		14.3053
v -40.9416 		-41.3632 		14.3283
v -40.8972 		-41.3834 		14.3486
v -40.8566 		-41.3978 		14.3663
v -40.8206 		-41.4065 		14.3812
v -40.7307 		-41.0125 		14.3353
v -40.657 		-41.2882 		14.4173
v -40.6572 		-41.2542 		14.4105
v -40.6615 		-41.216 		14.4013
v -40.6709 		-41.1723 		14.3891
v -40.6851 		-41.1247 		14.3744
v -40.7049 		-41.0711 		14.3565
v -41.5119 		-40.8311 		14.0133
v -41.4415 		-40.9248 		14.0578
v -41.1263 		-40.4757 		14.0833
v -40.8506 		-40.8054 		14.25
v -40.907 		-40.7259 		14.2135
v -40.9714 		-40.644 		14.1735
v -41.0447 		-40.56 		14.1299
v -40.7631 		-40.9488 		14.3107
v -40.8026 		-40.8801 		14.2825
v -41.2152 		-40.3946 		14.0345
v -42.3388 		-42.6421 		14.0731
v -42.4562 		-42.5993 		14.0216
v -37.75 		-60.5 		13.013
v -37.266 		-61.367 		12.614
v -37.18 		-60.937 		12.614
v -37.152 		-60.5 		12.614
v -36.644 		-61.008 		12.139
v -36.611 		-60.5 		12.139
v -38.2611 		-54.5 		1.1042
v -36.174 		-61.07 		11.599
v -46.182 		-55.836 		0
v -39.077 		-58.011 		13.304
v -46.454 		-55.654 		0
v -46.0929 		-55.8798 		0.4605
v -46.1142 		-55.8693 		0.5
v -38.826 		-58.318 		13.013
v -46.0655 		-55.8932 		0.4211
v -46.0347 		-55.9084 		0.389
v -46.0009 		-55.925 		0.3643
v -39.2088 		-58.2629 		13.0957
v -39.1456 		-58.2739 		13.0828
v -46 		-55.9254 		0.3639
v -39.0398 		-58.2922 		13.0613
v -38.8387 		-58.3095 		13.013
v -48.586 		-52.13 		11.75
v -48.66 		-51 		11.75
v -41.83 		-44.17 		13.304
v -48.586 		-49.87 		11.75
v -38.8214 		-58.312 		13.008
v -49.239 		-51 		10.87
v -49.16 		-52.206 		10.87
v -41.576 		-45.12 		13.95
v -41.5502 		-45.2161 		14
v -41.528 		-45.2118 		14
v -41.5 		-45.2062 		14
v -42.289 		-45.4671 		14
v -42.33 		-45.376 		13.95
v -42.2918 		-45.468 		14
v -42.2351 		-45.4487 		14
v -49.16 		-49.794 		10.87
v -42.1037 		-65.7548 		10.7364
v -42.1217 		-65.7541 		10.728
v -42.1238 		-65.754 		10.7266
v -41.6911 		-45.264 		14
v -42.1297 		-65.7538 		10.7225
v -42.344 		-45.4938 		14
v -42.1334 		-65.7536 		10.7199
v -42.149 		-65.7532 		10.709
v -39.3981 		-65.7647 		10.7383
v -39.4 		-65.7646 		10.7391
v -49.577 		-52.261 		9.941
v -39.3858 		-65.7655 		10.7325
v -49.659 		-51 		9.941
v -42.706 		-44.467 		13.304
v -40.99 		-53.391 		0.756
v -49.83 		-52.294 		8.979
v -40.67 		-53.5 		0.756
v -49.914 		-52.305 		8
v -40.338 		-53.566 		0.756
v -42.9404 		-45.7878 		14
v -42.8515 		-45.744 		14
v -42.9942 		-45.8143 		14
v -42.9928 		-45.8136 		14
v -42.0911 		-65.7553 		10.742
v -48.924 		-53.391 		10.87
v -42.0914 		-65.7552 		10.7419
v -48.536 		-54.536 		10.87
v -49.33 		-53.5 		9.941
v -48.924 		-54.696 		9.941
v -49.577 		-53.566 		8.979
v -49.16 		-54.794 		8.979
v -40.795 		-44.964 		13.95
v -40.6783 		-45.056 		14
v -40.5 		-45.0443 		14
v -49.659 		-53.588 		8
v -42.965 		-46.1918 		14
v -40.923 		-43.989 		13.304
v -49.239 		-54.827 		8
v -42.9156 		-46.2538 		14
v -42.354 		-65.491 		10.795
v -38.826 		-58.3113 		13.0093
v -41.036 		-43.134 		12.566
v -42.8925 		-46.3009 		14
v -42.895 		-46.3359 		14
v -40 		-58.071 		13.304
v -42.9196 		-46.3612 		14
v -42.9703 		-46.3759 		14
v -42.9942 		-56.1857 		14
v -42.345 		-65.276 		10.556
v -39.4064 		-65.7642 		10.742
v -39.4172 		-65.7636 		10.7453
v -39.4039 		-65.7644 		10.7409
v -39.4262 		-65.763 		10.7483
v -40.782 		-45.0628 		14
v -40.7733 		-45.0622 		14
v -40.7222 		-45.0589 		14
v -41.4915 		-45.2045 		14
v -42.36 		-65.325 		10.63
v -42.386 		-65.377 		10.638
v -42.357 		-65.377 		10.708
v -37.947 		-43.337 		12.566
v -42.409 		-65.432 		10.644
v -42.379 		-65.432 		10.718
v -37.759 		-42.635 		11.75
v -42.43 		-65.49 		10.65
v -39.3762 		-65.766 		10.728
v -37.609 		-42.076 		10.87
v -39.3711 		-65.7663 		10.7246
v -39.3686 		-65.7664 		10.7228
v -42.398 		-65.49 		10.726
v -39.3751 		-65.7661 		10.7273
v -39.5559 		-58.2193 		13.1523
v -39.448 		-58.2329 		13.1347
v -37.5 		-41.67 		9.941
v -39.3173 		-65.77 		10.6803
v -39.3226 		-65.7695 		10.6862
v -39.3132 		-65.7703 		10.6758
v -39.3086 		-65.7706 		10.6702
v -42.375 		-65.325 		10.56
v -42.402 		-65.378 		10.564
v -42.427 		-65.433 		10.567
v -39.4463 		-65.7618 		10.7536
v -39.4491 		-65.7617 		10.7541
v -39.4384 		-65.7623 		10.752
v -39.4584 		-65.7611 		10.7559
v -39.462 		-65.7609 		10.7565
v -39.464 		-65.7608 		10.7568
v -42.448 		-65.491 		10.57
v -39.4366 		-65.7624 		10.7515
v -39.4666 		-65.7606 		10.7573
v -39.4682 		-65.7605 		10.7576
v -39.4659 		-65.7607 		10.7572
v -42.369 		-65.551 		10.804
v -42.381 		-65.612 		10.81
v -39.3566 		-65.7671 		10.7145
v -42.391 		-65.675 		10.814
v -39.3545 		-65.7672 		10.713
v -39.3488 		-65.7675 		10.709
v -39.3494 		-65.7675 		10.7095
v -39.3314 		-65.7689 		10.694
v -39.3337 		-65.7687 		10.6959
v -42.397 		-65.739 		10.816
v -39.3242 		-65.7694 		10.688
v -39.323 		-65.7695 		10.6867
v -42.447 		-65.55 		10.655
v -42.414 		-65.55 		10.733
v -42.46 		-65.612 		10.658
v -42.427 		-65.612 		10.738
v -39.8818 		-58.194 		13.1922
v -39.835 		-58.1976 		13.1865
v -39.3025 		-65.7711 		10.663
v -39.7408 		-58.2049 		13.1749
v -39.2837 		-65.7726 		10.636
v -39.2905 		-65.772 		10.6455
v -39.2951 		-65.7716 		10.6521
v -39.2822 		-65.7727 		10.6328
v -39.2808 		-65.7729 		10.63
v -40 		-58.1904 		13.2019
v -40.1929 		-58.1685 		13.2099
v -40.0301 		-58.187 		13.2031
v -38.83 		-59.219 		13.332
v -39.279 		-65.7731 		10.6264
v -39.012 		-59.012 		13.332
v -39.746 		-65.554 		10.917
v -39.219 		-58.83 		13.332
v -42.471 		-65.675 		10.661
v -42.437 		-65.674 		10.741
v -39.205 		-44.964 		13.95
v -39.671 		-65.557 		10.956
v -40 		-44.912 		13.95
v -39.9402 		-45.0156 		14
v -39.3221 		-45.056 		14
v -40 		-45.0116 		14
v -39.591 		-65.56 		10.981
v -40.296 		-45.031 		14
v -39.077 		-43.989 		13.304
v -40 		-43.929 		13.304
v -39.755 		-65.616 		10.926
v -38.964 		-43.134 		12.566
v -40 		-43.066 		12.566
v -39.679 		-65.618 		10.965
v -39.597 		-65.622 		10.991
v -40.49 		-45.0437 		14
v -40.4459 		-45.0408 		14
v -39.763 		-65.678 		10.931
v -39.686 		-65.681 		10.971
v -38.87 		-42.414 		11.75
v -39.603 		-65.685 		10.998
v -43.536 		-44.876 		13.304
v -39.769 		-65.742 		10.934
v -43.3578 		-45.9375 		13.95
v -39.692 		-65.745 		10.974
v -39.218 		-45.0628 		14
v -39.2156 		-45.0633 		14
v -39.1593 		-45.0744 		14
v -38.318 		-58.826 		13.013
v -38.695 		-45.1672 		14
v -43.7195 		-46.263 		13.9807
v -43.7645 		-46.2213 		13.95
v -43.6879 		-46.2863 		14
v -43.6919 		-46.2898 		14
v -48.365 		-55.83 		9.941
v -43.7026 		-46.2992 		14
v -43.7166 		-46.3115 		14
v -43.7349 		-46.3275 		14
v -47.663 		-56.88 		9.941
v -43.7595 		-46.349 		14
v -38.555 		-58.555 		13.013
v -43.7896 		-46.3754 		14
v -36.381 		-53.186 		0
v -43.8265 		-46.4078 		14
v -43.8687 		-46.4448 		14
v -48.586 		-55.957 		8.979
v -43.9217 		-46.4912 		14
v -43.9986 		-46.5586 		14
v -44 		-46.5598 		14
v -47.866 		-57.036 		8.979
v -48.66 		-56 		8
v -47.934 		-57.088 		8
v -39.609 		-65.748 		11
v -36.304 		-50.01 		1.071
v -43.6877 		-46.2863 		14
v -42.477 		-65.738 		10.662
v -42.444 		-65.738 		10.743
v -43.7871 		-46.0644 		13.8626
v -43.4514 		-45.9368 		13.9154
v -39.532 		-65.787 		10.759
v -39.532 		-65.792 		10.759
v -43.5373 		-45.9441 		13.888
v -43.6164 		-45.9592 		13.8674
v -43.6857 		-45.9837 		13.8554
v -43.7428 		-46.0158 		13.8521
v -43.7828 		-46.0553 		13.8592
v -47.071 		-58.071 		8
v -39.533 		-65.783 		10.759
v -39.53 		-65.77 		10.759
v -43.3625 		-45.9371 		13.9481
v -36.206 		-50.501 		1.071
v -42.465 		-65.551 		10.573
v -49.83 		-52.294 		7.021
v -42.479 		-65.613 		10.574
v -42.489 		-65.676 		10.576
v -36.189 		-53.1737 		1.279
v -36.2 		-53.1744 		1.2754
v -42.496 		-65.739 		10.577
v -36.304 		-51.99 		1.071
v -36.206 		-51.5 		1.071
v -48.365 		-53.241 		4.25
v -36.381 		-53.186 		1.2212
v -36.2302 		-53.1763 		1.2657
v -41.805 		-65.5047 		10.0814
v -41.832 		-65.5021 		10.0736
v -39.532 		-65.775 		10.759
v -39.532 		-65.779 		10.759
v -36.054 		-53.165 		0
v -35.728 		-53.186 		0
v -35.407 		-53.25 		0
v -35.097 		-53.355 		0
v -34.804 		-53.5 		0
v -34.532 		-53.682 		0
v -34.286 		-53.897 		0
v -35 		-51 		1.505
v -35.043 		-50.347 		1.505
v -36.173 		-51 		1.071
v -39.564 		-65.792 		10.752
v -35.5344 		-53.2246 		1.505
v -35.417 		-53.248 		1.5631
v -39.565 		-65.783 		10.752
v -35.381 		-52.913 		1.505
v -35.5351 		-53.2244 		1.5047
v -39.56 		-65.758 		10.752
v -47.663 		-53.053 		3.435
v -39.563 		-65.766 		10.752
v -47.242 		-52.714 		3.024
v -47.3263 		-52.9629 		3.1367
v -47.326 		-52.962 		3.1363
v -39.564 		-65.775 		10.752
v -47.347 		-53.024 		3.1704
v -47.3918 		-53.248 		3.2684
v -47.3849 		-53.2137 		3.2534
v -41.804 		-65.534 		10.074
v -46.124 		-57.124 		4.25
v -41.8026 		-65.5048 		10.0827
v -46.3774 		-55.7052 		3.435
v -46.44 		-55.6634 		3.4673
v -41.75 		-65.5055 		10.1106
v -41.7696 		-65.5052 		10.1003
v -46.0147 		-55.9182 		1.7121
v -46 		-55.9254 		1.7405
v -41.752 		-65.783 		10.478
v -41.7523 		-65.7781 		10.4783
v -41.759 		-65.783 		10.446
v -46.0579 		-55.897 		1.6102
v -46.0947 		-55.8789 		1.5067
v -39.592 		-65.758 		10.742
v -46.1249 		-55.864 		1.4019
v -41.769 		-65.783 		10.415
v -46.1495 		-55.852 		1.2987
v -41.783 		-65.783 		10.386
v -46.1518 		-55.8508 		1.286
v -39.596 		-65.783 		10.742
v -39.595 		-65.77 		10.742
v -46.1677 		-55.843 		1.1974
v -39.625 		-65.783 		10.728
v -41.802 		-65.783 		10.359
v -39.624 		-65.767 		10.728
v -41.823 		-65.783 		10.334
v -43.7972 		-46.1026 		13.877
v -43.7941 		-46.1538 		13.9038
v -39.652 		-65.783 		10.709
v -35.17 		-52.294 		1.505
v -39.651 		-65.763 		10.709
v -41.7523 		-65.7781 		10.478
v -35.043 		-51.653 		1.505
v -41.7593 		-65.7785 		10.446
v -41.7534 		-65.7781 		10.4732
v -41.7594 		-65.7785 		10.4455
v -41.7619 		-65.7785 		10.438
v -41.7608 		-65.7785 		10.4414
v -41.7626 		-65.7785 		10.4357
v -35.728 		-53.186 		1.4343
v -35.9201 		-53.1736 		1.3683
v -43.7923 		-46.1587 		13.9069
v -39.677 		-65.783 		10.688
v -39.675 		-65.76 		10.688
v -43.7754 		-46.2055 		13.9374
v -38.3978 		-58.3978 		12.8647
v -28.5746 		-53.1539 		14.2278
v -35.981 		-53.1697 		1.3474
v -43.5625 		-46.3119 		14
v -36.054 		-53.165 		1.3224
v -43.477 		-46.3269 		14
v -43.368 		-46.3461 		14
v -28.5553 		-53.1784 		14.25
v -28.5555 		-53.1783 		14.2474
v -28.556 		-53.178 		14.2449
v -28.5566 		-53.1774 		14.2425
v -28.5573 		-53.1765 		14.2401
v -28.5582 		-53.1754 		14.238
v -28.5593 		-53.1742 		14.2361
v -28.5605 		-53.1727 		14.2343
v -28.5618 		-53.171 		14.2329
v -28.5632 		-53.1691 		14.2317
v -28.5647 		-53.1672 		14.2309
v -28.5662 		-53.1651 		14.2303
v -28.5678 		-53.163 		14.2301
v -28.5693 		-53.1609 		14.2302
v -28.5708 		-53.1588 		14.2307
v -43.3256 		-46.3535 		14
v -28.5722 		-53.1568 		14.2315
v -28.5736 		-53.1548 		14.2326
v -28.5748 		-53.153 		14.234
v -28.5759 		-53.1513 		14.2357
v -28.5769 		-53.1498 		14.2377
v -28.5777 		-53.1485 		14.2399
v -28.5783 		-53.1474 		14.2422
v -43.706 		-55.83 		13.95
v -43.6454 		-55.751 		14
v -43.6904 		-55.7115 		14
v -28.5788 		-53.1466 		14.2447
v -44 		-55.4402 		14
v -28.579 		-53.1461 		14.2473
v -28.579 		-53.1458 		14.25
v -43.536 		-57.124 		13.304
v -43.967 		-57.871 		12.566
v -38.5309 		-58.3709 		12.9097
v -38.4114 		-58.395 		12.8693
v -34.376 		-53.33 		2.05
v -34.286 		-53.897 		2.2684
v -34.248 		-53.9405 		2.3036
v -34.532 		-53.682 		2.0604
v -34.5452 		-53.6732 		2.05
v -39.633 		-59.371 		13.563
v -39.788 		-59.267 		13.563
v -34.804 		-53.5 		1.8951
v -39.955 		-59.185 		13.563
v -35.097 		-53.355 		1.731
v -35.407 		-53.25 		1.568
v -35.1328 		-53.3429 		1.7121
v -40.132 		-59.125 		13.563
v -39.448 		-58.677 		13.332
v -34.336 		-50.01 		0
v -34.646 		-49.905 		0
v -39.695 		-58.555 		13.332
v -28.5678 		-53.163 		14.2699
v -28.5662 		-53.1651 		14.2697
v -28.5647 		-53.1672 		14.2692
v -39.955 		-58.467 		13.332
v -28.5632 		-53.1691 		14.2683
v -28.5618 		-53.171 		14.2671
v -34.842 		-49.808 		1.6565
v -34.646 		-49.905 		1.7436
v -28.5605 		-53.1727 		14.2657
v -40.225 		-58.413 		13.332
v -28.5593 		-53.1742 		14.264
v -28.5582 		-53.1754 		14.262
v -28.5573 		-53.1765 		14.2599
v -28.5566 		-53.1774 		14.2575
v -34.336 		-50.01 		1.8859
v -28.556 		-53.178 		14.2551
v -28.5555 		-53.1783 		14.2526
v -34.248 		-50.0275 		1.9276
v -34.336 		-45.181 		0
v -36.104 		-46.948 		0
v -35.999 		-46.639 		0
v -35.854 		-46.345 		0
v -36.189 		-47.595 		0
v -36.168 		-47.269 		0
v -40.3302 		-58.1594 		13.21
v -28.579 		-53.1461 		14.2527
v -28.5788 		-53.1466 		14.2553
v -28.5783 		-53.1474 		14.2578
v -28.5777 		-53.1485 		14.2601
v -28.5769 		-53.1498 		14.2623
v -28.5759 		-53.1513 		14.2643
v -28.5748 		-53.153 		14.266
v -28.5736 		-53.1548 		14.2674
v -28.5722 		-53.1568 		14.2685
v -28.5708 		-53.1588 		14.2693
v -28.5693 		-53.1609 		14.2698
v -40.314 		-59.089 		13.563
v -35.999 		-48.552 		0
v -36.104 		-48.242 		0
v -36.168 		-47.922 		0
v -35.854 		-48.845 		0
v -39.267 		-59.788 		13.563
v -38.555 		-59.695 		13.332
v -38.677 		-59.448 		13.332
v -43.672 		-58.3815 		12.1974
v -43.7612 		-58.3953 		12.139
v -43.868 		-58.555 		12.139
v -39.698 		-65.783 		10.663
v -39.697 		-65.757 		10.663
v -41.7693 		-65.7786 		10.415
v -39.717 		-65.783 		10.636
v -39.715 		-65.755 		10.636
v -35.673 		-49.117 		0
v -34.939 		-49.76 		0
v -35.457 		-49.363 		0
v -35.211 		-49.579 		0
v -39.089 		-60.314 		13.563
v -34.2565 		-45.1651 		3.7238
v -34.336 		-45.181 		3.6516
v -39.125 		-60.132 		13.563
v -34.393 		-45.2003 		3.593
v -39.185 		-59.955 		13.563
v -38.413 		-60.225 		13.332
v -38.467 		-59.955 		13.332
v -36.294 		-46.17 		2.05
v -48.9291 		-56.32 		14
v -49.0861 		-55.9088 		14
v -49.2097 		-56.1145 		14
v -49.2343 		-56.1531 		14
v -36.189 		-47.595 		1.5655
v -40.141 		-59.878 		13.703
v -40.225 		-59.837 		13.703
v -39.371 		-59.633 		13.563
v -49.213 		-55.5615 		14
v -39.493 		-59.493 		13.563
v -49.1077 		-55.5137 		14
v -49.0323 		-55.4899 		14
v -41.7696 		-65.7786 		10.4143
v -41.779 		-65.7786 		10.395
v -41.7715 		-65.7786 		10.4105
v -46.1798 		-55.8371 		1.0997
v -49.0095 		-55.765 		14
v -46.187 		-55.8327 		1.007
v -46.182 		-55.836 		1.0722
v -48.9799 		-55.4857 		14
v -48.9483 		-55.5003 		14
v -41.8235 		-65.7777 		10.334
v -41.8084 		-65.778 		10.3519
v -48.9332 		-55.5319 		14
v -41.8271 		-65.7777 		10.3308
v -48.9379 		-55.5848 		14
v -48.9617 		-55.6602 		14
v -46.1896 		-55.8309 		0.9181
v -41.83 		-65.7776 		10.3283
v -41.832 		-65.7776 		10.3267
v -46.1873 		-55.8324 		0.8349
v -34.728 		-44.129 		4.25
v -35.381 		-42.999 		5.13
v -41.7833 		-65.7785 		10.386
v -41.7837 		-65.7785 		10.3854
v -47.6362 		-56.6828 		14
v -41.7865 		-65.7784 		10.3813
v -41.7916 		-65.7783 		10.374
v -41.8022 		-65.7781 		10.359
v -41.807 		-65.778 		10.3536
v -41.8027 		-65.778 		10.3584
v -35.17 		-44.706 		3.435
v -39.731 		-65.783 		10.607
v -39.729 		-65.753 		10.607
v -46.1828 		-55.8355 		0.774
v -46.182 		-55.836 		0.7637
v -46.1815 		-55.8362 		0.7574
v -39.741 		-65.783 		10.576
v -46.1708 		-55.8415 		0.6858
v -46.1567 		-55.8484 		0.6199
v -46.1388 		-55.8572 		0.5602
v -39.748 		-65.783 		10.544
v -46.1179 		-55.8675 		0.5069
v -39.75 		-65.783 		10.511
v -39.6968 		-65.7521 		10.6619
v -39.6992 		-65.7521 		10.6583
v -39.7119 		-65.7518 		10.6396
v -39.7143 		-65.7518 		10.636
v -44.83 		-42.635 		9.941
v -39.7173 		-65.7517 		10.63
v -39.7279 		-65.7516 		10.6086
v -39.7287 		-65.7516 		10.607
v -39.7288 		-65.7516 		10.6069
v -39.7195 		-65.7517 		10.6255
v -44.957 		-42.414 		8.979
v -39.7334 		-65.7516 		10.593
v -39.7356 		-65.7517 		10.5864
v -39.7359 		-65.7517 		10.5855
v -39.739 		-65.7517 		10.576
v -39.7392 		-65.7518 		10.5753
v -39.7393 		-65.7518 		10.5747
v -47.4368 		-56.3989 		14
v -39.7413 		-65.7519 		10.566
v -35.695 		-45.39 		2.697
v -39.7461 		-65.7521 		10.544
v -46.9756 		-56.5897 		14
v -39.7462 		-65.7521 		10.5437
v -39.7462 		-65.7521 		10.5436
v -39.7482 		-65.7528 		10.511
v -39.7476 		-65.7531 		10.502
v -46.9405 		-56.3517 		14
v -34.5469 		-45.2524 		3.435
v -34.646 		-45.286 		3.3573
v -41.804 		-65.596 		10.063
v -34.8576 		-45.39 		3.1706
v -47.2932 		-56.2057 		14
v -34.939 		-45.43 		3.0988
v -47.1902 		-56.0792 		14
v -41.805 		-65.658 		10.055
v -47.1115 		-55.9954 		14
v -47.0506 		-55.9447 		14
v -47.0039 		-55.92 		14
v -46.9692 		-55.9215 		14
v -46.9432 		-55.9451 		14
v -46.9274 		-55.9957 		14
v -46.9203 		-56.0746 		14
v -46.9242 		-56.1896 		14
v -41.807 		-65.721 		10.05
v -41.811 		-65.785 		10.049
v -45 		-42.34 		8
v -39.788 		-60.406 		13.703
v -39.807 		-60.314 		13.703
v -39.837 		-60.225 		13.703
v -39.878 		-60.141 		13.703
v -39.93 		-60.063 		13.703
v -39.992 		-59.992 		13.703
v -40.063 		-59.93 		13.703
v -41.9545 		-65.4682 		10.0556
v -41.9578 		-65.4672 		10.0555
v -41.9589 		-65.4668 		10.0554
v -41.959 		-65.468 		10.055
v -41.9522 		-65.469 		10.0557
v -42.0108 		-65.4464 		10.0633
v -42.0333 		-65.4373 		10.0675
v -42.0346 		-65.4368 		10.0677
v -42.038 		-65.464 		10.058
v -42.0589 		-65.4253 		10.077
v -42.088 		-65.4115 		10.0879
v -41.84 		-65.5014 		10.0712
v -41.8413 		-65.501 		10.0709
v -41.843 		-65.5006 		10.0704
v -41.8813 		-65.4914 		10.0601
v -39.125 		-60.868 		13.563
v -41.882 		-65.531 		10.05
v -39.089 		-60.686 		13.563
v -39.076 		-60.5 		13.563
v -38.413 		-60.775 		13.332
v -38.395 		-60.5 		13.332
v -39.267 		-61.212 		13.563
v -39.185 		-61.045 		13.563
v -38.555 		-61.305 		13.332
v -38.467 		-61.045 		13.332
v -39.878 		-60.859 		13.703
v -39.837 		-60.775 		13.703
v -39.807 		-60.686 		13.703
v -39.788 		-60.594 		13.703
v -39.782 		-60.5 		13.703
v -40.225 		-61.163 		13.703
v -40.141 		-61.122 		13.703
v -40.063 		-61.07 		13.703
v -39.992 		-61.008 		13.703
v -39.93 		-60.937 		13.703
v -46.294 		-55.83 		3.435
v -46.3766 		-55.7058 		3.4347
v -39.371 		-61.367 		13.563
v -41.9008 		-65.4853 		10.0587
v -41.963 		-65.527 		10.039
v -40.314 		-59.807 		13.703
v -40.406 		-59.788 		13.703
v -42.045 		-65.523 		10.042
v -42.2775 		-65.1914 		10.471
v -42.2737 		-65.1858 		10.4841
v -42.2718 		-65.1828 		10.4912
v -42.28 		-65.191 		10.491
v -42.2793 		-65.1949 		10.4629
v -42.291 		-65.2358 		10.3767
v -42.2878 		-65.2189 		10.4113
v -42.286 		-65.2081 		10.4333
v -42.307 		-65.234 		10.429
v -42.2912 		-65.2371 		10.374
v -44.957 		-42.414 		7.021
v -44.83 		-42.635 		6.059
v -47.8051 		-56.9347 		14
v -47.0357 		-56.9312 		14
v -47.112 		-57.3137 		14
v -45.303 		-58.303 		14
v -44.619 		-42.999 		5.13
v -42.5625 		-43.1502 		14
v -42.7912 		-43.104 		14
v -44.619 		-42.999 		10.87
v -42.9526 		-43.399 		14
v -41.965 		-43.0302 		14
v -41.9156 		-43.0922 		14
v -41.8925 		-43.1399 		14
v -41.895 		-43.1749 		14
v -41.9196 		-43.1997 		14
v -41.9703 		-43.2144 		14
v -42.049 		-43.2193 		14
v -42.1642 		-43.2127 		14
v -42.3256 		-43.1919 		14
v -35 		-45.4708 		3.038
v -35.211 		-45.612 		2.8277
v -46.246 		-55.7932 		3.3832
v -46.2462 		-55.793 		3.3833
v -46.182 		-55.836 		3.3662
v -46 		-55.9254 		3.2994
v -46.1578 		-55.8479 		3.3573
v -49.577 		-53.566 		7.021
v -35.3265 		-45.7134 		2.697
v -35.2797 		-45.6723 		2.75
v -49.16 		-54.794 		7.021
v -35.457 		-45.828 		2.5835
v -48.586 		-55.957 		7.021
v -47.866 		-57.036 		7.021
v -44.83 		-44.706 		12.566
v -49.33 		-53.5 		6.059
v -35.673 		-46.073 		2.3681
v -48.924 		-54.696 		6.059
v -48.365 		-55.83 		6.059
v -47.663 		-56.88 		6.059
v -44.925 		-43.3058 		5
v -48.924 		-53.391 		5.13
v -48.536 		-54.536 		5.13
v -44.33 		-43.5 		11.75
v -48.001 		-55.619 		5.13
v -43.967 		-44.129 		12.566
v -47.33 		-56.624 		5.13
v -39.6912 		-65.7522 		10.6685
v -39.6961 		-65.7521 		10.663
v -48.001 		-54.314 		4.25
v -47.5 		-55.33 		4.25
v -45.072 		-43.256 		5
v -46.871 		-56.272 		4.25
v -40.406 		-61.212 		13.703
v -40.314 		-61.193 		13.703
v -44.33 		-43.5 		4.25
v -42.2827 		-65.2013 		10.4485
v -42.315 		-65.232 		10.49
v -44.0891 		-43.7817 		3.846
v -44.197 		-43.687 		3.9952
v -38.118 		-61.875 		13.013
v -42.34 		-65.28 		10.423
v -44.4039 		-43.5493 		4.25
v -44.469 		-43.506 		4.3601
v -44.4037 		-43.5494 		4.2498
v -37.959 		-61.552 		13.013
v -44.354 		-43.5825 		4.1878
v -44.362 		-43.5772 		4.1978
v -44.2377 		-43.6599 		4.0428
v -44.2354 		-43.6614 		4.0401
v -37.6 		-62.174 		12.614
v -35.6842 		-46.0899 		2.3549
v -35.854 		-46.345 		2.1545
v -37.407 		-61.781 		12.614
v -44.707 		-43.3882 		4.711
v -44.762 		-43.361 		4.792
v -37.132 		-62.445 		12.139
v -36.907 		-61.988 		12.139
v -36.743 		-61.507 		12.139
v -44.8174 		-43.3422 		4.8627
v -38.132 		-62.868 		12.614
v -43.951 		-43.903 		3.655
v -44 		-43.86 		3.7228
v -42.1702 		-42.8429 		14
v -42.047 		-42.9495 		14
v -39.5955 		-65.7551 		10.74
v -39.6028 		-65.7548 		10.7368
v -42.2703 		-65.28 		10.2827
v -42.274 		-65.2752 		10.2925
v -42.2787 		-65.2693 		10.3045
v -42.2791 		-65.2688 		10.3056
v -39.6497 		-65.7531 		10.7084
v -39.656 		-65.753 		10.703
v -39.6631 		-65.7528 		10.6969
v -39.6666 		-65.7527 		10.694
v -42.2897 		-65.2475 		10.355
v -42.2914 		-65.2395 		10.3692
v -42.2891 		-65.2486 		10.3524
v -39.6675 		-65.7527 		10.6933
v -39.6737 		-65.7525 		10.688
v -42.2851 		-65.2566 		10.334
v -39.6743 		-65.7525 		10.6873
v -39.6908 		-65.7522 		10.669
v -42.2913 		-65.2379 		10.3724
v -42.2649 		-65.2868 		10.2689
v -42.289 		-65.285 		10.3
v -42.2637 		-65.2882 		10.2662
v -42.32 		-65.282 		10.36
v -42.255 		-65.2983 		10.246
v -42.2578 		-65.2949 		10.2529
v -42.315 		-65.335 		10.287
v -42.339 		-65.388 		10.275
v -42.2107 		-65.3369 		10.1803
v -42.2156 		-65.3334 		10.1854
v -42.2021 		-65.3431 		10.171
v -42.216 		-65.333 		10.1861
v -35.9265 		-46.4921 		2.05
v -35.9272 		-46.4934 		2.0493
v -42.1046 		-65.4037 		10.094
v -42.1049 		-65.4035 		10.0942
v -42.105 		-65.404 		10.094
v -35.999 		-46.639 		1.9705
v -37.844 		-62.538 		12.614
v -37.415 		-62.868 		12.139
v -36.0504 		-46.7903 		1.8964
v -36.104 		-46.948 		1.8191
v -36.099 		-62.323 		11
v -35.899 		-61.733 		11
v -36.1351 		-47.104 		1.7498
v -35.805 		-62.445 		10.355
v -43.3597 		-45.8556 		14
v -45.072 		-48.086 		1.9311
v -45.0562 		-48.0806 		1.9252
v -45.0555 		-48.0804 		1.9249
v -44.9409 		-48.0412 		1.888
v -44.762 		-47.98 		1.8304
v -44.707 		-47.953 		1.8149
v -44.6467 		-47.9233 		1.798
v -43.965 		-47.4503 		1.6716
v -43.951 		-47.438 		1.6704
v -43.9667 		-47.4518 		1.3466
v -43.967 		-47.4521 		1.286
v -43.9949 		-47.4766 		1.6742
v -43.9744 		-47.4586 		1.436
v -44.0282 		-47.5058 		1.6771
v -44 		-47.481 		1.6747
v -36.1429 		-47.1429 		1.7326
v -36.168 		-47.269 		1.6814
v -36.1781 		-47.4265 		1.6254
v -36.1763 		-47.7924 		1.505
v -36.1753 		-47.808 		1.5015
v -44.4374 		-46.1223 		14
v -36.168 		-47.922 		1.4757
v -44.4413 		-46.1213 		14
v -43.903 		-46.2424 		14
v -36.1442 		-48.0412 		1.4532
v -36.1441 		-48.0417 		1.4531
v -36.1268 		-48.128 		1.4407
v -36.1547 		-47.9886 		1.4631
v -36.104 		-48.242 		1.4243
v -36.0018 		-48.5436 		1.3937
v -35.999 		-48.552 		1.3929
v -35.9459 		-48.6594 		1.3872
v -35.9346 		-48.6821 		1.3872
v -35.854 		-48.845 		1.3873
v -35.8439 		-48.8602 		1.3882
v -35.8078 		-48.9144 		1.3913
v -44.0909 		-46.6395 		14
v -44.1895 		-46.7259 		14
v -44.2153 		-46.7485 		14
v -44.354 		-46.9017 		14
v -35.9231 		-49.1463 		1.315
v -44.392 		-46.945 		14
v -35.9265 		-49.152 		1.3129
v -35.888 		-49.087 		1.3364
v -44.2346 		-46.7654 		14
v -35.8434 		-49.0114 		1.3636
v -35.8043 		-48.9454 		1.3874
v -44.0313 		-45.3716 		14
v -35.7963 		-48.9318 		1.3923
v -35.7967 		-48.9325 		1.3921
v -43.6383 		-45.6493 		14
v -35.7963 		-48.9318 		1.3923
v -35.8352 		-48.8732 		1.3261
v -35.8216 		-48.8937 		1.3493
v -35.8215 		-48.8939 		1.3495
v -35.8058 		-48.9175 		1.3761
v -44.392 		-46.945 		14
v -44.477 		-47.042 		14
v -44.7115 		-47.3096 		14
v -44.751 		-47.3546 		14
v -45.303 		-47.697 		14
v -44.707 		-47.3044 		14
v -44.7936 		-47.4184 		14
v -35.8542 		-48.8446 		1.286
v -35.854 		-48.845 		1.2865
v -44.5313 		-47.104 		14
v -44.477 		-54.958 		14
v -44.4402 		-55 		14
v -44.396 		-55.0504 		14
v -44.392 		-55.0549 		14
v -44.354 		-55.0983 		14
v -44.2741 		-55.1895 		14
v -44.2346 		-55.2346 		14
v -44.1645 		-55.296 		14
v -35.867 		-48.8188 		1.2559
v -35.8909 		-48.7705 		1.1825
v -35.9101 		-48.7316 		1.1074
v -35.9239 		-48.7038 		1.032
v -35.9321 		-48.6872 		0.9575
v -43.9924 		-47.4744 		1.5168
v -49.0159 		-51.0601 		14
v -49.1725 		-51.0161 		14
v -48.9676 		-50.6934 		14
v -48.8613 		-50.817 		14
v -48.7923 		-50.9096 		14
v -48.7526 		-50.9778 		14
v -48.737 		-51.0281 		14
v -48.7445 		-51.0627 		14
v -48.7722 		-51.0839 		14
v -48.8243 		-51.0907 		14
v -48.9033 		-51.0836 		14
v -49.1327 		-50.5191 		14
v -47.482 		-48.8886 		14
v -47.4053 		-49.1806 		14
v -47.4483 		-49.2784 		14
v -47.4492 		-49.2805 		14
v -47.4374 		-49.2833 		14
v -46.5625 		-49.4732 		14
v -46.903 		-49.4044 		14
v -47.315 		-48.9783 		14
v -47.3316 		-49.0156 		14
v -47.3507 		-49.0582 		14
v -47.2865 		-48.9136 		14
v -47.3003 		-48.9448 		14
v -47.3744 		-49.1115 		14
v -47.2085 		-48.7391 		14
v -47.2144 		-48.7524 		14
v -47.231 		-48.7892 		14
v -47.2457 		-48.8227 		14
v -47.2595 		-48.8539 		14
v -47.273 		-48.884 		14
v -46.6383 		-48.8104 		14
v -46.944 		-48.5944 		14
v -46.1702 		-49.1659 		14
v -46.047 		-49.2725 		14
v -45.965 		-49.3532 		14
v -45.9703 		-49.5374 		14
v -46.049 		-49.5423 		14
v -46.1642 		-49.5357 		14
v -46.3256 		-49.5149 		14
v -45.9156 		-49.4153 		14
v -45.8925 		-49.4629 		14
v -45.7507 		-49.3525 		14
v -45.895 		-49.4979 		14
v -45.6827 		-49.152 		14
v -45.9196 		-49.5227 		14
v -45.7645 		-49.3931 		14
v -45.7839 		-49.4498 		14
v -45.7909 		-49.4852 		14
v -45.7992 		-49.5267 		14
v -45.8051 		-49.5563 		14
v -45.8101 		-49.5814 		14
v -45.8148 		-49.6048 		14
v -45.8186 		-49.6236 		14
v -45.9151 		-50.107 		14
v -46.3597 		-49.0176 		14
v -42.1038 		-65.4041 		10.0938
v -42.1443 		-65.3808 		10.1204
v -42.1654 		-65.3686 		10.1345
v -42.174 		-65.399 		10.123
v -42.1796 		-65.3588 		10.1485
v -36.721 		-62.682 		11.599
v -39.594 		-65.7552 		10.7407
v -36.469 		-62.17 		11.599
v -42.0955 		-65.408 		10.0906
v -36.285 		-61.629 		11.599
v -36.375 		-62.882 		11
v -44.0555 		-47.5298 		1.6795
v -44.0189 		-47.4976 		1.5849
v -44 		-47.481 		1.5363
v -35.592 		-62.533 		9.674
v -39.219 		-62.17 		13.332
v -39.012 		-61.988 		13.332
v -38.83 		-61.781 		13.332
v -38.677 		-61.552 		13.332
v -38.555 		-62.445 		13.013
v -38.318 		-62.174 		13.013
v -44.0763 		-47.5481 		1.6813
v -44.0819 		-47.553 		1.6818
v -44.0533 		-47.5278 		1.6378
v -39.6037 		-65.7548 		10.7364
v -44.1096 		-47.5773 		1.6842
v -44.0707 		-47.5431 		1.6521
v -39.6217 		-65.7541 		10.728
v -44.0956 		-47.565 		1.6727
v -39.6238 		-65.754 		10.7266
v -39.6297 		-65.7538 		10.7225
v -39.6334 		-65.7536 		10.7199
v -39.649 		-65.7532 		10.709
v -44.1398 		-47.616 		1.6828
v -44.1396 		-47.6156 		1.6828
v -44.1305 		-47.5956 		1.686
v -44.392 		-47.7845 		1.7303
v -44.354 		-47.7591 		1.7216
v -44.2844 		-47.7125 		1.7055
v -44.2837 		-47.712 		1.7054
v -44.2358 		-47.6799 		1.6979
v -44.3434 		-47.752 		1.6154
v -44.2936 		-47.7187 		1.6536
v -44.3905 		-47.7835 		1.5665
v -44.392 		-47.7845 		1.5645
v -39.5284 		-65.7577 		10.7578
v -39.5628 		-65.7563 		10.7509
v -39.5641 		-65.7562 		10.7505
v -43.967 		-47.956 		1.505
v -39.5621 		-65.7563 		10.7511
v -39.5911 		-65.7553 		10.742
v -39.5914 		-65.7552 		10.7419
v -39.592 		-65.7552 		10.7416
v -44.1409 		-47.6185 		1.6824
v -44.197 		-47.654 		1.6918
v -44.1504 		-47.6228 		1.6845
v -44.1736 		-47.6334 		1.6898
v -44.1911 		-47.6488 		1.6895
v -44.2425 		-47.6844 		1.6791
v -44.197 		-47.654 		1.6877
v -44.0815 		-47.5526 		0.8101
v -44.1004 		-47.5692 		0.774
v -44.0486 		-47.5237 		0.8859
v -44.0195 		-47.4982 		0.9694
v -39.5328 		-65.7575 		10.7571
v -39.5584 		-65.7564 		10.7522
v -39.5592 		-65.7564 		10.752
v -39.5392 		-65.7573 		10.7559
v -39.5544 		-65.7566 		10.7529
v -39.5593 		-65.7564 		10.752
v -40.132 		-61.875 		13.563
v -39.955 		-61.815 		13.563
v -39.788 		-61.733 		13.563
v -39.869 		-65.551 		10.804
v -39.812 		-65.552 		10.866
v -39.633 		-61.629 		13.563
v -39.881 		-65.612 		10.81
v -39.493 		-61.507 		13.563
v -39.823 		-65.614 		10.873
v -39.891 		-65.675 		10.814
v -39.832 		-65.676 		10.878
v -39.897 		-65.739 		10.816
v -39.838 		-65.74 		10.88
v -39.695 		-62.445 		13.332
v -39.947 		-65.55 		10.655
v -39.448 		-62.323 		13.332
v -39.914 		-65.55 		10.733
v -39.96 		-65.612 		10.658
v -39.927 		-65.612 		10.738
v -43.9951 		-47.4767 		1.0597
v -38.826 		-62.682 		13.013
v -43.9779 		-47.4616 		1.1549
v -43.9672 		-47.4522 		1.2516
v -40.314 		-61.911 		13.563
v -44.5822 		-47.8916 		1.7799
v -44.469 		-47.836 		1.7481
v -44.4343 		-47.8128 		1.5085
v -44.4732 		-47.8381 		1.445
v -44.469 		-47.836 		1.4512
v -44.5101 		-47.8562 		1.3794
v -44.5414 		-47.8716 		1.3102
v -44.5504 		-47.876 		1.286
v -44.568 		-47.8846 		1.2388
v -44.5892 		-47.8951 		1.1671
v -44.6054 		-47.903 		1.0968
v -44.6168 		-47.9086 		1.0284
v -44.6234 		-47.9119 		0.962
v -44.6253 		-47.9128 		0.8994
v -44.6236 		-47.912 		0.8404
v -44.6177 		-47.9091 		0.7857
v -44.6155 		-47.908 		0.774
v -44.33 		-48.5 		1.505
v -39.971 		-65.675 		10.661
v -39.937 		-65.674 		10.741
v -39.977 		-65.738 		10.662
v -39.944 		-65.738 		10.743
v -39.965 		-65.551 		10.573
v -39.979 		-65.613 		10.574
v -39.989 		-65.676 		10.576
v -39.996 		-65.739 		10.577
v -42.219 		-65.342 		10.182
v -42.2361 		-65.3154 		10.2162
v -42.2537 		-65.2999 		10.243
v -42.272 		-65.338 		10.23
v -39.0864 		-65.3156 		10.4688
v -39.0863 		-65.316 		10.468
v -42.238 		-65.395 		10.164
v -39.0846 		-65.3216 		10.456
v -39.0845 		-65.3218 		10.4557
v -42.293 		-65.391 		10.215
v -39.0845 		-65.3222 		10.4549
v -39.065 		-65.367 		10.453
v -39.0843 		-65.3357 		10.4287
v -39.0842 		-65.355 		10.3914
v -39.0842 		-65.3582 		10.3853
v -39.08 		-65.368 		10.384
v -42.115 		-65.46 		10.075
v -42.188 		-65.456 		10.106
v -39.0859 		-65.3646 		10.374
v -42.254 		-65.452 		10.148
v -39.046 		-65.422 		10.451
v -42.312 		-65.448 		10.202
v -39.062 		-65.423 		10.377
v -39.03 		-65.48 		10.449
v -42.124 		-65.519 		10.06
v -42.2 		-65.515 		10.092
v -42.269 		-65.51 		10.136
v -42.329 		-65.506 		10.191
v -39.0869 		-65.3683 		10.3677
v -48.277 		-54.68 		0.998
v -41.848 		-65.783 		10.313
v -39.0894 		-65.3757 		10.355
v -41.875 		-65.783 		10.295
v -39.0914 		-65.3791 		10.3473
v -39.099 		-65.3924 		10.3174
v -39.1002 		-65.3943 		10.3129
v -39.091 		-65.424 		10.307
v -35.9346 		-48.6821 		0.8868
v -41.904 		-65.783 		10.28
v -35.9324 		-48.6865 		0.8204
v -35.9268 		-48.6978 		0.774
v -41.935 		-65.783 		10.27
v -41.936 		-65.792 		10.27
v -41.936 		-65.775 		10.27
v -35.9252 		-48.7012 		0.7602
v -35.9139 		-48.724 		0.7064
v -35.8989 		-48.7542 		0.66
v -35.8804 		-48.7916 		0.6207
v -35.8594 		-48.8341 		0.589
v -35.854 		-48.845 		0.5833
v -35.8334 		-48.8759 		0.5625
v -35.8041 		-48.92 		0.5423
v -35.7728 		-48.967 		0.5289
v -35.7398 		-49.0166 		0.5224
v -35.7057 		-49.0678 		0.522
v -35.673 		-49.117 		0.5282
v -35.6701 		-49.1203 		0.5284
v -35.6423 		-49.152 		0.5345
v -45.5055 		-48.6544 		14
v -45.529 		-48.7021 		14
v -45.532 		-48.7082 		14
v -45.416 		-48.4729 		14
v -45.3929 		-48.426 		14
v -45.1525 		-47.956 		14
v -45.1857 		-48.0058 		14
v -45.9884 		-51 		14
v -45.9753 		-51.2 		14
v -45.9256 		-50.1593 		14
v -45.9367 		-50.2156 		14
v -45.9372 		-50.218 		14
v -45.9844 		-50.9402 		14
v -45.9411 		-51.7222 		14
v -45.9378 		-51.7733 		14
v -45.9372 		-51.782 		14
v -45.9202 		-51.867 		14
v -36.3683 		-61.0121 		14
v -36.2618 		-61.1645 		14
v -45.7955 		-52.4915 		14
v -45.7839 		-52.5502 		14
v -45.5513 		-53.2351 		14
v -45.5469 		-53.248 		14
v -45.5329 		-53.289 		14
v -45.532 		-53.2918 		14
v -45.2122 		-53.9404 		14
v -45.1864 		-53.9928 		14
v -45.1857 		-53.9942 		14
v -44.7842 		-54.5956 		14
v -44.751 		-54.6454 		14
v -44.707 		-54.6955 		14
v -36.4548 		-60.8744 		14
v -36.5094 		-60.7731 		14
v -36.5387 		-60.6995 		14
v -36.5465 		-60.6476 		14
v -36.5345 		-60.6146 		14
v -36.5039 		-60.5979 		14
v -36.4506 		-60.5985 		14
v -36.3741 		-60.6174 		14
v -36.2657 		-60.6571 		14
v -49.1509 		-56.0872 		14.0408
v -49.0596 		-56.0066 		14.0885
v -44.094 		-48.775 		0.998
v -48.9786 		-55.9274 		14.1337
v -48.9082 		-55.8508 		14.1758
v -49.0696 		-55.307 		14.3424
v -49.1368 		-55.3431 		14.3157
v -49.2091 		-55.3871 		14.2852
v -49.2875 		-55.4404 		14.25
v -49.3706 		-55.5029 		14.2105
v -48.8471 		-55.7786 		14.2144
v -48.7951 		-55.7097 		14.25
v -48.7519 		-55.6456 		14.2821
v -48.7176 		-55.5871 		14.3103
v -48.6899 		-55.5335 		14.3355
v -36.117 		-60.7238 		14
v -36.0418 		-60.7621 		14
v -48.6692 		-55.4844 		14.3576
v -48.6546 		-55.4396 		14.3769
v -48.6458 		-55.3999 		14.3932
v -48.6418 		-55.3639 		14.4071
v -48.6435 		-55.3325 		14.4183
v -48.6493 		-55.3051 		14.4271
v -49.0077 		-55.2779 		14.3654
v -37.5978 		-63.171 		14
v -37.416 		-63.2749 		14
v -48.7169 		-55.2338 		14.4397
v -48.6934 		-55.2454 		14.4402
v -48.7445 		-55.226 		14.437
v -48.7765 		-55.2222 		14.432
v -48.813 		-55.223 		14.4244
v -48.8538 		-55.2283 		14.4143
v -48.9001 		-55.2394 		14.401
v -37.224 		-62.9238 		14
v -48.9512 		-55.2553 		14.385
v -48.6598 		-55.2815 		14.4337
v -48.6745 		-55.2616 		14.438
v -35.0277 		-49.701 		1.5756
v -34.939 		-49.76 		1.6135
v -47.7858 		-56.8762 		14.0252
v -47.5515 		-56.3897 		14.25
v -47.6124 		-56.4928 		14.2001
v -47.6719 		-56.6078 		14.1462
v -47.7299 		-56.736 		14.0877
v -46.9383 		-56.8667 		14.1982
v -35.17 		-49.706 		1.505
v -46.9061 		-56.7427 		14.25
v -46.8828 		-56.6284 		14.2965
v -46.8676 		-56.5253 		14.3372
v -46.8594 		-56.4318 		14.3731
v -46.8571 		-56.3476 		14.4043
v -47.492 		-56.2995 		14.2949
v -35.0572 		-49.6813 		1.563
v -35.0632 		-49.6773 		1.5604
v -47.0256 		-55.9693 		14.5089
v -46.9937 		-55.9806 		14.5112
v -35.0876 		-49.6611 		1.5515
v -47.0601 		-55.965 		14.5036
v -47.0978 		-55.9674 		14.4952
v -47.1378 		-55.9776 		14.4835
v -47.1801 		-55.9955 		14.4685
v -47.2262 		-56.0224 		14.4494
v -47.2743 		-56.0572 		14.4271
v -47.3256 		-56.1023 		14.4003
v -47.3786 		-56.1574 		14.3696
v -47.4345 		-56.2228 		14.3345
v -46.9647 		-56.0003 		14.5098
v -46.8596 		-56.2727 		14.4312
v -46.8676 		-56.2076 		14.4534
v -46.8798 		-56.1497 		14.4721
v -46.8959 		-56.1013 		14.4866
v -46.9154 		-56.0604 		14.4977
v -46.9388 		-56.0267 		14.5053
v -47.3865 		-55.296 		14.683
v -41.5 		-53 		16.7
v -47.0945 		-57.2789 		14.0162
v -47.0318 		-57.1356 		14.0812
v -46.9797 		-56.9976 		14.1421
v -44.9141 		-57.8902 		14.2288
v -44.9394 		-57.9391 		14.2058
v -44.9397 		-57.9397 		14.2055
v -44.7497 		-57.6897 		14.335
v -44.7701 		-57.7047 		14.3254
v -44.7919 		-57.7238 		14.314
v -44.8145 		-57.7473 		14.3009
v -44.8383 		-57.7751 		14.286
v -44.8628 		-57.8078 		14.2691
v -44.8883 		-57.8462 		14.25
v -44.6789 		-57.6653 		14.358
v -44.6669 		-57.6669 		14.3599
v -44.695 		-57.6663 		14.3545
v -44.712 		-57.6707 		14.3495
v -44.73 		-57.6782 		14.3431
v -49.4339 		-51.0078 		14.3847
v -49.3231 		-51.0356 		14.417
v -49.2242 		-51.0555 		14.444
v -49.1372 		-51.067 		14.4656
v -49.0596 		-51.0729 		14.4833
v -48.7859 		-50.9955 		14.5097
v -48.8111 		-51.0202 		14.5137
v -48.7678 		-50.9672 		14.503
v -48.7574 		-50.9351 		14.4933
v -48.7542 		-50.8985 		14.4806
v -48.759 		-50.8582 		14.4649
v -48.773 		-50.8128 		14.4455
v -48.7948 		-50.7634 		14.4231
v -48.8275 		-50.7092 		14.3967
v -48.9932 		-51.0721 		14.4963
v -48.9353 		-51.066 		14.5056
v -48.886 		-51.055 		14.5115
v -48.8449 		-51.0397 		14.5141
v -48.8694 		-50.6496 		14.3665
v -48.9227 		-50.5852 		14.3323
v -48.9885 		-50.5159 		14.2938
v -49.0687 		-50.4399 		14.25
v -49.1642 		-50.3583 		14.2011
v -44.6083 		-47.9045 		0.7355
v -44.5959 		-47.8984 		0.6902
v -44.5801 		-47.8906 		0.6493
v -44.5616 		-47.8815 		0.6138
v -35.0934 		-49.6572 		1.294
v -35.0936 		-49.6571 		1.286
v -35.1329 		-49.631 		1.5348
v -35.1059 		-49.6489 		1.3701
v -35.1656 		-49.6092 		1.5228
v -44.5403 		-47.871 		0.5833
v -44.5164 		-47.8593 		0.5586
v -47.4128 		-53.9682 		1.2558
v -47.411 		-53.997 		1.2859
v -47.4163 		-53.9141 		1.1824
v -44.4903 		-47.8465 		0.5392
v -38.3683 		-63.1847 		14
v -38.4548 		-63.047 		14
v -44.469 		-47.836 		0.5291
v -44.4626 		-47.8317 		0.5254
v -38.5094 		-62.9456 		14
v -38.5387 		-62.872 		14
v -38.5465 		-62.8196 		14
v -38.5345 		-62.7871 		14
v -38.5039 		-62.7704 		14
v -38.4506 		-62.771 		14
v -44.434 		-47.8126 		0.5153
v -38.3741 		-62.7894 		14
v -38.2657 		-62.8297 		14
v -44.4034 		-47.7921 		0.512
v -44.3708 		-47.7703 		0.5147
v -44.392 		-47.7845 		0.5129
v -44.3368 		-47.7476 		0.5242
v -38.2302 		-63.3818 		14
v -44.3016 		-47.724 		0.5417
v -37.9027 		-63.0057 		14
v -44.2648 		-47.6993 		0.5662
v -44.2276 		-47.6745 		0.5984
v -38.117 		-62.8965 		14
v -44.197 		-47.654 		0.6315
v -44.1899 		-47.6477 		0.6389
v -44.1528 		-47.6152 		0.6865
v -44.1161 		-47.583 		0.7439
v -35.1114 		-49.6453 		1.3841
v -35.1181 		-49.6408 		1.4013
v -35.133 		-49.6309 		1.4393
v -39.1118 		-65.408 		10.2856
v -39.1246 		-65.4232 		10.2554
v -35.176 		-49.6023 		1.519
v -35.1564 		-49.6153 		1.4722
v -35.1745 		-49.6033 		1.4978
v -35.176 		-49.6023 		1.499
v -39.1271 		-65.4259 		10.2501
v -34.939 		-49.76 		1.1784
v -35.1755 		-49.6026 		0.9736
v -35.176 		-49.6023 		0.9728
v -35.1377 		-49.6278 		1.0505
v -35.1105 		-49.6459 		1.1314
v -39.047 		-65.481 		10.372
v -35.0952 		-49.656 		1.2132
v -39.077 		-65.481 		10.299
v -37.664 		-61.805 		14.3847
v -36.5354 		-60.9661 		14.1397
v -36.4556 		-61.0332 		14.0971
v -36.3692 		-61.0974 		14.0527
v -36.2804 		-61.1546 		14.0088
v -36.9264 		-60.4181 		14.3923
v -36.9152 		-60.4564 		14.3806
v -36.8994 		-60.4977 		14.3665
v -36.878 		-60.5438 		14.3494
v -36.8506 		-60.5937 		14.3295
v -36.8169 		-60.6472 		14.3064
v -36.7764 		-60.7047 		14.2802
v -36.7278 		-60.7665 		14.25
v -36.6712 		-60.8317 		14.2163
v -36.6073 		-60.8982 		14.1796
v -36.2276 		-60.558 		14.1088
v -36.2999 		-60.4932 		14.1482
v -36.3696 		-60.4369 		14.1849
v -39.129 		-65.428 		10.246
v -36.9259 		-60.3031 		14.4151
v -36.9165 		-60.2826 		14.4158
v -36.932 		-60.3268 		14.4126
v -36.9341 		-60.3537 		14.408
v -36.9323 		-60.3841 		14.4013
v -36.7444 		-60.2406 		14.3613
v -36.7802 		-60.2351 		14.3755
v -36.8125 		-60.2334 		14.3876
v -36.8404 		-60.2362 		14.3973
v -36.8649 		-60.2428 		14.4049
v -36.8854 		-60.2525 		14.4104
v -36.9027 		-60.2661 		14.4141
v -36.4359 		-60.389 		14.2188
v -36.4988 		-60.3477 		14.25
v -36.5575 		-60.3142 		14.2782
v -36.6105 		-60.2873 		14.303
v -36.6594 		-60.2665 		14.325
v -36.704 		-60.2512 		14.3444
v -35.9706 		-49.2264 		1.286
v -47.411 		-53.997 		1.888
v -47.411 		-53.997 		3.5072
v -47.4126 		-53.9726 		3.5
v -35.1868 		-49.5951 		1.515
v -47.3562 		-54.272 		1.5074
v -47.3587 		-54.2592 		1.5014
v -47.3753 		-54.1763 		1.4509
v -47.3906 		-54.0995 		1.392
v -47.4043 		-54.0305 		1.326
v -47.411 		-53.9971 		1.286
v -35.2482 		-49.6008 		1.4901
v -35.5975 		-49.6498 		1.3616
v -35.6865 		-49.6623 		1.3289
v -47.3587 		-54.2595 		0.5222
v -35.2078 		-49.5952 		1.505
v -35.1958 		-49.5923 		1.5112
v -47.3562 		-54.272 		0.5235
v -35.2103 		-49.5955 		1.5041
v -35.1922 		-49.5915 		1.513
v -35.1863 		-49.5954 		1.5079
v -41.967 		-65.783 		10.263
v -41.968 		-65.787 		10.263
v -41.968 		-65.792 		10.263
v -41.968 		-65.775 		10.263
v -39.1306 		-65.4298 		10.2426
v -41.968 		-65.779 		10.263
v -39.12 		-65.481 		10.232
v -42 		-65.783 		10.261
v -47.347 		-54.318 		1.529
v -39.1699 		-65.4643 		10.1839
v -39.1724 		-65.466 		10.1804
v -39.1724 		-65.466 		10.1803
v -39.175 		-65.4678 		10.1768
v -39.1485 		-65.4455 		10.2159
v -39.173 		-65.479 		10.174
v -39.1946 		-65.4783 		10.1576
v -39.2085 		-65.4856 		10.1447
v -47.347 		-54.318 		0.5283
v -47.3976 		-54.064 		3.5172
v -39.2337 		-65.4987 		10.1213
v -39.2342 		-65.4989 		10.1209
v -39.272 		-65.515 		10.0963
v -39.009 		-65.601 		10.446
v -39.005 		-65.664 		10.446
v -47.2785 		-54.5197 		1.6036
v -47.3085 		-54.4314 		1.5797
v -47.3379 		-54.3448 		1.5441
v -39.004 		-65.727 		10.446
v -39.007 		-65.791 		10.446
v -47.242 		-54.627 		1.6136
v -47.2489 		-54.6066 		1.6146
v -39.018 		-65.54 		10.447
v -35.8043 		-49.6754 		1.286
v -35.3052 		-49.4963 		0.7762
v -35.3072 		-49.4945 		0.774
v -35.2595 		-49.5364 		0.8357
v -35.2184 		-49.5725 		0.9023
v -35.211 		-49.579 		0.9171
v -36.1645 		-49.6366 		1.1642
v -36.1579 		-49.6631 		1.1634
v -36.1586 		-49.596 		1.1711
v -36.1341 		-49.529 		1.1877
v -36.1517 		-49.577 		1.1757
v -36.0734 		-49.4034 		1.224
v -36.053 		-49.3656 		1.2357
v -36.0834 		-60.7099 		14.0256
v -36.154 		-60.6307 		14.0673
v -36.157 		-49.664 		1.1636
v -37.4783 		-63.2133 		14.0351
v -37.5883 		-63.1148 		14.0951
v -38.5415 		-63.0002 		14.4666
v -38.5244 		-63.0582 		14.4487
v -38.5005 		-63.1215 		14.4273
v -38.4677 		-63.1913 		14.4014
v -38.4261 		-63.2672 		14.371
v -38.375 		-63.349 		14.3359
v -38.3134 		-63.4365 		14.2959
v -38.5407 		-62.8249 		14.5013
v -38.5265 		-62.7941 		14.5023
v -38.5501 		-62.8613 		14.4975
v -38.5533 		-62.9022 		14.4905
v -38.5506 		-62.9486 		14.4802
v -38.2646 		-62.7302 		14.4193
v -38.3191 		-62.7219 		14.4409
v -38.3683 		-62.7192 		14.4594
v -38.4107 		-62.7235 		14.4741
v -38.4478 		-62.7331 		14.4857
v -38.4791 		-62.7483 		14.4941
v -38.5055 		-62.769 		14.4996
v -38.2394 		-63.5306 		14.25
v -37.6944 		-63.029 		14.151
v -37.795 		-62.9557 		14.2025
v -37.8909 		-62.8933 		14.25
v -37.9799 		-62.8418 		14.2929
v -38.0609 		-62.8012 		14.3306
v -38.1353 		-62.7696 		14.3641
v -38.2032 		-62.7463 		14.3936
v -40 		-54.5 		16.7
v -46.533 		-44.467 		10.87
v -46.83 		-44.17 		9.941
v -47.011 		-43.989 		8.979
v -47.071 		-43.929 		8
v -46.294 		-46.17 		12.566
v -46.871 		-45.728 		11.75
v -46.44 		-44.4989 		5
v -47.011 		-43.989 		7.021
v -46.83 		-44.17 		6.059
v -46.533 		-44.467 		5.13
v -47.3459 		-54.3212 		0.5284
v -47.3253 		-54.3818 		0.5375
v -47.3045 		-54.4432 		0.5528
v -47.2832 		-54.5058 		0.5752
v -47.262 		-54.5683 		0.6037
v -46.4726 		-44.5274 		5
v -46.4726 		-44.5274 		5
v -47.242 		-54.627 		0.6365
v -46.5829 		-44.6533 		5
v -46.936 		-45.056 		5
v -47.2622 		-45.428 		5
v -46.366 		-43.256 		5
v -46.675 		-43.361 		5
v -46.969 		-43.506 		5
v -47.241 		-43.687 		5
v -47.097 		-54.921 		1.5293
v -47.1051 		-54.9046 		1.5452
v -47.1362 		-54.8414 		1.5833
v -47.1719 		-54.7692 		1.6072
v -47.211 		-54.6898 		1.6164
v -47.1537 		-54.806 		0.774
v -47.1525 		-54.8085 		0.7763
v -47.1258 		-54.8627 		0.8358
v -47.1014 		-54.9121 		0.9022
v -47.097 		-54.921 		0.9171
v -46.533 		-48.294 		2.697
v -47.2403 		-54.6305 		0.6383
v -47.2102 		-54.6914 		0.6769
v -47.1808 		-54.7512 		0.723
v -39.252 		-65.783 		10.478
v -42.065 		-65.783 		10.27
v -39.2523 		-65.7781 		10.4783
v -42.064 		-65.792 		10.27
v -39.259 		-65.783 		10.446
v -42.064 		-65.775 		10.27
v -42.032 		-65.787 		10.263
v -42.032 		-65.792 		10.263
v -42.033 		-65.783 		10.263
v -39.269 		-65.783 		10.415
v -42.03 		-65.77 		10.263
v -42.032 		-65.775 		10.263
v -42.032 		-65.779 		10.263
v -41.8483 		-65.7771 		10.313
v -41.8475 		-65.7771 		10.3137
v -41.8676 		-65.7765 		10.3002
v -41.8589 		-65.7768 		10.306
v -39.2523 		-65.7781 		10.478
v -39.2593 		-65.7785 		10.446
v -39.2534 		-65.7781 		10.4732
v -39.2594 		-65.7785 		10.4455
v -39.2619 		-65.7785 		10.438
v -39.2608 		-65.7785 		10.4414
v -41.9476 		-65.7735 		10.2675
v -41.9391 		-65.7738 		10.2694
v -35.9338 		-49.6898 		1.2389
v -36.0441 		-49.6954 		1.1995
v -36.1037 		-49.6913 		1.1791
v -36.1392 		-49.6809 		1.1678
v -39.2626 		-65.7785 		10.4357
v -39.2693 		-65.7786 		10.415
v -39.2696 		-65.7786 		10.4143
v -39.272 		-65.7786 		10.4094
v -39.2715 		-65.7786 		10.4105
v -35.6281 		-49.1681 		0.5376
v -35.5853 		-49.2169 		0.5528
v -39.036 		-65.541 		10.367
v -35.5415 		-49.2668 		0.5752
v -39.067 		-65.541 		10.292
v -35.498 		-49.3163 		0.6037
v -35.457 		-49.363 		0.6366
v -39.028 		-65.602 		10.364
v -35.4543 		-49.3654 		0.6383
v -39.06 		-65.602 		10.286
v -35.4034 		-49.4101 		0.677
v -47.0184 		-55.0385 		1.286
v -47.0182 		-55.0388 		1.2941
v -47.0267 		-55.026 		1.3699
v -47.0451 		-54.9986 		1.4391
v -46.83 		-49.17 		2.697
v -39.024 		-65.665 		10.362
v -39.056 		-65.665 		10.283
v -39.023 		-65.728 		10.361
v -46.44 		-48.0606 		2.7139
v -46.4212 		-48.0671 		2.697
v -46.366 		-48.086 		2.6589
v -39.056 		-65.728 		10.281
v -46.6113 		-48.0018 		2.868
v -39.026 		-65.792 		10.361
v -46.675 		-47.98 		2.9252
v -39.059 		-65.792 		10.28
v -41.8754 		-65.7762 		10.295
v -41.8759 		-65.7762 		10.2947
v -41.896 		-65.7754 		10.2844
v -41.8922 		-65.7756 		10.2864
v -41.9046 		-65.7751 		10.28
v -47.241 		-47.654 		3.4994
v -41.9048 		-65.7751 		10.2799
v -41.9057 		-65.775 		10.2797
v -41.9306 		-65.7741 		10.2718
v -41.9058 		-65.775 		10.2796
v -47.193 		-47.6861 		3.435
v -47.1929 		-47.6862 		3.4349
v -41.9361 		-65.7739 		10.27
v -41.9361 		-65.7739 		10.27
v -46.969 		-47.836 		3.2059
v -46.602 		-48.115 		1.99
v -46.642 		-48.022 		1.962
v -46.675 		-47.98 		1.9224
v -46.6566 		-47.9863 		1.9454
v -46.6556 		-47.9867 		1.9467
v -46.6556 		-47.9867 		1.9467
v -46.6952 		-47.9701 		1.8973
v -46.751 		-47.9428 		1.8083
v -39.111 		-65.54 		10.222
v -46.7563 		-47.9402 		1.798
v -41.8324 		-65.7775 		10.3263
v -39.166 		-65.539 		10.162
v -46.6339 		-47.9941 		1.8956
v -46.5926 		-48.0083 		1.798
v -46.2051 		-48.1176 		0.8478
v -46.2055 		-48.1175 		0.8471
v -46.2396 		-48.1108 		0.774
v -46.2215 		-48.1144 		0.8903
v -46.2686 		-48.1051 		1.0121
v -46.3322 		-48.0926 		1.1761
v -46.3191 		-48.0952 		1.1415
v -46.2927 		-48.1004 		1.073
v -35.3531 		-49.4542 		0.7229
v -39.231 		-65.537 		10.112
v -39.105 		-65.602 		10.215
v -39.162 		-65.6 		10.153
v -39.229 		-65.598 		10.102
v -39.103 		-65.664 		10.21
v -47.0722 		-54.9581 		1.498
v -46.4177 		-48.0683 		1.3853
v -46.4162 		-48.0688 		1.3819
v -46.3561 		-48.0879 		1.238
v -47.0731 		-54.9567 		0.9736
v -46.44 		-48.0606 		1.4385
v -46.4362 		-48.0619 		1.4295
v -47.0485 		-54.9934 		1.0505
v -47.03 		-55.0212 		1.1313
v -47.0198 		-55.0363 		1.2131
v -46.3782 		-48.0818 		1.292
v -46.366 		-48.086 		1.2634
v -46.4146 		-48.0693 		1.3781
v -30.189 		-54.5 		18.049
v -30.572 		-54.5 		17.125
v -30.572 		-51.5 		17.125
v -30.189 		-51.5 		18.049
v -46.952 		-55.1377 		1.286
v -46.382 		-48.0805 		1.3009
v -46.3045 		-48.0981 		1.1028
v -46.3986 		-48.0748 		1.3397
v -46.8008 		-47.9184 		1.7121
v -46.8449 		-47.8968 		1.6103
v -46.8816 		-47.8788 		1.5068
v -46.9119 		-47.864 		1.4019
v -47.4269 		-53.7499 		3.435
v -47.097 		-54.921 		3.6401
v -47.1554 		-54.8027 		3.6401
v -47.0118 		-55.0483 		3.6175
v -47.0139 		-55.0452 		3.618
v -47.347 		-54.318 		3.5924
v -47.242 		-54.627 		3.6401
v -46.915 		-55.193 		3.6174
v -46.7 		-55.438 		3.5696
v -46.454 		-55.654 		3.4746
v -39.161 		-65.663 		10.147
v -39.229 		-65.661 		10.094
v -46.9358 		-47.8522 		1.2986
v -46.9382 		-47.8511 		1.286
v -46.455 		-48.0555 		1.4744
v -46.4583 		-48.0543 		1.4819
v -46.4731 		-48.0492 		1.516
v -46.4967 		-48.0412 		1.5717
v -46.4956 		-48.0416 		1.5689
v -46.4996 		-48.0402 		1.5784
v -46.5858 		-48.0106 		1.782
v -41.96 		-65.7729 		10.2648
v -41.9608 		-65.7729 		10.2646
v -41.9665 		-65.7726 		10.2635
v -46.4752 		-48.0485 		1.5207
v -41.969 		-65.7725 		10.263
v -46.577 		-48.0136 		1.7609
v -41.9691 		-65.7725 		10.263
v -41.9693 		-65.7725 		10.263
v -41.9752 		-65.7722 		10.2627
v -41.9854 		-65.7717 		10.2621
v -41.9807 		-65.772 		10.2624
v -41.9876 		-65.7716 		10.262
v -41.991 		-65.7715 		10.2619
v -46.5212 		-48.0328 		1.6294
v -40.388 		-51.551 		20
v -46.5501 		-48.0228 		1.6968
v -46.952 		-47.8443 		1.2117
v -46.9547 		-47.843 		1.1974
v -46.9668 		-47.8371 		1.0997
v -46.974 		-47.8327 		1.007
v -46.969 		-47.836 		1.0722
v -46.9766 		-47.8309 		0.9181
v -46.9743 		-47.8324 		0.8349
v -46.9693 		-47.8358 		0.774
v -41.9911 		-65.7715 		10.2619
v -41.997 		-65.7711 		10.2617
v -41.9986 		-65.7711 		10.2617
v -42.0015 		-65.7709 		10.2617
v -42.0031 		-65.7708 		10.2618
v -42.0097 		-65.7704 		10.262
v -42.0169 		-65.77 		10.2623
v -46.4148 		-48.0693 		0.5067
v -46.44 		-48.0606 		0.4799
v -42.024 		-65.7696 		10.2627
v -46.366 		-48.086 		0.57
v -42.0234 		-65.7696 		10.2627
v -46.3585 		-48.0875 		0.5789
v -42.0632 		-65.7676 		10.27
v -46.3002 		-48.0989 		0.6642
v -46.2433 		-48.1101 		0.7659
v -42.0759 		-65.767 		10.2743
v -46.969 		-47.836 		0.7704
v -46.9679 		-47.8365 		0.7574
v -42.0599 		-65.7678 		10.2693
v -42.0311 		-65.7692 		10.2633
v -42.0323 		-65.7691 		10.2635
v -46.9578 		-47.8415 		0.6858
v -42.0297 		-65.7692 		10.263
v -42.0295 		-65.7693 		10.263
v -46.9437 		-47.8484 		0.6199
v -42.0542 		-65.768 		10.2681
v -42.0563 		-65.7679 		10.2685
v -42.0426 		-65.7686 		10.2656
v -46.9258 		-47.8572 		0.5602
v -42.0339 		-65.769 		10.2639
v -47.411 		-53.344 		3.3104
v -47.432 		-53.671 		3.4174
v -42.0586 		-65.7678 		10.269
v -46.9043 		-47.8677 		0.507
v -46.8799 		-47.8797 		0.4604
v -46.8525 		-47.8931 		0.421
v -46.8217 		-47.9082 		0.3889
v -46.7878 		-47.9247 		0.3642
v -39.7212 		-53.0991 		21.1687
v -39.811 		-53.0618 		20.952
v -40.497 		-53.7474 		20.952
v -40.4207 		-53.9761 		21.4719
v -39.428 		-53.2192 		21.876
v -41.6441 		-53.5275 		21.5932
v -41.379 		-53.3907 		20.952
v -46.7512 		-47.9427 		0.3477
v -46.7121 		-47.9618 		0.3405
v -41.7556 		-53.5851 		21.8629
v -39.103 		-65.728 		10.207
v -39.161 		-65.726 		10.143
v -39.23 		-65.724 		10.09
v -39.106 		-65.791 		10.207
v -39.165 		-65.79 		10.143
v -39.234 		-65.788 		10.089
v -39.3042 		-65.5287 		10.0754
v -39.3182 		-65.5335 		10.0696
v -39.304 		-65.534 		10.074
v -39.3 		-65.5269 		10.0781
v -39.3259 		-65.536 		10.0667
v -39.2909 		-65.523 		10.084
v -46.6698 		-47.9818 		0.3417
v -46.675 		-47.98 		0.3418
v -46.6234 		-47.9977 		0.3515
v -46.5737 		-48.0147 		0.3722
v -46.5224 		-48.0324 		0.4041
v -46.4692 		-48.0506 		0.4489
v -46.359 		-48.448 		1.803
v -39.9473 		-65.4922 		10.4623
v -39.9466 		-65.485 		10.4769
v -46.396 		-48.424 		1.874
v -39.9461 		-65.4795 		10.488
v -39.9475 		-65.4937 		10.4594
v -46.436 		-48.387 		1.93
v -46.477 		-48.336 		1.97
v -39.951 		-65.493 		10.488
v -46.519 		-48.273 		1.994
v -46.561 		-48.199 		2
v -39.9476 		-65.4967 		10.4533
v -39.9417 		-65.5354 		10.374
v -39.9421 		-65.5344 		10.3762
v -39.948 		-65.52 		10.4062
v -46.204 		-48.143 		0.884
v -46.206 		-48.224 		1.015
v -46.214 		-48.295 		1.145
v -39.948 		-65.5095 		10.4273
v -46.226 		-48.354 		1.273
v -46.244 		-48.4 		1.396
v -46.267 		-48.433 		1.513
v -46.294 		-48.453 		1.621
v -46.325 		-48.457 		1.718
v -39.9415 		-65.536 		10.3728
v -39.283 		-65.783 		10.386
v -39.302 		-65.783 		10.359
v -39.323 		-65.783 		10.334
v -41.3156 		-54.7524 		21.2704
v -41.138 		-54.93 		21.876
v -39.5666 		-54.5 		21.5416
v -39.348 		-65.783 		10.313
v -40.1927 		-55.8751 		20.5869
v -41.5746 		-54.5 		21.425
v -39.375 		-65.783 		10.295
v -40.574 		-54.386 		20
v -40.388 		-54.449 		20
v -40.913 		-54.19 		20
v -40.75 		-54.299 		20
v -40.2244 		-55.8434 		20.4466
v -40.2348 		-55.8331 		20.4007
v -40.2622 		-55.8058 		20.2802
v -39.6656 		-51.5 		21.3029
v -39.811 		-51.56 		20.952
v -41.761 		-51.5 		21.876
v -41.761 		-54.5 		21.876
v -41.9544 		-53.4792 		21.7959
v -42.3662 		-53.2477 		21.6253
v -42.302 		-53.425 		22.023
v -41.7772 		-53.5787 		21.8693
v -42.3761 		-54.3517 		21.6212
v -42.491 		-54.5 		21.5736
v -42.7838 		-54.5 		21.4523
v -41.487 		-52.804 		20
v -41.19 		-52.087 		20
v -41.299 		-52.25 		20
v -41.386 		-52.426 		20
v -41.449 		-52.612 		20
v -41.5853 		-53.2748 		20.8665
v -44.826 		-61.07 		11.599
v -44.863 		-60.5 		11.599
v -44.826 		-59.93 		11.599
v -45.263 		-60.5 		11
v -45.222 		-61.122 		11
v -45.538 		-61.163 		10.355
v -44.715 		-61.629 		11.599
v -45.101 		-61.733 		11
v -44.901 		-62.323 		11
v -45.408 		-61.815 		10.355
v -45.195 		-62.445 		10.355
v -44.901 		-63.041 		10.355
v -45.632 		-61.875 		9.674
v -45.408 		-62.533 		9.674
v -45.101 		-63.156 		9.674
v -45.767 		-61.911 		8.968
v -45.538 		-62.587 		8.968
v -45.222 		-63.226 		8.968
v -45.581 		-62.605 		8.25
v -45.263 		-63.25 		8.25
v -44.715 		-63.734 		9.674
v -44.826 		-63.82 		8.968
v -44.9866 		-63.6339 		8.4972
v -44.9891 		-63.621 		8.5754
v -42.0773 		-65.7669 		10.2748
v -42.088 		-65.7663 		10.2781
v -45.538 		-62.587 		7.532
v -44.531 		-62.17 		11.599
v -44.625 		-62.882 		11
v -44.531 		-63.593 		10.355
v -44.389 		-60.5 		12.139
v -44.356 		-61.008 		12.139
v -36.393 		-49.808 		0.998
v -41.201 		-62.058 		14.25
v -41.884 		-65.592 		10.037
v -41.967 		-65.589 		10.026
v -42.051 		-65.584 		10.03
v -41.886 		-65.655 		10.029
v -41.971 		-65.651 		10.018
v -42.057 		-65.647 		10.021
v -47.011 		-58.011 		7.021
v -46.497 		-57.79 		1.057
v -39.404 		-65.783 		10.28
v -39.435 		-65.783 		10.27
v -39.436 		-65.792 		10.27
v -39.436 		-65.775 		10.27
v -41.89 		-65.718 		10.024
v -41.976 		-65.714 		10.013
v -39.467 		-65.783 		10.263
v -39.468 		-65.787 		10.263
v -42.062 		-65.71 		10.016
v -41.894 		-65.782 		10.023
v -41.981 		-65.778 		10.011
v -42.067 		-65.773 		10.015
v -42.248 		-65.783 		10.478
v -42.241 		-65.783 		10.446
v -42.231 		-65.783 		10.415
v -42.217 		-65.783 		10.386
v -39.468 		-65.792 		10.263
v -39.468 		-65.775 		10.263
v -39.468 		-65.779 		10.263
v -42.152 		-65.783 		10.313
v -42.152 		-65.7625 		10.3139
v -42.1513 		-65.7626 		10.3133
v -42.151 		-65.763 		10.313
v -42.1509 		-65.7626 		10.313
v -42.1463 		-65.7629 		10.31
v -42.125 		-65.783 		10.295
v -39.5 		-65.783 		10.261
v -42.1235 		-65.7641 		10.295
v -42.124 		-65.767 		10.295
v -42.127 		-65.7639 		10.2973
v -42.1232 		-65.7641 		10.2948
v -42.096 		-65.783 		10.28
v -42.1161 		-65.7645 		10.2912
v -42.1009 		-65.7655 		10.2834
v -42.095 		-65.77 		10.28
v -42.094 		-65.7659 		10.28
v -42.198 		-65.783 		10.359
v -42.177 		-65.783 		10.334
v -34.071 		-54.143 		0
v -33.889 		-54.415 		0
v -33.912 		-51 		2.05
v -42.1522 		-65.7625 		10.3141
v -34.12 		-52.576 		2.05
v -33.964 		-51.795 		2.05
v -42.21 		-65.7581 		10.3783
v -42.2071 		-65.7583 		10.374
v -33.8526 		-54.4885 		2.697
v -33.8469 		-54.5 		2.7057
v -42.1971 		-65.7591 		10.359
v -42.1953 		-65.7592 		10.3569
v -42.1929 		-65.7594 		10.3542
v -42.1751 		-65.7608 		10.334
v -42.1836 		-65.7601 		10.3437
v -42.1589 		-65.762 		10.32
v -42.1742 		-65.7608 		10.3332
v -39.3483 		-65.7771 		10.313
v -39.3475 		-65.7771 		10.3137
v -39.3676 		-65.7765 		10.3002
v -39.3589 		-65.7768 		10.306
v -39.4476 		-65.7735 		10.2675
v -39.4391 		-65.7738 		10.2694
v -42.216 		-65.7575 		10.3877
v -42.2152 		-65.7576 		10.386
v -42.2133 		-65.7578 		10.3833
v -42.2418 		-65.7546 		10.4577
v -42.2392 		-65.755 		10.446
v -42.238 		-65.7552 		10.442
v -42.2367 		-65.7553 		10.438
v -42.2297 		-65.7561 		10.4165
v -42.2292 		-65.7562 		10.415
v -42.2277 		-65.7563 		10.4118
v -39.3754 		-65.7762 		10.295
v -39.3759 		-65.7762 		10.2947
v -39.4 		-65.7752 		10.2824
v -39.3922 		-65.7756 		10.2864
v -39.4046 		-65.7751 		10.28
v -42.2476 		-65.7531 		10.5006
v -42.2462 		-65.7538 		10.478
v -42.2454 		-65.754 		10.4741
v -39.4048 		-65.7751 		10.2799
v -39.4057 		-65.775 		10.2797
v -39.4306 		-65.7741 		10.2718
v -39.4058 		-65.775 		10.2796
v -39.4361 		-65.7739 		10.27
v -39.4361 		-65.7739 		10.27
v -39.279 		-65.7786 		10.395
v -39.3235 		-65.7777 		10.334
v -39.3084 		-65.778 		10.3519
v -39.3271 		-65.7777 		10.3308
v -39.33 		-65.7776 		10.3283
v -39.3324 		-65.7775 		10.3263
v -39.336 		-65.7774 		10.3233
v -42.133 		-65.58 		10.048
v -42.211 		-65.575 		10.081
v -39.2833 		-65.7785 		10.386
v -42.281 		-65.571 		10.126
v -39.2837 		-65.7785 		10.3854
v -39.2865 		-65.7784 		10.3813
v -39.2916 		-65.7783 		10.374
v -39.3022 		-65.7781 		10.359
v -42.343 		-65.566 		10.183
v -39.307 		-65.778 		10.3536
v -39.3027 		-65.778 		10.3584
v -42.14 		-65.642 		10.04
v -42.22 		-65.637 		10.073
v -42.292 		-65.633 		10.119
v -44.279 		-62.682 		11.599
v -42.147 		-65.705 		10.035
v -42.227 		-65.701 		10.069
v -42.3 		-65.696 		10.115
v -44.257 		-61.507 		12.139
v -44.093 		-61.988 		12.139
v -39.4608 		-65.7729 		10.2646
v -39.4597 		-65.7729 		10.2649
v -39.464 		-65.7728 		10.264
v -39.4665 		-65.7726 		10.2635
v -39.469 		-65.7725 		10.263
v -39.4691 		-65.7725 		10.263
v -39.4693 		-65.7725 		10.263
v -39.4752 		-65.7722 		10.2627
v -44.279 		-63.4 		11
v -39.4854 		-65.7717 		10.2621
v -39.4807 		-65.772 		10.2624
v -39.4876 		-65.7716 		10.262
v -42.152 		-65.769 		10.034
v -39.491 		-65.7715 		10.2619
v -42.233 		-65.764 		10.068
v -43.156 		-61.212 		13.013
v -42.306 		-65.76 		10.114
v -42.445 		-65.195 		10.355
v -43.82 		-60.937 		12.614
v -43.734 		-61.367 		12.614
v -43.593 		-61.781 		12.614
v -43.4 		-62.174 		12.614
v -43.868 		-62.445 		12.139
v -43.585 		-62.868 		12.139
v -33.853 		-54.4877 		2.6965
v -33.889 		-54.415 		2.6541
v -33.9867 		-54.269 		2.5538
v -34.071 		-54.143 		2.4672
v -34.152 		-54.0503 		2.3923
v -32.732 		-49.905 		0
v -33.042 		-50.01 		0
v -33.042 		-45.181 		0
v -32.732 		-45.286 		0
v -34.015 		-45.117 		0
v -33.689 		-45.095 		0
v -33.363 		-45.117 		0
v -42.348 		-65.278 		10.49
v -42.369 		-65.329 		10.418
v -42.378 		-65.327 		10.489
v -42.396 		-65.382 		10.414
v -42.406 		-65.38 		10.489
v -42.42 		-65.437 		10.41
v -33.689 		-50.095 		0
v -42.43 		-65.435 		10.488
v -34.015 		-50.074 		0
v -42.441 		-65.495 		10.407
v -33.363 		-50.074 		0
v -42.451 		-65.493 		10.488
v -43.962 		-63.156 		11.599
v -43.5342 		-61.5375 		14
v -43.1114 		-62.3106 		14
v -42.9756 		-61.5897 		14
v -43.0357 		-61.9312 		14
v -43.4368 		-61.3989 		14
v -43.506 		-61.4577 		14.0262
v -43.0899 		-62.261 		14.0178
v -43.0132 		-62.0596 		14.0861
v -42.9491 		-61.8687 		14.1477
v -42.8974 		-61.6913 		14.2021
v -42.348 		-65.332 		10.35
v -42.374 		-65.385 		10.342
v -45.984 		-61.763 		17.79
v -43.212 		-62.575 		16.978
v -43.066 		-62.978 		17.881
v -42.36 		-65.444 		10.264
v -42.396 		-65.44 		10.334
v -42.379 		-65.502 		10.256
v -42.416 		-65.499 		10.329
v -42.458 		-65.556 		10.405
v -45.837 		-62.167 		18.693
v -44.356 		-59.992 		12.139
v -47.89 		-54.442 		14.25
v -44.093 		-59.012 		12.139
v -44.257 		-59.493 		12.139
v -43.156 		-59.788 		13.013
v -43.226 		-60.141 		13.013
v -43.25 		-60.5 		13.013
v -43.226 		-60.859 		13.013
v -33.964 		-50.205 		2.05
v -42.469 		-65.553 		10.488
v -42.472 		-65.617 		10.403
v -42.483 		-65.615 		10.489
v -42.482 		-65.68 		10.403
v -42.493 		-65.678 		10.489
v -42.489 		-65.744 		10.403
v -42.5 		-65.741 		10.49
v -42.394 		-65.562 		10.25
v -42.433 		-65.559 		10.324
v -42.446 		-65.621 		10.321
v -42.456 		-65.683 		10.32
v -42.463 		-65.747 		10.32
v -42.355 		-65.628 		10.177
v -42.407 		-65.624 		10.245
v -42.364 		-65.691 		10.174
v -42.416 		-65.687 		10.243
v -42.37 		-65.755 		10.173
v -42.423 		-65.751 		10.243
v -42.323 		-64.901 		5.5
v -42.3271 		-64.9108 		5.5216
v -42.1582 		-64.9569 		5.5
v -42.2591 		-64.9294 		5.513
v -42.17 		-64.531 		4.902
v -41.988 		-64.093 		4.361
v -33.689 		-50.095 		2.242
v -33.6535 		-50.0927 		2.2653
v -34.0948 		-50.0581 		2
v -34.015 		-50.074 		2.0378
v -33.9898 		-50.0756 		2.05
v -33.9904 		-50.0756 		2.0498
v -47.284 		-49.79 		1.057
v -43.4 		-58.826 		12.614
v -43.593 		-59.219 		12.614
v -34.152 		-50.0467 		1.973
v -43.734 		-59.633 		12.614
v -43.82 		-60.063 		12.614
v -42.882 		-64.625 		5.5
v -42.9169 		-64.6856 		5.6418
v -42.3529 		-64.901 		5.5269
v -42.551 		-64.8254 		5.5673
v -42.8518 		-64.7104 		5.6284
v -42.682 		-64.279 		4.902
v -43.848 		-60.5 		12.614
v -33.5992 		-50.0892 		1.4957
v -33.5645 		-50.087 		1.5279
v -33.6319 		-50.0913 		1.4575
v -43.2932 		-61.2057 		14
v -43.1902 		-61.0792 		14
v -33.6608 		-50.0932 		1.4135
v -43.1115 		-60.9954 		14
v -43.0506 		-60.9447 		14
v -33.6867 		-50.0949 		1.3668
v -42.9432 		-60.9451 		14
v -42.9274 		-60.9957 		14
v -33.689 		-50.095 		1.3618
v -42.9203 		-61.0746 		14
v -33.7098 		-50.0937 		1.3185
v -42.9242 		-61.1896 		14
v -42.9405 		-61.3517 		14
v -43.0039 		-60.92 		14
v -42.9692 		-60.9215 		14
v -43.293 		-59.539 		14
v -33.7226 		-50.0928 		1.286
v -33.3195 		-50.0653 		1.3164
v -33.32 		-50.0654 		1.286
v -33.3261 		-50.0666 		1.383
v -33.34 		-50.0694 		1.4419
v -33.3608 		-50.0736 		1.4906
v -33.3876 		-50.0756 		1.5284
v -33.363 		-50.074 		1.4935
v -33.4184 		-50.0776 		1.5538
v -33.4537 		-50.0799 		1.5655
v -33.4902 		-50.0822 		1.5647
v -33.5281 		-50.0846 		1.5511
v -42.344 		-64.239 		5.997
v -42.316 		-64.2661 		5.9798
v -33.4899 		-50.0822 		0.7942
v -42.2313 		-64.3344 		5.9371
v -33.51 		-50.0835 		0.774
v -42.162 		-64.3903 		5.902
v -42.1421 		-64.4035 		5.894
v -42.0288 		-64.4785 		5.8483
v -41.996 		-64.5002 		5.835
v -41.9962 		-64.5001 		5.8351
v -41.974 		-64.512 		5.8281
v -41.9864 		-64.5053 		5.832
v -33.4621 		-50.0804 		0.8289
v -33.4346 		-50.0786 		0.8704
v -33.4084 		-50.0769 		0.9192
v -33.3835 		-50.0753 		0.9743
v -33.363 		-50.074 		1.0325
v -33.3617 		-50.0737 		1.0361
v -41.8359 		-64.5861 		5.7844
v -33.3424 		-50.0699 		1.1027
v -41.75 		-64.5957 		5.7833
v -41.8044 		-64.5895 		5.784
v -41.8181 		-64.588 		5.7842
v -33.3283 		-50.0671 		1.1734
v -33.3207 		-50.0656 		1.2453
v -33.7291 		-50.0924 		1.2696
v -33.7448 		-50.0914 		1.2201
v -33.7576 		-50.0906 		1.1713
v -33.7673 		-50.09 		1.1234
v -42.4677 		-64.1177 		6.0749
v -42.5688 		-64 		6.1521
v -42.458 		-64.129 		6.0676
v -33.774 		-50.0895 		1.0772
v -42.3751 		-64.2089 		6.0162
v -42.4142 		-64.1711 		6.0404
v -33.7778 		-50.0893 		1.0334
v -33.779 		-50.0892 		0.9914
v -41.988 		-64.093 		12.139
v -33.7779 		-50.0893 		0.952
v -33.7744 		-50.0895 		0.9154
v -33.769 		-50.0898 		0.8815
v -33.7615 		-50.0903 		0.8503
v -33.7523 		-50.0909 		0.8222
v -33.741 		-50.0917 		0.7969
v -33.7283 		-50.0925 		0.7749
v -33.7275 		-50.0925 		0.774
v -42.17 		-64.531 		11.599
v -33.7136 		-50.0934 		0.7563
v -42.323 		-64.901 		11
v -33.6975 		-50.0945 		0.7412
v -33.689 		-50.095 		0.7356
v -33.6799 		-50.0944 		0.729
v -42.344 		-64.1145 		8.75
v -42.1629 		-64.1315 		8.75
v -33.6609 		-50.0932 		0.7203
v -42.344 		-64.123 		8.75
v -42.1518 		-64.141 		8.75
v -42.682 		-64.279 		11.599
v -33.6402 		-50.0919 		0.7159
v -42.882 		-64.625 		11
v -42.7625 		-64.0754 		8.75
v -42.7737 		-64.0828 		8.75
v -42.9234 		-64.5 		8.4435
v -42.9205 		-64.512 		8.4352
v -42.9298 		-64.4437 		8.4832
v -42.9293 		-64.4163 		8.5028
v -42.9286 		-64.3855 		8.5246
v -42.9197 		-64.3265 		8.5671
v -42.9027 		-64.2675 		8.61
v -42.89 		-64.2391 		8.631
v -42.8775 		-64.2109 		8.6519
v -42.8439 		-64.1561 		8.6932
v -42.8011 		-64.1068 		8.7311
v -39.4911 		-65.7715 		10.2619
v -39.497 		-65.7711 		10.2617
v -44.9516 		-58.9455 		14
v -45.1115 		-58.5138 		14
v -45.1596 		-58.5653 		14
v -45.0506 		-58.4631 		14
v -45.0039 		-58.439 		14
v -44.9692 		-58.4405 		14
v -44.9432 		-58.4641 		14
v -44.9274 		-58.5142 		14
v -44.9203 		-58.593 		14
v -44.9242 		-58.7086 		14
v -44.9405 		-58.87 		14
v -46.83 		-57.83 		6.059
v -46.533 		-57.533 		5.13
v -44.932 		-56.171 		0
v -45.258 		-56.149 		0
v -33.6183 		-50.0904 		0.7156
v -42.8562 		-61.5272 		14.25
v -33.5949 		-50.0889 		0.7202
v -39.4986 		-65.7711 		10.2617
v -39.5015 		-65.7709 		10.2617
v -39.5031 		-65.7708 		10.2618
v -47.543 		-45.165 		16.324
v -47.616 		-44.703 		17.208
v -39.5097 		-65.7704 		10.262
v -45.082 		-43.203 		16.634
v -45.009 		-43.665 		15.75
v -39.5169 		-65.77 		10.2623
v -34.227 		-43.538 		18.049
v -39.528 		-65.7693 		10.2629
v -39.5234 		-65.7696 		10.2627
v -40.76 		-50.07 		21.876
v -41.03 		-50.341 		20.952
v -40.614 		-50.757 		20.952
v -40.1561 		-50.008 		20.5985
v -41.5089 		-51.5 		21.2662
v -42.6959 		-51.5 		21.1678
v -36.964 		-43.67 		12.566
v -36.686 		-42.999 		11.75
v -36.464 		-42.464 		10.87
v -33.5701 		-50.0873 		0.73
v -43.3829 		-61.1645 		14.1299
v -43.4434 		-61.3004 		14.0806
v -33.5442 		-50.0857 		0.7453
v -33.5174 		-50.0839 		0.7667
v -43.2721 		-60.9462 		14.2141
v -43.3258 		-61.0466 		14.1744
v -42.8248 		-61.3797 		14.291
v -42.8023 		-61.2502 		14.3251
v -42.7868 		-61.1352 		14.3538
v -42.7771 		-61.034 		14.3776
v -42.7722 		-60.9457 		14.397
v -42.8768 		-60.5714 		14.4336
v -42.9003 		-60.5655 		14.4262
v -42.9258 		-60.5663 		14.4167
v -42.9531 		-60.5739 		14.4052
v -42.9835 		-60.5888 		14.3911
v -43.0159 		-60.6105 		14.375
v -43.0512 		-60.6408 		14.356
v -43.0889 		-60.6802 		14.3343
v -43.1297 		-60.7286 		14.3097
v -43.1734 		-60.7877 		14.2819
v -43.2209 		-60.8602 		14.25
v -42.8556 		-60.5831 		14.439
v -42.8364 		-60.6011 		14.4425
v -42.7721 		-60.8698 		14.4122
v -42.7756 		-60.8029 		14.4243
v -42.7826 		-60.747 		14.433
v -42.7922 		-60.6995 		14.4389
v -42.8048 		-60.6596 		14.4423
v -42.8194 		-60.6271 		14.4435
v -34.376 		-43.67 		5.13
v -37.664 		-59.633 		14.25
v -45.889 		-55.98 		0
v -45.579 		-56.086 		0
v -45.9643 		-55.943 		0.3479
v -45.9252 		-55.9622 		0.3407
v -45.8829 		-55.9821 		0.3418
v -45.889 		-55.98 		0.3419
v -45.8365 		-55.998 		0.3516
v -45.7868 		-56.0149 		0.3723
v -45.7355 		-56.0325 		0.4042
v -45.6823 		-56.0507 		0.449
v -45.6341 		-56.0671 		0.5
v -45.889 		-55.98 		2
v -45.815 		-56.115 		1.99
v -45.855 		-56.022 		1.962
v -45.889 		-55.98 		1.9211
v -45.8695 		-55.9867 		1.9455
v -45.8684 		-55.987 		1.9468
v -45.8684 		-55.987 		1.9468
v -45.9084 		-55.9705 		1.8971
v -45.9649 		-55.9427 		1.8083
v -45.9702 		-55.9401 		1.798
v -45.732 		-56.273 		1.994
v -39.3817 		-65.5545 		10.0453
v -39.3828 		-65.5549 		10.0449
v -45.774 		-56.199 		2
v -39.384 		-65.592 		10.037
v -39.304 		-65.596 		10.063
v -39.439 		-65.5699 		10.0339
v -39.4627 		-65.5763 		10.0292
v -39.4662 		-65.5772 		10.0285
v -45.8471 		-55.9943 		1.8961
v -45.8057 		-56.0085 		1.798
v -39.467 		-65.589 		10.026
v -39.4954 		-65.5831 		10.0282
v -39.5115 		-65.5863 		10.0281
v -39.5273 		-65.5894 		10.0283
v -39.305 		-65.658 		10.055
v -39.386 		-65.655 		10.029
v -45.6311 		-56.0682 		1.3852
v -45.617 		-56.073 		1.3513
v -45.5917 		-56.0817 		1.2919
v -45.5891 		-56.0825 		1.286
v -45.6497 		-56.0618 		1.4294
v -45.6886 		-56.0485 		1.5207
v -45.669 		-56.0552 		1.4741
v -39.471 		-65.651 		10.018
v -45.7101 		-56.0412 		1.5717
v -45.7991 		-56.0108 		1.7824
v -45.7346 		-56.0328 		1.6295
v -39.528 		-65.5896 		10.0283
v -45.7358 		-56.0324 		1.6324
v -42.7493 		-64.0683 		8.7441
v -42.6884 		-64.0442 		8.723
v -42.6262 		-64.0274 		8.7069
v -42.5632 		-64.0175 		8.6957
v -42.5 		-64.0151 		8.6898
v -45.6121 		-56.0747 		1.3396
v -42.437 		-64.0192 		8.6886
v -42.3747 		-64.0309 		8.6927
v -42.344 		-64.0401 		8.6972
v -45.7634 		-56.023 		1.697
v -42.3136 		-64.0492 		8.7016
v -42.2543 		-64.0744 		8.7156
v -42.1984 		-64.1061 		8.7344
v -45.4188 		-56.1174 		0.8476
v -45.4526 		-56.1108 		0.774
v -45.418 		-56.143 		0.884
v -42.1467 		-64.1466 		8.7463
v -45.42 		-56.224 		1.015
v -42.1111 		-64.2022 		8.7091
v -45.427 		-56.295 		1.145
v -39.307 		-65.721 		10.05
v -39.39 		-65.718 		10.024
v -34.376 		-43.67 		10.87
v -39.476 		-65.714 		10.013
v -39.311 		-65.785 		10.049
v -39.394 		-65.782 		10.023
v -39.481 		-65.778 		10.011
v -34.39 		-45.39 		12.566
v -34.248 		-45.1635 		3.7316
v -39.748 		-65.783 		10.478
v -39.741 		-65.783 		10.446
v -36.304 		-42.076 		9.941
v -36.206 		-41.84 		8.979
v -39.731 		-65.783 		10.415
v -35.043 		-42.414 		7.021
v -39.717 		-65.783 		10.386
v -42.0939 		-64.2395 		8.6838
v -35.17 		-42.635 		6.059
v -42.0844 		-64.26 		8.6698
v -42.0662 		-64.3207 		8.6281
v -42.0639 		-64.3351 		8.6179
v -42.0568 		-64.3816 		8.5853
v -42.0557 		-64.4319 		8.5496
v -42.0554 		-64.4417 		8.5426
v -42.0622 		-64.5 		8.501
v -42.0652 		-64.512 		8.4923
v -34.728 		-44.129 		11.75
v -35 		-42.34 		8
v -42.5475 		-64.8624 		8.2114
v -42.5 		-64.8656 		8.2123
v -42.344 		-64.9157 		8.1871
v -35.17 		-44.706 		12.566
v -42.5945 		-64.8537 		8.2145
v -42.5821 		-64.856 		8.2137
v -36.033 		-44.129 		12.566
v -42.6405 		-64.8399 		8.2213
v -42.6852 		-64.8208 		8.2319
v -42.7274 		-64.797 		8.2461
v -35.67 		-43.5 		11.75
v -42.768 		-64.768 		8.264
v -35.381 		-42.999 		10.87
v -42.7882 		-64.7491 		8.2761
v -42.8049 		-64.7335 		8.286
v -42.8379 		-64.6951 		8.3109
v -42.8672 		-64.6518 		8.3395
v -42.8915 		-64.6046 		8.3712
v -35.17 		-42.635 		9.941
v -42.8962 		-64.5921 		8.3797
v -42.9107 		-64.5538 		8.406
v -42.0718 		-64.5394 		8.4725
v -42.0757 		-64.5556 		8.4608
v -35.043 		-42.414 		8.979
v -42.0962 		-64.6079 		8.4222
v -42.1221 		-64.6563 		8.3861
v -42.1366 		-64.677 		8.3704
v -42.153 		-64.7003 		8.3527
v -42.1878 		-64.7391 		8.3229
v -42.2264 		-64.7736 		8.2958
v -42.2685 		-64.8023 		8.2727
v -42.3121 		-64.8255 		8.2533
v -42.344 		-64.8381 		8.2422
v -42.358 		-64.8436 		8.2374
v -42.4049 		-64.8563 		8.2253
v -42.4523 		-64.8638 		8.2168
v -32.929 		-51 		2.697
v -33.17 		-52.83 		2.697
v -32.989 		-51.923 		2.697
v -30.84 		-52.206 		5.13
v -30.761 		-51 		5.13
v -44.9113 		-58.8806 		14.0277
v -45.1174 		-58.3974 		14.049
v -45.1497 		-58.5195 		14.0128
v -44.8535 		-58.7689 		14.0712
v -44.8015 		-58.6486 		14.1143
v -44.7566 		-58.5309 		14.1542
v -44.7192 		-58.4194 		14.1902
v -44.689 		-58.3157 		14.222
v -44.665 		-58.2197 		14.25
v -44.6466 		-58.1336 		14.2739
v -44.6334 		-58.0579 		14.2939
v -41.75 		-66 		8.096
v -44.6244 		-57.9907 		14.3106
v -44.6187 		-57.9316 		14.3245
v -44.6158 		-57.88 		14.3359
v -41.75 		-65.8372 		8.096
v -41.75 		-65.8357 		8.0745
v -41.75 		-65.8268 		7.942
v -41.75 		-65.8242 		7.904
v -41.75 		-66 		7.904
v -41.744 		-66 		8.248
v -41.744 		-66 		8.241
v -41.743 		-66 		8.231
v -41.743 		-66 		8.217
v -41.747 		-66 		8.231
v -41.748 		-66 		8.217
v -41.748 		-66 		8.198
v -41.746 		-66 		8.241
v -41.746 		-66 		8.248
v -41.742 		-66 		8.198
v -41.745 		-66 		8.25
v -41.741 		-66 		8.125
v -41.741 		-66 		8.177
v -41.749 		-66 		8.125
v -41.749 		-66 		8.177
v -41.74 		-66 		8.096
v -41.741 		-66 		7.875
v -41.74 		-66 		7.904
v -41.749 		-66 		7.875
v -41.749 		-66 		7.823
v -41.741 		-66 		7.823
v -41.743 		-66 		7.783
v -41.742 		-66 		7.802
v -41.744 		-66 		7.759
v -41.743 		-66 		7.769
v -41.746 		-66 		7.752
v -41.746 		-66 		7.759
v -41.747 		-66 		7.769
v -41.748 		-66 		7.802
v -41.748 		-66 		7.783
v -41.745 		-66 		7.75
v -41.744 		-66 		7.752
v -41.7243 		-65.0686 		5.4498
v -41.629 		-64.715 		4.902
v -41.115 		-65.1687 		5.4195
v -41.07 		-64.826 		4.902
v -41.6747 		-65.0768 		5.4474
v -41.3857 		-65.1241 		5.4327
v -41.6756 		-65.0767 		5.4475
v -41.0393 		-65.1742 		5.4205
v -41.0969 		-65.17 		5.4198
v -40.5 		-64.863 		4.902
v -40.5 		-65.2145 		5.4275
v -40.5102 		-65.2137 		5.4274
v -40.8062 		-65.1914 		5.4232
v -41.507 		-64.257 		4.361
v -41.008 		-64.356 		4.361
v -40.5 		-64.389 		4.361
v -31.635 		-53.241 		4.25
v -31.414 		-52.13 		4.25
v -31.34 		-51 		4.25
v -32.066 		-51 		3.435
v -45.5696 		-56.0879 		1.2379
v -45.5533 		-56.0911 		1.1946
v -39.565 		-65.783 		10.27
v -45.5178 		-56.098 		1.1028
v -45.4827 		-56.1049 		1.0121
v -45.4357 		-56.1141 		0.8904
v -32.337 		-53.053 		3.435
v -45.579 		-56.086 		1.2622
v -32.134 		-52.036 		3.435
v -39.5632 		-65.7676 		10.27
v -39.564 		-65.775 		10.27
v -39.5759 		-65.767 		10.2743
v -39.5599 		-65.7678 		10.2693
v -45.5531 		-56.0911 		1.1941
v -45.5182 		-56.0979 		1.1039
v -31.076 		-53.391 		5.13
v -39.532 		-65.787 		10.263
v -39.533 		-65.783 		10.263
v -39.5311 		-65.7692 		10.2633
v -39.53 		-65.77 		10.263
v -39.5323 		-65.7691 		10.2635
v -39.5295 		-65.7693 		10.263
v -30.086 		-51 		7.021
v -39.5542 		-65.768 		10.2681
v -39.532 		-65.775 		10.263
v -39.5563 		-65.7679 		10.2685
v -39.5426 		-65.7686 		10.2656
v -30.423 		-52.261 		6.059
v -30.341 		-51 		6.059
v -39.5339 		-65.769 		10.2639
v -39.532 		-65.779 		10.263
v -39.5586 		-65.7678 		10.269
v -45.5463 		-56.0924 		1.176
v -45.6278 		-56.0693 		0.5067
v -39.652 		-65.783 		10.313
v -45.579 		-56.086 		0.5708
v -39.651 		-65.763 		10.313
v -45.5723 		-56.0873 		0.5788
v -45.5132 		-56.0989 		0.6642
v -45.4564 		-56.1101 		0.7659
v -39.625 		-65.783 		10.295
v -45.572 		-56.448 		1.803
v -45.61 		-56.424 		1.874
v -45.649 		-56.387 		1.93
v -45.69 		-56.336 		1.97
v -39.624 		-65.767 		10.295
v -39.596 		-65.783 		10.28
v -45.457 		-56.4 		1.396
v -45.48 		-56.433 		1.513
v -45.507 		-56.453 		1.621
v -45.538 		-56.457 		1.718
v -39.595 		-65.77 		10.28
v -41.2402 		-65.9023 		7.5604
v -41.2122 		-65.9077 		7.5585
v -41.3091 		-65.8889 		7.5652
v -41.6561 		-65.8216 		7.5897
v -41.4812 		-65.8556 		7.5777
v -41.745 		-65.8148 		7.75
v -40.5389 		-65.953 		7.5709
v -40.5 		-65.9556 		7.5717
v -40.7862 		-65.9364 		7.5664
v -40.604 		-65.9486 		7.5695
v -40.9626 		-65.9245 		7.5628
v -41.1361 		-65.9129 		7.56
v -41.745 		-65.5879 		7.75
v -41.2892 		-64.512 		5.8736
v -40.526 		-64 		6.2875
v -41.0709 		-64.6701 		5.7763
v -41.2384 		-64.6512 		5.7783
v -41.3099 		-64.6433 		5.779
v -41.0552 		-64.6718 		5.7761
v -41.32 		-64.6422 		5.7791
v -40.8316 		-64.6947 		5.7741
v -40.6815 		-64.7116 		5.7723
v -40.8704 		-64.6906 		5.7745
v -40.5864 		-64.7217 		5.7715
v -40.5 		-64.7305 		5.7709
v -32.439 		-45.43 		0
v -32.167 		-45.612 		0
v -31.921 		-45.828 		0
v -31.706 		-46.073 		0
v -31.524 		-46.345 		0
v -31.379 		-46.639 		0
v -31.274 		-46.948 		0
v -31.211 		-47.269 		0
v -31.189 		-47.595 		0
v -31.211 		-47.922 		0
v -31.274 		-48.242 		0
v -31.379 		-48.552 		0
v -31.706 		-49.117 		0
v -31.524 		-48.845 		0
v -31.921 		-49.363 		0
v -32.167 		-49.579 		0
v -32.439 		-49.76 		0
v -32.989 		-50.077 		2.697
v -33.13 		-50.0275 		2.6122
v -33.0889 		-50.0193 		2.6399
v -33.042 		-50.01 		2.6714
v -33.0049 		-49.9974 		2.697
v -32.9459 		-49.9774 		2.75
v -32.732 		-49.905 		2.942
v -32.659 		-49.8689 		3.0095
v -32.989 		-43.989 		7.021
v -40.8403 		-64.525 		5.894
v -41.6162 		-64.6111 		5.7816
v -32.989 		-43.989 		8.979
v -41.5603 		-64.6172 		5.7812
v -41.5529 		-64.618 		5.7811
v -41.5415 		-64.6192 		5.781
v -41.5351 		-64.6198 		5.781
v -32.929 		-43.929 		8
v -41.4236 		-64.6313 		5.7801
v -39.698 		-65.783 		10.359
v -40.5 		-65.813 		9.674
v -41.212 		-65.906 		8.968
v -39.677 		-65.783 		10.334
v -32.67 		-45.376 		5.13
v -40.5 		-65.953 		8.968
v -32.659 		-45.546 		5
v -32.7378 		-45.428 		5
v -32.8482 		-45.3021 		5
v -32.9173 		-45.2232 		5
v -32.67 		-47.964 		12.566
v -33.129 		-47.033 		12.566
v -33.559 		-51 		1.057
v -45.44 		-56.354 		1.273
v -39.5773 		-65.7669 		10.2748
v -41.218 		-65.953 		8.25
v -39.592 		-65.766 		10.2794
v -39.6522 		-65.7625 		10.3141
v -39.6513 		-65.7626 		10.3133
v -40.5 		-66 		8.25
v -39.6509 		-65.7626 		10.313
v -41.74 		-65.8392 		8.096
v -41.74 		-65.837 		8.0645
v -41.74 		-65.8287 		7.942
v -40.5 		-65.9798 		7.942
v -40.5 		-65.9899 		8.096
v -41.74 		-65.8262 		7.904
v -40.5 		-65.9774 		7.904
v -44.9727 		-58.0078 		14.1798
v -45.008 		-58.0873 		14.151
v -41.74 		-65.1564 		8.0564
v -41.74 		-65.1006 		8.096
v -45.0446 		-58.1792 		14.1193
v -45.081 		-58.2816 		14.0855
v -39.6478 		-65.7628 		10.311
v -39.6463 		-65.7629 		10.31
v -39.6235 		-65.7641 		10.295
v -39.627 		-65.7639 		10.2973
v -39.6232 		-65.7641 		10.2948
v -40.5 		-65.3679 		7.9889
v -40.5 		-65.4339 		7.942
v -39.6161 		-65.7645 		10.2912
v -39.6009 		-65.7655 		10.2834
v -40.5 		-65.2169 		8.096
v -40.5 		-65.28 		8.0512
v -39.594 		-65.7659 		10.28
v -44.8142 		-56.163 		2.697
v -44.9013 		-56.1689 		2.75
v -44.707 		-56.1558 		2.6468
v -33.129 		-45.728 		11.75
v -32.67 		-45.376 		10.87
v -45.61 		-56.61 		3.435
v -32.732 		-45.286 		5
v -45.889 		-55.98 		3.2587
v -45.579 		-56.086 		3.1188
v -45.258 		-56.149 		2.9475
v -45.1559 		-56.1559 		2.8856
v -33.042 		-45.181 		4.8995
v -33.13 		-45.1635 		4.8163
v -39.71 		-65.7581 		10.3783
v -39.7071 		-65.7583 		10.374
v -39.656 		-65.7622 		10.3174
v -39.6971 		-65.7591 		10.359
v -39.6953 		-65.7592 		10.3569
v -39.6929 		-65.7594 		10.3542
v -39.6751 		-65.7608 		10.334
v -39.6836 		-65.7601 		10.3437
v -39.6589 		-65.762 		10.32
v -31.414 		-49.87 		4.25
v -39.6742 		-65.7608 		10.3332
v -32.134 		-49.964 		3.435
v -32.6047 		-49.842 		3.0596
v -30.84 		-49.794 		5.13
v -39.7418 		-65.7546 		10.4577
v -39.7392 		-65.755 		10.446
v -39.738 		-65.7552 		10.442
v -39.7367 		-65.7553 		10.438
v -30.423 		-48.434 		7.021
v -39.7297 		-65.7561 		10.4165
v -39.7292 		-65.7562 		10.415
v -39.7277 		-65.7563 		10.4118
v -30.84 		-47.206 		7.021
v -39.7152 		-65.7576 		10.386
v -39.7133 		-65.7578 		10.3833
v -30.67 		-48.5 		6.059
v -30.17 		-49.706 		7.021
v -39.7476 		-65.7531 		10.5006
v -30.423 		-49.739 		6.059
v -39.7462 		-65.7538 		10.478
v -39.7454 		-65.754 		10.4741
v -30.67 		-48.5 		9.941
v -44.6646 		-57.6681 		14.3605
v -44.6533 		-57.6787 		14.3625
v -44.6158 		-57.8355 		14.3448
v -44.6179 		-57.7964 		14.3519
v -44.6219 		-57.7639 		14.3569
v -30.423 		-48.434 		8.979
v -44.6275 		-57.736 		14.3604
v -44.6349 		-57.7127 		14.3624
v -44.6434 		-57.6938 		14.3631
v -30.84 		-47.206 		8.979
v -42.761 		-43.1234 		14.015
v -42.6495 		-43.1833 		14.0677
v -42.5395 		-43.2353 		14.1183
v -42.4331 		-43.2783 		14.1658
v -30.341 		-48.412 		8
v -30.761 		-47.173 		8
v -42.3325 		-43.3131 		14.2096
v -42.2371 		-43.3406 		14.25
v -42.1489 		-43.361 		14.2863
v -42.0695 		-43.3748 		14.3181
v -41.9973 		-43.3832 		14.3462
v -41.9322 		-43.3865 		14.3707
v -41.8742 		-43.3857 		14.3917
v -41.6374 		-43.2603 		14.4533
v -41.6465 		-43.2856 		14.455
v -41.6335 		-43.2329 		14.4492
v -41.6352 		-43.2032 		14.4426
v -41.6429 		-43.1715 		14.4335
v -41.6563 		-43.1374 		14.4218
v -41.677 		-43.1006 		14.4068
v -41.7037 		-43.0617 		14.3893
v -41.7386 		-43.0206 		14.3683
v -41.8235 		-43.3804 		14.4092
v -41.7786 		-43.3721 		14.4239
v -41.7411 		-43.3605 		14.4354
v -41.709 		-43.3456 		14.4441
v -41.6828 		-43.328 		14.4502
v -41.662 		-43.3078 		14.4537
v -41.7811 		-42.9774 		14.3441
v -41.8316 		-42.9317 		14.3165
v -41.8912 		-42.885 		14.2854
v -41.9611 		-42.836 		14.25
v -42.0412 		-42.7861 		14.2107
v -42.1301 		-42.7364 		14.1683
v -42.2298 		-42.6885 		14.1222
v -43.4567 		-46.3996 		14.4157
v -43.3769 		-46.398 		14.4446
v -43.4001 		-45.7104 		14.2986
v -43.0516 		-46.2258 		14.5292
v -43.0642 		-46.2606 		14.5315
v -43.0465 		-46.1886 		14.5236
v -43.0488 		-46.1478 		14.5146
v -43.0591 		-46.1038 		14.502
v -39.5514 		-65.5941 		10.0285
v -39.552 		-65.5942 		10.0285
v -43.3075 		-46.3913 		14.4687
v -39.557 		-65.647 		10.021
v -43.2458 		-46.3798 		14.4889
v -43.194 		-46.3633 		14.5046
v -43.1499 		-46.3429 		14.5166
v -43.1141 		-46.3192 		14.5249
v -43.0856 		-46.2915 		14.5298
v -43.0776 		-46.057 		14.4859
v -39.5703 		-65.5966 		10.0322
v -39.6358 		-65.6052 		10.0448
v -43.106 		-46.0065 		14.4654
v -39.64 		-65.642 		10.04
v -43.1428 		-45.9535 		14.4413
v -43.1908 		-45.8971 		14.4125
v -43.249 		-45.8372 		14.3792
v -43.3185 		-45.775 		14.3414
v -39.6753 		-65.6077 		10.0602
v -39.7161 		-65.6102 		10.0765
v -39.72 		-65.637 		10.073
v -41.5 		-51.5 		16.1514
v -39.7589 		-65.6093 		10.1035
v -39.784 		-65.6088 		10.1194
v -44.2906 		-46.1915 		14.0692
v -44.1444 		-46.2504 		14.1344
v -44.0063 		-46.2983 		14.1945
v -43.8752 		-46.3361 		14.25
v -43.7542 		-46.3641 		14.2999
v -43.645 		-46.383 		14.3436
v -43.546 		-46.3946 		14.3821
v -44.0154 		-45.3774 		14.007
v -43.8653 		-45.4405 		14.0745
v -43.4961 		-45.643 		14.25
v -43.6062 		-45.5745 		14.1961
v -39.562 		-65.71 		10.016
v -43.7287 		-45.5069 		14.1377
v -39.647 		-65.705 		10.035
v -39.727 		-65.701 		10.069
v -39.567 		-65.773 		10.015
v -39.652 		-65.769 		10.034
v -39.733 		-65.764 		10.068
v -39.958 		-65.556 		10.405
v -41.74 		-65.3178 		7.942
v -41.74 		-65.3013 		7.9537
v -39.969 		-65.553 		10.488
v -41.74 		-65.28 		7.9688
v -39.972 		-65.617 		10.403
v -30.84 		-49.794 		10.87
v -30.423 		-49.739 		9.941
v -30.17 		-49.706 		8.979
v -30.086 		-49.695 		8
v -31.076 		-47.304 		6.059
v -39.983 		-65.615 		10.489
v -39.982 		-65.68 		10.403
v -39.993 		-65.678 		10.489
v -39.989 		-65.744 		10.403
v -40 		-65.741 		10.49
v -39.93 		-65.5558 		10.3202
v -39.9317 		-65.5545 		10.3244
v -39.933 		-65.559 		10.324
v -39.9245 		-65.5597 		10.3079
v -39.9385 		-65.5446 		10.355
v -39.8954 		-65.5788 		10.246
v -39.8965 		-65.5783 		10.2475
v -39.8974 		-65.578 		10.2487
v -39.904 		-65.5733 		10.2636
v -39.946 		-65.621 		10.321
v -39.956 		-65.683 		10.32
v -38.5429 		-42.0561 		14
v -38.574 		-42.0395 		14
v -38.5866 		-42.0069 		14
v -38.579 		-41.9547 		14
v -38.5506 		-41.8807 		14
v -39.963 		-65.747 		10.32
v -39.7875 		-65.6087 		10.1216
v -39.7877 		-65.6087 		10.1217
v -39.792 		-65.633 		10.119
v -39.8284 		-65.6037 		10.1597
v -39.8492 		-65.5982 		10.1799
v -39.8241 		-65.6042 		10.1557
v -39.855 		-65.628 		10.177
v -39.8693 		-65.5898 		10.2084
v -39.907 		-65.624 		10.245
v -39.8 		-65.696 		10.115
v -39.864 		-65.691 		10.174
v -39.916 		-65.687 		10.243
v -39.806 		-65.76 		10.114
v -39.87 		-65.755 		10.173
v -39.923 		-65.751 		10.243
v -38.118 		-64.625 		11
v -37.6 		-64.279 		11
v -37.959 		-64.901 		10.355
v -37.407 		-64.531 		10.355
v -36.907 		-64.093 		10.355
v -37.266 		-64.715 		9.674
v -36.743 		-64.257 		9.674
v -37.18 		-64.826 		8.968
v -36.644 		-64.356 		8.968
v -37.3478 		-64.976 		8.476
v -37.3018 		-64.9433 		8.5023
v -37.1649 		-64.846 		8.5806
v -36.611 		-64.389 		8.25
v -37.1146 		-64.7988 		8.6175
v -37.1254 		-64.828 		8.3862
v -37.1443 		-64.8563 		8.25
v -37.156 		-64.8577 		8.1468
v -37.1454 		-64.8564 		8.2406
v -38.248 		-64.7657 		8.5656
v -37.095 		-64.61 		8.753
v -39.493 		-64.257 		12.139
v -39.012 		-64.093 		12.139
v -39.371 		-64.715 		11.599
v -38.83 		-64.531 		11.599
v -38.318 		-64.279 		11.599
v -38.677 		-64.901 		11
v -31.076 		-47.304 		9.941
v -32.134 		-44.964 		7.021
v -32.134 		-44.964 		8.979
v -32.066 		-44.912 		8
v -31.464 		-47.464 		5.13
v -41.049 		-64.24 		8.753
v -41.5 		-53 		20
v -41.487 		-53.196 		20
v -41.386 		-53.574 		20
v -41.299 		-53.75 		20
v -41.19 		-53.913 		20
v -41.061 		-54.061 		20
v -41.449 		-53.388 		20
v -42.5345 		-54.5 		20.4733
v -40.936 		-64.2505 		8.753
v -42.388 		-54.5 		21.5569
v -43.0459 		-54.5 		20.5561
v -42.9957 		-54.5 		20.7269
v -39.428 		-51.5 		21.876
v -39.428 		-54.5 		21.876
v -39.017 		-52.808 		21.876
v -39.0614 		-52.7636 		21.7241
v -38.0247 		-53.8003 		21.2947
v -38.7236 		-52.2773 		21.5842
v -38.638 		-52.192 		21.876
v -39.3491 		-51.5 		21.8433
v -37.9462 		-51.5 		21.2622
v -38.701 		-53.75 		20
v -38.614 		-53.574 		20
v -38.551 		-53.388 		20
v -38.81 		-53.913 		20
v -38.0226 		-53.8024 		20.2112
v -38.8083 		-53.4772 		20.5366
v -39.6247 		-53.9774 		20.6292
v -39.677 		-53.834 		20.308
v -41.193 		-65.767 		9.674
v -40.6684 		-41.3435 		14.4242
v -40.6793 		-41.3652 		14.4246
v -40.6609 		-41.3179 		14.4219
v -40.5 		-65.4875 		7.904
v -41.74 		-65.3714 		7.904
v -40.7878 		-41.4108 		14.3941
v -40.7594 		-41.4101 		14.4043
v -40.7342 		-41.4049 		14.4125
v -41.008 		-64.356 		12.139
v -40.7126 		-41.3957 		14.4185
v -40.6942 		-41.3822 		14.4226
v -40.5 		-64.389 		12.139
v -31.999 		-46.381 		5.13
v -41.07 		-64.826 		11.599
v -40.5 		-64.863 		11.599
v -31.3352 		-48.11 		5
v -31.543 		-47.4968 		5
v -32.073 		-46.4237 		5
v -32.073 		-46.4237 		5
v -31.617 		-47.3467 		5
v -31.7369 		-47.104 		5
v -32.1659 		-46.2845 		5
v -31.414 		-46.043 		7.021
v -41.122 		-65.222 		11
v -40.5 		-65.263 		11
v -41.163 		-65.538 		10.355
v -40.5 		-65.581 		10.355
v -31.635 		-46.17 		6.059
v -44.932 		-56.171 		2.7687
v -32.337 		-45.12 		6.059
v -44.606 		-56.149 		0
v -32.5 		-46.67 		11.75
v -31.999 		-46.381 		10.87
v -44.606 		-56.149 		2.5995
v -44.5934 		-56.1465 		2.5928
v -31.999 		-47.686 		11.75
v -31.464 		-47.464 		10.87
v -44.285 		-56.086 		0
v -31.635 		-46.17 		9.941
v -32.337 		-45.12 		9.941
v -31.414 		-46.043 		8.979
v -43.975 		-55.98 		0
v -31.34 		-46 		8
v -43.682 		-55.836 		0
v -43.8089 		-55.8984 		0.6902
v -43.7931 		-55.8906 		0.6493
v -43.7746 		-55.8815 		0.6138
v -49.7271 		-50.8212 		14
v -50.0393 		-50.2871 		14
v -50.0526 		-50.3082 		14
v -50.0725 		-50.3387 		14
v -50.094 		-50.3733 		14
v -50.1191 		-50.413 		14
v -50.1508 		-50.4619 		14
v -50.191 		-50.5257 		14
v -50.2491 		-50.6155 		14
v -50.2502 		-50.6174 		14
v -50.239 		-50.622 		14
v -49.401 		-50.9395 		14
v -40 		-40.96 		14.592
v -49.7412 		-55.8759 		14
v -49.5625 		-55.7624 		14
v -49.3562 		-55.6381 		14
v -44.9787 		-63.6751 		8.25
v -44.8391 		-63.8299 		8.7137
v -52.7271 		-51.8043 		14
v -52.7777 		-51.7847 		14
v -44.7826 		-63.8905 		8.753
v -44.7826 		-63.8905 		8.753
v -44.9723 		-63.6651 		8.0825
v -45.222 		-63.226 		7.532
v -45.101 		-63.156 		6.827
v -52.1725 		-51.9991 		14
v -52.401 		-51.9225 		14
v -51.8613 		-51.8 		14
v -51.7923 		-51.8926 		14
v -51.7526 		-51.9608 		14
v -51.737 		-52.0117 		14
v -51.7445 		-52.0457 		14
v -51.7722 		-52.0669 		14
v -44.901 		-63.041 		6.146
v -51.8243 		-52.0737 		14
v -51.9033 		-52.0666 		14
v -52.0159 		-52.0431 		14
v -52.1327 		-51.5021 		14
v -52.178 		-51.4567 		14
v -51.9676 		-51.6764 		14
v -31.274 		-46.948 		5
v -31.379 		-46.639 		5
v -31.524 		-46.345 		5
v -31.706 		-46.073 		5
v -31.921 		-45.828 		5
v -32.167 		-45.612 		5
v -32.439 		-45.43 		5
v -40 		-43.784 		15.1568
v -40 		-51.5 		16.7
v -31.189 		-47.595 		5
v -31.211 		-47.269 		5
v -31.211 		-47.922 		5
v -38.8377 		-42.3055 		14.436
v -38.8535 		-42.2867 		14.438
v -38.8183 		-42.3205 		14.4319
v -38.795 		-42.3316 		14.4256
v -38.7674 		-42.3387 		14.417
v -38.8111 		-41.9887 		14.363
v -38.8354 		-42.0412 		14.3823
v -38.8529 		-42.0887 		14.3982
v -38.8655 		-42.1322 		14.4115
v -38.8721 		-42.171 		14.4217
v -38.874 		-42.2058 		14.4294
v -38.8713 		-42.2366 		14.4345
v -38.8643 		-42.2635 		14.4374
v -38.7359 		-42.3417 		14.406
v -38.6992 		-42.3396 		14.3922
v -38.7804 		-41.9316 		14.3403
v -38.6423 		-41.7326 		14.25
v -38.697 		-41.804 		14.2843
v -38.7426 		-41.8699 		14.3141
v -39.695 		-43.031 		14.25
v -49.2744 		-50.2724 		14.1476
v -47.4735 		-49.3344 		14.1647
v -47.4007 		-49.1712 		14.1196
v -47.4369 		-49.2518 		14.1418
v -47.4081 		-49.3554 		14.1855
v -47.1949 		-49.4152 		14.25
v -47.0022 		-49.4614 		14.3054
v -46.8323 		-49.4953 		14.3518
v -46.6812 		-49.5197 		14.391
v -46.5471 		-49.5354 		14.4235
v -47.3049 		-48.9557 		14.0599
v -47.3277 		-49.0066 		14.074
v -47.316 		-48.9804 		14.0668
v -47.284 		-48.9081 		14.0467
v -47.2945 		-48.9318 		14.0533
v -47.341 		-49.0366 		14.0823
v -47.2154 		-48.7547 		14.0043
v -47.2336 		-48.795 		14.0155
v -47.273 		-48.884 		14.0401
v -47.2612 		-48.8578 		14.0329
v -47.2484 		-48.8287 		14.0248
v -47.3754 		-49.1145 		14.1039
v -47.3567 		-49.0715 		14.0919
v -46.8901 		-48.6175 		14.0192
v -46.5542 		-48.7822 		14.1466
v -46.7104 		-48.7022 		14.0861
v -44.905 		-62.366 		7.156
v -44.867 		-62.735 		6.897
v -44.791 		-63.1 		6.642
v -45.9427 		-49.4392 		14.5092
v -45.9678 		-49.4655 		14.5138
v -45.9474 		-49.2627 		14.4437
v -45.9758 		-49.2175 		14.4215
v -46.0164 		-49.1684 		14.3954
v -46.43 		-49.5443 		14.4502
v -46.3283 		-49.5462 		14.4712
v -46.2392 		-49.5433 		14.488
v -46.1647 		-49.5356 		14.5001
v -46.1003 		-49.5233 		14.5084
v -46.0468 		-49.5072 		14.5133
v -46.0028 		-49.4877 		14.515
v -44.9304 		-63.6839 		7.7035
v -45.9261 		-49.41 		14.5019
v -44.9075 		-63.6978 		7.532
v -44.9165 		-63.6897 		7.5779
v -45.9178 		-49.378 		14.4918
v -45.9186 		-49.343 		14.4789
v -45.9277 		-49.3049 		14.4631
v -44.764 		-63.6607 		6.827
v -44.7931 		-63.6557 		6.9357
v -44.8199 		-63.6512 		7.0351
v -44.8763 		-63.6806 		7.3535
v -46.0684 		-49.1154 		14.3657
v -46.1324 		-49.058 		14.3319
v -46.2114 		-48.9969 		14.2937
v -46.3074 		-48.9299 		14.25
v -46.4219 		-48.8581 		14.2009
v -44.356 		-64.356 		8.968
v -44.3807 		-64.3807 		8.4313
v -44.6118 		-64.099 		8.616
v -44.4975 		-64.2383 		8.5244
v -37.1843 		-64.8569 		7.8925
v -44.678 		-63.459 		6.396
v -39.992 		-64.356 		12.139
v -44.531 		-63.593 		6.146
v -39.93 		-64.826 		11.599
v -44.5691 		-63.6222 		6.2871
v -44.6414 		-63.5447 		6.3375
v -44.6834 		-63.563 		6.4702
v -44.4111 		-63.7582 		6.2008
v -40.4534 		-64.2915 		8.75
v -40.296 		-64.3062 		8.75
v -40.296 		-64.3147 		8.75
v -40.4574 		-64.2996 		8.75
v -39.5153 		-64.3793 		8.75
v -39.5136 		-64.3879 		8.75
v -44.093 		-64.093 		10.355
v -40.4643 		-64.5 		8.6073
v -40.4615 		-64.512 		8.599
v -40.4679 		-64.4686 		8.6293
v -40.4683 		-64.4645 		8.6321
v -40.4689 		-64.4596 		8.6356
v -40.4673 		-64.4737 		8.6257
v -40.4697 		-64.4527 		8.6404
v -40.4662 		-64.4834 		8.6189
v -40.4711 		-64.4405 		8.649
v -44.257 		-64.257 		9.674
v -40.4713 		-64.4382 		8.6506
v -40.4706 		-64.4046 		8.6745
v -40.4699 		-64.3745 		8.696
v -44.2125 		-64.5366 		8.332
v -44.0745 		-64.6645 		8.25
v -44.0487 		-64.0487 		6.0188
v -44.0981 		-64.0101 		6.0428
v -44.279 		-63.4 		5.5
v -50.999 		-50.812 		14
v -53.176 		-53.3829 		14
v -41.507 		-64.257 		12.139
v -41.629 		-64.715 		11.599
v -41.733 		-65.101 		11
v -41.733 		-65.3 		10.81
v -41.684 		-65.304 		10.765
v -41.721 		-65.351 		10.832
v -41.668 		-65.355 		10.784
v -41.71 		-65.405 		10.851
v -53.0502 		-53.2792 		14
v -41.655 		-65.409 		10.8
v -41.702 		-65.462 		10.868
v -41.644 		-65.466 		10.815
v -41.697 		-65.521 		10.882
v -41.636 		-65.525 		10.826
v -41.587 		-65.529 		10.761
v -41.702 		-65.256 		10.745
v -41.704 		-65.2417 		10.731
v -41.6752 		-65.2582 		10.7095
v -41.6623 		-65.266 		10.699
v -41.6616 		-65.2664 		10.6985
v -41.6437 		-65.28 		10.6785
v -41.74 		-65.2242 		10.7514
v -41.7107 		-65.2378 		10.7359
v -40.4662 		-64.3494 		8.714
v -40.4603 		-64.3097 		8.7426
v -40.4268 		-64.2536 		8.7214
v -53.1606 		-53.0132 		14
v -40.384 		-64.2059 		8.6847
v -53.045 		-53.0098 		14
v -40.3365 		-64.1634 		8.6514
v -52.9667 		-53.0164 		14
v -52.9161 		-53.0322 		14
v -40.296 		-64.1359 		8.6292
v -52.8925 		-53.0582 		14
v -40.2847 		-64.1282 		8.6229
v -52.891 		-53.0929 		14
v -40.2311 		-64.0997 		8.5991
v -52.9151 		-53.1402 		14
v -40.1747 		-64.0774 		8.5796
v -52.9664 		-53.2005 		14
v -40.117 		-64.0618 		8.5646
v -40.0586 		-64.0525 		8.5542
v -40 		-64.0503 		8.5487
v -39.9416 		-64.0542 		8.5476
v -39.8838 		-64.065 		8.5514
v -39.8272 		-64.082 		8.5597
v -51.5625 		-53.9994 		14
v -39.7722 		-64.1054 		8.5727
v -39.7203 		-64.1347 		8.5901
v -39.6704 		-64.1704 		8.6121
v -39.625 		-64.2128 		8.6392
v -39.5843 		-64.26 		8.67
v -39.5483 		-64.3133 		8.7054
v -39.5183 		-64.3714 		8.7446
v -39.5125 		-64.4361 		8.7158
v -39.52 		-64.5 		8.6699
v -39.523 		-64.512 		8.6612
v -51.3562 		-53.8757 		14
v -51.213 		-53.7985 		14
v -41.575 		-65.416 		10.673
v -41.56 		-65.473 		10.682
v -41.549 		-65.532 		10.689
v -40.0521 		-64.8974 		8.3525
v -40 		-64.9009 		8.3535
v -41.571 		-65.364 		10.596
v -41.576 		-65.3465 		10.5727
v -41.5638 		-65.3656 		10.5395
v -40.1036 		-64.8878 		8.3559
v -41.5629 		-65.3673 		10.5365
v -40.1541 		-64.8727 		8.3633
v -40.2031 		-64.8518 		8.3749
v -41.552 		-65.419 		10.601
v -40.2493 		-64.8256 		8.3904
v -40.2938 		-64.7938 		8.41
v -50.9332 		-53.7694 		14
v -50.9379 		-53.8218 		14
v -40.3343 		-64.756 		8.4342
v -40.296 		-64.7918 		8.4113
v -50.9617 		-53.8972 		14
v -51.0095 		-54.0026 		14
v -40.3706 		-64.7139 		8.4616
v -40.4027 		-64.6665 		8.4932
v -40.4242 		-64.6248 		8.5213
v -40.4294 		-64.6147 		8.5282
v -40.4322 		-64.6073 		8.5332
v -40.4504 		-64.559 		8.5663
v -40.4563 		-64.534 		8.5837
v -39.5936 		-64.8027 		8.45
v -51.1077 		-53.7512 		14
v -51.0323 		-53.7275 		14
v -50.9799 		-53.7227 		14
v -50.9483 		-53.7373 		14
v -39.5348 		-64.561 		8.6256
v -39.5263 		-64.5258 		8.6511
v -39.5572 		-64.6183 		8.5835
v -39.5787 		-64.6585 		8.5535
v -39.5856 		-64.6713 		8.5439
v -52.2946 		-54.4795 		14
v -51.2097 		-54.3522 		14
v -51.3965 		-54.6447 		14
v -51.5557 		-54.8836 		14
v -51.4356 		-54.9493 		14
v -51.8557 		-54.1855 		14
v -51.0861 		-54.1458 		14
v -54.4171 		-53.3188 		14
v -53.6538 		-53.7252 		14
v -53.6628 		-53.7313 		14
v -54.4522 		-53.2345 		14
v -54.4513 		-53.2366 		14
v -54.4403 		-53.232 		14
v -53.9022 		-53.1247 		14
v -53.3692 		-53.5258 		14
v -53.56 		-53.0646 		14
v -53.3226 		-53.0295 		14
v -55 		-53 		14
v -49.6094 		-50.052 		14
v -49.3782 		-50.273 		14
v -49.89 		-53 		15.022
v -49.7156 		-55.8412 		14.0178
v -49.5435 		-55.6544 		14.1205
v -49.6311 		-55.7441 		14.0702
v -49.4561 		-55.5739 		14.1675
v -53.2052 		-53.5305 		14.165
v -39.6195 		-64.7197 		8.5073
v -39.6577 		-64.7621 		8.4746
v -39.65 		-64.7536 		8.4812
v -53.0923 		-53.4701 		14.2096
v -52.9953 		-53.4127 		14.25
v -52.9141 		-53.3591 		14.2858
v -52.8476 		-53.31 		14.3171
v -39.6307 		-64.732 		8.4978
v -52.7928 		-53.2644 		14.3448
v -39.6772 		-64.7796 		8.4609
v -39.67 		-64.7732 		8.4659
v -39.6612 		-64.7653 		8.4721
v -39.6861 		-64.7876 		8.4546
v -52.7489 		-53.2217 		14.3691
v -52.7148 		-53.182 		14.3905
v -52.6901 		-53.1457 		14.4087
v -39.7 		-64.8 		8.4449
v -52.673 		-53.1118 		14.4245
v -52.6651 		-53.0806 		14.4375
v -52.6642 		-53.0521 		14.4481
v -52.6703 		-53.026 		14.4564
v -39.703 		-64.802 		8.4433
v -52.684 		-53.0018 		14.4625
v -52.6857 		-53 		14.4629
v -39.7462 		-64.8314 		8.4197
v -51.6102 		-53.9223 		14.3407
v -51.71 		-53.983 		14.2985
v -51.8182 		-54.0565 		14.25
v -39.7939 		-64.8569 		8.3986
v -39.8003 		-64.8594 		8.3963
v -39.8442 		-64.8768 		8.3811
v -39.8957 		-64.8907 		8.3677
v -39.9436 		-64.8982 		8.3591
v -39.9477 		-64.8989 		8.3584
v -51.5175 		-53.8724 		14.3774
v -39.9774 		-64.9 		8.3556
v -51.0687 		-53.7609 		14.508
v -51.2194 		-53.7641 		14.4767
v -51.2836 		-53.7792 		14.4583
v -51.3541 		-53.8011 		14.4362
v -51.4317 		-53.8326 		14.4092
v -51.0308 		-53.7715 		14.5117
v -50.9984 		-53.7874 		14.5124
v -50.9449 		-54.0554 		14.4251
v -50.9325 		-54.0008 		14.4475
v -50.9272 		-53.9509 		14.4668
v -50.9294 		-53.9078 		14.4821
v -50.9376 		-53.8698 		14.4944
v -50.9521 		-53.8372 		14.5034
v -50.9721 		-53.81 		14.5093
v -51.1128 		-53.7557 		14.5011
v -51.1634 		-53.7566 		14.4906
v -40.49 		-66 		8.096
v -40.49 		-65.9893 		8.096
v -40.49 		-65.9792 		7.942
v -40.49 		-66 		7.904
v -40.49 		-65.9767 		7.904
v -40.495 		-65.0006 		8.25
v -52.1713 		-54.3518 		14.0714
v -52.2912 		-54.4757 		14.0021
v -40.495 		-65.9997 		8.25
v -51.5036 		-54.8376 		14.0272
v -51.3914 		-54.7285 		14.0896
v -51.2944 		-54.6229 		14.1476
v -51.2101 		-54.5233 		14.2009
v -51.1384 		-54.4282 		14.25
v -51.0788 		-54.3398 		14.2943
v -51.9328 		-54.1427 		14.1956
v -52.0507 		-54.2406 		14.1361
v -51.0315 		-54.2591 		14.3332
v -50.9934 		-54.1852 		14.3679
v -50.9651 		-54.1172 		14.3984
v -54.4408 		-53.2621 		14.016
v -54.4573 		-53.222 		14.0273
v -54.3442 		-53.1789 		14.0657
v -41.5594 		-65.3733 		10.5258
v -41.5592 		-65.3737 		10.5251
v -41.542 		-65.421 		10.526
v -40.496 		-65.0033 		8.248
v -40.496 		-65.0075 		8.245
v -40.4958 		-65.0026 		8.2485
v -40.496 		-65.0132 		8.241
v -40.4968 		-65.024 		8.2332
v -40.4951 		-65.0009 		8.2498
v -40.494 		-65.0035 		8.248
v -40.4933 		-65.024 		8.2335
v -40.494 		-65.0134 		8.241
v -41.5561 		-65.3859 		10.502
v -40.498 		-65.0467 		8.217
v -40.498 		-65.0735 		8.198
v -40.497 		-65.0271 		8.231
v -40.493 		-65.0275 		8.231
v -40.492 		-65.074 		8.198
v -40.493 		-65.0472 		8.217
v -41.537 		-65.476 		10.606
v -41.526 		-65.478 		10.528
v -40.499 		-65.1375 		8.1524
v -40.499 		-65.1761 		8.125
v -40.499 		-65.1029 		8.177
v -40.491 		-65.1037 		8.177
v -40.491 		-65.1505 		8.1437
v -40.491 		-65.1769 		8.125
v -41.525 		-65.535 		10.611
v -40.499 		-65.5285 		7.875
v -40.499 		-65.536 		7.8697
v -40.491 		-65.536 		7.8702
v -40.491 		-65.5293 		7.875
v -40.498 		-65.9965 		8.198
v -40.498 		-65.9977 		8.217
v -40.498 		-66 		8.198
v -40.498 		-66 		8.217
v -41.643 		-65.307 		10.712
v -40.497 		-65.9986 		8.231
v -40.496 		-65.9994 		8.245
v -40.496 		-65.9995 		8.246
v -40.496 		-65.9996 		8.248
v -40.496 		-66 		8.248
v -40.4958 		-65.9996 		8.2485
v -41.6433 		-65.2803 		10.6781
v -41.6182 		-65.2992 		10.6503
v -40.497 		-66 		8.231
v -41.613 		-65.31 		10.653
v -40.496 		-65.9992 		8.241
v -40.496 		-66 		8.241
v -40.4951 		-65.9997 		8.2498
v -41.6065 		-65.3106 		10.6321
v -40.495 		-66 		8.25
v -40.494 		-65.9995 		8.248
v -41.625 		-65.358 		10.727
v -40.494 		-66 		8.248
v -40.494 		-65.9992 		8.244
v -40.494 		-65.999 		8.241
v -40.493 		-65.9983 		8.231
v -41.592 		-65.361 		10.664
v -40.494 		-66 		8.241
v -40.493 		-66 		8.231
v -40.493 		-65.9974 		8.217
v -40.492 		-65.9961 		8.198
v -41.6052 		-65.312 		10.63
v -40.493 		-66 		8.217
v -40.492 		-66 		8.198
v -44.036 		-63.6075 		6.3328
v -44.0275 		-63.616 		6.3273
v -44.0822 		-63.5615 		6.3624
v -44.0536 		-63.59 		6.3441
v -44.069 		-63.5751 		6.3537
v -44.1121 		-63.5324 		6.3812
v -44.0943 		-63.5502 		6.3697
v -44.1186 		-63.5263 		6.3851
v -44.1238 		-63.5218 		6.3879
v -44.1235 		-63.5222 		6.3877
v -44.1262 		-63.5194 		6.3895
v -44.1263 		-63.5194 		6.3895
v -44.1235 		-63.5221 		6.3877
v -44.1272 		-63.519 		6.3897
v -44.1275 		-63.5189 		6.3898
v -44.124 		-63.5227 		6.3873
v -44.1266 		-63.5197 		6.3892
v -44.1199 		-63.5272 		6.3844
v -44.1139 		-63.5336 		6.3802
v -44.1061 		-63.5417 		6.3749
v -44.0965 		-63.5517 		6.3684
v -44.0716 		-63.5772 		6.352
v -44.0848 		-63.5635 		6.3609
v -44.0399 		-63.6091 		6.3314
v -44.0331 		-63.616 		6.3269
v -44.0398 		-63.6092 		6.3314
v -44 		-63.643 		6.31
v -44.0184 		-63.625 		6.3215
v -44.0215 		-63.6279 		6.3193
v -44.0018 		-63.6478 		6.3065
v -44 		-63.6495 		6.3053
v -44.3104 		-63.8449 		6.146
v -32.536 		-49.808 		3.1231
v -31.076 		-48.609 		5.13
v -31.076 		-48.609 		10.87
v -31.2822 		-48.2664 		5
v -31.635 		-48.759 		11.75
v -31.274 		-48.242 		5
v -31.7366 		-49.152 		4.0519
v -31.706 		-49.117 		4.0933
v -31.5449 		-48.8763 		4.3497
v -31.524 		-48.845 		4.3903
v -31.5964 		-48.9532 		4.25
v -31.524 		-48.845 		4.0555
v -31.4579 		-48.7115 		4.5288
v -31.4591 		-48.7139 		4.5263
v -31.379 		-48.552 		4.7207
v -31.3168 		-48.3682 		4.9005
v -31.8887 		-49.3261 		3.846
v -41.609 		-65.412 		10.74
v -32.439 		-49.76 		3.2127
v -32.2057 		-49.6048 		3.435
v -32.167 		-49.579 		3.4834
v -32.2074 		-49.6059 		3.4334
v -41.596 		-65.469 		10.752
v -32.4182 		-49.7462 		3.2325
v -31.921 		-49.363 		3.8023
v -41.584 		-65.3345 		10.5936
v -41.5831 		-65.3354 		10.5921
v -31.706 		-49.117 		1.798
v -31.3883 		-48.5708 		1.3466
v -31.3889 		-48.5721 		1.286
v -31.3932 		-48.5807 		1.4357
v -41.693 		-65.581 		10.893
v -31.4037 		-48.6018 		1.5165
v -31.4191 		-48.6331 		1.5849
v -31.4226 		-48.64 		1.5936
v -41.631 		-65.586 		10.836
v -31.6223 		-48.992 		1.6153
v -31.5887 		-48.9417 		1.6538
v -41.58 		-65.59 		10.769
v -31.6539 		-49.0391 		1.5666
v -41.692 		-65.644 		10.901
v -31.6827 		-49.0823 		1.5086
v -41.629 		-65.648 		10.843
v -31.7097 		-49.1212 		1.4451
v -31.706 		-49.117 		1.4524
v -41.577 		-65.652 		10.775
v -31.7366 		-49.152 		1.3798
v -41.693 		-65.707 		10.906
v -41.63 		-65.711 		10.848
v -41.577 		-65.716 		10.779
v -31.4399 		-48.675 		1.6371
v -41.697 		-65.77 		10.909
v -31.4642 		-48.7242 		1.673
v -41.633 		-65.775 		10.85
v -31.4917 		-48.7798 		1.6898
v -41.58 		-65.779 		10.78
v -31.5209 		-48.8387 		1.6896
v -31.5543 		-48.8903 		1.6794
v -31.524 		-48.845 		1.688
v -41.542 		-65.593 		10.694
v -31.4194 		-48.6337 		0.9694
v -31.4226 		-48.64 		0.9543
v -31.4056 		-48.6058 		1.0597
v -31.3951 		-48.5845 		1.1548
v -31.3893 		-48.5728 		1.2512
v -31.4562 		-48.708 		0.8101
v -31.4673 		-48.7305 		0.774
v -31.4366 		-48.6684 		0.8859
v -31 		-49.842 		0.998
v -53.7445 		-53.003 		14.25
v -53.7305 		-53 		14.2539
v -53.9289 		-53.0493 		14.1962
v -54.1282 		-53.1075 		14.1351
v -53.4905 		-53.6627 		14.0595
v -53.3369 		-53.5949 		14.115
v -50.1769 		-50.7032 		14.1247
v -50.0043 		-50.7891 		14.1906
v -49.8421 		-50.8629 		14.25
v -49.6914 		-50.9228 		14.3021
v -49.5571 		-50.9709 		14.3465
v -50.0519 		-50.3071 		14.0048
v -50.07 		-50.3348 		14.0113
v -50.1322 		-50.4328 		14.0347
v -50.1085 		-50.3962 		14.0261
v -50.0883 		-50.3643 		14.0184
v -50.1952 		-50.5311 		14.0581
v -50.1596 		-50.4763 		14.0451
v -50.2418 		-50.6056 		14.0759
v -50.2705 		-50.6503 		14.0866
v -52.6176 		-52.8394 		14.4178
v -52.6485 		-52.827 		14.407
v -52.698 		-52.8209 		14.3949
v -52.7661 		-52.8209 		14.3813
v -52.8618 		-52.8296 		14.3653
v -52.9897 		-52.8473 		14.3462
v -52.6645 		-51.8652 		14.0521
v -51.8745 		-52.2371 		14.3461
v -51.7959 		-52.2571 		14.3691
v -51.725 		-52.271 		14.3884
v -51.6629 		-52.2793 		14.4038
v -51.6075 		-52.2835 		14.4165
v -51.5601 		-52.2829 		14.4257
v -52.5326 		-51.9474 		14.1085
v -52.4046 		-52.0197 		14.1606
v -52.2822 		-52.0813 		14.2076
v -52.1658 		-52.1336 		14.25
v -51.614 		-51.8319 		14.25
v -51.6822 		-51.7737 		14.2151
v -51.7612 		-51.7125 		14.1769
v -52.0588 		-52.1767 		14.2872
v -51.9624 		-52.2107 		14.3189
v -52.0762 		-51.5099 		14.0398
v -51.8523 		-51.6475 		14.1349
v -51.9579 		-51.5799 		14.0891
v -51.4125 		-52.2285 		14.4353
v -51.4303 		-52.2459 		14.4382
v -51.5188 		-52.2785 		14.4324
v -51.4836 		-52.2707 		14.4366
v -51.4544 		-52.2598 		14.4384
v -51.3993 		-52.208 		14.4305
v -51.3919 		-52.1851 		14.4236
v -51.3897 		-52.159 		14.4145
v -51.3931 		-52.1303 		14.4033
v -51.403 		-52.0979 		14.3895
v -51.4186 		-52.0627 		14.3735
v -51.4419 		-52.0239 		14.3547
v -51.4718 		-51.9814 		14.3331
v -51.5101 		-51.9357 		14.3088
v -51.5568 		-51.8861 		14.2813
v -53.1644 		-52.8783 		14.3226
v -52.6127 		-52.9141 		14.4461
v -52.6411 		-52.954 		14.455
v -52.6001 		-52.8827 		14.4371
v -52.6017 		-52.8582 		14.4278
v -53.4063 		-52.9274 		14.2922
v -50.265 		-50.642 		14.058
v -40.499 		-65.9917 		8.125
v -40.499 		-65.9952 		8.177
v -40.499 		-66 		8.177
v -40.499 		-66 		8.125
v -40.5 		-66 		8.096
v -40.491 		-65.9946 		8.177
v -40.491 		-66 		8.177
v -40.491 		-65.9912 		8.125
v -40.491 		-66 		8.125
v -39.664 		-61.805 		14.25
v -43.4 		-64.279 		11
v -43.593 		-64.531 		10.355
v -43.041 		-64.901 		10.355
v -41.538 		-65.656 		10.699
v -43.734 		-64.715 		9.674
v -43.156 		-65.101 		9.674
v -41.537 		-65.719 		10.702
v -43.82 		-64.826 		8.968
v -43.226 		-65.222 		8.968
v -41.54 		-65.783 		10.703
v -43.848 		-64.863 		8.25
v -43.25 		-65.263 		8.25
v -41.514 		-65.538 		10.529
v -43.8433 		-64.8568 		8.1289
v -41.517 		-65.597 		10.614
v -43.9256 		-64.7883 		8.1717
v -43.6934 		-64.9522 		8.0716
v -43.627 		-64.9946 		8.0461
v -41.506 		-65.599 		10.53
v -43.3566 		-65.1672 		7.9413
v -43.2381 		-65.2428 		7.8955
v -43.0981 		-65.3092 		7.8576
v -43.7734 		-64.2221 		5.9145
v -43.8934 		-64.1466 		5.9599
v -41.512 		-65.659 		10.617
v -43.4919 		-64.3989 		5.8075
v -43.4 		-64.279 		5.5
v -41.501 		-65.662 		10.532
v -40.499 		-65.6018 		7.823
v -40.4986 		-65.6146 		7.814
v -40.491 		-65.6026 		7.823
v -40.4914 		-65.6152 		7.814
v -41.511 		-65.723 		10.619
v -40.498 		-65.6583 		7.783
v -40.4977 		-65.664 		7.779
v -40.498 		-65.6316 		7.802
v -41.5 		-65.725 		10.533
v -40.493 		-65.664 		7.7793
v -40.493 		-65.6616 		7.781
v -40.492 		-65.6321 		7.802
v -40.493 		-65.6588 		7.783
v -43.0949 		-64.5969 		5.6934
v -43.1516 		-64.5686 		5.7098
v -43.4656 		-64.412 		5.7999
v -40.496 		-65.7022 		7.752
v -40.495 		-65.7052 		7.75
v -40.497 		-65.6782 		7.769
v -40.496 		-65.6924 		7.759
v -41.514 		-65.786 		10.62
v -40.493 		-65.6785 		7.769
v -40.494 		-65.7024 		7.752
v -40.494 		-65.6925 		7.759
v -41.503 		-65.789 		10.533
v -40.4944 		-65.7036 		7.7512
v -40.4947 		-65.7044 		7.7506
v -40.4986 		-65.9714 		7.814
v -40.499 		-65.972 		7.823
v -40.499 		-66 		7.823
v -40.499 		-65.9754 		7.875
v -42 		-66.002 		10.636
v -40.499 		-66 		7.875
v -40.5 		-66 		7.904
v -40.491 		-65.9749 		7.875
v -40.491 		-65.9715 		7.823
v -41.972 		-66 		10.636
v -40.491 		-66 		7.875
v -40.491 		-66 		7.823
v -40.4914 		-65.9709 		7.814
v -40.495 		-65.9669 		7.75
v -40.496 		-65.9671 		7.752
v -40.496 		-66 		7.752
v -40.495 		-66 		7.75
v -40.496 		-65.9676 		7.759
v -40.497 		-65.9683 		7.769
v -40.497 		-66 		7.769
v -40.496 		-66 		7.759
v -40.498 		-65.9693 		7.783
v -40.498 		-66 		7.783
v -40.498 		-65.9705 		7.802
v -40.498 		-66 		7.802
v -40.492 		-65.9702 		7.802
v -40.493 		-65.9688 		7.781
v -40.493 		-65.9681 		7.769
v -40.493 		-66 		7.769
v -40.494 		-65.9675 		7.759
v -40.494 		-65.967 		7.752
v -40.494 		-66 		7.759
v -40.494 		-66 		7.752
v -40.4944 		-65.967 		7.7512
v -40.492 		-66 		7.802
v -40.493 		-65.969 		7.783
v -40.493 		-66 		7.783
v -40.4947 		-65.967 		7.7506
v -41.5547 		-65.3917 		10.491
v -41.5492 		-65.4127 		10.4513
v -41.546 		-65.422 		10.451
v -41.5501 		-65.4223 		10.4319
v -37.132 		-63.868 		5.5
v -37.844 		-63.962 		4.902
v -41.53 		-65.48 		10.449
v -37.415 		-63.585 		4.902
v -41.555 		-65.45 		10.3747
v -41.547 		-65.481 		10.372
v -38.132 		-63.585 		4.361
v -42.174 		-63.4 		3.887
v -38.826 		-63.4 		3.887
v -38.462 		-63.156 		3.887
v -41.5743 		-65.4704 		10.3132
v -38.555 		-63.868 		4.361
v -41.576 		-65.4719 		10.308
v -41.5605 		-65.4587 		10.355
v -40.063 		-63.82 		3.887
v -41.5787 		-65.4741 		10.3
v -41.577 		-65.481 		10.299
v -39.633 		-63.734 		3.887
v -39.219 		-63.593 		3.887
v -41.781 		-63.593 		3.887
v -41.367 		-63.734 		3.887
v -40.937 		-63.82 		3.887
v -40.5 		-63.848 		3.887
v -41.5954 		-65.481 		10.2703
v -41.6096 		-65.4866 		10.246
v -41.6184 		-65.4901 		10.2308
v -41.6186 		-65.4901 		10.2305
v -41.6585 		-65.4983 		10.1837
v -41.6705 		-65.5008 		10.1696
v -41.6289 		-65.4922 		10.2185
v -39.695 		-62.445 		3.169
v -40.132 		-61.875 		2.938
v -42.028 		-66 		10.636
v -41.6969 		-65.5029 		10.1484
v -41.704 		-65.5035 		10.1428
v -41.94 		-66.008 		10.607
v -41.937 		-66.018 		10.576
v -41.7329 		-65.5057 		10.1198
v -41.7336 		-65.5058 		10.1193
v -41.908 		-66.008 		10.576
v -41.74 		-65.5057 		10.1159
v -41.518 		-65.54 		10.447
v -41.509 		-65.601 		10.446
v -41.936 		-66.025 		10.544
v -41.905 		-66.014 		10.544
v -41.876 		-66 		10.544
v -41.505 		-65.664 		10.446
v -41.935 		-66.027 		10.511
v -41.904 		-66.016 		10.511
v -41.875 		-66.002 		10.511
v -41.504 		-65.727 		10.446
v -41.507 		-65.791 		10.446
v -42.06 		-66.008 		10.607
v -42.03 		-66.014 		10.607
v -41.536 		-65.541 		10.367
v -41.567 		-65.541 		10.292
v -42 		-66.016 		10.607
v -41.97 		-66.014 		10.607
v -41.528 		-65.602 		10.364
v -41.56 		-65.602 		10.286
v -42.063 		-66.018 		10.576
v -42.032 		-66.025 		10.576
v -42 		-66.027 		10.576
v -41.968 		-66.025 		10.576
v -41.524 		-65.665 		10.362
v -42.064 		-66.025 		10.544
v -42.032 		-66.031 		10.544
v -42 		-66.033 		10.544
v -41.968 		-66.031 		10.544
v -42.065 		-66.027 		10.511
v -42.033 		-66.033 		10.511
v -42 		-66.035 		10.511
v -41.967 		-66.033 		10.511
v -40.141 		-63.226 		3.487
v -39.788 		-63.156 		3.487
v -42.092 		-66.008 		10.576
v -39.448 		-63.041 		3.487
v -39.125 		-62.882 		3.487
v -42.124 		-66 		10.544
v -42.095 		-66.014 		10.544
v -42.125 		-66.002 		10.511
v -42.096 		-66.016 		10.511
v -41.936 		-66.025 		10.478
v -40.225 		-62.587 		3.169
v -41.905 		-66.014 		10.478
v -41.876 		-66 		10.478
v -41.937 		-66.018 		10.446
v -39.955 		-62.533 		3.169
v -41.908 		-66.008 		10.446
v -41.556 		-65.665 		10.283
v -41.94 		-66.008 		10.415
v -41.523 		-65.728 		10.361
v -41.556 		-65.728 		10.281
v -41.526 		-65.792 		10.361
v -41.559 		-65.792 		10.28
v -41.528 		-46.945 		14.25
v -40.868 		-61.875 		2.938
v -40.686 		-61.911 		2.938
v -40.5 		-61.924 		2.938
v -40.314 		-61.911 		2.938
v -41.611 		-65.54 		10.222
v -41.666 		-65.539 		10.162
v -41.605 		-65.602 		10.215
v -41.662 		-65.6 		10.153
v -41.603 		-65.664 		10.21
v -41.661 		-65.663 		10.147
v -41.731 		-65.537 		10.112
v -41.729 		-65.598 		10.102
v -41.729 		-65.661 		10.094
v -41.603 		-65.728 		10.207
v -41.661 		-65.726 		10.143
v -41.73 		-65.724 		10.09
v -41.606 		-65.791 		10.207
v -41.665 		-65.79 		10.143
v -41.305 		-62.445 		3.169
v -41.552 		-62.323 		3.169
v -41.212 		-63.156 		3.487
v -40.859 		-63.226 		3.487
v -40.5 		-63.25 		3.487
v -41.045 		-62.533 		3.169
v -40.775 		-62.587 		3.169
v -40.5 		-62.605 		3.169
v -42.174 		-62.682 		3.487
v -41.875 		-62.882 		3.487
v -41.552 		-63.041 		3.487
v -42.064 		-66.025 		10.478
v -42.032 		-66.031 		10.478
v -42 		-66.033 		10.478
v -41.968 		-66.031 		10.478
v -42.063 		-66.018 		10.446
v -42.032 		-66.025 		10.446
v -42 		-66.027 		10.446
v -41.968 		-66.025 		10.446
v -42 		-66.016 		10.415
v -41.97 		-66.014 		10.415
v -42 		-66.002 		10.386
v -41.972 		-66 		10.386
v -41.734 		-65.788 		10.089
v -42.06 		-66.008 		10.415
v -42.03 		-66.014 		10.415
v -31.7367 		-49.1521 		1.3796
v -42.028 		-66 		10.386
v -31.7597 		-49.1784 		1.3102
v -31.7663 		-49.1859 		1.286
v -42.095 		-66.014 		10.478
v -42.092 		-66.008 		10.446
v -41.9646 		-65.0065 		5.4773
v -42.533 		-65.408 		9.674
v -42.587 		-65.538 		8.968
v -42.605 		-65.581 		8.25
v -41.741 		-65 		8.1675
v -41.7425 		-65 		8.1674
v -41.749 		-65 		8.167
v -41.745 		-65.8485 		8.25
v -41.747 		-65.253 		10.787
v -43.962 		-63.156 		4.902
v -41.741 		-65.024 		8.1504
v -41.749 		-65.024 		8.1499
v -43.25 		-63.25 		4.361
v -41.7402 		-65.0918 		8.1022
v -41.741 		-65.0597 		8.125
v -42.868 		-62.868 		3.887
v -41.749 		-65.059 		8.125
v -42.538 		-63.156 		3.887
v -41.7409 		-65.408 		7.8779
v -43.868 		-63.868 		5.5
v -41.7491 		-65.408 		7.8774
v -43.585 		-63.585 		4.902
v -41.7414 		-65.498 		7.814
v -41.741 		-65.4854 		7.823
v -41.741 		-65.4121 		7.875
v -43.156 		-63.962 		4.902
v -41.749 		-65.4114 		7.875
v -41.749 		-65.4846 		7.823
v -41.7486 		-65.4973 		7.814
v -42.868 		-63.585 		4.361
v -42.445 		-63.868 		4.361
v -43.041 		-61.552 		13.013
v -43.156 		-62.538 		12.614
v -43.25 		-63.25 		12.139
v -43.156 		-63.962 		11.599
v -43.293 		-63.309 		6.5941
v -41.305 		-62.445 		13.332
v -42.323 		-61.552 		13.332
v -42.17 		-61.781 		13.332
v -41.988 		-61.988 		13.332
v -41.781 		-62.17 		13.332
v -41.552 		-62.323 		13.332
v -41.045 		-62.533 		13.332
v -40.775 		-62.587 		13.332
v -31.7791 		-49.2006 		1.2389
v -31.7946 		-49.2183 		1.1672
v -31.8063 		-49.2317 		1.0968
v -31.8144 		-49.241 		1.0284
v -40.5 		-62.605 		13.332
v -31.8195 		-49.2468 		0.962
v -41.212 		-63.156 		13.013
v -31.8211 		-49.2487 		0.8994
v -40.859 		-63.226 		13.013
v -40.5 		-63.25 		13.013
v -42.174 		-62.682 		13.013
v -41.875 		-62.882 		13.013
v -41.552 		-63.041 		13.013
v -42.174 		-63.4 		12.614
v -41.781 		-63.593 		12.614
v -41.367 		-63.734 		12.614
v -40.937 		-63.82 		12.614
v -40.5 		-63.848 		12.614
v -40.5 		-63.1486 		7.942
v -40.5 		-63.232 		8.0012
v -40.5 		-63.3656 		8.096
v -42.882 		-61.875 		13.013
v -42.682 		-62.174 		13.013
v -42.445 		-62.445 		13.013
v -42.868 		-62.868 		12.614
v -42.538 		-63.156 		12.614
v -42.6343 		-65.5292 		7.7329
v -42.8181 		-65.4421 		7.7822
v -42.8534 		-65.4254 		7.7918
v -42.868 		-63.585 		12.139
v -42.445 		-63.868 		12.139
v -42.5917 		-65.5493 		7.7214
v -31.8197 		-49.2471 		0.8403
v -31.8155 		-49.2423 		0.7857
v -31.8139 		-49.2405 		0.774
v -41.924 		-65.813 		8.25
v -31.7219 		-49.1352 		0.539
v -31.7366 		-49.152 		0.5538
v -31.706 		-49.117 		0.5286
v -31.7019 		-49.1109 		0.5251
v -31.6828 		-49.0823 		0.5151
v -41.829 		-65.829 		10.688
v -41.825 		-65.806 		10.688
v -41.808 		-65.835 		10.663
v -41.803 		-65.809 		10.663
v -41.791 		-65.84 		10.636
v -41.785 		-65.812 		10.636
v -41.828 		-65.883 		10.663
v -41.817 		-65.86 		10.663
v -31.6625 		-49.052 		0.5117
v -41.828 		-65.916 		10.636
v -31.6407 		-49.0194 		0.5146
v -41.812 		-65.892 		10.636
v -31.6179 		-48.9854 		0.5242
v -41.8 		-65.867 		10.636
v -31.5942 		-48.9499 		0.5417
v -31.5697 		-48.9132 		0.566
v -31.5446 		-48.8758 		0.5983
v -31.524 		-48.845 		0.632
v -31.5201 		-48.8372 		0.6389
v -31.4984 		-48.7932 		0.6868
v -31.4766 		-48.7492 		0.7439
v -41.8 		-65.9 		10.607
v -41.787 		-65.872 		10.607
v -41.777 		-65.843 		10.607
v -31.8086 		-49.2344 		0.7355
v -41.771 		-65.814 		10.607
v -31.7993 		-49.2238 		0.6901
v -44.396 		-57.058 		14.25
v -31.7879 		-49.2107 		0.6492
v -41.791 		-65.905 		10.576
v -31.7741 		-49.1949 		0.6136
v -31.7587 		-49.1773 		0.5832
v -31.7411 		-49.1571 		0.5583
v -41.7428 		-65.536 		7.787
v -41.742 		-65.5149 		7.802
v -41.748 		-65.536 		7.7866
v -41.748 		-65.5143 		7.802
v -41.743 		-65.8476 		8.231
v -41.743 		-65.8467 		8.217
v -41.742 		-65.8456 		8.198
v -41.744 		-65.8486 		8.248
v -41.744 		-65.8486 		8.2478
v -41.744 		-65.8481 		8.241
v -41.7447 		-65.8485 		8.2494
v -41.746 		-65.8482 		8.248
v -41.746 		-65.8482 		8.2478
v -41.747 		-65.8468 		8.231
v -41.746 		-65.8477 		8.241
v -41.748 		-65.8457 		8.217
v -41.748 		-65.8444 		8.198
v -41.741 		-65.8444 		8.177
v -41.741 		-65.8409 		8.125
v -41.749 		-65.8428 		8.177
v -41.749 		-65.8393 		8.125
v -41.777 		-65.876 		10.576
v -41.767 		-65.846 		10.576
v -33.467 		-44.467 		5.13
v -41.761 		-65.815 		10.576
v -33.876 		-44.876 		4.25
v -41.744 		-65.5851 		7.752
v -41.744 		-65.5753 		7.759
v -41.743 		-65.5613 		7.769
v -41.743 		-65.5416 		7.783
v -41.748 		-65.5411 		7.783
v -41.747 		-65.5609 		7.769
v -41.746 		-65.5807 		7.755
v -41.746 		-65.585 		7.752
v -33.689 		-45.095 		4.2458
v -41.7458 		-65.5857 		7.7515
v -41.746 		-65.5751 		7.759
v -41.7456 		-65.5862 		7.7512
v -41.741 		-65.8205 		7.823
v -41.7414 		-65.8198 		7.814
v -41.741 		-65.824 		7.875
v -41.749 		-65.8189 		7.823
v -41.749 		-65.8224 		7.875
v -41.7486 		-65.8184 		7.814
v -41.744 		-65.8151 		7.752
v -41.743 		-65.8164 		7.769
v -41.744 		-65.8156 		7.759
v -41.742 		-65.8189 		7.802
v -41.743 		-65.8174 		7.783
v -41.785 		-65.908 		10.544
v -41.771 		-65.879 		10.544
v -41.761 		-65.848 		10.544
v -41.748 		-65.8164 		7.783
v -41.748 		-65.8177 		7.802
v -41.746 		-65.8147 		7.752
v -41.746 		-65.8149 		7.755
v -41.747 		-65.8157 		7.769
v -41.754 		-65.816 		10.544
v -41.7458 		-65.8147 		7.7515
v -41.746 		-65.8152 		7.759
v -41.783 		-65.909 		10.511
v -41.7456 		-65.8147 		7.7512
v -41.769 		-65.88 		10.511
v -41.759 		-65.848 		10.511
v -41.752 		-65.816 		10.511
v -33.964 		-43.134 		7.021
v -33.17 		-44.17 		6.059
v -34.12 		-43.337 		6.059
v -41.817 		-65.925 		10.607
v -41.829 		-65.955 		10.576
v -39.528 		-66 		10.636
v -39.5 		-66.002 		10.636
v -39.472 		-66 		10.636
v -33.876 		-44.876 		11.75
v -33.467 		-44.467 		10.87
v -33.17 		-44.17 		9.941
v -34.12 		-43.337 		9.941
v -33.964 		-43.134 		8.979
v -33.912 		-43.066 		8
v -49.89 		-52.679 		14.25
v -40.5 		-63.0951 		7.904
v -40.5 		-63.104 		7.9104
v -39.376 		-66 		10.544
v -39.375 		-66.002 		10.511
v -33.706 		-46.17 		12.566
v -39.5 		-66.016 		10.607
v -39.47 		-66.014 		10.607
v -39.44 		-66.008 		10.607
v -39.5 		-66.027 		10.576
v -39.468 		-66.025 		10.576
v -39.437 		-66.018 		10.576
v -39.408 		-66.008 		10.576
v -39.5 		-66.033 		10.544
v -39.468 		-66.031 		10.544
v -40.196 		-54.487 		20
v -40 		-54.5 		20
v -39.804 		-54.487 		20
v -39.612 		-54.449 		20
v -39.426 		-54.386 		20
v -39.25 		-54.299 		20
v -39.087 		-54.19 		20
v -38.939 		-54.061 		20
v -39.436 		-66.025 		10.544
v -39.405 		-66.014 		10.544
v -39.5 		-66.035 		10.511
v -41.808 		-65.931 		10.576
v -39.467 		-66.033 		10.511
v -39.435 		-66.027 		10.511
v -39.404 		-66.016 		10.511
v -41.825 		-65.96 		10.544
v -41.803 		-65.935 		10.544
v -41.823 		-65.961 		10.511
v -39.56 		-66.008 		10.607
v -41.802 		-65.937 		10.511
v -39.53 		-66.014 		10.607
v -39.592 		-66.008 		10.576
v -39.563 		-66.018 		10.576
v -39.532 		-66.025 		10.576
v -33.2314 		-45.1432 		4.7203
v -33.363 		-45.117 		4.5959
v -42.023 		-65.806 		10.759
v -42.02 		-65.809 		10.759
v -42.016 		-65.812 		10.759
v -33.6837 		-45.0954 		4.25
v -34.015 		-45.117 		3.9541
v -39.804 		-54.487 		16.6309
v -39.612 		-54.449 		16.5683
v -39.5305 		-54.4214 		16.544
v -34.1239 		-45.1387 		3.846
v -40.196 		-54.487 		16.6309
v -40.296 		-54.4672 		16.5983
v -34.1424 		-45.1424 		3.8276
v -34.152 		-45.1443 		3.8189
v -40.913 		-54.19 		16.4281
v -41.0504 		-54.0703 		16.4018
v -40.75 		-54.299 		16.4659
v -40.574 		-54.386 		16.5129
v -40.388 		-54.449 		16.5683
v -40.4212 		-54.4378 		16.5584
v -33.363 		-50.074 		2.4556
v -34.876 		-61.192 		17.125
v -40.9513 		-62.368 		7.418
v -40.9511 		-62.368 		7.418
v -40.936 		-62.3694 		7.418
v -36.13 		-59.371 		5.13
v -40.951 		-62.368 		7.418
v -36.1857 		-59.3443 		5.0558
v -40.936 		-62.368 		7.419
v -36.285 		-59.371 		4.902
v -36.2861 		-59.3039 		4.9328
v -36.3113 		-59.2937 		4.902
v -39.564 		-66.025 		10.544
v -39.532 		-66.031 		10.544
v -39.565 		-66.027 		10.511
v -39.533 		-66.033 		10.511
v -36.686 		-59.001 		4.25
v -39.624 		-66 		10.544
v -39.595 		-66.014 		10.544
v -39.625 		-66.002 		10.511
v -39.596 		-66.016 		10.511
v -36.8333 		-59.1483 		4.3905
v -36.8639 		-59.1383 		4.361
v -36.592 		-59.2275 		4.6225
v -36.4933 		-59.2508 		4.7209
v -39.376 		-66 		10.478
v -39.5 		-66.033 		10.478
v -39.468 		-66.031 		10.478
v -42.012 		-65.814 		10.759
v -39.436 		-66.025 		10.478
v -42.008 		-65.815 		10.759
v -42.004 		-65.816 		10.759
v -39.405 		-66.014 		10.478
v -41.996 		-65.816 		10.759
v -39.5 		-66.027 		10.446
v -41.992 		-65.815 		10.759
v -41.988 		-65.814 		10.759
v -39.468 		-66.025 		10.446
v -41.984 		-65.812 		10.759
v -39.437 		-66.018 		10.446
v -41.98 		-65.809 		10.759
v -41.977 		-65.806 		10.759
v -41.974 		-65.803 		10.759
v -39.408 		-66.008 		10.446
v -41.972 		-65.8 		10.759
v -41.97 		-65.796 		10.759
v -33.363 		-50.074 		1.798
v -40.936 		-62.3692 		7.4182
v -40.936 		-62.3692 		7.4182
v -39.5 		-66.016 		10.415
v -40.936 		-62.3723 		7.416
v -40.936 		-62.3707 		7.4171
v -40.936 		-62.3718 		7.4163
v -40.936 		-62.3694 		7.418
v -40.808 		-62.3814 		7.418
v -40.808 		-62.4087 		7.3986
v -40.808 		-62.3936 		7.4093
v -40.808 		-62.4038 		7.4021
v -40.808 		-62.3814 		7.418
v -39.47 		-66.014 		10.415
v -39.44 		-66.008 		10.415
v -38.4112 		-41.64 		14
v -38.2746 		-41.4416 		14
v -37.9443 		-41.8155 		14
v -37.9206 		-41.8024 		14
v -38.158 		-41.9264 		14
v -38.1852 		-41.3185 		14
v -38.4245 		-41.5038 		14.1246
v -38.3343 		-41.4264 		14.0761
v -37.993 		-41.8846 		14.0429
v -38.0756 		-41.9684 		14.0899
v -38.2368 		-41.352 		14.0255
v -39.5 		-66.002 		10.386
v -40.574 		-51.614 		20
v -40.75 		-51.701 		20
v -40.913 		-51.81 		20
v -39.564 		-66.025 		10.478
v -39.532 		-66.031 		10.478
v -39.592 		-66.008 		10.446
v -39.563 		-66.018 		10.446
v -39.532 		-66.025 		10.446
v -39.595 		-66.014 		10.478
v -39.56 		-66.008 		10.415
v -39.53 		-66.014 		10.415
v -37.0072 		-59.11 		4.25
v -37.0813 		-59.0842 		4.1958
v -37.407 		-59.219 		3.887
v -37.4582 		-58.9734 		3.9417
v -37.5393 		-58.9496 		3.887
v -35.778 		-61.122 		5.5
v -35.737 		-60.5 		5.5
v -35.778 		-59.878 		5.5
v -35.732 		-59.4848 		5.7468
v -35.8251 		-59.4451 		5.577
v -35.8673 		-59.4272 		5.5
v -39.2584 		-65.1331 		5.5675
v -39.267 		-65.101 		5.5
v -32.71 		-56.711 		0.998
v -39.3185 		-65.1405 		5.5583
v -36.174 		-61.07 		4.902
v -39.5864 		-65.1731 		5.5176
v -39.7023 		-65.1872 		5.5
v -36.137 		-60.5 		4.902
v -39.2567 		-65.1327 		5.5679
v -36.174 		-59.93 		4.902
v -39.8802 		-65.2057 		5.4753
v -39.9012 		-65.206 		5.4737
v -40.2108 		-65.2101 		5.4493
v -39.8595 		-65.2035 		5.4782
v -36.644 		-59.992 		4.361
v -40.4355 		-65.2135 		5.4323
v -36.743 		-59.493 		4.361
v -37.18 		-60.063 		3.887
v -37.266 		-59.633 		3.887
v -40.2219 		-65.9392 		7.6018
v -40.0151 		-65.927 		7.6241
v -39.8927 		-65.9198 		7.6375
v -39.7882 		-65.9137 		7.649
v -39.787 		-65.9137 		7.6491
v -36.644 		-61.008 		4.361
v -39.5585 		-65.8713 		7.6943
v -39.3037 		-65.824 		7.7446
v -39.2958 		-65.8225 		7.7462
v -36.611 		-60.5 		4.361
v -40.4158 		-65.9506 		7.5811
v -42.028 		-65.8 		10.759
v -42.026 		-65.803 		10.759
v -39.93 		-64.826 		4.902
v -39.371 		-64.715 		4.902
v -41.892 		-65.846 		10.728
v -41.885 		-65.831 		10.728
v -41.879 		-65.816 		10.728
v -41.876 		-65.8 		10.728
v -39.992 		-64.356 		4.361
v -39.493 		-64.257 		4.361
v -41.859 		-65.842 		10.709
v -39.012 		-64.093 		4.361
v -41.853 		-65.823 		10.709
v -41.849 		-65.803 		10.709
v -37.266 		-61.367 		3.887
v -37.18 		-60.937 		3.887
v -37.152 		-60.5 		3.887
v -41.954 		-65.829 		10.752
v -41.949 		-65.823 		10.752
v -41.944 		-65.816 		10.752
v -41.94 		-65.808 		10.752
v -41.937 		-65.8 		10.752
v -36.1504 		-58.1588 		3.6669
v -36.1976 		-58.1558 		3.6404
v -37.844 		-61.212 		3.487
v -37.774 		-60.859 		3.487
v -41.932 		-65.851 		10.742
v -37.75 		-60.5 		3.487
v -41.924 		-65.842 		10.742
v -37.774 		-60.141 		3.487
v -41.917 		-65.831 		10.742
v -37.844 		-59.788 		3.487
v -37.959 		-59.448 		3.487
v -41.912 		-65.82 		10.742
v -41.908 		-65.808 		10.742
v -41.905 		-65.796 		10.742
v -38.413 		-60.225 		3.169
v -38.467 		-59.955 		3.169
v -39.1528 		-64 		6.3791
v -41.892 		-65.892 		10.709
v -39.8491 		-64.512 		5.9693
v -39.776 		-64.467 		6.0061
v -39.7003 		-64.4088 		6.0523
v -39.627 		-64.3526 		6.0973
v -41.879 		-65.877 		10.709
v -39.5266 		-64.2589 		6.1707
v -39.49 		-64.2245 		6.1975
v -41.868 		-65.86 		10.709
v -39.3764 		-64.0919 		6.2991
v -39.369 		-64.0833 		6.3058
v -39.311 		-64 		6.3686
v -40.288 		-64.7153 		5.7957
v -40.296 		-64.7173 		5.7937
v -40.108 		-64.6493 		5.8551
v -40.1091 		-64.6497 		5.8547
v -40.2815 		-64.7129 		5.7978
v -40.1073 		-64.6489 		5.8554
v -39.937 		-64.5661 		5.9252
v -40.0883 		-64.6396 		5.8633
v -39.8944 		-64.5399 		5.9465
v -39.9028 		-64.5451 		5.9423
v -40.3365 		-64.7276 		5.7836
v -38.413 		-60.775 		3.169
v -40.3905 		-64.7415 		5.7702
v -40.391 		-64.7417 		5.77
v -40.3938 		-64.7424 		5.7693
v -38.395 		-60.5 		3.169
v -40.4838 		-64.7322 		5.7707
v -41.1731 		-63.4778 		6.6155
v -41.1447 		-63.4807 		6.6153
v -41.1268 		-63.4826 		6.6152
v -41.082 		-63.4875 		6.6147
v -41.0774 		-63.488 		6.6147
v -39.125 		-60.868 		2.938
v -38.8096 		-65.0334 		5.6687
v -38.924 		-65.0589 		5.643
v -38.118 		-64.625 		5.5
v -37.6 		-64.279 		5.5
v -38.677 		-64.901 		5.5
v -38.6379 		-64.9953 		5.7071
v -38.5714 		-64.9733 		5.7271
v -41.32 		-63.4616 		6.6171
v -41.2784 		-63.4664 		6.6166
v -41.2066 		-63.4743 		6.6158
v -38.83 		-64.531 		4.902
v -41.2458 		-63.4701 		6.6162
v -41.2494 		-63.4697 		6.6163
v -41.2403 		-63.4707 		6.6162
v -38.318 		-64.279 		4.902
v -41.21 		-63.474 		6.6158
v -38.9052 		-64.9098 		5.75
v -38.9076 		-64.9096 		5.75
v -38.9128 		-64.9091 		5.75
v -39.089 		-60.686 		2.938
v -38.913 		-64.9091 		5.75
v -38.9136 		-64.9091 		5.75
v -42.1817 		-63.3684 		6.6261
v -42.1373 		-63.3732 		6.6256
v -41.9736 		-63.3906 		6.6242
v -41.9229 		-63.3958 		6.6238
v -42.344 		-63.351 		6.6277
v -41.952 		-65.867 		10.742
v -41.942 		-65.86 		10.742
v -41.8487 		-63.4037 		6.623
v -41.796 		-63.4093 		6.6224
v -41.7613 		-63.4132 		6.622
v -41.7597 		-63.4134 		6.622
v -41.7032 		-63.4198 		6.6213
v -41.952 		-65.9 		10.728
v -41.937 		-65.892 		10.728
v -41.6404 		-63.4269 		6.6206
v -41.924 		-65.883 		10.728
v -41.912 		-65.872 		10.728
v -41.901 		-65.86 		10.728
v -41.924 		-65.916 		10.709
v -41.907 		-65.905 		10.709
v -37.18 		-64.826 		7.532
v -37.2136 		-64.8649 		7.7436
v -37.2405 		-64.8724 		7.6082
v -37.2556 		-64.8764 		7.532
v -36.644 		-64.356 		7.532
v -37.3815 		-64.8303 		6.9873
v -37.2789 		-64.8581 		7.3901
v -41.6326 		-63.4277 		6.6205
v -41.5253 		-63.4392 		6.6195
v -41.4995 		-63.4421 		6.6192
v -41.369 		-63.456 		6.6177
v -41.352 		-63.458 		6.6175
v -41.4335 		-63.4492 		6.6184
v -37.4086 		-64.8231 		6.881
v -37.4281 		-64.8233 		6.827
v -37.266 		-64.715 		6.827
v -36.743 		-64.257 		6.827
v -37.559 		-64.7292 		6.3828
v -37.5697 		-64.7216 		6.3462
v -37.6515 		-64.6949 		6.146
v -37.407 		-64.531 		6.146
v -36.907 		-64.093 		6.146
v -37.6921 		-64.6461 		6.0173
v -37.8342 		-64.7093 		5.963
v -37.8533 		-64.7178 		5.9557
v -37.556 		-64.459 		6.159
v -37.373 		-64.143 		6.396
v -38.0216 		-64.7924 		5.8917
v -38.2111 		-64.8547 		5.835
v -42.934 		-63.2937 		6.6289
v -42.9357 		-63.2863 		6.634
v -42.9359 		-63.2856 		6.6345
v -42.873 		-63.4758 		6.5038
v -42.8739 		-63.4731 		6.5056
v -42.8812 		-63.4514 		6.5206
v -39.076 		-60.5 		2.938
v -42.9029 		-63.3865 		6.565
v -42.8675 		-63.488 		6.4955
v -42.9089 		-63.2885 		6.6342
v -42.7489 		-63.3061 		6.6323
v -42.4866 		-63.3355 		6.6292
v -42.359 		-63.3494 		6.6278
v -42.4329 		-63.3415 		6.6286
v -42.4397 		-63.3408 		6.6286
v -38.555 		-61.305 		3.169
v -42.6559 		-63.488 		6.5098
v -41.0097 		-63.4956 		6.6139
v -41.02 		-63.4945 		6.6139
v -40.9575 		-63.5009 		6.6134
v -40.6472 		-63.5346 		6.61
v -40.589 		-63.5408 		6.6095
v -40.7129 		-63.5277 		6.6106
v -40.6766 		-63.5316 		6.6102
v -40.8935 		-63.5077 		6.6127
v -40.514 		-63.5493 		6.6087
v -40.5 		-63.5508 		6.6085
v -40.7723 		-63.5214 		6.6112
v -40.8925 		-63.5078 		6.6127
v -40.8264 		-63.5155 		6.6117
v -40.7548 		-63.5232 		6.611
v -38.467 		-61.045 		3.169
v -39.267 		-61.212 		2.938
v -39.185 		-61.045 		2.938
v -39.371 		-61.367 		2.938
v -40.5 		-63.5873 		6.5827
v -42.8193 		-63.5953 		6.4228
v -42.794 		-63.6517 		6.3844
v -42.8145 		-63.606 		6.4155
v -42.7104 		-63.7982 		6.2858
v -42.698 		-63.8199 		6.2712
v -42.586 		-63.9799 		6.1652
v -42.5754 		-63.9924 		6.1571
v -36.099 		-62.323 		5.5
v -35.899 		-61.733 		5.5
v -36.721 		-63.4 		5.5
v -36.375 		-62.882 		5.5
v -39.263 		-63.931 		6.4207
v -39.272 		-63.944 		6.411
v -39.2517 		-63.9102 		6.4362
v -39.174 		-63.7676 		6.5426
v -39.1535 		-63.7183 		6.5789
v -39.1449 		-63.6976 		6.5941
v -39.1457 		-63.6994 		6.5928
v -39.1872 		-63.6929 		6.5946
v -39.272 		-63.6836 		6.5956
v -33.84 		-54.514 		2.7163
v -33.8181 		-54.5583 		2.75
v -33.5903 		-56.0641 		3.7061
v -33.576 		-55.991 		3.6641
v -33.5721 		-55.9326 		3.6242
v -33.129 		-54.967 		3.435
v -39.961 		-42.122 		14.25
v -33.554 		-55.665 		3.4739
v -33.5578 		-55.6084 		3.435
v -33.576 		-55.339 		3.2936
v -33.639 		-55.018 		3.0957
v -33.744 		-54.708 		2.8731
v -33.8104 		-54.5739 		2.7618
v -33.8094 		-54.5759 		2.7635
v -33.467 		-53.706 		2.697
v -37.038 		-63.156 		4.902
v -36.721 		-62.682 		4.902
v -36.469 		-62.17 		4.902
v -36.285 		-61.629 		4.902
v -37.132 		-62.445 		4.361
v -36.907 		-61.988 		4.361
v -36.743 		-61.507 		4.361
v -37.6 		-62.174 		3.887
v -41.875 		-65.909 		10.688
v -37.407 		-61.781 		3.887
v -41.86 		-65.892 		10.688
v -41.847 		-65.872 		10.688
v -41.837 		-65.851 		10.688
v -38.6437 		-64 		6.4127
v -38.645 		-64.0014 		6.4117
v -38.6487 		-64 		6.4124
v -38.6568 		-64.0083 		6.406
v -38.6523 		-64.0087 		6.406
v -37.75 		-63.25 		4.361
v -37.415 		-62.868 		4.361
v -41.843 		-65.905 		10.663
v -38.6983 		-64.0496 		6.3739
v -38.6635 		-64.015 		6.4008
v -38.132 		-62.868 		3.887
v -38.7043 		-64.0557 		6.3692
v -38.7516 		-64.1031 		6.3324
v -38.7163 		-64.0679 		6.3598
v -38.7678 		-64.1196 		6.3196
v -37.844 		-62.538 		3.887
v -38.782 		-64.1343 		6.3083
v -38.794 		-64.1467 		6.2987
v -38.803 		-64.1561 		6.2915
v -38.8034 		-64.1565 		6.2912
v -41.942 		-65.925 		10.709
v -38.8086 		-64.1621 		6.2868
v -38.8098 		-64.1636 		6.2857
v -38.8107 		-64.1647 		6.2849
v -38.8026 		-64.157 		6.2908
v -38.8087 		-64.1627 		6.2864
v -38.7935 		-64.1484 		6.2975
v -38.7812 		-64.1365 		6.3068
v -38.7666 		-64.1223 		6.3178
v -41.892 		-65.925 		10.688
v -38.7501 		-64.1062 		6.3304
v -38.7142 		-64.0706 		6.358
v -38.7325 		-64.0885 		6.3441
v -41.879 		-65.942 		10.663
v -38.7013 		-64.0579 		6.3678
v -38.6959 		-64.0525 		6.372
v -41.86 		-65.925 		10.663
v -38.6611 		-64.0175 		6.3991
v -38.6784 		-64.0346 		6.3859
v -41.892 		-65.972 		10.636
v -41.868 		-65.956 		10.636
v -38.118 		-61.875 		3.487
v -37.959 		-61.552 		3.487
v -41.847 		-65.938 		10.636
v -38.5078 		-64.512 		6.0585
v -38.4971 		-64.5012 		6.0669
v -38.4477 		-64.4503 		6.1062
v -38.4593 		-64.4619 		6.0972
v -38.4778 		-64.4811 		6.0824
v -38.4376 		-64.4395 		6.1146
v -38.4348 		-64.4364 		6.1169
v -38.555 		-62.445 		3.487
v -38.4614 		-64.4641 		6.0955
v -38.318 		-62.174 		3.487
v -38.4307 		-64.4319 		6.1204
v -39.219 		-62.17 		3.169
v -38.4263 		-64.427 		6.1242
v -38.4255 		-64.4255 		6.1253
v -39.012 		-61.988 		3.169
v -38.4271 		-64.4265 		6.1245
v -38.83 		-61.781 		3.169
v -38.677 		-61.552 		3.169
v -38.4321 		-64.4309 		6.121
v -38.4398 		-64.4379 		6.1155
v -39.448 		-62.323 		3.169
v -39.955 		-61.815 		2.938
v -39.788 		-61.733 		2.938
v -39.633 		-61.629 		2.938
v -39.493 		-61.507 		2.938
v -40.1441 		-63.5893 		6.6047
v -40.029 		-63.6018 		6.6037
v -40.0209 		-63.6027 		6.6036
v -39.9159 		-63.6143 		6.6023
v -39.5322 		-63.6556 		6.5983
v -39.3723 		-63.6726 		6.5968
v -39.608 		-63.6476 		6.599
v -40.2067 		-63.5825 		6.6053
v -38.826 		-62.682 		3.487
v -40.296 		-63.5727 		6.6064
v -40.2198 		-63.5811 		6.6054
v -39.801 		-63.6271 		6.6008
v -39.7652 		-63.631 		6.6004
v -41.954 		-65.955 		10.688
v -41.932 		-65.948 		10.688
v -41.912 		-65.938 		10.688
v -41.949 		-65.976 		10.663
v -40.3688 		-63.5647 		6.6072
v -40.3686 		-63.5647 		6.6072
v -40.4882 		-63.5521 		6.6084
v -40.3062 		-63.5716 		6.6065
v -41.924 		-65.968 		10.663
v -41.901 		-65.956 		10.663
v -41.944 		-65.994 		10.636
v -41.917 		-65.985 		10.636
v -37.112 		-63.461 		6.897
v -36.998 		-62.738 		7.418
v -37.036 		-63.103 		7.156
v -42.017 		-65.846 		10.752
v -42.008 		-65.848 		10.752
v -36.174 		-63.82 		7.532
v -41.992 		-65.848 		10.752
v -42 		-65.848 		10.752
v -41.983 		-65.846 		10.752
v -35.17 		-59.365 		6.059
v -47.482 		-51.867 		14.25
v -35.094 		-61.212 		7.532
v -35.047 		-60.5 		7.532
v -35.043 		-59.586 		7.021
v -35.094 		-59.788 		7.532
v -35.117 		-59.6722 		7.532
v -35.233 		-61.193 		6.827
v -35.187 		-60.5 		6.827
v -36.285 		-63.734 		6.827
v -35.233 		-59.807 		6.827
v -35.1417 		-59.6725 		7.4092
v -35.1938 		-59.6731 		7.1516
v -35.2201 		-59.6734 		7.021
v -35.2663 		-59.639 		6.827
v -35.462 		-61.163 		6.146
v -35.419 		-60.5 		6.146
v -35.462 		-59.837 		6.146
v -35.3436 		-59.6153 		6.6171
v -35.4524 		-59.5817 		6.3213
v -35.5169 		-59.5617 		6.146
v -35.5612 		-59.5578 		6.059
v -35.778 		-63.226 		7.532
v -35.462 		-62.587 		7.532
v -35.233 		-61.911 		7.532
v -35.899 		-63.156 		6.827
v -41.975 		-65.843 		10.752
v -41.968 		-65.84 		10.752
v -41.961 		-65.835 		10.752
v -38.4507 		-64.4481 		6.1076
v -36.469 		-63.593 		6.146
v -38.4815 		-64.4782 		6.0842
v -38.4644 		-64.4618 		6.0969
v -38.5016 		-64.4976 		6.0691
v -42.063 		-65.8 		10.752
v -38.5162 		-64.512 		6.0579
v -42.056 		-65.816 		10.752
v -42.06 		-65.808 		10.752
v -38.6083 		-64.6137 		5.9797
v -38.6816 		-64.6874 		5.9226
v -42.051 		-65.823 		10.752
v -38.5462 		-64.5505 		6.0286
v -37.224 		-63.809 		6.642
v -42.046 		-65.829 		10.752
v -42.039 		-65.835 		10.752
v -42.032 		-65.84 		10.752
v -42.025 		-65.843 		10.752
v -31.999 		-54.314 		4.25
v -32.67 		-54.036 		3.435
v -33.467 		-48.294 		13.304
v -33.876 		-47.464 		13.304
v -32.337 		-48.947 		12.566
v -34.39 		-46.695 		13.304
v -35 		-46 		13.304
v -34.376 		-48.67 		13.95
v -34.468 		-48.7082 		14
v -34.4671 		-48.711 		14
v -34.4487 		-48.7649 		14
v -34.3173 		-49.152 		14
v -34.728 		-47.956 		13.95
v -33.964 		-50.205 		13.95
v -34.0628 		-50.218 		14
v -34.0622 		-50.2267 		14
v -34.0589 		-50.2778 		14
v -34.0507 		-50.4022 		14
v -34.12 		-49.424 		13.95
v -34.152 		-49.7715 		14
v -34.0712 		-50.176 		14
v -38.576 		-64.5805 		6.0054
v -33.17 		-49.17 		13.304
v -38.5507 		-64.5464 		6.0312
v -38.6138 		-64.6084 		5.9831
v -38.5807 		-64.5763 		6.0081
v -38.6872 		-64.6814 		5.9265
v -38.7285 		-64.7234 		5.894
v -38.7272 		-64.7221 		5.895
v -38.7191 		-64.7243 		5.894
v -34.2045 		-49.5085 		14
v -34.1876 		-49.5931 		14
v -34.1688 		-49.6873 		14
v -34.1536 		-49.7633 		14
v -34.2161 		-49.4498 		14
v -34.2107 		-49.4771 		14
v -34.271 		-49.2884 		14
v -36.464 		-44.876 		13.304
v -38.8063 		-64.7162 		5.894
v -38.3221 		-64.8912 		5.8017
v -37.294 		-44.467 		13.304
v -38.17 		-44.17 		13.304
v -38.76 		-64.754 		5.8702
v -38.7224 		-64.7276 		5.8914
v -38.76 		-64.7661 		5.8616
v -35.695 		-46.695 		13.95
v -38.7693 		-64.7631 		5.8632
v -38.7662 		-64.7601 		5.8655
v -38.8954 		-64.8904 		5.7644
v -38.8573 		-64.8525 		5.7939
v -38.8116 		-64.8061 		5.8298
v -35.695 		-45.39 		13.304
v -38.8539 		-64.8491 		5.7965
v -36.294 		-46.17 		13.95
v -38.8914 		-64.8963 		5.7605
v -36.956 		-45.8475 		14
v -36.956 		-45.728 		13.95
v -37.0058 		-45.8143 		14
v -38.8068 		-64.8124 		5.8257
v -38.8499 		-64.8547 		5.7928
v -37.7021 		-45.471 		14
v -37.67 		-45.376 		13.95
v -37.7082 		-45.468 		14
v -37.6544 		-45.4945 		14
v -37.224 		-45.7067 		14
v -38.248 		-45.2848 		14
v -37.9188 		-45.3965 		14
v -37.8314 		-45.4262 		14
v -37.736 		-45.4586 		14
v -35.17 		-47.294 		13.95
v -38.3931 		-45.2355 		14
v -38.424 		-45.12 		13.95
v -38.4498 		-45.2161 		14
v -35.592 		-62.533 		6.827
v -35.368 		-61.875 		6.827
v -36.099 		-63.041 		6.146
v -35.805 		-62.445 		6.146
v -35.592 		-61.815 		6.146
v -33.876 		-57.124 		11.75
v -33.467 		-57.533 		10.87
v -34.12 		-58.663 		9.941
v -33.964 		-58.866 		8.979
v -34.376 		-58.33 		10.87
v -35 		-59.66 		8
v -35.381 		-59.001 		10.87
v -35.899 		-59.267 		11
v -38.7636 		-64.7699 		5.8587
v -38.7603 		-64.7665 		5.8614
v -42.088 		-65.82 		10.742
v -35.9296 		-59.1768 		11
v -42.083 		-65.831 		10.742
v -42.076 		-65.842 		10.742
v -42.068 		-65.851 		10.742
v -39.788 		-65.906 		8.968
v -35.8081 		-59.2427 		10.809
v -35.6281 		-59.3195 		10.4802
v -35.5594 		-59.3487 		10.355
v -39.782 		-65.953 		8.25
v -39.076 		-65.813 		8.25
v -35.8903 		-59.2011 		10.9403
v -42.012 		-65.879 		10.742
v -42 		-65.88 		10.742
v -41.988 		-65.879 		10.742
v -41.975 		-65.876 		10.742
v -41.963 		-65.872 		10.742
v -42.016 		-65.908 		10.728
v -42 		-65.909 		10.728
v -41.984 		-65.908 		10.728
v -41.968 		-65.905 		10.728
v -51.51 		-52.485 		14.25
v -42.058 		-65.86 		10.742
v -42.048 		-65.867 		10.742
v -42.037 		-65.872 		10.742
v -42.025 		-65.876 		10.742
v -42.088 		-65.872 		10.728
v -42.076 		-65.883 		10.728
v -42.063 		-65.892 		10.728
v -39.271 		-65.814 		10.607
v -42.048 		-65.9 		10.728
v -39.267 		-65.846 		10.576
v -42.032 		-65.905 		10.728
v -39.261 		-65.815 		10.576
v -42.076 		-65.916 		10.709
v -38.5829 		-63.9386 		6.4603
v -42.058 		-65.925 		10.709
v -42.039 		-65.931 		10.709
v -38.6038 		-63.9596 		6.444
v -38.63 		-63.986 		6.4236
v -42.02 		-65.935 		10.709
v -38.5928 		-63.9483 		6.4528
v -42 		-65.937 		10.709
v -38.5619 		-63.917 		6.477
v -38.5668 		-63.9219 		6.4732
v -38.5747 		-63.9301 		6.4669
v -41.98 		-65.935 		10.709
v -38.5576 		-63.9124 		6.4805
v -38.5572 		-63.9119 		6.4809
v -38.5677 		-63.9228 		6.4725
v -41.961 		-65.931 		10.709
v -47.47 		-49.326 		14.12
v -38.5566 		-63.9112 		6.4815
v -47.461 		-49.307 		14.058
v -38.5545 		-63.9088 		6.4833
v -38.5548 		-63.9091 		6.4831
v -38.5528 		-63.9071 		6.4846
v -38.5528 		-63.907 		6.4847
v -38.5547 		-63.909 		6.4832
v -38.5526 		-63.9065 		6.4851
v -38.5526 		-63.9064 		6.4851
v -38.5525 		-63.9063 		6.4852
v -38.5553 		-63.9088 		6.4833
v -38.5532 		-63.9069 		6.4848
v -38.5586 		-63.9117 		6.481
v -38.5632 		-63.9161 		6.4776
v -38.5691 		-63.9217 		6.4732
v -38.5848 		-63.9371 		6.4613
v -38.5763 		-63.9288 		6.4677
v -38.5947 		-63.9467 		6.4538
v -38.6324 		-63.9838 		6.425
v -38.6183 		-63.9701 		6.4356
v -38.6474 		-63.9986 		6.4134
v -37.75 		-63.25 		12.139
v -38.132 		-63.585 		12.139
v -36.099 		-63.041 		10.355
v -37.038 		-63.156 		11.599
v -36.721 		-63.4 		11
v -42.023 		-65.96 		10.688
v -42 		-65.961 		10.688
v -41.977 		-65.96 		10.688
v -37.844 		-63.962 		11.599
v -42 		-65.983 		10.663
v -37.415 		-63.585 		11.599
v -41.974 		-65.981 		10.663
v -37.132 		-63.868 		11
v -39.271 		-65.879 		10.544
v -39.261 		-65.848 		10.544
v -36.469 		-63.593 		10.355
v -39.254 		-65.816 		10.544
v -39.269 		-65.88 		10.511
v -35.899 		-63.156 		9.674
v -39.259 		-65.848 		10.511
v -39.252 		-65.816 		10.511
v -35.778 		-63.226 		8.968
v -35.737 		-63.25 		8.25
v -39.528 		-65.8 		10.759
v -39.526 		-65.803 		10.759
v -39.523 		-65.806 		10.759
v -39.52 		-65.809 		10.759
v -39.516 		-65.812 		10.759
v -39.512 		-65.814 		10.759
v -39.508 		-65.815 		10.759
v -36.174 		-63.82 		8.968
v -39.504 		-65.816 		10.759
v -39.496 		-65.816 		10.759
v -39.492 		-65.815 		10.759
v -39.488 		-65.814 		10.759
v -36.137 		-63.848 		8.25
v -39.484 		-65.812 		10.759
v -39.48 		-65.809 		10.759
v -39.477 		-65.806 		10.759
v -39.474 		-65.803 		10.759
v -39.472 		-65.8 		10.759
v -39.47 		-65.796 		10.759
v -36.285 		-63.734 		9.674
v -39.125 		-62.882 		13.013
v -38.826 		-63.4 		12.614
v -38.462 		-63.156 		12.614
v -40.225 		-62.587 		13.332
v -39.955 		-62.533 		13.332
v -39.392 		-65.846 		10.728
v -40.141 		-63.226 		13.013
v -39.385 		-65.831 		10.728
v -39.788 		-63.156 		13.013
v -39.379 		-65.816 		10.728
v -39.448 		-63.041 		13.013
v -40.063 		-63.82 		12.614
v -39.633 		-63.734 		12.614
v -39.219 		-63.593 		12.614
v -38.555 		-63.868 		12.139
v -40.49 		-63.1495 		7.942
v -40.49 		-63.3665 		8.096
v -40.49 		-63.232 		8.0005
v -40.49 		-63.104 		7.9097
v -40.49 		-63.096 		7.904
v -40.491 		-63 		7.8359
v -40.4923 		-63 		7.836
v -40.499 		-63 		7.8365
v -40.495 		-63.5831 		8.25
v -40.499 		-63.4065 		8.125
v -40.499 		-63.4798 		8.177
v -40.4987 		-63.488 		8.1828
v -39.376 		-65.8 		10.728
v -40.4913 		-63.488 		8.1823
v -40.491 		-63.4806 		8.177
v -40.491 		-63.4073 		8.125
v -40.499 		-63.0543 		7.875
v -40.491 		-63.055 		7.875
v -40.498 		-63.5095 		8.198
v -40.498 		-63.5363 		8.217
v -40.497 		-63.5561 		8.231
v -40.496 		-63.5759 		8.245
v -40.496 		-63.5801 		8.248
v -40.4958 		-63.5809 		8.2485
v -40.496 		-63.5703 		8.241
v -39.359 		-65.842 		10.709
v -40.4951 		-63.5827 		8.2498
v -40.494 		-63.5803 		8.248
v -40.494 		-63.5705 		8.241
v -40.493 		-63.5565 		8.231
v -40.492 		-63.5101 		8.198
v -39.353 		-65.823 		10.709
v -40.493 		-63.5367 		8.217
v -39.349 		-65.803 		10.709
v -43.585 		-63.585 		11.599
v -39.392 		-65.892 		10.709
v -39.379 		-65.877 		10.709
v -43.868 		-63.868 		11
v -39.368 		-65.86 		10.709
v -39.337 		-65.851 		10.688
v -39.329 		-65.829 		10.688
v -39.325 		-65.806 		10.688
v -43.7628 		-63.5288 		6.4068
v -43.7614 		-63.5301 		6.406
v -43.763 		-63.5287 		6.4069
v -43.7659 		-63.5261 		6.4085
v -43.7665 		-63.5257 		6.4088
v -39.308 		-65.835 		10.663
v -42.088 		-65.938 		10.688
v -43.7668 		-63.5256 		6.4089
v -39.303 		-65.809 		10.663
v -43.7638 		-63.5292 		6.4065
v -43.7659 		-63.5264 		6.4083
v -43.7631 		-63.5299 		6.406
v -39.291 		-65.84 		10.636
v -39.285 		-65.812 		10.636
v -43.5881 		-63.744 		6.2656
v -43.564 		-63.7313 		6.2763
v -43.6067 		-63.6884 		6.3039
v -43.624 		-63.6714 		6.3148
v -43.5639 		-63.7314 		6.2762
v -43.5511 		-63.744 		6.2681
v -43.5602 		-63.7294 		6.2778
v -43.5456 		-63.744 		6.2685
v -43.5829 		-63.7064 		6.2927
v -43.5617 		-63.728 		6.2788
v -43.624 		-63.6654 		6.319
v -43.6043 		-63.6855 		6.3061
v -39.375 		-65.909 		10.688
v -39.36 		-65.892 		10.688
v -43.6967 		-63.593 		6.3657
v -43.6634 		-63.6261 		6.3443
v -43.6249 		-63.6645 		6.3196
v -39.347 		-65.872 		10.688
v -43.6811 		-63.6089 		6.3554
v -43.7242 		-63.566 		6.383
v -43.7113 		-63.5788 		6.3747
v -43.7525 		-63.5384 		6.4007
v -43.746 		-63.5449 		6.3965
v -43.7353 		-63.5553 		6.3899
v -43.7587 		-63.5326 		6.4044
v -43.7604 		-63.531 		6.4054
v -43.7448 		-63.5461 		6.3957
v -39.343 		-65.905 		10.663
v -39.328 		-65.883 		10.663
v -43.88 		-63.5448 		6.3877
v -39.317 		-65.86 		10.663
v -43.7539 		-63.5395 		6.3998
v -43.7596 		-63.5335 		6.4037
v -43.7465 		-63.5473 		6.3948
v -43.7374 		-63.5568 		6.3887
v -43.7138 		-63.5808 		6.3732
v -39.328 		-65.916 		10.636
v -43.7263 		-63.5679 		6.3815
v -43.6664 		-63.6289 		6.3422
v -43.6837 		-63.6111 		6.3536
v -43.6278 		-63.6676 		6.3172
v -39.312 		-65.892 		10.636
v -39.3 		-65.867 		10.636
v -43.88 		-63.7691 		6.2284
v -43.8695 		-63.7797 		6.2216
v -43.8496 		-63.7991 		6.2092
v -43.8323 		-63.8159 		6.1983
v -43.8178 		-63.8299 		6.1894
v -39.392 		-65.925 		10.688
v -39.379 		-65.942 		10.663
v -39.36 		-65.925 		10.663
v -39.392 		-65.972 		10.636
v -39.368 		-65.956 		10.636
v -39.347 		-65.938 		10.636
v -39.461 		-65.835 		10.752
v -39.454 		-65.829 		10.752
v -39.449 		-65.823 		10.752
v -39.444 		-65.816 		10.752
v -39.44 		-65.808 		10.752
v -39.437 		-65.8 		10.752
v -39.432 		-65.851 		10.742
v -39.424 		-65.842 		10.742
v -39.417 		-65.831 		10.742
v -39.412 		-65.82 		10.742
v -39.408 		-65.808 		10.742
v -42.068 		-65.948 		10.688
v -42.046 		-65.955 		10.688
v -39.405 		-65.796 		10.742
v -42.076 		-65.968 		10.663
v -43.8069 		-63.8402 		6.1828
v -42.051 		-65.976 		10.663
v -43.8065 		-63.8407 		6.1825
v -35.8441 		-59.2298 		10.87
v -43.8001 		-63.8465 		6.1788
v -43.7973 		-63.8487 		6.1774
v -43.8063 		-63.8391 		6.1836
v -43.7995 		-63.8465 		6.1788
v -43.8165 		-63.8284 		6.1905
v -43.8306 		-63.8138 		6.2
v -43.8475 		-63.7963 		6.2113
v -43.88 		-63.7636 		6.2323
v -43.8674 		-63.7764 		6.224
v -43.5225 		-63.7725 		6.2498
v -43.5427 		-63.7522 		6.2629
v -43.4634 		-63.8302 		6.213
v -43.5037 		-63.7909 		6.2381
v -43.4702 		-63.8234 		6.2174
v -43.4873 		-63.8068 		6.228
v -43.4624 		-63.8311 		6.2124
v -43.4709 		-63.8227 		6.2178
v -43.4767 		-63.817 		6.2214
v -43.4736 		-63.82 		6.2195
v -43.4603 		-63.8328 		6.2114
v -43.4568 		-63.8357 		6.2095
v -43.4547 		-63.8378 		6.2082
v -43.4554 		-63.8369 		6.2088
v -43.4563 		-63.8357 		6.2096
v -43.4627 		-63.8288 		6.214
v -43.4724 		-63.8186 		6.2206
v -43.4857 		-63.8047 		6.2295
v -43.5205 		-63.7695 		6.2522
v -43.5022 		-63.7883 		6.2401
v -43.5403 		-63.7493 		6.2651
v -43.9982 		-63.6447 		6.3089
v -43.9573 		-63.692 		6.278
v -43.9804 		-63.6688 		6.2929
v -42.026 		-65.981 		10.663
v -43.9555 		-63.6877 		6.2812
v -43.9504 		-63.6927 		6.278
v -43.9773 		-63.6656 		6.2955
v -42.083 		-65.985 		10.636
v -42.056 		-65.994 		10.636
v -43.9359 		-63.7135 		6.2642
v -43.905 		-63.744 		6.2446
v -43.9129 		-63.7361 		6.2497
v -43.8992 		-63.744 		6.245
v -43.9104 		-63.7326 		6.2523
v -43.9329 		-63.7097 		6.267
v -36.285 		-59.371 		11.599
v -43.8883 		-63.7551 		6.2378
v -36.137 		-60.5 		11.599
v -36.174 		-59.93 		11.599
v -40.779 		-66.5755 		14
v -40.5303 		-66.593 		14
v -40.5342 		-66.7086 		14
v -35.778 		-61.122 		11
v -40.5505 		-66.87 		14
v -40.5648 		-66.9672 		14
v -35.737 		-60.5 		11
v -35.778 		-59.878 		11
v -40.7215 		-66.5138 		14
v -40.6606 		-66.4632 		14
v -40.6139 		-66.439 		14
v -40.5792 		-66.4405 		14
v -40.5532 		-66.4641 		14
v -40.5374 		-66.5142 		14
v -35.462 		-61.163 		10.355
v -35.419 		-60.5 		10.355
v -35.462 		-59.837 		10.355
v -41.885 		-65.985 		10.607
v -41.859 		-65.968 		10.607
v -41.837 		-65.948 		10.607
v -41.879 		-65.994 		10.576
v -41.853 		-65.976 		10.576
v -41.912 		-65.998 		10.607
v -41.849 		-65.981 		10.544
v -41.848 		-65.983 		10.511
v -42.088 		-65.998 		10.607
v -42.095 		-65.796 		10.742
v -42.092 		-65.808 		10.742
v -42.124 		-65.8 		10.728
v -42.121 		-65.816 		10.728
v -39.525 		-65.843 		10.752
v -42.115 		-65.831 		10.728
v -39.517 		-65.846 		10.752
v -42.108 		-65.846 		10.728
v -39.508 		-65.848 		10.752
v -39.492 		-65.848 		10.752
v -39.5 		-65.848 		10.752
v -39.483 		-65.846 		10.752
v -39.475 		-65.843 		10.752
v -42.151 		-65.803 		10.709
v -39.468 		-65.84 		10.752
v -42.147 		-65.823 		10.709
v -42.141 		-65.842 		10.709
v -35.4821 		-59.4062 		10.165
v -35.412 		-59.4583 		9.9928
v -39.463 		-65.872 		10.742
v -39.452 		-65.867 		10.742
v -39.442 		-65.86 		10.742
v -39.452 		-65.9 		10.728
v -39.437 		-65.892 		10.728
v -35.17 		-59.365 		9.941
v -39.424 		-65.883 		10.728
v -35.233 		-61.193 		9.674
v -39.412 		-65.872 		10.728
v -35.187 		-60.5 		9.674
v -39.401 		-65.86 		10.728
v -39.424 		-65.916 		10.709
v -39.407 		-65.905 		10.709
v -39.525 		-65.876 		10.742
v -39.512 		-65.879 		10.742
v -39.5 		-65.88 		10.742
v -39.488 		-65.879 		10.742
v -39.475 		-65.876 		10.742
v -39.516 		-65.908 		10.728
v -39.5 		-65.909 		10.728
v -39.484 		-65.908 		10.728
v -39.468 		-65.905 		10.728
v -39.52 		-65.935 		10.709
v -39.5 		-65.937 		10.709
v -39.48 		-65.935 		10.709
v -39.461 		-65.931 		10.709
v -39.442 		-65.925 		10.709
v -39.454 		-65.955 		10.688
v -39.432 		-65.948 		10.688
v -39.412 		-65.938 		10.688
v -39.449 		-65.976 		10.663
v -39.424 		-65.968 		10.663
v -39.401 		-65.956 		10.663
v -39.444 		-65.994 		10.636
v -39.417 		-65.985 		10.636
v -39.523 		-65.96 		10.688
v -39.5 		-65.961 		10.688
v -39.477 		-65.96 		10.688
v -39.526 		-65.981 		10.663
v -39.5 		-65.983 		10.663
v -39.474 		-65.981 		10.663
v -35.233 		-59.807 		9.674
v -35.391 		-59.474 		9.941
v -35.2929 		-59.5043 		9.674
v -35.094 		-61.212 		8.968
v -35.047 		-60.5 		8.968
v -35.043 		-59.586 		8.979
v -35.094 		-59.788 		8.968
v -35.1469 		-59.6138 		9.0583
v -35.1281 		-59.628 		8.979
v -35.233 		-59.5494 		9.4207
v -35.1258 		-59.6279 		8.968
v -50.482 		-52.85 		14.25
v -35.047 		-61.218 		8.25
v -35 		-60.5 		8.25
v -35.047 		-59.782 		8.25
v -35.1138 		-59.6368 		8.8155
v -35.0692 		-59.6699 		8.25
v -35.0774 		-59.6921 		8.0629
v -35.0802 		-59.6996 		8
v -35.0738 		-59.6822 		8.1466
v -35.592 		-61.815 		10.355
v -35.368 		-61.875 		9.674
v -35.462 		-62.587 		8.968
v -42.099 		-65.86 		10.728
v -35.233 		-61.911 		8.968
v -42.132 		-65.86 		10.709
v -35.419 		-62.605 		8.25
v -42.121 		-65.877 		10.709
v -35.187 		-61.924 		8.25
v -42.108 		-65.892 		10.709
v -42.093 		-65.905 		10.709
v -42.175 		-65.806 		10.688
v -42.171 		-65.829 		10.688
v -42.163 		-65.851 		10.688
v -42.197 		-65.809 		10.663
v -42.192 		-65.835 		10.663
v -32.5923 		-57.124 		14.0102
v -32.5501 		-57.1195 		14.0035
v -32.5193 		-57.103 		14.0033
v -32.5051 		-57.0736 		14.0112
v -32.5058 		-57.0349 		14.0255
v -42.215 		-65.812 		10.636
v -42.209 		-65.84 		10.636
v -42.14 		-65.892 		10.688
v -42.125 		-65.909 		10.688
v -42.153 		-65.872 		10.688
v -42.183 		-65.86 		10.663
v -42.172 		-65.883 		10.663
v -32.755 		-59.07 		17.125
v -39.25 		-51.701 		20
v -40 		-51.5 		20
v -40.196 		-51.513 		20
v -39.426 		-51.614 		20
v -39.612 		-51.551 		20
v -39.804 		-51.513 		20
v -42.157 		-65.905 		10.663
v -42.2 		-65.867 		10.636
v -33.876 		-54.536 		13.304
v -33.706 		-55.83 		12.566
v -42.188 		-65.892 		10.636
v -42.172 		-65.916 		10.636
v -38.067 		-64.4653 		14
v -42.108 		-65.925 		10.688
v -42.14 		-65.925 		10.663
v -42.121 		-65.942 		10.663
v -42.099 		-65.956 		10.663
v -42.153 		-65.938 		10.636
v -42.132 		-65.956 		10.636
v -42.108 		-65.972 		10.636
v -39.3 		-65.9 		10.607
v -39.287 		-65.872 		10.607
v -39.277 		-65.843 		10.607
v -39.291 		-65.905 		10.576
v -39.277 		-65.876 		10.576
v -39.285 		-65.908 		10.544
v -39.283 		-65.909 		10.511
v -39.385 		-65.985 		10.607
v -39.359 		-65.968 		10.607
v -39.337 		-65.948 		10.607
v -39.317 		-65.925 		10.607
v -39.379 		-65.994 		10.576
v -39.353 		-65.976 		10.576
v -39.329 		-65.955 		10.576
v -39.308 		-65.931 		10.576
v -39.349 		-65.981 		10.544
v -39.325 		-65.96 		10.544
v -39.303 		-65.935 		10.544
v -39.348 		-65.983 		10.511
v -39.323 		-65.961 		10.511
v -39.302 		-65.937 		10.511
v -39.412 		-65.998 		10.607
v -39.563 		-65.8 		10.752
v -39.556 		-65.816 		10.752
v -39.56 		-65.808 		10.752
v -39.551 		-65.823 		10.752
v -39.546 		-65.829 		10.752
v -39.539 		-65.835 		10.752
v -39.532 		-65.84 		10.752
v -39.592 		-65.808 		10.742
v -39.588 		-65.82 		10.742
v -39.583 		-65.831 		10.742
v -39.576 		-65.842 		10.742
v -39.568 		-65.851 		10.742
v -40 		-68 		14
v -33.129 		-54.967 		12.566
v -33.129 		-56.272 		11.75
v -34.39 		-55.305 		13.304
v -35 		-56 		13.304
v -34.39 		-56.61 		12.566
v -34.728 		-57.871 		11.75
v -35.17 		-54.706 		13.95
v -35.249 		-54.6454 		14
v -35.2885 		-54.6904 		14
v -35.5598 		-55 		14
v -35.152 		-54.5 		14
v -35.8105 		-55.2741 		14
v -35.8355 		-55.296 		14
v -35.7654 		-55.2346 		14
v -36.2 		-55.6155 		14
v -35.695 		-55.305 		13.95
v -37.67 		-56.624 		13.95
v -37.7082 		-56.532 		14
v -37.711 		-56.5329 		14
v -37.7649 		-56.5513 		14
v -38.248 		-56.7153 		14
v -37.0596 		-56.2122 		14
v -36.956 		-56.272 		13.95
v -37.0072 		-56.1864 		14
v -37.0058 		-56.1857 		14
v -36.4044 		-55.7842 		14
v -36.294 		-55.83 		13.95
v -36.3546 		-55.751 		14
v -38.5085 		-56.7955 		14
v -38.424 		-56.88 		13.95
v -38.4498 		-56.7839 		14
v -35.695 		-56.61 		13.304
v -35.17 		-57.294 		12.566
v -36.464 		-57.124 		13.304
v -42.213 		-65.872 		10.607
v -42.2 		-65.9 		10.607
v -42.209 		-65.905 		10.576
v -36.033 		-57.871 		12.566
v -42.215 		-65.908 		10.544
v -37.294 		-57.533 		13.304
v -36.964 		-58.33 		12.566
v -36.907 		-59.012 		12.139
v -37.3269 		-58.6679 		12.3368
v -37.1949 		-58.7068 		12.2476
v -37.034 		-58.7541 		12.139
v -39.595 		-65.796 		10.742
v -39.624 		-65.8 		10.728
v -39.621 		-65.816 		10.728
v -39.615 		-65.831 		10.728
v -39.608 		-65.846 		10.728
v -39.651 		-65.803 		10.709
v -39.647 		-65.823 		10.709
v -39.641 		-65.842 		10.709
v -39.558 		-65.86 		10.742
v -39.548 		-65.867 		10.742
v -39.537 		-65.872 		10.742
v -39.588 		-65.872 		10.728
v -39.576 		-65.883 		10.728
v -39.563 		-65.892 		10.728
v -39.548 		-65.9 		10.728
v -39.532 		-65.905 		10.728
v -39.576 		-65.916 		10.709
v -39.599 		-65.86 		10.728
v -39.632 		-65.86 		10.709
v -39.621 		-65.877 		10.709
v -39.608 		-65.892 		10.709
v -39.593 		-65.905 		10.709
v -39.653 		-65.872 		10.688
v -39.64 		-65.892 		10.688
v -39.625 		-65.909 		10.688
v -39.675 		-65.806 		10.688
v -39.671 		-65.829 		10.688
v -39.663 		-65.851 		10.688
v -39.697 		-65.809 		10.663
v -39.692 		-65.835 		10.663
v -39.715 		-65.812 		10.636
v -39.709 		-65.84 		10.636
v -39.683 		-65.86 		10.663
v -39.672 		-65.883 		10.663
v -39.657 		-65.905 		10.663
v -39.7 		-65.867 		10.636
v -39.688 		-65.892 		10.636
v -39.672 		-65.916 		10.636
v -39.558 		-65.925 		10.709
v -39.539 		-65.931 		10.709
v -39.588 		-65.938 		10.688
v -39.568 		-65.948 		10.688
v -39.546 		-65.955 		10.688
v -39.576 		-65.968 		10.663
v -39.551 		-65.976 		10.663
v -39.583 		-65.985 		10.636
v -39.556 		-65.994 		10.636
v -39.608 		-65.925 		10.688
v -39.64 		-65.925 		10.663
v -39.621 		-65.942 		10.663
v -39.599 		-65.956 		10.663
v -39.653 		-65.938 		10.636
v -39.632 		-65.956 		10.636
v -39.608 		-65.972 		10.636
v -39.729 		-65.814 		10.607
v -39.723 		-65.843 		10.607
v -39.739 		-65.815 		10.576
v -39.733 		-65.846 		10.576
v -39.713 		-65.872 		10.607
v -39.7 		-65.9 		10.607
v -39.723 		-65.876 		10.576
v -39.709 		-65.905 		10.576
v -42.229 		-65.814 		10.607
v -39.746 		-65.816 		10.544
v -42.223 		-65.843 		10.607
v -42.239 		-65.815 		10.576
v -39.739 		-65.848 		10.544
v -42.233 		-65.846 		10.576
v -39.729 		-65.879 		10.544
v -42.223 		-65.876 		10.576
v -39.715 		-65.908 		10.544
v -39.748 		-65.816 		10.511
v -39.741 		-65.848 		10.511
v -39.731 		-65.88 		10.511
v -42.246 		-65.816 		10.544
v -39.717 		-65.909 		10.511
v -42.239 		-65.848 		10.544
v -42.229 		-65.879 		10.544
v -42.248 		-65.816 		10.511
v -42.241 		-65.848 		10.511
v -42.231 		-65.88 		10.511
v -42.217 		-65.909 		10.511
v -39.588 		-65.998 		10.607
v -42.141 		-65.968 		10.607
v -39.641 		-65.968 		10.607
v -42.115 		-65.985 		10.607
v -39.615 		-65.985 		10.607
v -42.147 		-65.976 		10.576
v -42.121 		-65.994 		10.576
v -39.647 		-65.976 		10.576
v -39.621 		-65.994 		10.576
v -42.183 		-65.925 		10.607
v -39.651 		-65.981 		10.544
v -42.163 		-65.948 		10.607
v -39.652 		-65.983 		10.511
v -42.192 		-65.931 		10.576
v -39.683 		-65.925 		10.607
v -39.663 		-65.948 		10.607
v -39.692 		-65.931 		10.576
v -39.671 		-65.955 		10.576
v -39.697 		-65.935 		10.544
v -37.6997 		-58.5792 		12.566
v -37.5441 		-58.6162 		12.4704
v -39.675 		-65.96 		10.544
v -39.698 		-65.937 		10.511
v -39.677 		-65.961 		10.511
v -39.271 		-65.879 		10.478
v -39.261 		-65.848 		10.478
v -39.254 		-65.816 		10.478
v -39.267 		-65.846 		10.446
v -39.261 		-65.815 		10.446
v -39.271 		-65.814 		10.415
v -39.285 		-65.908 		10.478
v -39.291 		-65.905 		10.446
v -39.277 		-65.876 		10.446
v -36.743 		-59.493 		12.139
v -39.3 		-65.9 		10.415
v -39.287 		-65.872 		10.415
v -42.171 		-65.955 		10.576
v -39.277 		-65.843 		10.415
v -35.67 		-58.5 		11.75
v -40 		-64.512 		14.6976
v -40.5299 		-66.9109 		14.024
v -40.4711 		-66.7974 		14.0682
v -40.4182 		-66.675 		14.112
v -40.7024 		-66.3019 		14.0827
v -40.7394 		-66.4197 		14.0457
v -40.7722 		-66.5438 		14.0088
v -40.6282 		-66.1044 		14.1494
v -40.6654 		-66.1979 		14.1171
v -40.3726 		-66.5554 		14.1526
v -40.3346 		-66.442 		14.1892
v -40.3039 		-66.3366 		14.2216
v -40.3551 		-65.6815 		14.3338
v -40.3742 		-65.6945 		14.3242
v -40.3952 		-65.7125 		14.313
v -40.4176 		-65.7359 		14.3001
v -40.4419 		-65.7647 		14.2855
v -40.4678 		-65.7998 		14.2689
v -40.4962 		-65.8427 		14.25
v -40.5265 		-65.894 		14.2287
v -40.5584 		-65.9536 		14.2051
v -40.5923 		-66.0236 		14.1787
v -40.3056 		-65.6677 		14.3547
v -40.3207 		-65.6683 		14.3491
v -40.337 		-65.6726 		14.3422
v -40.2794 		-66.239 		14.25
v -40.2608 		-66.1515 		14.2743
v -40.2473 		-66.0746 		14.2946
v -40.2382 		-66.0062 		14.3117
v -40.2324 		-65.9461 		14.3258
v -40.2295 		-65.8937 		14.3373
v -40.279 		-65.6783 		14.3623
v -40.2676 		-65.689 		14.3643
v -40.2917 		-65.6712 		14.3591
v -40.2295 		-65.8484 		14.3464
v -40.2316 		-65.8087 		14.3536
v -40.2356 		-65.7756 		14.3587
v -40.2414 		-65.7473 		14.3623
v -40.2489 		-65.7236 		14.3643
v -40.2576 		-65.7044 		14.3649
v -41.607 		-63.8115 		14.25
v -41.5793 		-63.6816 		14.2861
v -41.5593 		-63.5673 		14.3163
v -42.151 		-65.981 		10.544
v -41.5457 		-63.4659 		14.3415
v -42.152 		-65.983 		10.511
v -41.6064 		-62.979 		14.4167
v -41.5894 		-62.9948 		14.4198
v -41.5372 		-63.3766 		14.3625
v -41.5328 		-63.2988 		14.3797
v -41.5328 		-63.2316 		14.3931
v -41.5359 		-63.1726 		14.4038
v -42.197 		-65.935 		10.544
v -41.5419 		-63.1235 		14.4114
v -41.5505 		-63.0814 		14.4167
v -41.5616 		-63.0462 		14.4197
v -41.5745 		-63.0177 		14.4206
v -36.6558 		-58.9076 		11.8293
v -36.57 		-58.9438 		11.75
v -42.175 		-65.96 		10.544
v -42.198 		-65.937 		10.511
v -42.177 		-65.961 		10.511
v -39.328 		-65.916 		10.386
v -39.312 		-65.892 		10.386
v -36.5208 		-58.9553 		11.7011
v -39.3 		-65.867 		10.386
v -39.291 		-65.84 		10.386
v -36.4182 		-58.9794 		11.599
v -39.285 		-65.812 		10.386
v -36.8578 		-58.8284 		11.9961
v -36.7363 		-58.8796 		11.8976
v -36.3645 		-59.001 		11.5332
v -36.2032 		-59.066 		11.3358
v -39.308 		-65.835 		10.359
v -39.303 		-65.809 		10.359
v -34.697 		-58.303 		14
v -39.329 		-65.829 		10.334
v -39.325 		-65.806 		10.334
v -39.337 		-65.851 		10.334
v -39.359 		-65.842 		10.313
v -41.8173 		-62.9669 		14.342
v -44.528 		-50.107 		14.25
v -41.785 		-65.908 		10.478
v -41.771 		-65.879 		10.478
v -41.761 		-65.848 		10.478
v -41.754 		-65.816 		10.478
v -41.791 		-65.905 		10.446
v -41.777 		-65.876 		10.446
v -41.767 		-65.846 		10.446
v -41.761 		-65.815 		10.446
v -41.777 		-65.843 		10.415
v -41.771 		-65.814 		10.415
v -41.791 		-65.84 		10.386
v -41.785 		-65.812 		10.386
v -41.8 		-65.9 		10.415
v -41.787 		-65.872 		10.415
v -41.828 		-65.916 		10.386
v -41.812 		-65.892 		10.386
v -41.8 		-65.867 		10.386
v -41.828 		-65.883 		10.359
v -41.817 		-65.86 		10.359
v -41.808 		-65.835 		10.359
v -41.803 		-65.809 		10.359
v -49.5507 		-50.0868 		14.0244
v -49.4028 		-50.1815 		14.0887
v -40.528 		-43.784 		14.25
v -51 		-51.5 		18.049
v -50.617 		-51.5 		17.125
v -50.617 		-54.5 		17.125
v -51 		-54.5 		18.049
v -46.124 		-47.464 		13.304
v -41.829 		-65.829 		10.334
v -46.533 		-48.294 		13.304
v -41.825 		-65.806 		10.334
v -46.871 		-47.033 		12.566
v -47.33 		-47.964 		12.566
v -41.825 		-65.96 		10.478
v -41.803 		-65.935 		10.478
v -33.2417 		-56.5848 		14.3373
v -33.2416 		-56.6007 		14.3315
v -33.2385 		-56.6189 		14.3242
v -33.2327 		-56.639 		14.3157
v -47.663 		-48.947 		12.566
v -48.365 		-48.759 		11.75
v -46.088 		-51 		13.95
v -46.036 		-50.205 		13.95
v -46.036 		-51.795 		13.95
v -47.071 		-51 		13.304
v -46.83 		-49.17 		13.304
v -47.011 		-50.077 		13.304
v -47.934 		-51 		12.566
v -47.866 		-49.964 		12.566
v -47.011 		-51.923 		13.304
v -46.83 		-52.83 		13.304
v -47.866 		-52.036 		12.566
v -47.663 		-53.053 		12.566
v -48.365 		-53.241 		11.75
v -38.695 		-45.85 		14.25
v -33.2236 		-56.6613 		14.3057
v -33.2112 		-56.6859 		14.2943
v -33.1951 		-56.7126 		14.2812
v -33.1749 		-56.7416 		14.2666
v -33.1501 		-56.7735 		14.25
v -33.1306 		-56.5271 		14.3362
v -33.1531 		-56.5254 		14.3413
v -33.2268 		-56.548 		14.3478
v -33.2173 		-56.5394 		14.3491
v -33.2342 		-56.5583 		14.3455
v -33.2391 		-56.5706 		14.342
v -33.173 		-56.5257 		14.3452
v -33.1901 		-56.5283 		14.3477
v -33.2049 		-56.5329 		14.3489
v -32.7682 		-57.071 		14.0648
v -41.829 		-65.955 		10.446
v -41.808 		-65.931 		10.446
v -41.817 		-65.925 		10.415
v -41.837 		-65.851 		10.334
v -41.859 		-65.842 		10.313
v -41.853 		-65.823 		10.313
v -41.849 		-65.803 		10.313
v -41.892 		-65.846 		10.295
v -41.885 		-65.831 		10.295
v -41.879 		-65.816 		10.295
v -41.876 		-65.8 		10.295
v -41.932 		-65.851 		10.28
v -41.924 		-65.842 		10.28
v -41.917 		-65.831 		10.28
v -41.912 		-65.82 		10.28
v -41.908 		-65.808 		10.28
v -41.905 		-65.796 		10.28
v -41.954 		-65.829 		10.27
v -41.949 		-65.823 		10.27
v -41.944 		-65.816 		10.27
v -41.94 		-65.808 		10.27
v -41.937 		-65.8 		10.27
v -39.353 		-65.823 		10.313
v -39.349 		-65.803 		10.313
v -39.392 		-65.846 		10.295
v -39.385 		-65.831 		10.295
v -39.379 		-65.816 		10.295
v -41.843 		-65.905 		10.359
v -39.376 		-65.8 		10.295
v -41.875 		-65.909 		10.334
v -41.86 		-65.892 		10.334
v -41.847 		-65.872 		10.334
v -46.124 		-54.536 		13.304
v -39.328 		-65.883 		10.359
v -39.317 		-65.86 		10.359
v -46.294 		-55.83 		12.566
v -46.124 		-57.124 		11.75
v -39.343 		-65.905 		10.359
v -46.533 		-53.706 		13.304
v -47.33 		-54.036 		12.566
v -39.375 		-65.909 		10.334
v -46.871 		-54.967 		12.566
v -39.36 		-65.892 		10.334
v -39.347 		-65.872 		10.334
v -48.001 		-54.314 		11.75
v -39.392 		-65.892 		10.313
v -47.5 		-55.33 		11.75
v -39.379 		-65.877 		10.313
v -46.871 		-56.272 		11.75
v -39.368 		-65.86 		10.313
v -48.001 		-55.619 		10.87
v -47.33 		-56.624 		10.87
v -39.349 		-65.981 		10.478
v -39.325 		-65.96 		10.478
v -46.036 		-58.866 		8.979
v -39.303 		-65.935 		10.478
v -46.088 		-58.934 		8
v -39.379 		-65.994 		10.446
v -39.353 		-65.976 		10.446
v -39.329 		-65.955 		10.446
v -39.308 		-65.931 		10.446
v -32.7051 		-57.0978 		14.0424
v -32.6456 		-57.1162 		14.0237
v -33.0858 		-56.8436 		14.2115
v -33.0455 		-56.8815 		14.1896
v -32.9995 		-56.921 		14.1659
v -32.9479 		-56.9613 		14.1409
v -32.8916 		-57.0003 		14.1153
v -32.8306 		-57.0384 		14.0892
v -41.892 		-65.892 		10.313
v -39.385 		-65.985 		10.415
v -41.879 		-65.877 		10.313
v -39.359 		-65.968 		10.415
v -39.337 		-65.948 		10.415
v -41.868 		-65.86 		10.313
v -39.317 		-65.925 		10.415
v -39.392 		-65.972 		10.386
v -39.368 		-65.956 		10.386
v -41.924 		-65.916 		10.313
v -41.907 		-65.905 		10.313
v -39.347 		-65.938 		10.386
v -41.952 		-65.9 		10.295
v -41.937 		-65.892 		10.295
v -41.924 		-65.883 		10.295
v -41.912 		-65.872 		10.295
v -41.901 		-65.86 		10.295
v -41.952 		-65.867 		10.28
v -41.942 		-65.86 		10.28
v -39.379 		-65.942 		10.359
v -39.36 		-65.925 		10.359
v -41.849 		-65.981 		10.478
v -41.879 		-65.994 		10.446
v -41.853 		-65.976 		10.446
v -39.392 		-65.925 		10.334
v -41.885 		-65.985 		10.415
v -41.859 		-65.968 		10.415
v -41.837 		-65.948 		10.415
v -39.432 		-65.851 		10.28
v -32.5215 		-56.9882 		14.0457
v -32.5488 		-56.9374 		14.0698
v -32.5885 		-56.8838 		14.0973
v -39.424 		-65.842 		10.28
v -33.1202 		-56.8076 		14.2315
v -39.417 		-65.831 		10.28
v -32.8856 		-56.6288 		14.25
v -32.9307 		-56.6025 		14.2687
v -32.9719 		-56.5808 		14.2848
v -32.634 		-56.832 		14.1254
v -32.6841 		-56.782 		14.1537
v -32.7358 		-56.7364 		14.1807
v -32.7872 		-56.6955 		14.2059
v -32.8373 		-56.6599 		14.229
v -33.0101 		-56.5634 		14.2988
v -33.045 		-56.5496 		14.3109
v -33.0769 		-56.5392 		14.321
v -33.105 		-56.5318 		14.3293
v -40.006 		-65.058 		14.25
v -46.533 		-57.533 		10.87
v -46.83 		-57.83 		9.941
v -47.011 		-58.011 		8.979
v -46.036 		-58.866 		7.021
v -45 		-46 		13.304
v -45.61 		-46.695 		13.304
v -44.83 		-47.294 		13.95
v -45.272 		-47.956 		13.95
v -45.624 		-48.67 		13.95
v -45.88 		-49.424 		13.95
v -45.88 		-52.576 		13.95
v -45.624 		-53.33 		13.95
v -45.272 		-54.044 		13.95
v -44.83 		-54.706 		13.95
v -45.61 		-55.305 		13.304
v -39.412 		-65.82 		10.28
v -45 		-56 		13.304
v -45.61 		-56.61 		12.566
v -39.408 		-65.808 		10.28
v -44.83 		-57.294 		12.566
v -39.405 		-65.796 		10.28
v -39.461 		-65.835 		10.27
v -39.454 		-65.829 		10.27
v -39.449 		-65.823 		10.27
v -39.444 		-65.816 		10.27
v -39.44 		-65.808 		10.27
v -39.437 		-65.8 		10.27
v -39.525 		-65.843 		10.27
v -39.517 		-65.846 		10.27
v -39.508 		-65.848 		10.27
v -39.5 		-65.848 		10.27
v -39.492 		-65.848 		10.27
v -39.483 		-65.846 		10.27
v -39.475 		-65.843 		10.27
v -39.468 		-65.84 		10.27
v -39.526 		-65.803 		10.263
v -39.523 		-65.806 		10.263
v -39.52 		-65.809 		10.263
v -39.516 		-65.812 		10.263
v -39.512 		-65.814 		10.263
v -39.508 		-65.815 		10.263
v -39.504 		-65.816 		10.263
v -39.496 		-65.816 		10.263
v -39.492 		-65.815 		10.263
v -41.892 		-65.972 		10.386
v -39.488 		-65.814 		10.263
v -41.868 		-65.956 		10.386
v -41.847 		-65.938 		10.386
v -39.484 		-65.812 		10.263
v -39.48 		-65.809 		10.263
v -39.477 		-65.806 		10.263
v -39.474 		-65.803 		10.263
v -39.472 		-65.8 		10.263
v -39.424 		-65.916 		10.313
v -39.407 		-65.905 		10.313
v -39.452 		-65.9 		10.295
v -39.437 		-65.892 		10.295
v -39.424 		-65.883 		10.295
v -39.412 		-65.872 		10.295
v -39.401 		-65.86 		10.295
v -39.463 		-65.872 		10.28
v -39.452 		-65.867 		10.28
v -45.272 		-57.871 		11.75
v -39.442 		-65.86 		10.28
v -44.715 		-59.371 		11.599
v -44.8685 		-58.6904 		11.0526
v -44.8076 		-58.6747 		11.1241
v -39.516 		-65.908 		10.295
v -45.624 		-58.33 		10.87
v -44.9102 		-58.7041 		11
v -45.101 		-59.267 		11
v -44.9936 		-58.7509 		10.87
v -44.9508 		-58.7269 		10.9366
v -45.2468 		-58.8216 		10.4287
v -45.2891 		-58.8334 		10.355
v -41.912 		-65.998 		10.415
v -41.944 		-65.994 		10.386
v -41.917 		-65.985 		10.386
v -33.664 		-56.151 		14.25
v -41.879 		-65.942 		10.359
v -41.86 		-65.925 		10.359
v -41.061 		-51.939 		20
v -41.892 		-65.925 		10.334
v -41.949 		-65.976 		10.359
v -41.924 		-65.968 		10.359
v -41.901 		-65.956 		10.359
v -41.954 		-65.955 		10.334
v -41.932 		-65.948 		10.334
v -41.912 		-65.938 		10.334
v -41.942 		-65.925 		10.313
v -42.017 		-65.846 		10.27
v -42.008 		-65.848 		10.27
v -42 		-65.848 		10.27
v -41.992 		-65.848 		10.27
v -41.983 		-65.846 		10.27
v -41.975 		-65.843 		10.27
v -41.968 		-65.84 		10.27
v -41.961 		-65.835 		10.27
v -45.408 		-59.185 		10.355
v -42.023 		-65.806 		10.263
v -42.02 		-65.809 		10.263
v -42.016 		-65.812 		10.263
v -42.012 		-65.814 		10.263
v -42.008 		-65.815 		10.263
v -42.004 		-65.816 		10.263
v -41.996 		-65.816 		10.263
v -41.992 		-65.815 		10.263
v -41.988 		-65.814 		10.263
v -45.222 		-59.878 		11
v -41.984 		-65.812 		10.263
v -45.581 		-60.5 		10.355
v -45.538 		-59.837 		10.355
v -41.98 		-65.809 		10.263
v -41.977 		-65.806 		10.263
v -45.88 		-58.663 		9.941
v -41.974 		-65.803 		10.263
v -41.972 		-65.8 		10.263
v -45.4722 		-58.9356 		9.941
v -45.489 		-58.9385 		9.8969
v -45.632 		-59.125 		9.674
v -45.5734 		-58.9529 		9.674
v -45.7531 		-59.0548 		8.979
v -45.7444 		-59.0499 		9.0124
v -45.5841 		-58.9589 		9.6326
v -42.083 		-65.831 		10.28
v -42.076 		-65.842 		10.28
v -42.068 		-65.851 		10.28
v -42.063 		-65.8 		10.27
v -42.06 		-65.808 		10.27
v -42.056 		-65.816 		10.27
v -42.051 		-65.823 		10.27
v -42.046 		-65.829 		10.27
v -42.039 		-65.835 		10.27
v -42.032 		-65.84 		10.27
v -42.025 		-65.843 		10.27
v -45.7553 		-59.0545 		8.968
v -45.767 		-59.089 		8.968
v -42.03 		-65.796 		10.263
v -42.028 		-65.8 		10.263
v -42.026 		-65.803 		10.263
v -45.8008 		-59.0794 		8.4403
v -45.7756 		-59.0656 		8.7329
v -42.016 		-65.908 		10.295
v -45.8157 		-59.0895 		8.25
v -42 		-65.909 		10.295
v -41.984 		-65.908 		10.295
v -45.815 		-59.0916 		8.2343
v -45.8053 		-59.1226 		8
v -45.813 		-60.5 		9.674
v -45.767 		-61.193 		9.674
v -45.767 		-59.807 		9.674
v -45.906 		-61.212 		8.968
v -45.953 		-60.5 		8.968
v -45.906 		-59.788 		8.968
v -45.953 		-61.218 		8.25
v -46 		-60.5 		8.25
v -45.953 		-59.782 		8.25
v -45.813 		-61.924 		8.25
v -44.83 		-57.294 		3.435
v -45.7848 		-59.1088 		7.7376
v -45.7688 		-59.0979 		7.532
v -45.668 		-59.1116 		7.021
v -45.6984 		-59.1073 		7.1735
v -45.767 		-59.0982 		7.523
v -45.88 		-58.663 		6.059
v -46.396 		-54.539 		14.25
v -41.968 		-65.905 		10.295
v -42.012 		-65.879 		10.28
v -42 		-65.88 		10.28
v -41.988 		-65.879 		10.28
v -41.975 		-65.876 		10.28
v -39.612 		-51.551 		16.5683
v -39.5788 		-51.5622 		16.5584
v -39.804 		-51.513 		16.6309
v -40.196 		-51.513 		16.6309
v -40.296 		-51.5328 		16.5983
v -41.963 		-65.872 		10.28
v -40.388 		-51.551 		16.5683
v -40.574 		-51.614 		16.5129
v -40.75 		-51.701 		16.4659
v -40.913 		-51.81 		16.4281
v -41.061 		-51.939 		16.3998
v -42.076 		-65.916 		10.313
v -41.19 		-52.087 		16.4281
v -41.299 		-52.25 		16.4659
v -42.076 		-65.883 		10.295
v -41.386 		-52.426 		16.5129
v -42.063 		-65.892 		10.295
v -41.449 		-52.612 		16.5683
v -41.4378 		-52.5788 		16.5584
v -42.048 		-65.9 		10.295
v -41.487 		-52.804 		16.6309
v -42.032 		-65.905 		10.295
v -41.487 		-53.196 		16.6309
v -41.4767 		-53.248 		16.614
v -41.449 		-53.388 		16.5683
v -41.386 		-53.574 		16.5129
v -41.299 		-53.75 		16.4659
v -42.058 		-65.86 		10.28
v -41.19 		-53.913 		16.4281
v -42.048 		-65.867 		10.28
v -41.061 		-54.061 		16.3998
v -42.8864 		-51.5 		20.3275
v -34.497 		-43.808 		17.125
v -32.105 		-45.659 		18.049
v -34.543 		-58.082 		1.803
v -34.586 		-58.091 		1.874
v -34.641 		-58.092 		1.93
v -34.706 		-58.086 		1.97
v -34.78 		-58.071 		1.994
v -34.862 		-58.048 		2
v -42.037 		-65.872 		10.28
v -42.025 		-65.876 		10.28
v -34.488 		-58.006 		1.513
v -34.494 		-58.039 		1.621
v -34.512 		-58.064 		1.718
v -42.083 		-65.985 		10.386
v -42.056 		-65.994 		10.386
v -42 		-65.983 		10.359
v -41.974 		-65.981 		10.359
v -42.023 		-65.96 		10.334
v -42 		-65.961 		10.334
v -41.977 		-65.96 		10.334
v -42.02 		-65.935 		10.313
v -42 		-65.937 		10.313
v -41.98 		-65.935 		10.313
v -41.961 		-65.931 		10.313
v -42.076 		-65.968 		10.359
v -42.051 		-65.976 		10.359
v -42.026 		-65.981 		10.359
v -42.068 		-65.948 		10.334
v -42.046 		-65.955 		10.334
v -42.058 		-65.925 		10.313
v -42.039 		-65.931 		10.313
v -42.215 		-65.908 		10.478
v -42.209 		-65.905 		10.446
v -42.213 		-65.872 		10.415
v -42.2 		-65.9 		10.415
v -42.215 		-65.812 		10.386
v -42.209 		-65.84 		10.386
v -42.2 		-65.867 		10.386
v -42.188 		-65.892 		10.386
v -42.172 		-65.916 		10.386
v -42.246 		-65.816 		10.478
v -42.239 		-65.848 		10.478
v -42.229 		-65.879 		10.478
v -42.239 		-65.815 		10.446
v -42.233 		-65.846 		10.446
v -42.223 		-65.876 		10.446
v -45.6272 		-59.0886 		6.8631
v -45.632 		-59.125 		6.827
v -42.229 		-65.814 		10.415
v -45.6178 		-59.0834 		6.827
v -42.223 		-65.843 		10.415
v -45.5415 		-59.0706 		6.6266
v -45.3587 		-59.0393 		6.146
v -45.408 		-59.0479 		6.276
v -45.408 		-59.185 		6.146
v -45.3143 		-59.0412 		6.059
v -45.953 		-60.5 		7.532
v -45.906 		-61.212 		7.532
v -45.906 		-59.788 		7.532
v -45.813 		-60.5 		6.827
v -45.767 		-61.193 		6.827
v -45.767 		-59.807 		6.827
v -45.538 		-61.163 		6.146
v -45.581 		-60.5 		6.146
v -45.538 		-59.837 		6.146
v -45.624 		-58.33 		5.13
v -45.272 		-57.871 		4.25
v -45.1374 		-58.9915 		5.75
v -45.101 		-59.267 		5.5
v -44.994 		-58.9514 		5.5
v -44.831 		-58.9381 		5.275
v -44.8484 		-58.9395 		5.299
v -44.715 		-59.371 		4.902
v -44.7258 		-58.9297 		5.13
v -45.263 		-60.5 		5.5
v -45.222 		-61.122 		5.5
v -45.222 		-59.878 		5.5
v -44.826 		-61.07 		4.902
v -44.863 		-60.5 		4.902
v -44.826 		-59.93 		4.902
v -45.767 		-61.911 		7.532
v -45.632 		-61.875 		6.827
v -45.408 		-62.533 		6.827
v -45.408 		-61.815 		6.146
v -45.195 		-62.445 		6.146
v -44.905 		-61.998 		7.418
v -45.101 		-61.733 		5.5
v -44.901 		-62.323 		5.5
v -44.715 		-61.629 		4.902
v -38.038 		-57.187 		0
v -38.219 		-56.915 		0
v -38.364 		-56.622 		0
v -38.469 		-56.312 		0
v -38.533 		-55.991 		0
v -38.554 		-55.665 		0
v -38.533 		-55.339 		0
v -38.469 		-55.018 		0
v -38.364 		-54.708 		0
v -37.822 		-57.433 		0
v -37.576 		-57.648 		0
v -37.304 		-57.83 		0
v -37.011 		-57.975 		0
v -36.701 		-58.08 		0
v -36.381 		-58.144 		0
v -36.054 		-58.165 		0
v -44.625 		-62.882 		5.5
v -44.531 		-62.17 		4.902
v -33.889 		-56.915 		0
v -34.071 		-57.187 		0
v -33.744 		-54.708 		0
v -33.639 		-55.018 		0
v -33.576 		-55.339 		0
v -33.744 		-56.622 		0
v -33.639 		-56.312 		0
v -33.576 		-55.991 		0
v -33.554 		-55.665 		0
v -35.097 		-57.975 		0
v -34.804 		-57.83 		0
v -34.286 		-57.433 		0
v -34.532 		-57.648 		0
v -35.407 		-58.08 		0
v -35.728 		-58.144 		0
v -44.354 		-56.0995 		2.4654
v -44.392 		-56.107 		2.4856
v -34.248 		-59.684 		1.057
v -35.136 		-57.9882 		0.3409
v -35.176 		-58.0018 		0.3477
v -35.0919 		-57.9725 		0.3422
v -35.097 		-57.975 		0.3423
v -35.0481 		-57.9508 		0.3517
v -35.0009 		-57.9275 		0.3722
v -34.9521 		-57.9033 		0.4042
v -34.902 		-57.8785 		0.449
v -35.3131 		-58.0482 		0.4607
v -35.2837 		-58.0382 		0.4211
v -35.2512 		-58.0272 		0.3891
v -35.2156 		-58.0152 		0.3644
v -35.1771 		-58.0022 		0.3479
v -33.554 		-55.665 		1.888
v -33.576 		-55.991 		1.798
v -44.5448 		-58.8707 		4.902
v -44.4733 		-58.854 		4.8307
v -44.5438 		-58.8706 		4.9009
v -44.5169 		-58.8642 		4.8741
v -44.356 		-59.992 		4.361
v -44.389 		-60.5 		4.361
v -44.356 		-61.008 		4.361
v -34.0156 		-51.0598 		14
v -34.0247 		-51.2 		14
v -33.912 		-51 		13.95
v -34.0116 		-51 		14
v -32.929 		-51 		13.304
v -32.989 		-50.077 		13.304
v -34.12 		-52.576 		13.95
v -34.0744 		-51.8407 		14
v -33.964 		-51.795 		13.95
v -34.0628 		-51.782 		14
v -34.152 		-52.229 		14
v -33.17 		-52.83 		13.304
v -32.989 		-51.923 		13.304
v -33.467 		-53.706 		13.304
v -32.67 		-54.036 		12.566
v -34.2355 		-52.6069 		14
v -34.4532 		-53.248 		14
v -34.2161 		-52.5502 		14
v -34.8475 		-54.044 		14
v -34.728 		-54.044 		13.95
v -34.8143 		-53.9942 		14
v -35 		-54.2724 		14
v -34.4945 		-53.3456 		14
v -34.376 		-53.33 		13.95
v -34.468 		-53.2918 		14
v -32.074 		-49.1314 		14
v -34.657 		-53 		15.9314
v -38.5 		-53 		16.7
v -33.4239 		-49.6836 		14.4719
v -33.3698 		-49.6789 		14.4594
v -33.3077 		-49.6672 		14.4427
v -33.2399 		-49.6491 		14.4225
v -33.1631 		-49.6234 		14.3977
v -33.0794 		-49.5891 		14.3685
v -32.9876 		-49.5462 		14.3344
v -32.8878 		-49.4938 		14.2953
v -32.7794 		-49.4293 		14.25
v -32.6636 		-49.3531 		14.199
v -32.5446 		-49.2656 		14.1432
v -31.464 		-54.536 		5.13
v -32.67 		-56.624 		5.13
v -31.999 		-55.619 		5.13
v -33.876 		-57.124 		4.25
v -33.129 		-56.272 		4.25
v -32.5 		-55.33 		4.25
v -34.071 		-57.187 		4.1588
v -34.152 		-57.2797 		4.1771
v -33.9676 		-57.0324 		4.1048
v -33.744 		-56.622 		3.9896
v -33.8339 		-56.8037 		4.0483
v -33.639 		-56.312 		3.8487
v -33.6381 		-56.3073 		3.846
v -33.889 		-56.915 		4.0842
v -33.467 		-57.533 		5.13
v -34.2082 		-57.344 		4.1898
v -34.376 		-58.33 		5.13
v -34.728 		-57.871 		4.25
v -34.804 		-57.83 		4.1643
v -35 		-57.927 		4.1326
v -34.7745 		-57.8103 		4.1642
v -34.7746 		-57.8103 		4.1642
v -34.532 		-57.648 		4.2068
v -34.698 		-57.7591 		4.1777
v -34.286 		-57.433 		4.2074
v -35.381 		-59.001 		5.13
v -35.67 		-58.5 		4.25
v -38.551 		-52.612 		20
v -38.614 		-52.426 		20
v -38.701 		-52.25 		20
v -38.81 		-52.087 		20
v -38.939 		-51.939 		20
v -39.087 		-51.81 		20
v -38.513 		-53.196 		20
v -38.5 		-53 		20
v -38.513 		-52.804 		20
v -35.097 		-57.975 		4.1169
v -35.728 		-58.144 		3.8809
v -35.7898 		-58.148 		3.846
v -35.407 		-58.08 		4.0216
v -35.5039 		-58.0993 		3.9792
v -35.8702 		-58.1532 		3.8006
v -35.8731 		-58.1534 		3.7993
v -35.981 		-58.1603 		3.7527
v -36.054 		-58.165 		3.7211
v -38.513 		-53.196 		16.6309
v -38.5233 		-53.248 		16.614
v -38.513 		-52.804 		16.6309
v -38.551 		-52.612 		16.5683
v -38.614 		-52.426 		16.5129
v -38.5933 		-54.4067 		16.2042
v -30.17 		-52.294 		7.021
v -39.426 		-54.386 		16.5129
v -39.25 		-54.299 		16.4659
v -39.087 		-54.19 		16.4281
v -38.939 		-54.061 		16.3998
v -38.81 		-53.913 		16.4281
v -32.134 		-57.036 		7.021
v -38.701 		-53.75 		16.4659
v -31.414 		-55.957 		7.021
v -38.614 		-53.574 		16.5129
v -38.551 		-53.388 		16.5683
v -30.84 		-54.794 		7.021
v -30.423 		-53.566 		7.021
v -37.325 		-54.5 		19.9222
v -39.6661 		-51.5 		20.892
v -32.337 		-56.88 		6.059
v -31.635 		-55.83 		6.059
v -31.076 		-54.696 		6.059
v -37.325 		-54.5 		20.8848
v -32.484 		-59.341 		18.049
v -30.67 		-53.5 		6.059
v -37.9468 		-51.5 		20.3884
v -37.9469 		-51.5 		20.5415
v -33.964 		-58.866 		7.021
v -32.989 		-58.011 		7.021
v -34.12 		-58.663 		6.059
v -33.17 		-57.83 		6.059
v -32.066 		-51 		12.566
v -32.134 		-49.964 		12.566
v -32.337 		-53.053 		12.566
v -32.134 		-52.036 		12.566
v -30 		-51 		8
v -31.635 		-53.241 		11.75
v -31.414 		-52.13 		11.75
v -31.34 		-51 		11.75
v -31.414 		-49.87 		11.75
v -30.84 		-52.206 		10.87
v -30.761 		-51 		10.87
v -33.6099 		-56.1638 		1.6153
v -33.5984 		-56.1051 		1.6539
v -33.621 		-56.2202 		1.5664
v -30.423 		-52.261 		9.941
v -30.341 		-51 		9.941
v -33.6311 		-56.2717 		1.5081
v -30.17 		-52.294 		8.979
v -33.64 		-56.315 		1.4476
v -30.086 		-51 		8.979
v -33.639 		-56.312 		1.4518
v -30.086 		-52.305 		8
v -33.5554 		-55.6857 		1.3465
v -33.5555 		-55.6867 		1.286
v -33.5561 		-55.6959 		1.4359
v -33.5577 		-55.7193 		1.5168
v -33.5601 		-55.7549 		1.585
v -32.5 		-55.33 		11.75
v -31.999 		-54.314 		11.75
v -33.5631 		-55.8005 		1.6377
v -33.5669 		-55.8565 		1.6729
v -32.67 		-56.624 		10.87
v -33.5711 		-55.9183 		1.6903
v -31.999 		-55.619 		10.87
v -44.3685 		-58.5668 		11.6327
v -33.5754 		-55.9827 		1.6902
v -33.5865 		-56.0443 		1.6793
v -33.576 		-55.991 		1.6882
v -44.4031 		-58.5702 		11.599
v -44.531 		-58.83 		11.599
v -33.6407 		-56.317 		1.4448
v -33.6417 		-56.32 		1.4397
v -33.5656 		-55.8375 		0.81
v -33.5674 		-55.8631 		0.774
v -33.5627 		-55.7943 		0.8859
v -33.5602 		-55.7564 		0.9694
v -44.305 		-56.61 		2.697
v -33.558 		-55.724 		1.0597
v -33.5564 		-55.7008 		1.1548
v -33.5555 		-55.6874 		1.2513
v -44.285 		-56.086 		2.4287
v -31.464 		-54.536 		10.87
v -31.076 		-53.391 		10.87
v -44.33 		-58.5 		4.25
v -44.1515 		-58.7936 		4.5312
v -44.093 		-59.012 		4.361
v -31.076 		-54.696 		9.941
v -30.67 		-53.5 		9.941
v -30.84 		-54.794 		8.979
v -30.423 		-53.566 		8.979
v -30.761 		-54.827 		8
v -44.257 		-59.493 		4.361
v -30.341 		-53.588 		8
v -44.279 		-62.682 		4.902
v -44.257 		-61.507 		4.361
v -44.093 		-61.988 		4.361
v -44.305 		-46.695 		13.95
v -44.305 		-45.39 		13.304
v -44.305 		-55.305 		13.95
v -44.305 		-56.61 		13.304
v -33.6538 		-56.3556 		1.3793
v -33.6651 		-56.3892 		1.3101
v -33.6683 		-56.3985 		1.286
v -44.33 		-58.5 		11.75
v -44.0214 		-58.4665 		11.9375
v -44.2423 		-58.5432 		11.75
v -44.29 		-58.5522 		11.7057
v -33.6746 		-56.4169 		1.2387
v -33.682 		-56.4391 		1.167
v -33.6879 		-56.4565 		1.0968
v -33.6918 		-56.468 		1.0284
v -33.6943 		-56.4752 		0.9621
v -33.695 		-56.4773 		0.8995
v -33.6943 		-56.4752 		0.8404
v -33.6922 		-56.4692 		0.7859
v -33.6914 		-56.4668 		0.774
v -33.6889 		-56.4593 		0.7356
v -33.6845 		-56.4462 		0.6904
v -33.6789 		-56.4297 		0.6495
v -33.6721 		-56.4097 		0.6138
v -33.6646 		-56.3876 		0.5835
v -33.6562 		-56.3627 		0.5587
v -33.6468 		-56.3351 		0.5393
v -33.639 		-56.312 		0.529
v -33.6376 		-56.3047 		0.5254
v -33.631 		-56.2711 		0.5155
v -33.6238 		-56.2347 		0.5118
v -33.6163 		-56.1965 		0.5147
v -33.6085 		-56.1566 		0.5243
v -33.6002 		-56.1145 		0.5415
v -33.5918 		-56.0713 		0.5661
v -33.5831 		-56.0271 		0.5982
v -33.576 		-55.991 		0.631
v -33.5753 		-55.9812 		0.6386
v -33.5721 		-55.9325 		0.6866
v -33.5688 		-55.8844 		0.744
v -38.219 		-56.915 		2.1153
v -38.248 		-56.8564 		2.0726
v -38.038 		-57.187 		2.3235
v -37.9466 		-57.2911 		2.4079
v -40 		-54.827 		1.071
v -39.501 		-54.794 		1.071
v -39.01 		-54.696 		1.071
v -38.469 		-55.018 		1.2483
v -38.4093 		-54.8417 		1.1935
v -38.5244 		-55.296 		1.3392
v -38.536 		-54.536 		1.071
v -38.364 		-54.708 		1.1565
v -41.464 		-54.536 		1.071
v -40.99 		-54.696 		1.071
v -40.5 		-54.794 		1.071
v -40 		-57.088 		2.05
v -39.205 		-57.036 		2.05
v -38.424 		-56.88 		2.05
v -38.2633 		-56.8254 		2.05
v -40 		-56 		1.505
v -39.347 		-55.957 		1.505
v -38.706 		-55.83 		1.505
v -38.533 		-55.991 		1.6096
v -38.5469 		-55.7758 		1.505
v -38.469 		-56.312 		1.7726
v -38.364 		-56.622 		1.937
v -38.3582 		-56.6337 		1.9436
v -38.547 		-55.7734 		1.5042
v -38.533 		-55.339 		1.3533
v -38.554 		-55.665 		1.4653
v -40.795 		-57.036 		2.05
v -41.294 		-55.83 		1.505
v -40.653 		-55.957 		1.505
v -37.576 		-57.648 		1.888
v -36.381 		-58.144 		1.8711
v -37.1966 		-57.8832 		1.5796
v -37.1134 		-57.9243 		1.6037
v -36.5632 		-58.1076 		1.2939
v -36.5778 		-58.1046 		1.3699
v -36.6093 		-58.0983 		1.4391
v -36.6582 		-58.0886 		1.4978
v -36.719 		-58.0739 		1.5452
v -36.701 		-58.08 		1.5286
v -36.7852 		-58.0515 		1.5832
v -36.8616 		-58.0256 		1.6074
v -36.9453 		-57.9973 		1.6165
v -37.031 		-57.9651 		1.6142
v -37.011 		-57.975 		1.6134
v -36.8198 		-58.0398 		0.7763
v -36.7627 		-58.0591 		0.8358
v -36.381 		-58.144 		1.262
# 8672 vertices

g group_0_30377

usemtl color_30377
s 0

f 11 	8355 	12
f 12 	8672 	13
f 15 	14 	8672
f 20 	18 	8655
f 17 	1126 	16
f 1126 	1127 	19
f 19 	16 	1126
f 18 	19 	8655
f 20 	8655 	21
f 24 	22 	8655
f 21 	8655 	22
f 23 	24 	898
f 8655 	898 	24
f 94 	23 	898
f 96 	94 	898
f 99 	898 	100
f 146 	147 	1257
f 147 	148 	1257
f 148 	155 	1257
f 153 	150 	1258
f 159 	156 	2
f 150 	151 	1
f 5 	502 	132
f 158 	159 	2
f 151 	152 	1
f 493 	494 	7
f 7 	494 	6
f 8 	495 	7
f 6 	497 	5
f 156 	157 	8
f 2 	1 	152
f 1 	1258 	150
f 493 	7 	495
f 8 	2 	156
f 158 	2 	152
f 1258 	155 	153
f 1258 	1257 	155
f 495 	8 	157
f 223 	103 	8350
f 223 	8350 	224
f 8351 	230 	8350
f 229 	8350 	230
f 230 	8351 	231
f 233 	8351 	240
f 244 	8352 	246
f 434 	433 	8353
f 434 	8353 	435
f 435 	8353 	436
f 8353 	437 	436
f 8353 	8354 	437
f 440 	438 	8354
f 438 	437 	8354
f 440 	8354 	444
f 445 	444 	8354
f 454 	8477 	455
f 460 	8456 	453
f 462 	8456 	461
f 463 	479 	8456
f 8456 	464 	465
f 464 	8456 	468
f 467 	468 	8456
f 473 	474 	8456
f 467 	8456 	469
f 478 	476 	8456
f 460 	461 	8456
f 462 	463 	8456
f 469 	8456 	474
f 473 	8456 	475
f 475 	8456 	477
f 476 	477 	8456
f 478 	8456 	479
f 752 	758 	480
f 767 	482 	480
f 483 	480 	482
f 484 	480 	483
f 485 	480 	484
f 764 	8460 	763
f 490 	491 	489
f 489 	491 	492
f 492 	488 	489
f 498 	5 	497
f 499 	5 	498
f 497 	6 	494
f 799 	795 	490
f 502 	5 	499
f 503 	132 	502
f 127 	1035 	126
f 1023 	126 	1035
f 1037 	127 	1036
f 764 	770 	8460
f 753 	758 	752
f 480 	8460 	752
f 761 	768 	8460
f 770 	765 	8460
f 767 	480 	758
f 756 	752 	8460
f 768 	772 	8460
f 763 	8456 	465
f 760 	761 	8460
f 762 	756 	8460
f 772 	769 	8460
f 765 	760 	8460
f 769 	762 	8460
f 455 	8477 	457
f 779 	457 	8477
f 492 	491 	780
f 4196 	4195 	780
f 779 	8477 	782
f 782 	8477 	792
f 792 	8477 	796
f 798 	797 	8477
f 785 	784 	780
f 796 	8477 	797
f 783 	3853 	781
f 781 	4196 	784
f 4196 	780 	784
f 785 	780 	786
f 786 	780 	787
f 788 	787 	780
f 790 	780 	491
f 788 	780 	789
f 790 	789 	780
f 490 	795 	491
f 790 	491 	791
f 791 	491 	793
f 794 	491 	795
f 793 	491 	794
f 871 	866 	8373
f 874 	871 	8373
f 798 	8477 	804
f 801 	800 	490
f 799 	490 	800
f 801 	490 	802
f 490 	489 	802
f 807 	808 	806
f 808 	809 	806
f 813 	809 	812
f 811 	812 	809
f 814 	809 	813
f 815 	809 	814
f 816 	809 	815
f 849 	3970 	848
f 840 	841 	855
f 840 	855 	844
f 841 	842 	855
f 845 	844 	858
f 855 	858 	844
f 847 	807 	848
f 849 	848 	806
f 807 	806 	848
f 806 	850 	849
f 817 	852 	850
f 853 	951 	854
f 804 	8477 	865
f 8477 	8478 	867
f 866 	867 	8373
f 867 	865 	8477
f 485 	889 	480
f 885 	883 	8369
f 884 	8369 	883
f 888 	886 	8371
f 8369 	8371 	885
f 886 	885 	8371
f 888 	480 	889
f 875 	874 	8373
f 890 	875 	8373
f 890 	8372 	891
f 892 	891 	8372
f 892 	8372 	893
f 907 	8655 	1127
f 858 	1056 	899
f 858 	899 	845
f 902 	1081 	903
f 905 	906 	8655
f 906 	1044 	8655
f 900 	1081 	902
f 8655 	907 	905
f 847 	846 	808
f 809 	808 	846
f 808 	807 	847
f 806 	805 	850
f 805 	817 	850
f 817 	816 	950
f 853 	852 	950
f 817 	950 	852
f 1021 	126 	1023
f 1027 	129 	1032
f 1033 	130 	1051
f 950 	952 	853
f 953 	952 	950
f 816 	958 	950
f 951 	853 	952
f 953 	950 	954
f 954 	950 	955
f 955 	950 	956
f 956 	950 	957
f 957 	950 	958
f 958 	816 	959
f 815 	965 	816
f 959 	816 	960
f 960 	816 	961
f 961 	816 	962
f 962 	816 	963
f 963 	816 	964
f 964 	816 	965
f 992 	854 	993
f 993 	854 	951
f 815 	994 	965
f 130 	1032 	129
f 128 	1036 	127
f 1036 	128 	1038
f 129 	1038 	128
f 132 	1042 	131
f 503 	504 	132
f 1051 	131 	1052
f 1035 	127 	1037
f 1027 	1028 	129
f 1028 	1029 	129
f 1038 	129 	1029
f 131 	1051 	130
f 1043 	131 	1042
f 1032 	130 	1033
f 504 	1042 	132
f 1052 	131 	1043
f 1046 	898 	1045
f 8655 	1047 	898
f 1044 	1047 	8655
f 1045 	898 	1047
f 995 	994 	815
f 999 	998 	854
f 855 	854 	997
f 998 	997 	854
f 999 	854 	1000
f 992 	1000 	854
f 1004 	815 	1006
f 995 	815 	1003
f 1003 	815 	1004
f 814 	1006 	815
f 1006 	814 	1007
f 814 	1008 	1007
f 1058 	4 	1060
f 1060 	4 	1067
f 1055 	1054 	855
f 1053 	1057 	855
f 858 	855 	1057
f 1054 	1053 	855
f 997 	1055 	855
f 1056 	858 	1057
f 1063 	1062 	813
f 814 	1061 	1008
f 813 	1062 	814
f 1061 	814 	1062
f 1063 	813 	1064
f 1064 	813 	1065
f 813 	1066 	1065
f 899 	1056 	900
f 1068 	1081 	1069
f 1069 	1081 	1070
f 1072 	1071 	900
f 1081 	900 	1070
f 1071 	1070 	900
f 1072 	900 	1056
f 1077 	1076 	812
f 1074 	812 	1073
f 1073 	812 	1075
f 1075 	812 	1076
f 1079 	1078 	812
f 813 	812 	1066
f 1078 	1066 	812
f 1079 	812 	1080
f 1080 	812 	1074
f 1083 	1091 	1084
f 1081 	1086 	904
f 1084 	904 	1085
f 1086 	1085 	904
f 904 	903 	1081
f 1068 	1086 	1081
f 812 	811 	1077
f 1088 	811 	1089
f 1083 	1082 	1091
f 1088 	1087 	811
f 1089 	1091 	1090
f 1090 	1091 	1082
f 904 	1084 	1091
f 904 	1091 	811
f 1087 	1077 	811
f 1091 	1089 	811
f 904 	811 	908
f 810 	908 	811
f 1304 	4056 	810
f 1093 	810 	4056
f 1092 	948 	810
f 908 	810 	948
f 1095 	2212 	1094
f 1098 	2212 	1099
f 1098 	1102 	1103
f 1103 	1106 	1098
f 1105 	1102 	1099
f 1098 	1099 	1102
f 1098 	1106 	1107
f 1215 	1212 	1096
f 1096 	1095 	1214
f 1214 	1215 	1096
f 1104 	1105 	1099
f 1196 	1197 	1095
f 8478 	8475 	867
f 1123 	1124 	8656
f 6670 	8656 	6669
f 1124 	1135 	8656
f 8669 	1128 	1126
f 1128 	8669 	1140
f 8669 	8667 	1140
f 1190 	1191 	1094
f 1191 	1196 	1094
f 1095 	1094 	1196
f 1212 	1203 	1097
f 1097 	1096 	1212
f 1214 	1095 	1197
f 1202 	1104 	1099
f 1203 	1204 	1097
f 1204 	1202 	1097
f 1099 	1097 	1202
f 1225 	1226 	1216
f 1216 	1219 	1225
f 1227 	1225 	1219
f 1226 	1231 	1216
f 1231 	1233 	1216
f 1217 	1216 	1233
f 1234 	1217 	1233
f 1219 	1240 	1227
f 1241 	1242 	1218
f 1219 	1218 	1240
f 1218 	1098 	1241
f 1107 	1241 	1098
f 1240 	1218 	1242
f 1253 	1250 	1243
f 1234 	1247 	1217
f 1243 	1217 	1247
f 1243 	1247 	1248
f 1243 	1248 	1253
f 1251 	1255 	1243
f 1251 	1243 	1250
f 1256 	1265 	1254
f 1254 	1255 	1256
f 1254 	1243 	1255
f 1 	2 	5407
f 2 	8 	5407
f 1258 	1 	5407
f 1265 	145 	1257
f 145 	146 	1257
f 1257 	1254 	1265
f 1274 	1275 	1273
f 1272 	1273 	1275
f 1277 	1292 	1276
f 1278 	1292 	1277
f 1279 	1292 	1278
f 1280 	1292 	1279
f 1286 	1287 	1285
f 1284 	1285 	1287
f 1283 	1284 	1287
f 1275 	1276 	1292
f 1272 	1275 	1292
f 1281 	1292 	1280
f 1291 	1281 	1290
f 1270 	1267 	1269
f 1281 	1282 	1267
f 1291 	1292 	1281
f 1289 	1290 	1281
f 1267 	1268 	1281
f 1288 	1289 	1281
f 1269 	1267 	1294
f 1294 	1267 	1293
f 1293 	1267 	1295
f 1295 	1267 	1296
f 1296 	1267 	1297
f 1297 	1267 	1282
f 805 	806 	809
f 805 	809 	817
f 1302 	1305 	1298
f 1266 	1271 	1298
f 1267 	1271 	1266
f 1302 	1298 	1271
f 1288 	1281 	1268
f 809 	1299 	1304
f 1304 	1299 	1300
f 1303 	1304 	1300
f 1300 	1301 	1305
f 816 	817 	809
f 1304 	810 	809
f 810 	811 	809
f 1301 	1298 	1305
f 1303 	1300 	1305
f 1270 	1271 	1267
f 1067 	4 	1313
f 1313 	4 	1316
f 1316 	4 	1319
f 1324 	1852 	1332
f 3972 	1314 	1331
f 3205 	1334 	1327
f 1328 	1331 	1329
f 1333 	1331 	1328
f 1327 	1334 	1328
f 1266 	1331 	1333
f 1266 	3972 	1331
f 1334 	1268 	1333
f 1267 	1333 	1268
f 1267 	1266 	1333
f 1342 	1341 	1343
f 4045 	4105 	1341
f 1343 	1271 	1345
f 1342 	1343 	1344
f 1344 	1343 	1345
f 1294 	3285 	1269
f 4084 	4083 	1343
f 1271 	1343 	4080
f 1307 	1345 	1271
f 1270 	1307 	1271
f 1307 	1270 	1346
f 1269 	1346 	1270
f 1346 	1269 	1347
f 1760 	1758 	1368
f 1850 	1760 	1368
f 1368 	1366 	1850
f 1370 	1367 	1330
f 1370 	1330 	1373
f 1375 	1852 	1325
f 1373 	1330 	1374
f 1374 	1330 	1376
f 1376 	1330 	1377
f 1377 	1330 	1378
f 1379 	1378 	1330
f 1379 	1330 	1380
f 1380 	1330 	1381
f 1628 	5405 	1627
f 1630 	5405 	1631
f 1631 	5405 	1632
f 1637 	1636 	3
f 1632 	5407 	1633
f 1633 	5407 	1634
f 1634 	5407 	1635
f 3 	1636 	5407
f 1635 	5407 	1636
f 1021 	4 	126
f 1637 	3 	1638
f 1638 	3 	1646
f 1646 	3 	1647
f 1058 	1059 	4
f 3 	1648 	1647
f 1648 	4 	1649
f 3 	4 	1648
f 1649 	4 	1650
f 1650 	4 	1651
f 1651 	4 	1059
f 1366 	1332 	1850
f 1712 	4 	1715
f 1857 	1715 	4
f 1319 	4 	1320
f 1325 	1852 	1324
f 1653 	1852 	1375
f 1320 	4 	1652
f 1713 	1852 	1653
f 1021 	1022 	4
f 1022 	1849 	4
f 1652 	4 	1712
f 1747 	8566 	1330
f 1749 	1750 	1330
f 1367 	1368 	1758
f 1850 	1332 	1852
f 1715 	1857 	1718
f 1718 	1857 	1720
f 1722 	1720 	1857
f 1851 	1852 	1737
f 1732 	1853 	1733
f 1733 	1853 	1738
f 1738 	1851 	1737
f 1749 	1330 	1758
f 1722 	1857 	1724
f 1716 	1737 	1852
f 1746 	1330 	1750
f 1857 	1856 	1724
f 1754 	1726 	1856
f 1851 	1738 	1853
f 1857 	4 	1849
f 1856 	1858 	1754
f 1755 	1754 	1858
f 1730 	1853 	1732
f 1330 	1367 	1758
f 1713 	1716 	1852
f 1858 	1855 	1755
f 1726 	1724 	1856
f 1731 	1755 	1854
f 1731 	1854 	1730
f 1853 	1730 	1854
f 1854 	1755 	1855
f 2066 	2754 	2450
f 2065 	2754 	2067
f 488 	1094 	2212
f 1096 	1097 	2212
f 489 	488 	2212
f 1275 	1274 	2307
f 2313 	1274 	2314
f 2307 	1274 	2313
f 2315 	2314 	1274
f 1273 	2320 	2319
f 2319 	2315 	1273
f 1274 	1273 	2315
f 2321 	2320 	1272
f 1273 	1272 	2320
f 2324 	2321 	1292
f 3235 	2323 	1292
f 2322 	2324 	1292
f 1272 	1292 	2321
f 1276 	2332 	2331
f 2331 	1778 	1276
f 2307 	2306 	1275
f 2332 	1275 	2306
f 1297 	1282 	2335
f 2334 	2335 	1282
f 2335 	2337 	1297
f 2341 	2339 	1281
f 2336 	1282 	1281
f 2339 	2340 	1281
f 2336 	1281 	2340
f 2341 	1281 	1280
f 2352 	2341 	1280
f 2326 	2325 	1279
f 2325 	2384 	1279
f 2384 	2352 	1279
f 1280 	1279 	2352
f 2329 	2326 	1278
f 1279 	1278 	2326
f 1778 	2330 	1277
f 2330 	2329 	1277
f 1278 	1277 	2329
f 1778 	1277 	1276
f 1276 	1275 	2332
f 1990 	2450 	2754
f 1983 	2461 	2463
f 2422 	2423 	1981
f 2428 	2457 	1981
f 2448 	1990 	1989
f 1987 	2470 	1988
f 2463 	2466 	1983
f 2428 	1981 	2423
f 1988 	2481 	1989
f 2457 	2464 	1981
f 2440 	1990 	2448
f 1987 	1983 	2467
f 2460 	2461 	1983
f 1983 	1982 	2460
f 2067 	2754 	2066
f 2469 	2470 	1987
f 2481 	1988 	2482
f 2469 	1987 	2467
f 2441 	2442 	1990
f 2450 	1990 	2442
f 2440 	2441 	1990
f 1982 	2464 	2460
f 1982 	1981 	2464
f 2467 	1983 	2466
f 2482 	1988 	2470
f 1989 	2480 	2448
f 1989 	2481 	2480
f 2425 	2422 	8349
f 2422 	1981 	8349
f 2425 	8349 	2553
f 3869 	3866 	489
f 3963 	3962 	2212
f 1096 	2212 	1095
f 2211 	2212 	1219
f 2555 	3039 	2557
f 3042 	2555 	3043
f 2558 	2555 	2561
f 2561 	2555 	2562
f 2562 	2555 	2563
f 2566 	2563 	2555
f 2794 	2799 	2793
f 2788 	2799 	2794
f 2754 	2793 	2799
f 2754 	2065 	2793
f 2787 	2799 	2788
f 2811 	2801 	2810
f 2873 	2800 	2875
f 2820 	2818 	488
f 1190 	1094 	2818
f 488 	2822 	2819
f 2819 	2820 	488
f 1094 	488 	2818
f 488 	492 	2822
f 2823 	2824 	492
f 3011 	3012 	4128
f 2832 	3178 	2837
f 2832 	2833 	3178
f 4764 	3178 	2833
f 2837 	3178 	2838
f 2842 	2840 	3178
f 2838 	3178 	2840
f 2844 	2842 	3178
f 2829 	4128 	3012
f 2847 	2844 	3178
f 3178 	3176 	3012
f 2810 	2801 	2814
f 2814 	2801 	2865
f 2866 	2800 	2873
f 2865 	2800 	2866
f 2799 	2875 	2800
f 2875 	2799 	2787
f 2913 	2805 	2915
f 2802 	2921 	2803
f 2800 	2865 	2801
f 2804 	2915 	2805
f 2916 	2804 	2919
f 2803 	2919 	2804
f 2804 	2916 	2915
f 2803 	2921 	2919
f 2923 	2802 	2922
f 2801 	2922 	2802
f 2921 	2802 	2923
f 2801 	2811 	2922
f 2936 	2927 	2926
f 2943 	2936 	2926
f 2950 	2947 	2949
f 1287 	2947 	2950
f 1283 	1287 	2950
f 2952 	2947 	2951
f 2949 	2947 	2948
f 4477 	4478 	2983
f 2983 	2981 	4477
f 2948 	2947 	2952
f 2968 	4477 	2967
f 2967 	4477 	2966
f 2951 	4477 	2968
f 2966 	4477 	2969
f 2969 	4477 	2981
f 1287 	3076 	2947
f 2947 	2989 	2987
f 2847 	3178 	3009
f 3012 	3009 	3178
f 3021 	2557 	3024
f 3024 	2557 	3038
f 3011 	2557 	3021
f 3038 	2557 	3039
f 2555 	3042 	3040
f 2555 	3040 	3039
f 3043 	2555 	3044
f 3044 	2555 	3046
f 2558 	2559 	2555
f 3046 	2555 	2559
f 2989 	2947 	3075
f 3075 	2947 	3076
f 2828 	2829 	3012
f 1286 	3080 	1287
f 3078 	1287 	3080
f 1287 	3078 	3076
f 3137 	2828 	3012
f 3178 	4755 	3180
f 3080 	1286 	3174
f 1285 	3175 	1286
f 3174 	1286 	3175
f 3182 	1285 	3185
f 1284 	3185 	1285
f 3183 	1285 	3182
f 3175 	1285 	3183
f 3190 	1284 	1283
f 1333 	1328 	1334
f 3194 	3205 	1327
f 3185 	1284 	3190
f 1290 	3217 	3216
f 3218 	3221 	1290
f 3216 	3218 	1290
f 3220 	1290 	3221
f 3223 	1290 	3222
f 3220 	3222 	1290
f 1291 	1290 	3213
f 3213 	1290 	3223
f 3228 	3217 	1289
f 1290 	1289 	3217
f 1289 	1288 	3229
f 3229 	1288 	3233
f 3194 	3233 	3205
f 2322 	1292 	2323
f 2950 	3226 	1283
f 3225 	1283 	3226
f 3190 	1283 	3225
f 3275 	2950 	2949
f 3275 	3271 	2950
f 3271 	3270 	2950
f 3226 	2950 	3270
f 2948 	3279 	2949
f 3278 	2949 	3279
f 3275 	2949 	3278
f 3213 	3212 	1291
f 1291 	3212 	3236
f 3236 	3235 	1291
f 1292 	1291 	3235
f 3229 	3228 	1289
f 3205 	3233 	1288
f 1268 	1334 	3205
f 1288 	1268 	3205
f 1348 	1269 	1349
f 1349 	1269 	3285
f 3286 	1294 	3287
f 3285 	1294 	3286
f 3287 	1294 	3288
f 3289 	3521 	3290
f 3292 	3434 	3293
f 3297 	3294 	3293
f 3295 	3513 	3293
f 2337 	3293 	1297
f 3294 	3295 	3293
f 3296 	3433 	3292
f 3300 	3282 	2948
f 2948 	3282 	3279
f 3301 	2948 	2952
f 2948 	3301 	3300
f 2952 	2951 	2998
f 2952 	2998 	3302
f 3301 	2952 	3302
f 2998 	2951 	3303
f 3303 	2951 	3304
f 2968 	3306 	2951
f 3304 	2951 	3306
f 3309 	2968 	3310
f 2967 	3313 	2968
f 3312 	2968 	3309
f 2968 	3312 	3306
f 3311 	2968 	3313
f 3310 	2968 	3311
f 2967 	3314 	3313
f 3315 	3361 	3316
f 3362 	3361 	3315
f 3317 	3316 	3360
f 3318 	3337 	3319
f 3339 	3340 	3319
f 3333 	3320 	3340
f 3338 	3319 	3337
f 3339 	3319 	3338
f 3320 	3319 	3340
f 3336 	3333 	3340
f 3318 	3317 	3349
f 3349 	3337 	3318
f 2967 	2966 	3314
f 3348 	3349 	3317
f 3359 	3348 	3317
f 3359 	3317 	3360
f 3360 	3316 	3361
f 3362 	3315 	3363
f 3298 	3433 	3299
f 3364 	3293 	3434
f 3297 	3293 	3364
f 3299 	3433 	3296
f 3434 	3292 	3433
f 3432 	3444 	3298
f 3433 	3298 	3444
f 3443 	3447 	3442
f 3442 	3447 	3432
f 3443 	3446 	3449
f 3443 	3449 	3447
f 3444 	3432 	3447
f 3446 	3456 	3449
f 3458 	3457 	3462
f 3463 	3458 	3462
f 3458 	3463 	3459
f 3459 	3463 	3460
f 3479 	3460 	3463
f 3460 	3479 	3461
f 3477 	3475 	3478
f 3475 	3461 	3480
f 3479 	3480 	3461
f 3480 	3478 	3475
f 3482 	1297 	3481
f 3483 	1297 	3484
f 3484 	1297 	3510
f 3510 	1297 	3512
f 1297 	3293 	3513
f 3512 	1297 	3513
f 1347 	1269 	1348
f 3288 	1294 	3289
f 3518 	3291 	3520
f 3290 	3520 	3291
f 3462 	3457 	3464
f 3516 	3464 	3457
f 3465 	3516 	3517
f 3464 	3516 	3465
f 3516 	3515 	3519
f 3519 	3517 	3516
f 3520 	3290 	3521
f 3515 	3291 	3518
f 3518 	3519 	3515
f 3521 	3289 	3522
f 3522 	3289 	3523
f 3527 	3289 	3528
f 3523 	3289 	3524
f 3524 	3289 	3525
f 3525 	3289 	3526
f 3526 	3289 	3527
f 1293 	3528 	3289
f 3528 	1293 	3529
f 3529 	1293 	3530
f 3530 	1293 	3531
f 3363 	3315 	3578
f 3580 	3578 	2966
f 3315 	3314 	2966
f 3581 	3580 	2966
f 3315 	2966 	3578
f 3585 	3581 	2966
f 2969 	3590 	2966
f 3585 	2966 	3586
f 3586 	2966 	3587
f 3587 	2966 	3588
f 3588 	2966 	3589
f 3589 	2966 	3590
f 2981 	3594 	2969
f 2969 	3591 	3590
f 3591 	2969 	3592
f 3592 	2969 	3593
f 3593 	2969 	3594
f 3598 	3597 	2981
f 3594 	2981 	3595
f 2981 	3596 	3595
f 3597 	3596 	2981
f 3677 	3807 	2935
f 3289 	1294 	1293
f 1295 	3772 	1293
f 3531 	1293 	3755
f 3755 	1293 	3756
f 3756 	1293 	3757
f 3757 	1293 	3758
f 3760 	3807 	3759
f 3799 	3798 	3695
f 3691 	3807 	3676
f 3692 	3807 	3691
f 3677 	3676 	3807
f 3695 	3798 	3692
f 3807 	3762 	3759
f 3803 	3799 	3761
f 3761 	3799 	3695
f 3758 	1293 	3764
f 2824 	2822 	492
f 3764 	1293 	3765
f 2336 	2334 	1282
f 3765 	1293 	3769
f 3786 	3784 	1296
f 3769 	1293 	3772
f 3772 	1295 	3773
f 3773 	1295 	3780
f 1296 	3784 	1295
f 3780 	1295 	3783
f 3783 	1295 	3785
f 3785 	1295 	3784
f 3793 	3791 	1296
f 3786 	1296 	3788
f 1296 	1297 	3793
f 3788 	1296 	3790
f 3790 	1296 	3791
f 3483 	3481 	1297
f 3793 	1297 	3794
f 3794 	1297 	3795
f 3796 	1297 	3482
f 3795 	1297 	3796
f 3807 	3692 	3762
f 3797 	3762 	3692
f 3797 	3692 	3798
f 3761 	3763 	3803
f 3803 	3763 	3804
f 3805 	3804 	3763
f 2936 	2935 	3807
f 3808 	2982 	3810
f 3809 	3910 	2982
f 3810 	3807 	3811
f 3811 	3807 	3813
f 3813 	3807 	3760
f 3807 	3810 	2982
f 2936 	3807 	2927
f 3807 	2982 	2927
f 3853 	3854 	3855
f 3855 	4119 	3853
f 3856 	3872 	3802
f 3872 	3805 	3802
f 3766 	3853 	3768
f 4196 	781 	3853
f 3767 	3853 	3766
f 3768 	3853 	783
f 3856 	3871 	3872
f 3763 	3802 	3805
f 3853 	3891 	3854
f 3853 	4124 	3891
f 3859 	3858 	3853
f 3857 	3853 	3858
f 3859 	3853 	3860
f 3860 	3853 	3861
f 3861 	3853 	3862
f 3767 	3862 	3853
f 3866 	803 	489
f 803 	802 	489
f 3857 	3881 	3853
f 4124 	3853 	3881
f 489 	3890 	3869
f 3910 	3909 	2984
f 3907 	2984 	3906
f 3808 	3809 	2982
f 3906 	2984 	3908
f 3908 	2984 	3909
f 2984 	2982 	3910
f 3973 	1314 	3972
f 3974 	1315 	3973
f 1329 	1331 	1314
f 4124 	3898 	3897
f 3902 	4125 	3903
f 3897 	3903 	4124
f 3898 	4124 	3899
f 1314 	3973 	1315
f 3881 	3899 	4124
f 846 	847 	3969
f 3975 	3957 	3974
f 847 	848 	3970
f 3970 	3969 	847
f 850 	3971 	849
f 852 	853 	842
f 489 	3961 	3890
f 3961 	489 	3962
f 854 	842 	853
f 489 	2212 	3962
f 3963 	2212 	3964
f 3964 	2212 	3965
f 852 	842 	850
f 3966 	3975 	3967
f 2212 	3968 	3965
f 1315 	3974 	3957
f 3957 	3975 	3966
f 3970 	849 	3971
f 855 	842 	854
f 3975 	846 	3967
f 3969 	3967 	846
f 843 	850 	842
f 3971 	850 	843
f 1298 	1301 	3972
f 3973 	3972 	1301
f 3974 	3973 	1300
f 1301 	1300 	3973
f 1300 	3975 	3974
f 809 	846 	3975
f 3972 	1266 	1298
f 1300 	1299 	3975
f 1299 	809 	3975
f 4025 	4024 	2983
f 3598 	2981 	4024
f 4030 	4029 	2983
f 4032 	4030 	2984
f 2981 	2983 	4024
f 2983 	2984 	4030
f 3976 	4120 	3977
f 3980 	3979 	4121
f 4025 	2983 	4027
f 3977 	4120 	3978
f 3978 	4120 	3979
f 4120 	4121 	3979
f 4027 	2983 	4029
f 4034 	4032 	2984
f 3981 	2211 	3982
f 3985 	3984 	2211
f 3982 	2211 	3983
f 3983 	2211 	3984
f 3988 	3987 	2211
f 2212 	2211 	3968
f 3987 	3968 	2211
f 3988 	2211 	3989
f 3989 	2211 	3981
f 4043 	4047 	4071
f 4049 	4071 	4047
f 1092 	810 	1093
f 1304 	4159 	4056
f 4061 	4056 	4160
f 4062 	4061 	4160
f 4049 	4068 	4069
f 4070 	4049 	4069
f 4071 	4049 	4070
f 4072 	4068 	4065
f 4049 	4065 	4068
f 1343 	1341 	4105
f 4043 	4071 	4044
f 4078 	4045 	4071
f 4044 	4071 	4045
f 4079 	4045 	4078
f 4081 	1271 	4080
f 4082 	1271 	4081
f 4097 	4085 	1343
f 4095 	4096 	4045
f 4096 	4106 	4045
f 4080 	1343 	4083
f 4097 	1343 	4105
f 4084 	1343 	4087
f 4086 	4113 	1343
f 4034 	2984 	4088
f 4088 	2984 	3907
f 4085 	4086 	1343
f 4095 	4045 	4100
f 4099 	4100 	4045
f 4106 	4114 	4045
f 4112 	4104 	4045
f 4123 	3976 	4122
f 4035 	4111 	4036
f 4036 	4111 	4037
f 4094 	4038 	4126
f 4126 	4038 	4111
f 4094 	4126 	3976
f 4037 	4111 	4038
f 4122 	3976 	4126
f 4102 	4101 	2210
f 4126 	4111 	2210
f 4098 	3985 	2210
f 4098 	2210 	4101
f 4103 	4102 	4111
f 2210 	4111 	4102
f 4035 	4103 	4111
f 3985 	2211 	2210
f 2209 	4127 	2210
f 4105 	4045 	4104
f 4087 	1343 	4113
f 4112 	4045 	4114
f 3176 	3177 	3012
f 3177 	3137 	3012
f 4073 	4072 	4065
f 4075 	4073 	4065
f 4075 	4065 	4115
f 4115 	4065 	4116
f 4116 	4065 	4117
f 4131 	4118 	4065
f 4117 	4065 	4118
f 4195 	2823 	492
f 492 	780 	4195
f 4196 	3853 	4119
f 4121 	4125 	3980
f 3902 	3980 	4125
f 4120 	3976 	4123
f 4126 	2210 	4127
f 2557 	4128 	2209
f 4124 	3903 	4125
f 4127 	2209 	4128
f 2557 	3011 	4128
f 4099 	4045 	4133
f 4133 	4045 	4134
f 4134 	4045 	4135
f 4137 	4045 	4136
f 4137 	4143 	4045
f 4136 	4045 	4138
f 4079 	4139 	4045
f 4139 	4145 	4045
f 4135 	4045 	4143
f 4145 	4155 	4045
f 4138 	4045 	4153
f 4153 	4045 	4155
f 4131 	4065 	4132
f 4161 	4159 	1304
f 4132 	4065 	4156
f 4157 	4156 	4065
f 4157 	4065 	4158
f 4065 	4062 	4160
f 4160 	4056 	4159
f 4160 	4158 	4065
f 1271 	4174 	1302
f 4174 	1271 	4176
f 1302 	4174 	4171
f 4172 	1302 	4171
f 4176 	1271 	4178
f 4178 	1271 	4179
f 4082 	4179 	1271
f 4163 	4162 	1304
f 4162 	4161 	1304
f 4181 	4163 	1304
f 1303 	4181 	1304
f 4181 	1303 	4182
f 4182 	1303 	4186
f 4186 	1303 	4189
f 4189 	1303 	4193
f 4193 	1303 	4198
f 4198 	1303 	4199
f 4199 	1303 	4200
f 4211 	4210 	1305
f 4200 	1303 	4201
f 1302 	4227 	1305
f 4201 	1303 	4202
f 4202 	1303 	4210
f 1303 	1305 	4210
f 4226 	1305 	4225
f 4225 	1305 	4227
f 4226 	4211 	1305
f 4228 	1302 	4229
f 4227 	1302 	4228
f 4229 	1302 	4230
f 4172 	4230 	1302
f 4471 	4371 	4370
f 4471 	4470 	4371
f 4468 	8361 	4469
f 4379 	8361 	4378
f 4469 	4371 	4470
f 4378 	8361 	4468
f 2914 	4370 	2913
f 4471 	4370 	4472
f 2805 	2913 	4370
f 4472 	4370 	2914
f 4477 	2951 	2947
f 4475 	4476 	2983
f 2983 	4478 	4479
f 4474 	4490 	5034
f 5034 	2983 	5033
f 4476 	5033 	2983
f 2926 	2927 	5034
f 4479 	4475 	2983
f 2984 	2983 	5034
f 2984 	5034 	2982
f 2982 	5034 	2927
f 4488 	2926 	5034
f 4486 	4488 	5034
f 4490 	4486 	5034
f 2946 	4488 	4556
f 4550 	4549 	4488
f 4549 	4556 	4488
f 2943 	4488 	2946
f 4488 	4633 	4550
f 4547 	4566 	4567
f 4547 	4567 	4596
f 4595 	4547 	4596
f 4595 	6568 	4547
f 4566 	4547 	4568
f 4577 	4574 	4547
f 4568 	4547 	4571
f 4547 	4551 	4577
f 4571 	4547 	4574
f 4551 	4552 	4577
f 4589 	5053 	6568
f 4592 	6568 	4591
f 4592 	4590 	6568
f 4593 	6568 	4594
f 4594 	6568 	4595
f 4601 	4490 	4599
f 4599 	4490 	4609
f 4613 	4612 	4490
f 4609 	4490 	4610
f 4610 	4490 	4611
f 4611 	4490 	4612
f 4614 	4613 	4474
f 4621 	4474 	4587
f 4616 	4474 	4620
f 4620 	4474 	4621
f 4579 	4577 	4550
f 4552 	4550 	4577
f 4622 	4585 	4550
f 4625 	4624 	4550
f 4585 	4579 	4550
f 4623 	4622 	4550
f 4624 	4623 	4550
f 4625 	4550 	4629
f 4632 	4550 	4633
f 4633 	4488 	4635
f 4635 	4488 	4636
f 4636 	4488 	4637
f 4637 	4488 	4638
f 4638 	4488 	4639
f 4639 	4488 	4640
f 4640 	4488 	4641
f 4642 	4641 	4488
f 2926 	4488 	2943
f 4629 	4550 	4632
f 4644 	4488 	4646
f 4689 	4687 	4490
f 4642 	4488 	4644
f 4486 	4647 	4488
f 4655 	4651 	4486
f 4651 	4648 	4486
f 4647 	4486 	4648
f 4646 	4488 	4647
f 4655 	4486 	4687
f 4486 	4490 	4687
f 4689 	4490 	4711
f 4711 	4490 	4714
f 4714 	4490 	4715
f 4715 	4490 	4601
f 1218 	2212 	1098
f 1097 	1099 	2212
f 1219 	1216 	2210
f 2557 	2209 	1217
f 1219 	2212 	1218
f 2210 	1217 	2209
f 2210 	2211 	1219
f 4686 	4745 	1217
f 2557 	1217 	2555
f 2555 	1217 	4744
f 4744 	1217 	4745
f 2555 	4744 	4746
f 4750 	4744 	4745
f 2566 	2555 	4746
f 4747 	4746 	4744
f 4749 	4744 	4748
f 4749 	4747 	4744
f 4748 	4744 	4750
f 4750 	4745 	4751
f 4751 	4745 	4752
f 4752 	4745 	4753
f 4754 	4753 	4745
f 4993 	4686 	4994
f 4993 	4991 	4686
f 3179 	3180 	4755
f 4763 	4762 	3178
f 3178 	4762 	4755
f 4755 	4758 	4759
f 4760 	4755 	4759
f 4761 	4755 	4760
f 4791 	5122 	4775
f 4755 	4762 	4758
f 4774 	5122 	4761
f 4755 	4761 	5122
f 4775 	5122 	4774
f 4763 	3178 	4764
f 4960 	5123 	4959
f 4783 	4800 	5122
f 4782 	4783 	5122
f 4782 	5122 	4786
f 4792 	4790 	5122
f 4786 	5122 	4788
f 4787 	4788 	5122
f 4791 	4804 	5122
f 4790 	4787 	5122
f 4792 	5122 	4794
f 4794 	5122 	4804
f 4800 	4784 	5122
f 4785 	5122 	4784
f 4961 	5123 	4960
f 4969 	5123 	4957
f 4957 	5123 	4956
f 4686 	5123 	4808
f 4785 	4963 	5122
f 4956 	5123 	4963
f 4988 	5123 	4969
f 4959 	5123 	4970
f 4970 	5123 	4988
f 4754 	4745 	4989
f 4745 	4991 	4989
f 4995 	4994 	4686
f 4745 	4686 	4991
f 4809 	4686 	4808
f 4686 	4809 	4995
f 5049 	4473 	5042
f 4474 	5040 	4473
f 5036 	4474 	5035
f 5037 	4474 	5036
f 5038 	4474 	5037
f 5039 	4474 	5038
f 5040 	4474 	5039
f 5034 	5035 	4474
f 5046 	5043 	5044
f 5043 	5046 	5042
f 5047 	5048 	5042
f 5045 	5047 	5042
f 5048 	5049 	5042
f 5041 	4473 	5040
f 5045 	5042 	5046
f 5041 	5042 	4473
f 5052 	6568 	5053
f 4616 	4614 	4474
f 5051 	6568 	5052
f 4474 	4473 	5053
f 5056 	5055 	4473
f 4473 	5054 	5053
f 5055 	5054 	4473
f 5116 	5114 	4685
f 5392 	4685 	5115
f 4808 	5123 	4961
f 4755 	5121 	3179
f 5122 	4963 	5123
f 5124 	4686 	5392
f 4755 	5122 	5121
f 4686 	5124 	5123
f 5074 	5457 	5075
f 5077 	5076 	5120
f 5076 	5075 	5120
f 5120 	4476 	5077
f 5077 	4476 	5125
f 5126 	5125 	6501
f 4475 	6501 	5125
f 5457 	5033 	5120
f 4475 	5125 	4476
f 4685 	5392 	4686
f 4685 	1217 	5394
f 1217 	2210 	1216
f 4685 	4686 	1217
f 5394 	5397 	4685
f 8374 	5394 	8566
f 5398 	5394 	8375
f 5114 	5115 	4685
f 5116 	4685 	5397
f 5397 	5394 	5398
f 1243 	1254 	5394
f 1217 	1243 	5394
f 1257 	1258 	5405
f 1254 	1257 	5394
f 130 	129 	5407
f 5407 	5405 	1258
f 5394 	1257 	5401
f 5405 	5401 	1257
f 3 	5407 	4
f 1330 	5405 	1383
f 1384 	1383 	5405
f 1381 	1330 	1382
f 5405 	1330 	5401
f 5407 	1632 	5405
f 1385 	1384 	5405
f 1382 	1330 	1383
f 1503 	1502 	5405
f 1502 	1385 	5405
f 1630 	1627 	5405
f 5408 	1503 	5405
f 5408 	5405 	5409
f 5410 	5405 	1628
f 5409 	5405 	5410
f 5454 	5381 	5453
f 5455 	5385 	5454
f 5456 	5457 	5074
f 5456 	5385 	5455
f 5120 	5075 	5457
f 5381 	5454 	5385
f 5451 	5452 	5384
f 5382 	5453 	5381
f 5074 	5385 	5456
f 5460 	5380 	5462
f 5452 	5453 	5382
f 5451 	5383 	5461
f 5379 	5462 	5380
f 5383 	5451 	5384
f 5383 	5380 	5461
f 5382 	5384 	5452
f 5460 	5461 	5380
f 5039 	5451 	5040
f 5451 	5039 	5452
f 5038 	5452 	5039
f 5453 	5452 	5038
f 5036 	5454 	5453
f 5035 	5455 	5454
f 5035 	5454 	5036
f 5455 	5035 	5456
f 5034 	5456 	5035
f 5034 	5457 	5456
f 4476 	5120 	5033
f 5451 	5461 	5040
f 5038 	5037 	5453
f 5037 	5036 	5453
f 5034 	5033 	5457
f 5042 	5041 	5460
f 5042 	5460 	5462
f 5040 	5461 	5460
f 5040 	5460 	5041
f 5876 	5139 	5049
f 5056 	5049 	5057
f 5139 	5057 	5049
f 5462 	5379 	5881
f 5879 	5881 	5379
f 5885 	5884 	5887
f 5884 	5886 	5887
f 5886 	5883 	5887
f 5889 	5887 	5888
f 5885 	5887 	5889
f 5890 	5888 	5887
f 5890 	5043 	5891
f 5891 	5043 	5879
f 5928 	5926 	5887
f 5894 	5876 	5049
f 5896 	5895 	5048
f 5897 	5899 	5048
f 5895 	5897 	5048
f 5899 	5894 	5048
f 5049 	5048 	5894
f 5048 	5047 	5896
f 5900 	5903 	5892
f 5882 	5892 	5903
f 5056 	4473 	5049
f 5912 	5913 	5903
f 5883 	5882 	5903
f 5910 	5909 	5887
f 5905 	5044 	5904
f 5904 	5890 	5906
f 5906 	5890 	5908
f 5908 	5890 	5909
f 5890 	5887 	5909
f 5883 	5903 	5933
f 5933 	5934 	5883
f 5915 	5912 	5903
f 5913 	5933 	5903
f 5915 	5903 	5917
f 5920 	5903 	5919
f 5920 	5917 	5903
f 5926 	5910 	5887
f 5928 	5887 	5930
f 5930 	5887 	5932
f 5887 	5883 	5934
f 5934 	5932 	5887
f 5937 	5044 	5936
f 5936 	5044 	5938
f 5044 	5043 	5890
f 5938 	5044 	5939
f 5890 	5904 	5044
f 5940 	5044 	5905
f 5939 	5044 	5940
f 5937 	5943 	5044
f 5943 	5941 	5044
f 5922 	5903 	6259
f 5900 	6261 	5903
f 5919 	5903 	5922
f 6259 	5903 	6261
f 6262 	6261 	6309
f 6261 	5900 	6309
f 6309 	5900 	6310
f 6310 	5900 	6311
f 6312 	5900 	6314
f 6311 	5900 	6312
f 5900 	5047 	6314
f 6316 	6314 	5047
f 6341 	6316 	5047
f 6342 	6341 	5047
f 5042 	5462 	5881
f 5881 	5879 	5043
f 5043 	5042 	5881
f 5941 	5942 	5044
f 5046 	6360 	5045
f 6358 	6349 	5045
f 6345 	5047 	6347
f 6349 	6348 	5045
f 6347 	5045 	6348
f 6358 	5045 	6360
f 6367 	6366 	5046
f 6360 	5046 	6362
f 6369 	6368 	5044
f 6362 	5046 	6364
f 6364 	5046 	6365
f 5046 	5044 	6367
f 6365 	5046 	6366
f 5942 	6370 	5044
f 6368 	6367 	5044
f 6369 	5044 	6370
f 5900 	5896 	5047
f 6343 	6342 	5047
f 6374 	6343 	5047
f 6374 	5047 	6376
f 6376 	5047 	6378
f 5045 	6347 	5047
f 6378 	5047 	6380
f 6380 	5047 	6381
f 6381 	5047 	6382
f 6346 	5047 	6345
f 6382 	5047 	6346
f 6501 	4475 	6502
f 4478 	6417 	4479
f 6502 	4479 	6506
f 6417 	4478 	6507
f 4477 	6511 	6507
f 4479 	6502 	4475
f 6506 	4479 	6417
f 4477 	6507 	4478
f 2947 	2987 	4477
f 2987 	2986 	4477
f 4477 	6514 	6511
f 6514 	4477 	6515
f 2986 	4823 	4477
f 4477 	4823 	6515
f 6522 	4548 	6568
f 4547 	6568 	4548
f 6522 	6568 	5051
f 4591 	6568 	4593
f 4587 	4474 	4586
f 4590 	4589 	6568
f 4586 	5053 	4588
f 4588 	5053 	4589
f 4490 	4474 	4613
f 4474 	5053 	4586
f 8356 	8482 	8656
f 1125 	8656 	6670
f 1123 	8656 	1125
f 6851 	6850 	8391
f 6850 	8450 	8391
f 8391 	6852 	6851
f 6857 	8363 	6858
f 6852 	8391 	6855
f 8361 	6859 	8362
f 8390 	6855 	8391
f 8390 	6856 	6855
f 6858 	8362 	6859
f 6859 	8361 	6861
f 1981 	1982 	8343
f 8345 	8346 	8344
f 8343 	8344 	8346
f 8343 	8346 	8347
f 8343 	8347 	8348
f 8349 	1981 	8343
f 1983 	8343 	1982
f 8348 	8349 	8343
f 8629 	8630 	8348
f 8640 	8648 	8342
f 1990 	8342 	1989
f 1989 	8342 	1988
f 1983 	1987 	8343
f 2799 	2800 	8352
f 1990 	2754 	8352
f 2754 	2799 	8352
f 8343 	1987 	8342
f 8341 	8342 	1990
f 1988 	8342 	1987
f 8341 	1990 	8350
f 8350 	1990 	8351
f 8351 	1990 	8352
f 226 	8350 	228
f 228 	8350 	229
f 243 	240 	8352
f 232 	8351 	233
f 231 	8351 	232
f 244 	243 	8352
f 8351 	8352 	240
f 8672 	12 	8355
f 8356 	8672 	8355
f 246 	8352 	433
f 8353 	433 	8352
f 8359 	2801 	8364
f 8360 	2801 	8359
f 2803 	2804 	8363
f 8363 	8367 	2801
f 8366 	8365 	2801
f 8370 	2801 	8360
f 8371 	2801 	8370
f 8365 	8364 	2801
f 2801 	8354 	2800
f 8353 	8352 	2800
f 4370 	4371 	8363
f 2805 	4370 	8363
f 8362 	8363 	4371
f 4371 	8361 	8362
f 2804 	2805 	8363
f 2801 	2802 	8363
f 8366 	2801 	8367
f 2802 	2803 	8363
f 8369 	2801 	8371
f 8353 	2800 	8354
f 8369 	8368 	2801
f 8372 	2801 	8368
f 8356 	8355 	2801
f 8372 	8373 	2801
f 8373 	8356 	2801
f 8354 	2801 	8355
f 8375 	5394 	8374
f 8604 	8364 	8605
f 8366 	8613 	8365
f 8383 	8382 	8369
f 8377 	8378 	8368
f 8380 	8368 	8379
f 8379 	8368 	8381
f 480 	888 	8371
f 8371 	8370 	480
f 8380 	8377 	8368
f 8369 	8381 	8368
f 8381 	8369 	8382
f 8383 	8369 	8384
f 8384 	8369 	884
f 8372 	890 	8373
f 894 	893 	8372
f 8368 	8389 	8372
f 896 	8372 	8385
f 894 	8372 	895
f 895 	8372 	896
f 8385 	8372 	8386
f 8386 	8372 	8387
f 8388 	8372 	8389
f 8387 	8372 	8388
f 8389 	8368 	8378
f 8362 	6858 	8363
f 6857 	6856 	8390
f 8391 	8548 	8390
f 8546 	8545 	8390
f 8541 	8540 	8390
f 8359 	8451 	8360
f 8446 	8360 	8451
f 8359 	8448 	8451
f 8444 	8360 	8446
f 8448 	8359 	8447
f 8449 	8391 	8450
f 8462 	8370 	8453
f 8445 	8453 	8370
f 8459 	763 	8458
f 8456 	763 	8459
f 8458 	763 	8461
f 8370 	8462 	480
f 8444 	8370 	8360
f 8461 	763 	8460
f 8460 	480 	8462
f 8444 	8445 	8370
f 8456 	8457 	453
f 8477 	454 	452
f 8474 	8477 	452
f 8356 	8373 	8482
f 452 	453 	8474
f 8474 	453 	8457
f 8373 	8475 	8476
f 8373 	8479 	8480
f 8481 	8482 	8373
f 8373 	867 	8475
f 8479 	8373 	8476
f 8449 	8527 	8528
f 8552 	8391 	8528
f 8449 	8528 	8391
f 8546 	8390 	8548
f 8449 	8447 	8536
f 8527 	8449 	8529
f 8536 	8532 	8449
f 8529 	8449 	8532
f 8539 	8367 	8538
f 8540 	8538 	8390
f 8367 	8363 	8390
f 8367 	8390 	8538
f 8541 	8390 	8542
f 8542 	8390 	8545
f 8548 	8391 	8551
f 8553 	8391 	8552
f 8553 	8551 	8391
f 8556 	8534 	8447
f 8586 	8557 	8447
f 8561 	8560 	8367
f 8559 	8367 	8558
f 8558 	8367 	8560
f 1746 	1747 	1330
f 8561 	8367 	8563
f 5401 	8566 	5394
f 8563 	8367 	8564
f 8539 	8565 	8367
f 5401 	1330 	8566
f 8564 	8367 	8565
f 8534 	8536 	8447
f 8557 	8556 	8447
f 8586 	8447 	8587
f 8588 	8587 	8447
f 5 	132 	5407
f 6 	5 	5407
f 7 	6 	5407
f 131 	5407 	132
f 8 	7 	5407
f 130 	5407 	131
f 128 	5407 	129
f 127 	5407 	128
f 126 	5407 	127
f 4 	5407 	126
f 8594 	8447 	8595
f 8588 	8447 	8593
f 8593 	8447 	8594
f 8598 	8597 	8364
f 8447 	8364 	8597
f 8596 	8447 	8597
f 8447 	8359 	8364
f 8599 	8364 	8600
f 8600 	8364 	8601
f 8598 	8364 	8599
f 8595 	8447 	8596
f 8603 	8364 	8604
f 8601 	8364 	8602
f 8602 	8364 	8603
f 8365 	8609 	8364
f 8605 	8364 	8606
f 8607 	8364 	8608
f 8606 	8364 	8607
f 8608 	8364 	8609
f 8609 	8365 	8610
f 8610 	8365 	8611
f 8611 	8365 	8612
f 8612 	8365 	8613
f 8619 	8618 	8367
f 8618 	8617 	8366
f 8613 	8366 	8614
f 8614 	8366 	8615
f 6857 	8390 	8363
f 8615 	8366 	8616
f 8366 	8367 	8618
f 8616 	8366 	8617
f 8620 	8619 	8367
f 8620 	8367 	8621
f 8621 	8367 	8559
f 4371 	4469 	8361
f 6848 	6849 	8361
f 6861 	8361 	6860
f 6848 	8361 	4379
f 6849 	6860 	8361
f 8624 	8622 	8341
f 8342 	8341 	8622
f 8350 	898 	8341
f 8640 	8342 	8623
f 8622 	8623 	8342
f 1046 	8625 	898
f 8625 	8624 	898
f 8633 	2553 	8349
f 8630 	8633 	8348
f 8349 	8348 	8633
f 8346 	8345 	8651
f 8647 	8646 	8343
f 8343 	8342 	8647
f 8629 	8348 	8347
f 8651 	8650 	8346
f 8344 	8343 	8646
f 8647 	8342 	8648
f 8345 	8649 	8651
f 8644 	8645 	8345
f 8645 	8649 	8345
f 8345 	8344 	8644
f 8344 	8646 	8644
f 8650 	8631 	8347
f 8347 	8631 	8629
f 8347 	8346 	8650
f 8624 	8341 	898
f 226 	224 	8350
f 8350 	103 	101
f 101 	100 	8350
f 98 	898 	99
f 97 	96 	898
f 98 	97 	898
f 8350 	100 	898
f 8655 	19 	1127
f 8667 	8666 	1140
f 8666 	8665 	1140
f 1135 	8664 	8656
f 6669 	8656 	8482
f 8480 	8481 	8373
f 8656 	8672 	8356
f 1126 	17 	8657
f 1126 	8657 	8658
f 8658 	8668 	1126
f 15 	8672 	8659
f 8661 	8660 	8656
f 8659 	8672 	8660
f 8656 	8662 	8661
f 8672 	8656 	8660
f 8662 	8656 	8664
f 8664 	1135 	8663
f 8665 	8663 	1135
f 1135 	1136 	8665
f 1136 	1140 	8665
f 8669 	1126 	8668
f 11 	10 	8355
f 445 	8354 	8670
f 14 	13 	8672
f 8670 	8354 	8671
f 8671 	8354 	9
f 8354 	10 	9
f 8354 	8355 	10
# 1745 faces

g group_0_40919

usemtl color_40919
s 0

f 44 	35 	31
f 31 	35 	36
f 31 	36 	34
f 45 	39 	35
f 40 	37 	81
f 81 	38 	40
f 40 	60 	37
f 35 	39 	41
f 35 	41 	36
f 42 	43 	38
f 43 	40 	38
f 47 	43 	42
f 46 	47 	42
f 44 	45 	35
f 46 	50 	47
f 60 	59 	57
f 37 	60 	57
f 2597 	57 	59
f 40 	43 	63
f 60 	40 	63
f 60 	62 	59
f 63 	62 	60
f 65 	64 	63
f 63 	64 	62
f 65 	63 	43
f 65 	43 	47
f 64 	67 	68
f 71 	73 	67
f 71 	65 	47
f 47 	50 	71
f 65 	67 	64
f 71 	67 	65
f 76 	73 	71
f 67 	73 	74
f 67 	74 	68
f 74 	3195 	68
f 71 	50 	76
f 74 	73 	177
f 179 	178 	76
f 76 	178 	73
f 77 	37 	78
f 81 	37 	77
f 37 	57 	78
f 83 	50 	46
f 87 	50 	83
f 85 	87 	83
f 87 	76 	50
f 85 	89 	87
f 2368 	2374 	134
f 8653 	140 	139
f 141 	8653 	139
f 147 	1262 	148
f 151 	154 	152
f 151 	150 	154
f 153 	154 	150
f 155 	149 	153
f 154 	153 	149
f 148 	149 	155
f 158 	154 	159
f 160 	159 	154
f 45 	49 	39
f 48 	8513 	49
f 39 	8497 	41
f 8500 	41 	8497
f 8513 	48 	8512
f 8495 	39 	49
f 73 	178 	177
f 87 	89 	179
f 87 	179 	76
f 177 	505 	2816
f 178 	505 	177
f 38 	81 	180
f 38 	180 	181
f 181 	42 	38
f 182 	42 	181
f 183 	46 	182
f 182 	46 	42
f 184 	83 	183
f 85 	83 	184
f 83 	46 	183
f 838 	85 	184
f 899 	860 	85
f 288 	292 	218
f 6271 	6276 	292
f 288 	218 	219
f 288 	219 	222
f 288 	222 	221
f 289 	6344 	287
f 235 	234 	220
f 221 	220 	234
f 235 	6285 	234
f 221 	234 	288
f 6268 	288 	286
f 6268 	286 	287
f 6385 	6413 	234
f 291 	290 	234
f 289 	234 	290
f 289 	287 	234
f 286 	234 	287
f 286 	288 	234
f 6268 	292 	288
f 5333 	6271 	292
f 292 	6340 	5333
f 425 	430 	5582
f 430 	431 	5582
f 425 	5582 	424
f 423 	424 	5582
f 431 	441 	5582
f 443 	5582 	442
f 441 	442 	5582
f 154 	158 	152
f 2359 	2361 	154
f 157 	156 	160
f 159 	160 	156
f 494 	493 	133
f 495 	133 	493
f 133 	495 	160
f 157 	160 	495
f 501 	179 	89
f 498 	134 	499
f 501 	89 	496
f 179 	500 	178
f 501 	500 	179
f 497 	133 	134
f 498 	497 	134
f 133 	497 	494
f 503 	502 	135
f 134 	135 	499
f 500 	505 	178
f 499 	135 	502
f 135 	504 	503
f 149 	2359 	154
f 160 	154 	2361
f 2361 	2365 	160
f 160 	2365 	133
f 588 	5582 	587
f 589 	5582 	588
f 591 	5582 	589
f 595 	5582 	593
f 4645 	587 	5582
f 593 	5582 	591
f 423 	5582 	595
f 4645 	870 	872
f 873 	604 	4645
f 601 	4645 	600
f 602 	4645 	601
f 587 	4645 	602
f 600 	4645 	604
f 3953 	821 	819
f 3953 	3954 	821
f 182 	181 	819
f 826 	825 	77
f 828 	77 	825
f 77 	78 	826
f 828 	827 	180
f 827 	830 	180
f 180 	81 	828
f 81 	77 	828
f 827 	3951 	830
f 830 	819 	181
f 830 	181 	180
f 821 	182 	819
f 821 	183 	182
f 832 	183 	821
f 184 	183 	832
f 832 	835 	184
f 835 	838 	184
f 837 	838 	835
f 837 	842 	838
f 840 	838 	841
f 841 	838 	842
f 837 	843 	842
f 840 	844 	838
f 838 	844 	845
f 838 	845 	85
f 860 	89 	85
f 949 	496 	860
f 860 	496 	89
f 899 	900 	860
f 903 	904 	860
f 873 	4645 	872
f 1144 	868 	4645
f 845 	899 	85
f 902 	860 	900
f 903 	860 	902
f 904 	908 	860
f 908 	948 	860
f 948 	1092 	860
f 1015 	1012 	1016
f 1014 	1016 	1012
f 1179 	1154 	1014
f 1014 	1019 	1016
f 1014 	1018 	1019
f 1021 	1859 	1022
f 1021 	1023 	1859
f 1029 	1028 	137
f 1027 	137 	1028
f 1027 	1032 	137
f 1033 	137 	1032
f 137 	138 	1029
f 1037 	1036 	138
f 1036 	1038 	138
f 1029 	138 	1038
f 1023 	1035 	1859
f 1035 	1037 	1859
f 138 	1859 	1037
f 901 	906 	905
f 901 	1044 	906
f 901 	8625 	1046
f 901 	1046 	1045
f 1045 	1047 	901
f 1044 	901 	1047
f 8652 	1048 	142
f 142 	140 	8652
f 8637 	1049 	1048
f 8652 	8637 	1048
f 1043 	1042 	135
f 504 	135 	1042
f 136 	137 	1051
f 1033 	1051 	137
f 1052 	136 	1051
f 135 	136 	1043
f 1052 	1043 	136
f 1093 	4056 	949
f 1092 	1093 	949
f 949 	860 	1092
f 1228 	1100 	1101
f 1103 	1102 	1100
f 1108 	1102 	1105
f 1100 	1106 	1103
f 1105 	1104 	1108
f 1109 	1108 	501
f 501 	1108 	500
f 1109 	1100 	1108
f 1101 	1100 	1109
f 500 	1110 	505
f 1108 	1110 	500
f 1137 	1138 	4645
f 1123 	6538 	1124
f 1125 	6538 	1123
f 1132 	4645 	1131
f 868 	869 	4645
f 905 	1112 	901
f 905 	907 	1112
f 1112 	907 	1127
f 1133 	4645 	1132
f 1126 	1128 	1112
f 1113 	1112 	1128
f 1127 	1126 	1112
f 1139 	1141 	4645
f 1138 	1139 	4645
f 1113 	1136 	1135
f 1113 	1135 	1124
f 1128 	1140 	1113
f 1113 	1140 	1136
f 1147 	1146 	1112
f 1148 	1147 	1112
f 4645 	1141 	1142
f 1112 	1113 	1148
f 1142 	1144 	4645
f 869 	870 	4645
f 1148 	1145 	1147
f 1146 	1147 	1145
f 1148 	1143 	1145
f 1179 	1153 	1154
f 1018 	1014 	1154
f 1156 	1175 	1012
f 1014 	1012 	1175
f 1156 	1012 	1010
f 1175 	1179 	1014
f 1164 	6637 	1163
f 1161 	1163 	6637
f 5787 	1430 	5789
f 5788 	1430 	5794
f 6637 	5803 	1430
f 1137 	4645 	1133
f 1154 	5667 	1018
f 5667 	5703 	1018
f 1131 	4645 	1167
f 1166 	4645 	1165
f 1167 	4645 	1166
f 4223 	4766 	1170
f 4645 	4461 	1177
f 1173 	1168 	4645
f 1168 	1165 	4645
f 1172 	1173 	4645
f 1176 	1172 	4645
f 1169 	1171 	1170
f 1170 	1175 	1156
f 1176 	4645 	1183
f 1170 	1171 	1175
f 1183 	4645 	1178
f 1177 	1178 	4645
f 1179 	1175 	1171
f 1182 	1179 	1354
f 1179 	1182 	1185
f 1179 	1185 	1153
f 1188 	1162 	6636
f 1161 	6636 	1162
f 6636 	1161 	6637
f 505 	1191 	1190
f 1196 	505 	1197
f 1110 	1197 	505
f 1196 	1191 	505
f 1100 	1102 	1108
f 1110 	1108 	1203
f 1202 	1108 	1104
f 1202 	1204 	1108
f 1204 	1203 	1108
f 1215 	1110 	1212
f 1203 	1212 	1110
f 1214 	1110 	1215
f 1197 	1110 	1214
f 1226 	1225 	1228
f 1225 	1227 	1228
f 1227 	1100 	1228
f 1228 	1231 	1226
f 1100 	1242 	1241
f 1232 	1228 	1101
f 1228 	1233 	1231
f 1233 	1228 	1234
f 1100 	1227 	1240
f 1100 	1240 	1242
f 1241 	1107 	1100
f 1106 	1100 	1107
f 1245 	1246 	1249
f 1244 	1245 	1249
f 1248 	1247 	1228
f 1234 	1228 	1247
f 1253 	1248 	1228
f 1228 	1262 	1253
f 1232 	1262 	1228
f 1263 	1262 	1232
f 1262 	1256 	1255
f 1255 	1251 	1262
f 1251 	1250 	1262
f 1250 	1253 	1262
f 1262 	143 	149
f 144 	1260 	1264
f 1263 	1260 	144
f 144 	143 	1263
f 1263 	143 	1262
f 146 	145 	1262
f 1265 	1262 	145
f 1265 	1256 	1262
f 146 	1262 	147
f 149 	148 	1262
f 1306 	1344 	1345
f 1307 	1346 	1306
f 1308 	1306 	1350
f 1350 	1232 	1308
f 1232 	1101 	1308
f 3093 	3154 	1311
f 1311 	1323 	3959
f 1315 	3960 	1314
f 1321 	1318 	3163
f 1309 	1321 	3052
f 1312 	1322 	3188
f 1312 	3956 	1322
f 1328 	1326 	1327
f 1329 	1314 	1326
f 1328 	1329 	1326
f 1337 	1335 	1336
f 1338 	1335 	1337
f 1339 	1336 	1335
f 1339 	1335 	1340
f 1344 	1306 	1342
f 1306 	3986 	1342
f 1345 	1307 	1306
f 1346 	1347 	1306
f 1348 	1349 	1351
f 1347 	1348 	1351
f 1347 	1351 	1306
f 1351 	1350 	1306
f 1350 	1263 	1232
f 1421 	1423 	1050
f 1339 	1340 	1352
f 1340 	1353 	1352
f 1179 	7124 	1354
f 1146 	1356 	1112
f 1355 	7124 	1357
f 1338 	1358 	1335
f 1050 	901 	1390
f 1360 	1335 	1359
f 1359 	1335 	1358
f 1356 	1146 	1361
f 1361 	1146 	1145
f 1387 	1112 	1362
f 1356 	1362 	1112
f 1363 	1340 	1335
f 1388 	901 	1387
f 1372 	1363 	1371
f 1361 	1362 	1356
f 1112 	1387 	901
f 1372 	1364 	1363
f 1364 	1365 	1363
f 1369 	1363 	1365
f 901 	1392 	1390
f 1145 	1386 	1361
f 1145 	1520 	1386
f 1389 	1361 	1386
f 1389 	1387 	1361
f 1362 	1361 	1387
f 1389 	1388 	1387
f 1394 	901 	1388
f 1394 	1392 	901
f 1390 	1393 	1391
f 1390 	1392 	1393
f 1393 	1392 	1389
f 1392 	1394 	1389
f 1394 	1388 	1389
f 1391 	1397 	1050
f 1393 	1397 	1391
f 1395 	1404 	1371
f 1372 	1371 	1404
f 1389 	1471 	1393
f 1371 	1399 	1395
f 1390 	1391 	1050
f 1398 	1050 	1397
f 1398 	1402 	1050
f 1049 	1050 	1423
f 1363 	1482 	1371
f 1397 	1393 	1400
f 1397 	1400 	1398
f 1421 	1050 	1402
f 1423 	1427 	1049
f 1401 	1395 	1399
f 1364 	1404 	1365
f 1364 	1372 	1404
f 1404 	1395 	1405
f 1486 	1405 	1395
f 1411 	1408 	1413
f 1411 	1407 	1408
f 1408 	1418 	1413
f 1413 	1418 	1414
f 1400 	1402 	1398
f 1466 	1467 	1049
f 1472 	1400 	1393
f 1427 	1428 	1049
f 1402 	1400 	1473
f 1423 	1421 	1473
f 1421 	1402 	1473
f 1468 	1049 	1467
f 1049 	1428 	1466
f 6644 	6643 	5333
f 1357 	5738 	1355
f 5733 	5732 	1354
f 5327 	1435 	5304
f 1435 	1010 	5304
f 1435 	1156 	1010
f 1445 	1446 	1442
f 1446 	1447 	1442
f 1447 	1449 	1442
f 1474 	1428 	1427
f 1473 	1427 	1423
f 1470 	1049 	1468
f 1474 	1467 	1466
f 1474 	1466 	1428
f 1506 	1470 	1468
f 1532 	1471 	1389
f 1393 	1471 	1472
f 1400 	1472 	1473
f 1473 	1474 	1427
f 1468 	1467 	1506
f 1471 	1535 	1472
f 1473 	1620 	1474
f 1049 	1496 	1048
f 1504 	1492 	1048
f 1496 	1497 	1048
f 1495 	1498 	1049
f 1495 	1049 	1470
f 1418 	1489 	1414
f 1475 	1490 	1476
f 1491 	1477 	1476
f 1482 	1363 	1335
f 1483 	1484 	1482
f 1399 	1371 	1482
f 1401 	1399 	1482
f 1484 	1401 	1482
f 1483 	1486 	1484
f 1484 	1486 	1395
f 1401 	1484 	1395
f 1483 	1482 	1485
f 1244 	1485 	1482
f 1485 	1244 	1249
f 1486 	1407 	1405
f 1407 	1486 	1487
f 1407 	1487 	1408
f 1487 	1488 	1408
f 1252 	1418 	1488
f 1249 	1486 	1485
f 1483 	1485 	1486
f 1486 	1249 	1487
f 1489 	1475 	1414
f 1489 	1490 	1475
f 1490 	1491 	1476
f 1488 	1418 	1408
f 1252 	1489 	1418
f 1504 	1048 	1500
f 1497 	1501 	1048
f 1492 	1494 	1493
f 1496 	1049 	1498
f 1499 	1048 	1501
f 1508 	1498 	1507
f 1495 	1507 	1498
f 1496 	1508 	1497
f 1498 	1508 	1496
f 1048 	1499 	1500
f 1500 	1499 	1509
f 1499 	1501 	1509
f 1508 	1509 	1497
f 1260 	1350 	1351
f 1260 	1263 	1350
f 1492 	1493 	1048
f 1504 	1500 	1510
f 1509 	1510 	1500
f 1494 	1492 	1510
f 1492 	1504 	1510
f 1494 	1510 	1511
f 1467 	1474 	1506
f 1470 	1507 	1495
f 1470 	1506 	1507
f 1501 	1497 	1509
f 1709 	1510 	1509
f 1506 	1622 	1507
f 1708 	1509 	1508
f 1708 	1709 	1509
f 1530 	2189 	2191
f 1493 	1513 	1048
f 1513 	1875 	1048
f 1494 	1513 	1493
f 2194 	1514 	1505
f 1511 	1517 	1877
f 1514 	2237 	1515
f 2194 	2237 	1514
f 1351 	1518 	1260
f 1512 	1515 	1516
f 1261 	1512 	1516
f 1261 	1518 	1512
f 1518 	1264 	1260
f 1264 	1518 	1261
f 1523 	1603 	1604
f 1519 	1526 	1520
f 1525 	1526 	1519
f 1520 	1526 	1531
f 1386 	1520 	1531
f 1531 	1532 	1386
f 1603 	1523 	1521
f 1525 	1523 	1604
f 1774 	1530 	1505
f 1389 	1386 	1532
f 2191 	1505 	1530
f 1525 	1605 	1526
f 1525 	1604 	1605
f 1473 	1472 	1536
f 1536 	1620 	1473
f 1471 	1532 	1608
f 1471 	1608 	1535
f 1536 	1472 	1535
f 1490 	4519 	1491
f 1546 	1479 	1478
f 1549 	1546 	1478
f 1546 	1592 	1479
f 1480 	1479 	1592
f 1491 	1549 	1477
f 1478 	1477 	1549
f 1549 	4521 	1546
f 1579 	1580 	1435
f 1574 	1576 	1442
f 1573 	1574 	1442
f 1449 	1572 	1442
f 1579 	1435 	1577
f 1576 	1577 	1442
f 1573 	1442 	1572
f 1435 	1442 	1577
f 1571 	1435 	1570
f 1580 	1570 	1435
f 1571 	1581 	1435
f 1581 	1582 	1435
f 1582 	1583 	1435
f 1640 	1435 	1585
f 1585 	1435 	1584
f 1583 	1584 	1435
f 1590 	1559 	6303
f 1480 	1593 	1558
f 1480 	1592 	1593
f 1546 	4459 	1592
f 1249 	1246 	1594
f 1515 	1534 	1533
f 1514 	1515 	1533
f 1515 	1512 	1534
f 1521 	1537 	1603
f 1526 	1606 	1531
f 1605 	1606 	1526
f 1531 	1606 	1607
f 1531 	1607 	1532
f 1607 	1608 	1532
f 6798 	1614 	1537
f 1801 	1611 	1609
f 1506 	1621 	1622
f 1508 	1507 	1707
f 1711 	1511 	1510
f 1474 	1621 	1506
f 1474 	1620 	1621
f 1640 	1641 	1435
f 1703 	1597 	1596
f 1595 	1694 	1596
f 1693 	1694 	1595
f 1693 	1695 	1694
f 1786 	1597 	1696
f 1597 	1698 	1696
f 1596 	1694 	1703
f 1703 	1698 	1597
f 1696 	1699 	1697
f 1698 	1699 	1696
f 1706 	1745 	1699
f 1699 	1702 	1697
f 1699 	1745 	1702
f 1697 	1702 	1700
f 1710 	1701 	1700
f 1704 	1703 	1694
f 1694 	1695 	1704
f 1704 	1705 	1703
f 1703 	1705 	1698
f 1706 	1699 	1698
f 1705 	1706 	1698
f 1707 	1507 	1622
f 1707 	1708 	1508
f 1756 	1757 	1695
f 1757 	1704 	1695
f 1757 	1769 	1704
f 1770 	1771 	1706
f 1702 	1710 	1700
f 1709 	1711 	1510
f 1717 	1517 	1511
f 1717 	1511 	1711
f 1717 	1719 	1517
f 1717 	1711 	1801
f 1801 	1719 	1717
f 1701 	1710 	1741
f 1748 	1751 	1710
f 1710 	1751 	1741
f 1710 	1702 	1748
f 1745 	1748 	1702
f 1745 	1706 	1771
f 1772 	1748 	1745
f 1935 	1517 	1719
f 1719 	1721 	1935
f 1721 	1723 	1936
f 1749 	8562 	1750
f 1747 	1746 	8562
f 1746 	1750 	8562
f 1938 	1725 	1728
f 8562 	1749 	1759
f 1758 	1759 	1749
f 1758 	1760 	1759
f 1850 	1759 	1760
f 1714 	139 	1874
f 1714 	1759 	139
f 139 	140 	1874
f 1704 	1769 	1705
f 1705 	1770 	1706
f 1769 	1770 	1705
f 1756 	2020 	1757
f 1522 	1769 	1757
f 1522 	1524 	1769
f 1769 	1524 	1770
f 1524 	1527 	1770
f 1771 	1772 	1745
f 1748 	1773 	1751
f 1773 	1748 	1772
f 1773 	1774 	1751
f 1771 	1770 	1527
f 1771 	1528 	1772
f 1528 	1771 	1527
f 1528 	1529 	1772
f 1773 	1772 	1529
f 1773 	1530 	1774
f 1529 	1530 	1773
f 1775 	1774 	1505
f 1505 	1514 	1775
f 1741 	1777 	1776
f 1776 	1701 	1741
f 2332 	1776 	2331
f 1777 	2330 	1778
f 1779 	1777 	1741
f 1741 	1751 	1779
f 2326 	2329 	1780
f 1779 	1780 	1777
f 1751 	1774 	1779
f 1775 	1780 	1779
f 1774 	1775 	1779
f 1775 	1533 	1780
f 1533 	1775 	1514
f 1780 	1533 	2333
f 1781 	1784 	1782
f 1784 	1781 	1783
f 1784 	1790 	1782
f 1782 	1790 	1787
f 1784 	1783 	1786
f 1785 	1786 	1783
f 1785 	1597 	1786
f 1596 	1597 	1785
f 1790 	1791 	1787
f 1790 	1795 	1791
f 1794 	1795 	1790
f 1787 	1791 	1788
f 1788 	1792 	1789
f 1791 	1792 	1788
f 1792 	1793 	1789
f 1784 	1794 	1790
f 1784 	1786 	1794
f 1786 	1696 	1794
f 1696 	1697 	1794
f 1697 	1795 	1794
f 1795 	1796 	1791
f 1796 	1792 	1791
f 1796 	1797 	1792
f 1796 	1701 	1797
f 1792 	1797 	1793
f 1700 	1796 	1795
f 1795 	1697 	1700
f 1700 	1701 	1796
f 1701 	1776 	1797
f 1789 	1793 	1798
f 1793 	2270 	1798
f 1799 	2270 	1793
f 1793 	1797 	1799
f 1797 	1776 	1799
f 1801 	1616 	1615
f 1801 	1617 	1616
f 1801 	1609 	1619
f 1801 	1614 	1613
f 1801 	1537 	1614
f 1801 	1603 	1537
f 1801 	1604 	1603
f 1801 	1605 	1604
f 1801 	1606 	1605
f 1801 	1607 	1606
f 1801 	1608 	1607
f 1801 	1535 	1608
f 1801 	1536 	1535
f 1801 	1620 	1536
f 1801 	1621 	1620
f 1801 	1622 	1621
f 1801 	1707 	1622
f 1801 	1708 	1707
f 1801 	1709 	1708
f 1801 	1711 	1709
f 1801 	1721 	1719
f 1801 	1723 	1721
f 1801 	1725 	1723
f 1801 	1728 	1725
f 1801 	1729 	1728
f 1612 	1611 	1801
f 1801 	1613 	1612
f 1801 	1803 	1804
f 1805 	1803 	1801
f 1801 	1809 	1805
f 1811 	1809 	1801
f 1801 	1822 	1811
f 1823 	1822 	1801
f 1801 	1824 	1823
f 1829 	1824 	1801
f 1815 	1829 	1801
f 1729 	1801 	1804
f 1801 	1819 	1818
f 1813 	1816 	1442
f 1442 	1812 	1813
f 1445 	1442 	1816
f 1618 	1617 	1801
f 1619 	1618 	1801
f 1812 	1442 	1808
f 1808 	1442 	1807
f 1818 	6215 	1817
f 2190 	2027 	1442
f 1827 	1830 	1442
f 1832 	1834 	1442
f 1815 	1801 	1817
f 1801 	1818 	1817
f 1807 	1442 	1806
f 1801 	1820 	1819
f 1821 	1820 	1801
f 1801 	1615 	1821
f 1831 	1442 	1830
f 1832 	1442 	1831
f 1803 	1978 	1804
f 1806 	1442 	1834
f 1811 	1986 	1809
f 1848 	1824 	1829
f 1836 	1848 	1829
f 1836 	1829 	1815
f 1836 	1815 	1838
f 1838 	1815 	1817
f 2132 	1848 	1836
f 1022 	1859 	1849
f 1853 	1859 	1851
f 1852 	1851 	1859
f 1855 	1859 	1854
f 1854 	1859 	1853
f 1857 	1859 	1856
f 1849 	1859 	1857
f 1856 	1859 	1858
f 1855 	1858 	1859
f 1850 	1852 	1759
f 1852 	1859 	1759
f 1759 	1859 	141
f 1759 	141 	139
f 140 	142 	1874
f 1874 	142 	2347
f 2347 	142 	1929
f 1048 	1884 	142
f 1930 	1931 	142
f 1875 	1876 	1048
f 1876 	1886 	1048
f 1875 	1513 	1877
f 1494 	1877 	1513
f 1877 	1876 	1875
f 1884 	1885 	142
f 1930 	142 	1885
f 1884 	1048 	1886
f 1912 	1910 	1911
f 1910 	1912 	1913
f 1913 	1353 	1340
f 1340 	1910 	1913
f 1914 	1911 	1910
f 1915 	1910 	1340
f 1919 	1915 	1922
f 1928 	1923 	1915
f 1921 	1915 	1923
f 1919 	1922 	1998
f 1886 	1887 	1884
f 1922 	1921 	1997
f 1921 	1923 	1997
f 1928 	1915 	1927
f 1885 	1884 	1887
f 1926 	2000 	1927
f 1877 	1887 	1876
f 1887 	1886 	1876
f 1931 	1930 	1932
f 1885 	1932 	1930
f 1887 	1932 	1885
f 1929 	1931 	1932
f 1877 	1494 	1511
f 1877 	1517 	1887
f 1887 	1935 	1932
f 1935 	1936 	1932
f 1932 	1936 	1933
f 1887 	1517 	1935
f 1933 	1937 	1934
f 1936 	1937 	1933
f 1721 	1936 	1935
f 1937 	1938 	1934
f 1937 	1936 	1723
f 1725 	1937 	1723
f 1938 	1937 	1725
f 1728 	1939 	1938
f 1940 	1939 	1729
f 1939 	1728 	1729
f 1729 	1804 	1940
f 2133 	1824 	1848
f 1927 	1997 	1928
f 1805 	1985 	1979
f 1985 	1809 	1986
f 1805 	1809 	1985
f 1923 	1928 	1997
f 1926 	1927 	1915
f 1915 	1340 	1363
f 1363 	1926 	1915
f 1811 	1822 	1991
f 1363 	1994 	1995
f 1363 	1995 	1926
f 2002 	1995 	1994
f 2009 	1996 	1993
f 1978 	1803 	1979
f 1803 	1805 	1979
f 1996 	1695 	1693
f 1994 	1363 	1369
f 1994 	1369 	2002
f 1811 	1991 	1986
f 1992 	1991 	1822
f 1822 	1823 	1992
f 1997 	1927 	2000
f 1922 	1997 	1998
f 2003 	2001 	2039
f 2038 	2039 	2001
f 1995 	2002 	2000
f 1926 	1995 	2000
f 1999 	2006 	1993
f 1999 	2004 	2006
f 1993 	2006 	2009
f 1996 	1756 	1695
f 2008 	2010 	2022
f 2009 	1756 	1996
f 2002 	2012 	2010
f 2003 	2040 	2004
f 2004 	2016 	2006
f 2004 	2040 	2016
f 2006 	2016 	2009
f 2017 	2009 	2016
f 2007 	1997 	2008
f 1997 	2007 	1998
f 1997 	2000 	2008
f 2000 	2010 	2008
f 2009 	2017 	2019
f 2019 	1756 	2009
f 2000 	2002 	2010
f 2012 	1404 	2014
f 1404 	2012 	2002
f 2002 	1365 	1404
f 2026 	2027 	2190
f 1405 	2018 	2014
f 2014 	1404 	1405
f 2020 	1756 	2019
f 1405 	1407 	2018
f 1522 	1757 	2020
f 2030 	2031 	2190
f 1825 	1442 	2027
f 2002 	1369 	1365
f 2032 	2037 	2190
f 2081 	2082 	2017
f 2037 	2029 	2190
f 2021 	2007 	2008
f 2008 	2022 	2021
f 2019 	2083 	2020
f 2026 	2190 	2029
f 1825 	1826 	1442
f 1827 	1442 	1826
f 2022 	2010 	2023
f 2010 	2012 	2023
f 2084 	1522 	2020
f 2023 	2012 	2024
f 2084 	2085 	1522
f 2012 	2014 	2024
f 1522 	2085 	1524
f 2024 	2014 	2025
f 2032 	2190 	2031
f 1527 	1524 	2086
f 2085 	2086 	1524
f 2034 	2038 	2001
f 2034 	2036 	2038
f 2040 	2003 	2039
f 2079 	2040 	2039
f 2051 	2052 	2190
f 2018 	2041 	2025
f 2042 	1413 	2043
f 2043 	1414 	2044
f 2056 	2054 	2190
f 2055 	2051 	2190
f 2048 	2091 	2049
f 2030 	2190 	2035
f 2052 	2035 	2190
f 2048 	2088 	2091
f 2055 	2190 	2054
f 2094 	2050 	2049
f 2049 	2091 	2094
f 2046 	1477 	2047
f 2025 	2014 	2018
f 1411 	2042 	2041
f 2018 	1411 	2041
f 2042 	1411 	1413
f 2043 	1413 	1414
f 1411 	2018 	1407
f 2044 	1475 	2045
f 2044 	1414 	1475
f 2045 	1476 	2046
f 2048 	2060 	2088
f 2045 	1475 	1476
f 1477 	2046 	1476
f 2066 	2450 	2068
f 2067 	2066 	2068
f 2065 	2067 	2068
f 2073 	2190 	2072
f 2073 	2167 	2190
f 2071 	2072 	2190
f 2078 	2071 	2190
f 2446 	2076 	2068
f 2068 	2077 	2057
f 2077 	2254 	2057
f 2068 	2057 	2070
f 2070 	2057 	2059
f 2022 	2069 	2021
f 2022 	2023 	2069
f 2023 	2024 	2069
f 2076 	2253 	2077
f 2024 	2025 	2069
f 2025 	2041 	2069
f 2253 	2254 	2077
f 2041 	2042 	2069
f 2038 	2098 	2039
f 2044 	2045 	2069
f 2045 	2046 	2069
f 2046 	2047 	2069
f 2016 	2040 	2080
f 2040 	2079 	2080
f 2080 	2081 	2016
f 2081 	2017 	2016
f 2019 	2017 	2082
f 2090 	2069 	2089
f 2090 	2092 	2069
f 2092 	2093 	2069
f 2093 	2095 	2069
f 2069 	2095 	2144
f 2019 	2082 	2083
f 2083 	2084 	2020
f 2043 	2069 	2042
f 2069 	2043 	2044
f 2069 	2047 	2089
f 2069 	2144 	2154
f 2150 	2069 	2149
f 2151 	2069 	2150
f 2094 	2096 	2050
f 2096 	2036 	2050
f 2097 	2036 	2096
f 2097 	2038 	2036
f 2098 	2038 	2097
f 2098 	2079 	2039
f 2114 	2262 	2260
f 2114 	2249 	2262
f 2114 	2251 	2249
f 2114 	2252 	2251
f 2114 	2088 	2087
f 2114 	2091 	2088
f 2114 	2094 	2091
f 2114 	2096 	2094
f 2114 	2097 	2096
f 2114 	2098 	2097
f 2114 	2079 	2098
f 2114 	2080 	2079
f 2114 	2081 	2080
f 2114 	2082 	2081
f 2114 	2083 	2082
f 2114 	2084 	2083
f 1804 	1978 	1940
f 2114 	2085 	2084
f 2114 	2086 	2085
f 2114 	2187 	2086
f 2114 	2188 	2187
f 2130 	2424 	2129
f 2114 	2189 	2188
f 2114 	2191 	2189
f 2114 	2194 	2191
f 2114 	2237 	2194
f 2114 	2238 	2237
f 2131 	2132 	2427
f 2114 	2239 	2238
f 2114 	2240 	2239
f 1991 	1992 	2129
f 1992 	2130 	2129
f 2130 	2133 	2131
f 2130 	1992 	2133
f 2133 	1848 	2131
f 2131 	1848 	2132
f 2133 	1992 	1823
f 1824 	2133 	1823
f 2139 	8569 	2140
f 2140 	8569 	2136
f 2137 	2136 	2135
f 2135 	2138 	2137
f 2114 	2243 	2244
f 2137 	2141 	2136
f 2140 	2136 	2141
f 2114 	2359 	2243
f 2114 	2361 	2359
f 2361 	2114 	2365
f 2141 	8571 	2139
f 2114 	2380 	2379
f 2139 	2140 	2141
f 2383 	2386 	2141
f 2089 	1479 	2090
f 1480 	2092 	2090
f 2141 	2386 	2142
f 2156 	2069 	2155
f 2089 	1478 	1479
f 1479 	1480 	2090
f 1480 	1558 	2092
f 1558 	2093 	2092
f 1558 	1559 	2093
f 2047 	1478 	2089
f 1478 	2047 	1477
f 2069 	2156 	2149
f 2148 	2166 	2147
f 2069 	2151 	2152
f 2150 	2163 	2151
f 2151 	2165 	2152
f 1789 	1798 	2153
f 2155 	2069 	2154
f 2095 	1590 	2144
f 2154 	2169 	2155
f 2155 	2159 	2156
f 2156 	2160 	2149
f 2011 	2015 	2157
f 2157 	2013 	2011
f 2093 	1559 	2095
f 1590 	2095 	1559
f 1591 	2144 	1590
f 2015 	2145 	2158
f 2015 	2158 	2157
f 2155 	2169 	2159
f 2156 	2159 	2160
f 2161 	2158 	2145
f 2162 	2150 	2149
f 2161 	2145 	2146
f 2149 	2160 	2162
f 2164 	2161 	2146
f 2162 	2163 	2150
f 2146 	2147 	2164
f 2165 	2151 	2163
f 2167 	2056 	2190
f 6307 	2162 	2160
f 2165 	2163 	6313
f 2144 	1591 	2154
f 1591 	2169 	2154
f 2169 	6306 	2159
f 2170 	2171 	2172
f 2172 	2173 	2170
f 2174 	2175 	2176
f 2177 	2175 	2174
f 2187 	1528 	1527
f 1527 	2086 	2187
f 1529 	1528 	2188
f 2188 	1528 	2187
f 1529 	2188 	2189
f 1529 	2189 	1530
f 2078 	2190 	2193
f 2191 	2194 	1505
f 2147 	2166 	2164
f 2148 	2153 	2198
f 2198 	2166 	2148
f 2198 	2277 	2166
f 2198 	2153 	1798
f 1788 	1789 	2206
f 2204 	2148 	2266
f 2206 	2246 	2247
f 2206 	2153 	2204
f 2204 	2153 	2148
f 1788 	2206 	2247
f 2193 	2190 	2216
f 2215 	2216 	2190
f 2232 	2226 	5388
f 2190 	5388 	2225
f 2221 	2190 	2220
f 2222 	2190 	2221
f 2227 	2190 	2222
f 2225 	2220 	2190
f 2224 	2225 	5388
f 2229 	2190 	2228
f 2227 	2228 	2190
f 2215 	2190 	2229
f 2226 	2224 	5388
f 2232 	5388 	2231
f 2237 	2238 	1515
f 2238 	1516 	1515
f 2239 	1516 	2238
f 2230 	2231 	5388
f 2206 	1789 	2153
f 1782 	1787 	2242
f 2114 	2244 	2245
f 2247 	2242 	1787
f 2241 	2247 	2246
f 2247 	2241 	2242
f 2246 	2206 	2204
f 2245 	2240 	2114
f 149 	143 	2243
f 143 	2244 	2243
f 1788 	2247 	1787
f 1516 	2239 	1261
f 1261 	2240 	1264
f 2239 	2240 	1261
f 1264 	2240 	2245
f 144 	1264 	2245
f 2245 	2244 	144
f 144 	2244 	143
f 2250 	2241 	2246
f 2057 	2254 	2256
f 2057 	2256 	2059
f 2059 	2256 	2087
f 2059 	2087 	2060
f 2087 	2088 	2060
f 2259 	2261 	2257
f 2257 	2261 	2258
f 2114 	2256 	2254
f 2258 	2261 	2145
f 2114 	2087 	2256
f 2263 	2264 	2259
f 2259 	2264 	2261
f 2249 	2267 	2262
f 2114 	2368 	2365
f 2114 	2374 	2368
f 2250 	2265 	2248
f 2343 	2342 	2114
f 2265 	2263 	2248
f 2263 	2266 	2264
f 2265 	2266 	2263
f 2253 	2252 	2114
f 2253 	2114 	2254
f 2278 	2279 	5388
f 2265 	2250 	2246
f 2246 	2204 	2265
f 2266 	2265 	2204
f 2255 	2258 	2015
f 2258 	2145 	2015
f 2015 	2011 	2255
f 2146 	2145 	2261
f 2261 	2264 	2146
f 2264 	2266 	2147
f 2147 	2146 	2264
f 2147 	2266 	2148
f 2198 	1798 	2269
f 2269 	1798 	2270
f 2013 	2271 	2005
f 1800 	2005 	2271
f 2273 	2157 	2158
f 2158 	2161 	2274
f 2274 	2273 	2158
f 2164 	2275 	2161
f 2164 	2166 	2276
f 2276 	2166 	2277
f 2164 	2276 	2275
f 2269 	2277 	2198
f 2272 	2271 	2013
f 2157 	2272 	2013
f 2157 	2273 	2272
f 2274 	2161 	2275
f 2269 	3160 	2277
f 3197 	1800 	2271
f 2230 	5388 	2279
f 2285 	2283 	5388
f 2278 	5388 	2282
f 2281 	2282 	5388
f 2281 	5388 	2280
f 2177 	2173 	2172
f 2177 	2172 	2175
f 2304 	1910 	2171
f 1799 	1776 	2319
f 1776 	2306 	2307
f 1776 	2307 	2313
f 2324 	2322 	1799
f 2319 	2320 	1799
f 2312 	2308 	2483
f 1776 	2313 	2314
f 2314 	2315 	1776
f 2315 	2319 	1776
f 7653 	2305 	2318
f 2317 	2318 	2305
f 2312 	2318 	2308
f 2317 	2308 	2318
f 2320 	2321 	1799
f 2324 	1799 	2321
f 2322 	2323 	2270
f 2270 	1799 	2322
f 2323 	3235 	2270
f 1777 	1780 	2329
f 2329 	2330 	1777
f 1777 	2331 	1776
f 1776 	2332 	2306
f 1777 	1778 	2331
f 1533 	1534 	2333
f 2334 	2333 	2335
f 2334 	2336 	2333
f 2333 	3469 	3293
f 2341 	1780 	2339
f 2336 	2340 	2333
f 2339 	2333 	2340
f 2335 	2333 	2337
f 2268 	2267 	2249
f 2268 	2249 	2251
f 2384 	2325 	1780
f 2325 	2326 	1780
f 2268 	2251 	2075
f 2333 	2339 	1780
f 2341 	2352 	1780
f 2076 	2075 	2252
f 2075 	2251 	2252
f 2076 	2252 	2253
f 2143 	2394 	2213
f 2346 	2488 	2345
f 2384 	1780 	2352
f 2490 	2346 	2260
f 2490 	2260 	2494
f 2260 	2262 	2494
f 1714 	1874 	2344
f 2347 	2344 	1874
f 1931 	1929 	142
f 2345 	2343 	2114
f 2346 	2345 	2114
f 2114 	2260 	2346
f 2369 	2362 	2347
f 1929 	2381 	2347
f 149 	2243 	2359
f 2369 	2347 	2382
f 2138 	2347 	2375
f 2135 	2347 	2138
f 2136 	8569 	2135
f 2363 	2376 	2347
f 2375 	2347 	2376
f 2364 	2363 	2362
f 133 	2368 	134
f 2362 	2363 	2347
f 2368 	133 	2365
f 2364 	2362 	2369
f 2364 	2377 	2363
f 2376 	2363 	2377
f 2374 	2378 	135
f 2382 	1933 	2369
f 2138 	2375 	2137
f 2377 	2137 	2375
f 2376 	2377 	2375
f 2383 	2141 	2137
f 2382 	2347 	2381
f 1932 	2381 	1929
f 2378 	2374 	2114
f 2364 	2369 	1933
f 2114 	2379 	2378
f 2382 	2381 	1933
f 1932 	1933 	2381
f 2364 	1933 	1934
f 2364 	1934 	2377
f 2114 	2389 	2380
f 138 	137 	136
f 2377 	2383 	2137
f 2377 	2388 	2383
f 2383 	2390 	2386
f 2374 	135 	134
f 2388 	2390 	2383
f 2378 	136 	135
f 2386 	2387 	2142
f 136 	2378 	2379
f 2142 	2387 	2143
f 136 	2379 	2385
f 2385 	2380 	2599
f 2385 	2379 	2380
f 2599 	2380 	2389
f 2377 	1934 	2388
f 2386 	2391 	2387
f 2390 	2391 	2386
f 1934 	1938 	2388
f 2388 	1939 	2390
f 2114 	2342 	2389
f 1938 	1939 	2388
f 1939 	1940 	2390
f 2390 	1940 	2391
f 2391 	1940 	1978
f 2213 	2394 	2395
f 2208 	2213 	2395
f 2208 	2396 	2338
f 2395 	2396 	2208
f 2394 	2143 	2387
f 1596 	1785 	2416
f 2394 	2397 	2395
f 2398 	2397 	2394
f 2397 	2399 	2395
f 2416 	1595 	1596
f 1979 	1985 	2397
f 2395 	2399 	2396
f 2399 	2402 	2396
f 2387 	2391 	2398
f 2394 	2387 	2398
f 2398 	1978 	1979
f 2398 	2391 	1978
f 2398 	1979 	2397
f 1985 	2399 	2397
f 1985 	1986 	2399
f 2399 	1986 	2402
f 2403 	2242 	2401
f 1986 	1991 	2402
f 2403 	1782 	2242
f 2401 	2242 	2241
f 1781 	1782 	2403
f 2406 	2405 	2424
f 3026 	2407 	1783
f 2424 	2426 	2406
f 2406 	2414 	2404
f 2407 	1785 	1783
f 2404 	2414 	2411
f 2406 	2426 	2414
f 1785 	2407 	2416
f 1595 	2416 	3035
f 2421 	2405 	2338
f 2396 	2421 	2338
f 2421 	2424 	2405
f 2426 	2427 	2414
f 8632 	2423 	2422
f 2402 	2421 	2396
f 2402 	2129 	2421
f 2402 	1991 	2129
f 2421 	2129 	2424
f 2424 	2130 	2426
f 2130 	2131 	2426
f 2426 	2131 	2427
f 2241 	2250 	2429
f 2241 	2429 	2401
f 2431 	2432 	2433
f 2434 	2432 	2431
f 2436 	2430 	2435
f 2437 	2430 	2436
f 2433 	2432 	2438
f 2456 	2438 	2432
f 2781 	2443 	2444
f 2781 	2770 	2443
f 2445 	2443 	2770
f 2442 	2441 	2446
f 2440 	2446 	2441
f 2446 	2440 	2448
f 2450 	2442 	2068
f 2452 	2777 	2451
f 2446 	2068 	2442
f 2455 	2454 	2453
f 2456 	2735 	2444
f 2432 	2735 	2456
f 2461 	2460 	2268
f 2461 	2268 	2463
f 2317 	2316 	2308
f 2464 	2267 	2460
f 2268 	2460 	2267
f 2468 	2472 	2305
f 2316 	2317 	2305
f 2316 	2472 	2740
f 2468 	2740 	2472
f 2075 	2466 	2268
f 2268 	2466 	2463
f 2470 	2469 	2075
f 2469 	2467 	2075
f 2318 	2312 	7759
f 2466 	2075 	2467
f 2446 	2448 	2076
f 2480 	2076 	2448
f 2481 	2076 	2480
f 2308 	2971 	2483
f 2482 	2076 	2481
f 2482 	2470 	2076
f 2075 	2076 	2470
f 2484 	2485 	2478
f 2077 	2068 	2076
f 2478 	2485 	2479
f 2485 	2311 	2479
f 2479 	2311 	2483
f 2311 	2312 	2483
f 2496 	2484 	2550
f 2496 	7773 	2484
f 2458 	2459 	2475
f 2499 	2549 	2500
f 2499 	2548 	2549
f 2500 	2549 	2550
f 2500 	2550 	2547
f 2547 	2484 	2478
f 2428 	2423 	2267
f 2457 	2428 	2267
f 2547 	2550 	2484
f 2457 	2267 	2464
f 2551 	2549 	2548
f 2486 	2345 	2488
f 2549 	2552 	2550
f 2486 	2343 	2345
f 2549 	2551 	2552
f 2346 	2490 	2488
f 2552 	2496 	2550
f 2494 	2262 	2267
f 2422 	2425 	8632
f 8632 	2425 	2553
f 2552 	7421 	7422
f 2172 	2556 	2175
f 2175 	2305 	7642
f 2175 	2556 	2305
f 2567 	2568 	2556
f 2556 	2911 	2305
f 2911 	2556 	2910
f 2567 	2556 	2565
f 2564 	2565 	2556
f 2573 	2556 	2625
f 2568 	2625 	2556
f 2565 	2709 	2567
f 2567 	2709 	2568
f 2570 	2574 	2575
f 2570 	2575 	2569
f 2626 	2013 	2005
f 2576 	2577 	2578
f 2579 	2576 	2578
f 2580 	2581 	2582
f 2583 	2581 	2580
f 2584 	2572 	7902
f 7902 	78 	2584
f 2572 	2574 	2570
f 2584 	2574 	2572
f 2490 	2494 	8628
f 2583 	2588 	2581
f 2576 	2581 	2588
f 2576 	2588 	2577
f 2584 	78 	57
f 2590 	2582 	2581
f 57 	2597 	2584
f 2584 	2597 	2574
f 8632 	2267 	2423
f 2574 	2595 	2575
f 2494 	2267 	8632
f 2574 	2597 	2595
f 2571 	2598 	2576
f 2385 	138 	136
f 2385 	2599 	138
f 2597 	2600 	2595
f 2597 	59 	2600
f 138 	2599 	8634
f 2598 	2571 	1800
f 2571 	2005 	1800
f 59 	62 	2602
f 8634 	2599 	2601
f 8635 	2601 	2603
f 2602 	2600 	59
f 2590 	2581 	2605
f 2581 	2430 	2605
f 2604 	2605 	2430
f 2607 	2430 	2606
f 2604 	2430 	2607
f 2430 	2437 	2606
f 2581 	2576 	2598
f 2569 	2575 	2609
f 2575 	2612 	2609
f 2612 	2613 	2609
f 2609 	2613 	2611
f 2575 	2595 	2612
f 2389 	2601 	2599
f 2389 	2342 	2601
f 2601 	2342 	2603
f 2603 	2342 	2343
f 2603 	2343 	2486
f 2614 	2612 	2595
f 2600 	2614 	2595
f 2614 	2615 	2612
f 2612 	2615 	2613
f 2617 	2618 	2616
f 2617 	2616 	2640
f 2600 	2619 	2614
f 2602 	2619 	2600
f 2560 	2752 	2573
f 2615 	2614 	2622
f 2621 	2571 	2616
f 2560 	2625 	2568
f 2622 	2614 	2619
f 2910 	2556 	2573
f 2622 	2762 	2615
f 2573 	2625 	2560
f 2005 	2621 	2626
f 2630 	2776 	2631
f 2452 	2631 	2777
f 2475 	2632 	2458
f 2621 	2005 	2571
f 2011 	2013 	2626
f 2639 	2616 	2638
f 2640 	2616 	2639
f 2576 	2641 	2616
f 2641 	2638 	2616
f 2641 	2576 	2579
f 2616 	2571 	2576
f 2645 	2723 	7067
f 2172 	2629 	2556
f 2702 	2693 	2629
f 2694 	2696 	2629
f 2657 	2556 	2656
f 2564 	2556 	2657
f 2629 	2696 	2556
f 2651 	2658 	2259
f 2248 	2658 	4826
f 2248 	2263 	2658
f 2658 	2263 	2259
f 2694 	2629 	2693
f 2656 	2556 	2696
f 2656 	2696 	2928
f 2928 	2694 	2932
f 2693 	2932 	2694
f 2696 	2694 	2928
f 2702 	2629 	2704
f 2693 	2702 	2932
f 2704 	2932 	2702
f 2308 	2972 	2971
f 2308 	2740 	2972
f 2250 	2248 	4827
f 2715 	2716 	2714
f 2712 	2714 	2716
f 2715 	2714 	2717
f 2719 	2717 	2714
f 2720 	2721 	2712
f 2720 	2724 	2721
f 2712 	2721 	2714
f 2723 	2724 	2720
f 2255 	2724 	2723
f 2714 	2616 	2728
f 2728 	2719 	2714
f 2645 	2648 	2731
f 1335 	1360 	2475
f 2632 	2475 	1360
f 2645 	2731 	2723
f 2475 	1482 	1335
f 2731 	2255 	2723
f 2475 	2908 	1482
f 2257 	2731 	2648
f 2731 	2258 	2255
f 2257 	2258 	2731
f 2598 	2733 	2581
f 2648 	2651 	2257
f 3184 	2622 	2619
f 2651 	2259 	2257
f 2434 	2435 	2432
f 2712 	2737 	2738
f 2735 	2432 	2430
f 2432 	2435 	2430
f 2739 	2712 	2738
f 2308 	2316 	2740
f 273 	7097 	2741
f 7097 	2712 	2741
f 2741 	2712 	2739
f 2712 	2716 	2737
f 2618 	2727 	2616
f 2727 	2728 	2616
f 2740 	2705 	2972
f 2781 	2444 	2735
f 2621 	2616 	2714
f 2714 	2721 	2621
f 2721 	2724 	2626
f 2743 	2749 	2742
f 2744 	2742 	2745
f 2745 	2742 	2747
f 2707 	2705 	2752
f 2626 	2621 	2721
f 2747 	2742 	2748
f 2011 	2626 	2724
f 2748 	2742 	2749
f 2611 	2613 	2746
f 2750 	7982 	2746
f 2749 	2743 	2751
f 2011 	2724 	2255
f 2751 	2743 	2753
f 2755 	2743 	2756
f 2753 	2743 	2755
f 2756 	2743 	2758
f 8582 	2759 	2743
f 2615 	2757 	2613
f 2615 	2762 	2757
f 2758 	2743 	2759
f 2613 	2757 	2746
f 2746 	2761 	2750
f 2757 	2761 	2746
f 2705 	2740 	2752
f 2742 	2874 	2743
f 2808 	2048 	2049
f 2744 	2766 	2742
f 2763 	2761 	2757
f 2765 	2782 	2050
f 2733 	2430 	2581
f 2762 	2763 	2757
f 3912 	3920 	2765
f 2034 	3912 	2765
f 2763 	2778 	2761
f 2430 	2733 	8583
f 2762 	3187 	2763
f 2781 	2430 	2770
f 2774 	2773 	8583
f 2775 	8583 	2776
f 2777 	2776 	8583
f 2769 	2777 	8583
f 2765 	2050 	2036
f 2765 	2036 	2034
f 2808 	2782 	2806
f 2784 	2602 	62
f 62 	64 	2784
f 2782 	2808 	2049
f 2784 	3181 	2602
f 2782 	2049 	2050
f 68 	2784 	64
f 68 	3189 	2784
f 2787 	2788 	2070
f 2707 	2752 	2560
f 2070 	2059 	2790
f 2790 	2059 	2060
f 2792 	3195 	74
f 2790 	2060 	2791
f 2791 	2060 	2048
f 74 	177 	2792
f 2796 	225 	2795
f 177 	2816 	2792
f 2794 	2793 	2068
f 2793 	2065 	2068
f 2070 	2794 	2068
f 2794 	2070 	2788
f 2807 	2806 	2782
f 2807 	2782 	2765
f 2808 	2791 	2048
f 2810 	2813 	2811
f 2819 	2816 	505
f 2818 	2820 	505
f 505 	1190 	2818
f 2819 	505 	2820
f 2819 	2822 	2816
f 2822 	2824 	2816
f 2816 	2824 	2823
f 2735 	2430 	2781
f 8583 	2770 	2430
f 2770 	8583 	2773
f 2775 	2774 	8583
f 2810 	2814 	2813
f 2814 	2865 	2813
f 2853 	2852 	8053
f 2560 	2709 	2707
f 2867 	2853 	8053
f 2865 	2070 	2813
f 2565 	2564 	2709
f 8053 	8582 	2867
f 2560 	2568 	2709
f 2870 	2867 	8582
f 2743 	2870 	8582
f 2468 	2305 	2871
f 2852 	2451 	2769
f 2451 	2852 	2453
f 2853 	2453 	2852
f 2070 	2865 	2866
f 2870 	2893 	2453
f 2853 	2867 	2453
f 2870 	2453 	2867
f 2743 	2874 	2870
f 2876 	2870 	2874
f 2876 	2877 	2870
f 2893 	2870 	2877
f 2766 	2874 	2742
f 2873 	2070 	2866
f 2787 	2070 	2875
f 2873 	2875 	2070
f 2070 	2790 	2813
f 2776 	2630 	2775
f 2855 	2813 	2790
f 2777 	2631 	2776
f 2791 	2858 	2855
f 2769 	2451 	2777
f 2790 	2791 	2855
f 2858 	2808 	2806
f 2858 	2791 	2808
f 2627 	2774 	2628
f 2775 	2628 	2774
f 2775 	2630 	2628
f 2453 	2454 	2451
f 2455 	2453 	2893
f 2620 	2445 	2770
f 2623 	2620 	2773
f 2770 	2773 	2620
f 2774 	2627 	2773
f 2623 	2773 	2627
f 2901 	2902 	2903
f 2903 	2905 	2901
f 2902 	2901 	2459
f 2475 	2459 	2901
f 2752 	2740 	2871
f 2908 	2475 	2901
f 2901 	8585 	2908
f 2871 	2740 	2468
f 2871 	2305 	2911
f 2871 	2911 	2752
f 2910 	2752 	2911
f 2910 	2573 	2752
f 2913 	2915 	2912
f 2916 	2912 	2915
f 2923 	2922 	2813
f 2811 	2813 	2922
f 2916 	2919 	2912
f 2813 	2912 	2921
f 2919 	2921 	2912
f 3003 	2709 	2917
f 2921 	2923 	2813
f 2709 	3003 	2707
f 2912 	2813 	2855
f 2925 	2917 	2709
f 2917 	2925 	2918
f 2918 	2928 	2920
f 2925 	2928 	2918
f 2928 	2932 	2920
f 4522 	3684 	2936
f 2920 	2932 	2924
f 2924 	2938 	2965
f 2932 	2938 	2924
f 2564 	2925 	2709
f 2936 	2943 	4522
f 2943 	2946 	4522
f 2925 	2564 	2657
f 2928 	2925 	2656
f 2657 	2656 	2925
f 2932 	2704 	2938
f 2703 	2938 	2704
f 2703 	2953 	2938
f 1910 	1915 	2629
f 2703 	2629 	2953
f 2703 	2704 	2629
f 1915 	1919 	2629
f 1998 	2965 	2938
f 3141 	2924 	2965
f 2965 	3142 	3141
f 2990 	2971 	2972
f 2972 	2970 	2990
f 2972 	2705 	2970
f 2705 	2707 	3001
f 2992 	2479 	2483
f 2974 	2973 	2909
f 2974 	2909 	8590
f 3094 	2985 	2988
f 2975 	2974 	8590
f 2985 	2991 	2992
f 3278 	3279 	1993
f 2985 	2992 	2988
f 3275 	3278 	2993
f 2988 	2971 	2990
f 2988 	2992 	2971
f 3067 	1693 	1595
f 3121 	2478 	2991
f 2479 	2992 	2991
f 1993 	1996 	2993
f 2991 	2478 	2479
f 2993 	1996 	1693
f 2992 	2483 	2971
f 3303 	1999 	2998
f 3282 	3300 	1993
f 3312 	2004 	3306
f 2970 	2705 	3001
f 3067 	1595 	3035
f 3026 	1783 	1781
f 3025 	2416 	2407
f 2416 	3025 	3035
f 3100 	2917 	2918
f 2999 	2920 	3000
f 2918 	2920 	2999
f 1321 	3163 	3052
f 1781 	2403 	4832
f 4832 	6450 	3026
f 3026 	1781 	4832
f 4827 	4866 	2429
f 2429 	2250 	4827
f 3075 	3076 	3035
f 3078 	3067 	3035
f 3175 	3183 	3067
f 3075 	3035 	2989
f 3076 	3078 	3035
f 3182 	3185 	3067
f 2993 	1693 	3067
f 3078 	3080 	3067
f 3175 	3067 	3174
f 3000 	2924 	3141
f 2920 	2924 	3000
f 3058 	1309 	3052
f 3001 	2707 	3003
f 225 	5363 	2795
f 3106 	225 	3103
f 3106 	3107 	225
f 3112 	3113 	225
f 3114 	3115 	225
f 3112 	225 	2796
f 3103 	225 	3102
f 3102 	225 	3101
f 3101 	225 	3105
f 3094 	2988 	3095
f 3095 	2988 	2990
f 2990 	3096 	3095
f 2990 	2970 	3096
f 3097 	3096 	2970
f 3111 	225 	3110
f 2970 	3001 	3097
f 3097 	3001 	3098
f 3099 	3098 	3003
f 3001 	3003 	3098
f 3003 	2917 	3099
f 3099 	2917 	3100
f 3114 	225 	3113
f 3100 	2918 	2999
f 3116 	3120 	3118
f 3125 	3120 	3116
f 3118 	3120 	3121
f 3118 	3121 	3119
f 3119 	2991 	2985
f 2991 	3119 	3121
f 3125 	2500 	3120
f 3120 	2547 	3121
f 3120 	2500 	2547
f 2478 	3121 	2547
f 3122 	3124 	3123
f 3122 	3439 	3124
f 3123 	3124 	3125
f 3123 	3125 	3116
f 3124 	2499 	3125
f 3125 	2499 	2500
f 3128 	3127 	3116
f 3123 	3116 	3127
f 3128 	3116 	3118
f 3128 	3118 	3129
f 3130 	3129 	3119
f 3129 	3118 	3119
f 3130 	3119 	2985
f 3130 	2985 	3094
f 2829 	2828 	3136
f 2828 	3137 	3136
f 3132 	3496 	3133
f 3134 	3138 	3135
f 3135 	3122 	3126
f 3122 	3135 	3138
f 3126 	3123 	3127
f 3126 	3122 	3123
f 3105 	225 	3139
f 3139 	225 	3115
f 3138 	3439 	3122
f 3145 	3146 	4461
f 3144 	3145 	4461
f 3150 	3151 	4461
f 3148 	3144 	4461
f 3146 	1181 	4461
f 1181 	1177 	4461
f 3210 	3148 	4461
f 3151 	3210 	4461
f 3058 	1310 	1309
f 3093 	1310 	3058
f 3093 	1311 	1310
f 3155 	1323 	3154
f 3154 	1323 	1311
f 1326 	1323 	3155
f 1326 	3155 	3160
f 2273 	3058 	3052
f 3182 	3067 	3183
f 3136 	5119 	3206
f 2275 	3154 	3093
f 3067 	3190 	2993
f 3080 	3174 	3067
f 3155 	3154 	2276
f 2277 	3155 	2276
f 3177 	3176 	3136
f 3136 	3137 	3177
f 2272 	3163 	2271
f 3180 	3136 	3178
f 3176 	3178 	3136
f 5119 	3136 	3180
f 3052 	3163 	2272
f 3180 	3179 	5119
f 2272 	2273 	3052
f 2784 	3189 	3181
f 3058 	2273 	2274
f 3225 	3226 	2993
f 2602 	3181 	2619
f 3181 	3184 	2619
f 2274 	2275 	3093
f 3190 	3067 	3185
f 3093 	3058 	2274
f 2276 	3154 	2275
f 2622 	3186 	2762
f 3184 	3186 	2622
f 3160 	3155 	2277
f 3186 	3187 	2762
f 1317 	1312 	3188
f 3225 	2993 	3190
f 3181 	3191 	3184
f 3189 	3191 	3181
f 3184 	3192 	3186
f 3192 	3184 	3191
f 3192 	3193 	3186
f 3191 	3198 	3192
f 1326 	3160 	1327
f 3194 	1327 	3160
f 3186 	3193 	3187
f 3189 	68 	3195
f 1318 	1317 	3197
f 3197 	3163 	1318
f 3196 	3191 	3189
f 3195 	3196 	3189
f 3196 	3198 	3191
f 2598 	1800 	3199
f 3192 	3200 	3193
f 3199 	2733 	2598
f 3198 	3200 	3192
f 3188 	2733 	3199
f 3199 	1317 	3188
f 3199 	1800 	3197
f 2792 	3203 	3195
f 3855 	3854 	2792
f 3197 	1317 	3199
f 3195 	3203 	3196
f 3196 	3204 	3198
f 2271 	3163 	3197
f 3203 	3204 	3196
f 3204 	3206 	3198
f 3198 	3206 	3200
f 3206 	2826 	3200
f 3209 	3160 	2269
f 3209 	3217 	3160
f 2270 	3209 	2269
f 3229 	3160 	3228
f 3218 	3216 	3209
f 3209 	2270 	3222
f 3223 	3222 	2270
f 3208 	3492 	3131
f 3209 	3216 	3217
f 3228 	3160 	3217
f 3221 	3218 	3209
f 3222 	3220 	3209
f 3221 	3209 	3220
f 3219 	2499 	3124
f 3441 	3276 	3224
f 3214 	3224 	3227
f 3214 	3227 	3219
f 3219 	2548 	2499
f 3160 	3233 	3194
f 3219 	3227 	2548
f 3224 	3231 	3227
f 3224 	3230 	3231
f 3227 	3232 	2548
f 3227 	3231 	3232
f 3232 	2551 	2548
f 3160 	3229 	3233
f 3270 	3271 	2993
f 2554 	2551 	3232
f 3223 	2270 	3213
f 3235 	3236 	2270
f 3213 	2270 	3212
f 3250 	3257 	4461
f 3257 	3153 	4461
f 3241 	3242 	4461
f 3249 	3250 	4461
f 3254 	3251 	4461
f 3244 	3254 	4461
f 3242 	3243 	4461
f 3243 	3244 	4461
f 3153 	3149 	4461
f 3249 	4461 	3251
f 3149 	3150 	4461
f 3263 	3260 	4461
f 3260 	3258 	4461
f 3258 	3241 	4461
f 3271 	3275 	2993
f 3422 	3423 	225
f 3267 	4461 	3266
f 4461 	225 	3268
f 3266 	4461 	3268
f 3226 	3270 	2993
f 3273 	225 	3272
f 1993 	2993 	3278
f 3234 	3277 	3276
f 3276 	3277 	3230
f 3276 	3230 	3224
f 3277 	3426 	3230
f 3280 	7529 	3281
f 3430 	3281 	7426
f 3282 	1993 	3279
f 7529 	3280 	3283
f 3212 	2270 	3236
f 1349 	3285 	1351
f 3286 	1351 	3285
f 3286 	3287 	3532
f 3532 	1351 	3286
f 3292 	3293 	3469
f 2337 	2333 	3293
f 3298 	3299 	3469
f 1999 	3300 	3301
f 1999 	1993 	3300
f 3301 	3302 	1999
f 3302 	2998 	1999
f 3306 	2004 	3304
f 2003 	2004 	3309
f 3309 	3310 	2003
f 2003 	3310 	3311
f 2003 	3311 	3313
f 3316 	3317 	2001
f 3314 	2003 	3313
f 2001 	3315 	3316
f 3314 	3315 	2003
f 3318 	3319 	2001
f 3318 	2001 	3317
f 3328 	3325 	2001
f 3330 	3328 	2001
f 3319 	3320 	2001
f 3320 	3331 	2001
f 3327 	2001 	3325
f 3330 	2001 	3331
f 3320 	3333 	3334
f 3331 	3320 	3334
f 3333 	3336 	3334
f 3299 	3296 	3469
f 3272 	225 	3421
f 3425 	3268 	225
f 3277 	7190 	3426
f 3230 	3426 	3428
f 3428 	3231 	3230
f 3231 	3428 	3430
f 3430 	3232 	3231
f 3430 	2554 	3232
f 3442 	3432 	3469
f 3428 	3426 	3280
f 3423 	3425 	225
f 3542 	3543 	4461
f 3426 	3431 	3280
f 3428 	3280 	3281
f 3428 	3281 	3430
f 3430 	7426 	2554
f 3431 	3283 	3280
f 3437 	3438 	3498
f 3440 	3437 	3436
f 3440 	3436 	3511
f 3437 	3440 	3441
f 3438 	3437 	3441
f 3474 	3454 	3469
f 3442 	3469 	3443
f 3443 	3469 	3446
f 3446 	3469 	3456
f 3455 	3469 	3454
f 3455 	3456 	3469
f 3461 	3475 	3469
f 3432 	3298 	3469
f 3469 	2333 	1534
f 1534 	1512 	3469
f 3296 	3292 	3469
f 3469 	3532 	3458
f 3459 	3460 	3469
f 3475 	3477 	3469
f 3474 	3469 	3476
f 3460 	3461 	3469
f 3476 	3469 	3477
f 3214 	3439 	3438
f 3214 	3438 	3441
f 3439 	3214 	3219
f 3219 	3124 	3439
f 3441 	3224 	3214
f 3491 	3492 	3208
f 3493 	3131 	3492
f 3492 	3504 	3506
f 3132 	3131 	3493
f 3496 	3132 	3493
f 3498 	3134 	3133
f 3133 	3496 	3498
f 3498 	3138 	3134
f 3493 	3492 	3506
f 3493 	3436 	3496
f 3493 	3506 	3436
f 3496 	3437 	3498
f 3498 	3438 	3138
f 3438 	3439 	3138
f 3504 	3492 	3491
f 3491 	7234 	3504
f 3436 	3437 	3496
f 3506 	3504 	7230
f 3506 	7230 	3511
f 3506 	3511 	3436
f 7230 	7232 	3511
f 3511 	3234 	3440
f 3511 	7232 	3234
f 3440 	3234 	3276
f 3440 	3276 	3441
f 3516 	3457 	3532
f 3290 	3291 	3532
f 3207 	3491 	3208
f 3491 	3207 	3514
f 3514 	7234 	3491
f 3457 	3458 	3532
f 3515 	3516 	3532
f 3291 	3515 	3532
f 2172 	2171 	1910
f 1914 	1910 	2304
f 2953 	2629 	1919
f 1921 	1922 	1915
f 2629 	2172 	1910
f 1919 	1998 	2953
f 1998 	2938 	2953
f 2007 	3142 	2965
f 1998 	2007 	2965
f 2021 	3142 	2007
f 2069 	3000 	3141
f 3142 	2069 	3141
f 3142 	2021 	2069
f 2069 	2152 	3207
f 3207 	3208 	2069
f 3208 	3131 	2069
f 3131 	3132 	2069
f 3132 	3133 	2069
f 3133 	3134 	2069
f 3134 	3135 	2069
f 3135 	3126 	2069
f 3126 	3127 	2069
f 3127 	3128 	2069
f 3128 	3129 	2069
f 3129 	3130 	2069
f 3130 	3094 	2069
f 3094 	3095 	2069
f 3095 	3096 	2069
f 3096 	3097 	2069
f 3097 	3098 	2069
f 3098 	3099 	2069
f 3099 	3100 	2069
f 3100 	2999 	2069
f 2999 	3000 	2069
f 3458 	3459 	3469
f 3514 	2152 	2165
f 2152 	3514 	3207
f 3532 	3469 	1512
f 1512 	1518 	3532
f 3269 	4461 	3267
f 3543 	3262 	4461
f 3263 	4461 	3262
f 3542 	4461 	3269
f 3546 	3548 	1435
f 3545 	3546 	1435
f 1643 	3545 	1435
f 1643 	1435 	1641
f 3549 	1435 	3548
f 3551 	1435 	3549
f 3555 	1435 	3554
f 3553 	1435 	3551
f 3421 	225 	3429
f 225 	3273 	3422
f 3107 	3108 	225
f 3108 	3110 	225
f 3111 	3429 	225
f 3554 	1435 	3553
f 3569 	1435 	3559
f 3555 	3559 	1435
f 3800 	3801 	1156
f 3576 	1156 	1435
f 3572 	1435 	3569
f 3572 	3574 	1435
f 3576 	1435 	3574
f 3574 	3575 	3576
f 3315 	2001 	2003
f 3312 	3309 	2004
f 1999 	3303 	2004
f 3303 	3304 	2004
f 3677 	3684 	3676
f 3677 	2935 	3684
f 3684 	4522 	2807
f 2935 	2936 	3684
f 3864 	3863 	3684
f 3692 	3684 	3695
f 3676 	3684 	3691
f 3691 	3684 	3692
f 3288 	3532 	3287
f 3532 	3288 	3289
f 3289 	3290 	3532
f 1351 	3532 	1518
f 3761 	3684 	3763
f 3695 	3684 	3761
f 3801 	3806 	1156
f 3576 	3800 	1156
f 3833 	1156 	3806
f 3917 	2001 	3852
f 3327 	3852 	2001
f 3763 	3684 	3802
f 3684 	2807 	2765
f 3865 	3864 	2765
f 3684 	2765 	3864
f 3867 	3868 	3684
f 3871 	3856 	3684
f 3870 	3867 	3684
f 3684 	3863 	3870
f 3856 	3802 	3684
f 3871 	3684 	3868
f 1317 	1318 	3951
f 3951 	1318 	3952
f 3877 	1156 	3833
f 3882 	3883 	1170
f 3952 	1318 	1321
f 3886 	3882 	1156
f 1321 	1309 	3953
f 3889 	1170 	3888
f 3884 	1170 	3883
f 1170 	3884 	3885
f 1170 	1156 	3882
f 3877 	3886 	1156
f 3889 	3892 	1170
f 3888 	1170 	3885
f 3893 	1170 	3892
f 3912 	2034 	3911
f 3911 	2034 	3913
f 3915 	3913 	2034
f 3915 	2034 	3914
f 3914 	2034 	3916
f 4018 	2765 	3920
f 4015 	3905 	2765
f 3865 	2765 	3905
f 3953 	3952 	1321
f 1309 	1310 	3954
f 1312 	1317 	3951
f 1312 	3951 	827
f 3952 	830 	3951
f 1309 	3954 	3953
f 3952 	819 	830
f 3953 	819 	3952
f 3958 	832 	3954
f 3954 	832 	821
f 3955 	1322 	3956
f 3955 	3956 	825
f 827 	828 	3956
f 3956 	828 	825
f 3956 	1312 	827
f 3960 	1323 	1326
f 3957 	3960 	1315
f 1310 	3958 	3954
f 3958 	1310 	1311
f 1311 	3959 	3958
f 3959 	835 	3958
f 837 	835 	3959
f 3958 	835 	832
f 1323 	3960 	3959
f 3960 	837 	3959
f 1326 	1314 	3960
f 3966 	3960 	3957
f 3967 	3969 	3960
f 3967 	3960 	3966
f 837 	3960 	3970
f 3969 	3970 	3960
f 3970 	3971 	837
f 3971 	843 	837
f 3986 	1306 	1308
f 3986 	1308 	4039
f 4015 	2765 	4016
f 4018 	4017 	2765
f 4016 	2765 	4017
f 949 	4039 	496
f 1109 	496 	4039
f 4039 	1101 	1109
f 496 	1109 	501
f 4039 	1308 	1101
f 1341 	1342 	3986
f 4045 	1341 	3986
f 3986 	4044 	4045
f 4044 	3986 	4043
f 4047 	4043 	3986
f 4047 	3986 	4049
f 4062 	4065 	949
f 4061 	4062 	949
f 949 	3986 	4039
f 4061 	949 	4056
f 4065 	4049 	949
f 3986 	949 	4049
f 3894 	4224 	1170
f 3917 	3916 	2034
f 2001 	3917 	2034
f 3203 	2792 	3854
f 3891 	3203 	3854
f 2792 	2816 	4119
f 3855 	2792 	4119
f 4121 	3204 	3203
f 4121 	4120 	3204
f 4120 	4123 	3204
f 4122 	3204 	4123
f 4124 	4125 	3203
f 4121 	3203 	4125
f 3891 	4124 	3203
f 4122 	4126 	3204
f 4127 	3204 	4126
f 2829 	3136 	4128
f 4127 	4128 	3204
f 3204 	4128 	3136
f 3204 	3136 	3206
f 2823 	4195 	2816
f 2816 	4196 	4119
f 4195 	4196 	2816
f 3893 	3894 	1170
f 4223 	1170 	4220
f 4219 	4220 	1170
f 4219 	1170 	4222
f 4222 	1170 	4224
f 4235 	2285 	5388
f 4235 	5388 	4233
f 5388 	4232 	4233
f 2283 	2280 	5388
f 4242 	4236 	5390
f 5388 	5390 	4232
f 4236 	4232 	5390
f 4245 	5390 	4244
f 4290 	4297 	4296
f 4291 	4293 	4294
f 4291 	4292 	4293
f 4294 	4290 	4291
f 4290 	4294 	4297
f 4293 	4295 	4294
f 4293 	8159 	4295
f 4297 	4298 	4296
f 4294 	4295 	4299
f 4299 	4297 	4294
f 4297 	4300 	4298
f 4299 	4300 	4297
f 4300 	4301 	4298
f 4295 	4302 	4299
f 4295 	8198 	4302
f 4304 	4301 	4300
f 4302 	4303 	4299
f 4302 	4306 	4303
f 4305 	4306 	4302
f 4299 	4303 	4300
f 4303 	4304 	4300
f 4306 	4307 	4303
f 4305 	4308 	4306
f 4303 	4307 	4304
f 4306 	4309 	4307
f 4305 	8206 	4308
f 4306 	4308 	4309
f 4316 	5434 	4308
f 4309 	4308 	5434
f 4304 	4310 	4301
f 4304 	4311 	4310
f 4304 	4307 	4311
f 5427 	4312 	4309
f 5428 	4311 	4307
f 4312 	4313 	4307
f 4313 	5428 	4307
f 8332 	8334 	4316
f 4298 	4317 	4296
f 4318 	4317 	4298
f 4317 	4318 	4438
f 4298 	4301 	4318
f 4301 	4319 	4318
f 4301 	4310 	4319
f 4330 	2778 	2763
f 3187 	4330 	2763
f 2806 	4372 	4375
f 4330 	3187 	4683
f 4320 	4290 	4321
f 4291 	4290 	4320
f 4291 	4320 	4514
f 4290 	4296 	4321
f 4452 	4492 	4438
f 4442 	4462 	4321
f 4443 	4442 	4317
f 4296 	4317 	4442
f 4296 	4442 	4321
f 4438 	4466 	4443
f 4317 	4438 	4443
f 4438 	4318 	4452
f 4318 	4319 	4452
f 4521 	4463 	4459
f 4464 	4459 	4463
f 4442 	4463 	4462
f 4463 	4442 	4443
f 4463 	4443 	4464
f 4464 	4443 	4466
f 4464 	4466 	4465
f 4465 	4466 	4467
f 4378 	6862 	4379
f 4469 	6862 	4468
f 4378 	4468 	6862
f 4469 	4470 	6862
f 4472 	2912 	4471
f 4470 	4471 	2912
f 4374 	6862 	2912
f 4374 	2912 	2855
f 2858 	4374 	2855
f 4374 	2858 	4375
f 2858 	2806 	4375
f 6862 	4470 	2912
f 4472 	2914 	2912
f 2914 	2913 	2912
f 4467 	4466 	4492
f 4492 	4466 	4438
f 4291 	4514 	4292
f 4320 	4558 	4514
f 4557 	4517 	4514
f 4292 	4514 	4517
f 4517 	4516 	8113
f 8113 	4292 	4517
f 1245 	1244 	2908
f 4555 	1488 	4554
f 1489 	1252 	4518
f 1489 	4518 	1490
f 4518 	4519 	1490
f 4555 	1252 	1488
f 4557 	4518 	1252
f 4555 	4557 	1252
f 4520 	4521 	1549
f 4520 	1549 	1491
f 4521 	4459 	1546
f 4520 	1491 	4519
f 4541 	4543 	4544
f 4541 	4544 	4542
f 4559 	4545 	4541
f 4619 	4615 	6265
f 4548 	4522 	4547
f 4547 	4522 	4551
f 4552 	4551 	4522
f 4522 	4550 	4552
f 1482 	2908 	1244
f 1245 	2908 	1246
f 2909 	1246 	2908
f 1246 	2909 	1594
f 4554 	1488 	1487
f 1249 	4554 	1487
f 1594 	2909 	2973
f 1594 	2973 	1249
f 1249 	2973 	2975
f 4372 	2806 	2807
f 4372 	2807 	4522
f 2974 	2975 	2973
f 4550 	4522 	4549
f 4554 	1249 	2975
f 2946 	4556 	4522
f 4554 	4516 	4555
f 4549 	4522 	4556
f 2975 	4516 	4554
f 4516 	4517 	4555
f 4518 	4558 	4519
f 4557 	4558 	4518
f 4558 	4565 	4519
f 4555 	4517 	4557
f 4542 	4561 	4541
f 4514 	4558 	4557
f 4563 	4559 	4562
f 4320 	4565 	4558
f 4560 	4559 	4563
f 4559 	4541 	4562
f 4561 	4562 	4541
f 4559 	4564 	4545
f 4521 	4520 	4462
f 4462 	4520 	4565
f 4462 	4463 	4521
f 4520 	4519 	4565
f 4565 	4320 	4321
f 4565 	4321 	4462
f 4564 	4546 	4545
f 4546 	4564 	6295
f 4544 	4604 	4542
f 4598 	4563 	4600
f 4600 	4562 	4602
f 4562 	4561 	4603
f 4605 	4606 	4544
f 4604 	4544 	4606
f 4602 	4562 	4603
f 4604 	4603 	4561
f 4615 	4607 	4543
f 4605 	4544 	4608
f 4543 	6265 	4615
f 4544 	4543 	4607
f 4608 	4544 	4607
f 4560 	4631 	6063
f 4563 	4631 	4560
f 4626 	6063 	4628
f 4628 	6063 	4631
f 4597 	4630 	4563
f 4597 	4563 	4598
f 4562 	4600 	4563
f 4561 	4542 	4604
f 4631 	4563 	4630
f 6064 	6063 	4627
f 4626 	4627 	6063
f 4650 	5342 	4649
f 5431 	4657 	5342
f 4652 	4658 	5333
f 5342 	5333 	5431
f 4645 	4643 	4654
f 4645 	4654 	4656
f 4649 	5342 	4657
f 5432 	5333 	4658
f 4653 	4652 	5333
f 5333 	5432 	5431
f 4863 	6037 	4660
f 4660 	6037 	4659
f 4661 	5574 	4662
f 4659 	6037 	4661
f 5541 	4665 	5573
f 5542 	4668 	5543
f 4662 	5573 	4663
f 4666 	4665 	5543
f 4663 	5573 	4664
f 4666 	5543 	4667
f 4664 	5573 	4665
f 4658 	4669 	5432
f 4667 	5543 	4668
f 4668 	5542 	4669
f 3193 	4683 	3187
f 3193 	4684 	4683
f 4684 	3193 	3200
f 4684 	3200 	2826
f 4684 	2826 	8318
f 4709 	4708 	4849
f 4709 	2648 	4708
f 4710 	2651 	4709
f 2658 	2651 	4710
f 4709 	2651 	2648
f 4826 	2658 	4710
f 4767 	1170 	4766
f 4771 	1170 	4767
f 4772 	4773 	1170
f 4771 	4772 	1170
f 4773 	4777 	1170
f 4778 	1169 	4777
f 4779 	1169 	4778
f 4793 	1169 	4779
f 5428 	4313 	4657
f 4802 	6524 	4803
f 4803 	6524 	4805
f 6463 	6464 	4805
f 4831 	4813 	5333
f 4653 	5333 	4811
f 4811 	5333 	4813
f 4823 	2986 	3035
f 2986 	2987 	3035
f 2989 	3035 	2987
f 4708 	7063 	4849
f 2248 	4826 	4827
f 3026 	6450 	4742
f 4742 	6406 	3025
f 2407 	3026 	4742
f 2407 	4742 	3025
f 4835 	4834 	5333
f 4835 	5333 	4836
f 4832 	2403 	4829
f 4833 	5333 	4834
f 2401 	4829 	2403
f 4837 	5333 	4838
f 4838 	5333 	4839
f 4817 	4855 	4841
f 4855 	4853 	4841
f 4844 	4878 	6043
f 4877 	4845 	4878
f 4845 	6043 	4878
f 4844 	6043 	4843
f 4848 	6041 	4847
f 6039 	4856 	6041
f 4843 	6043 	4848
f 4847 	6041 	4850
f 4850 	6041 	4851
f 4846 	4841 	4853
f 4849 	4846 	4853
f 4854 	6041 	4856
f 4851 	6041 	4852
f 4853 	4709 	4849
f 6038 	4862 	6039
f 4852 	6041 	4854
f 4856 	6039 	4857
f 4853 	4710 	4709
f 4710 	4853 	4855
f 4857 	6039 	4858
f 4861 	4855 	4817
f 4858 	6039 	4859
f 4826 	4710 	4855
f 4859 	6039 	4860
f 4862 	6037 	4863
f 4860 	6039 	4862
f 4864 	5333 	4865
f 4855 	4861 	4826
f 4840 	4839 	5333
f 4840 	5333 	4864
f 4861 	4827 	4826
f 4869 	4868 	5333
f 4865 	5333 	4867
f 4866 	4827 	4861
f 4870 	5333 	4871
f 4867 	5333 	4868
f 4869 	5333 	4870
f 4842 	2429 	4866
f 4875 	4874 	4845
f 4842 	2401 	2429
f 4871 	5333 	4872
f 4872 	4845 	4873
f 4877 	4876 	4845
f 4845 	4876 	4875
f 4873 	4845 	4874
f 4829 	2401 	4842
f 4822 	4846 	7032
f 4841 	4846 	4822
f 4880 	4375 	4881
f 4375 	4880 	4374
f 4881 	4372 	4879
f 4881 	4375 	4372
f 4936 	6265 	4937
f 4541 	4545 	4937
f 4941 	4939 	4938
f 4939 	4941 	4940
f 4936 	4937 	4942
f 4942 	4937 	4940
f 4939 	4940 	4937
f 4938 	4939 	4944
f 4939 	4943 	4944
f 4943 	4939 	4945
f 4948 	4945 	4947
f 4943 	4945 	4948
f 4946 	4947 	4945
f 4937 	4950 	4939
f 5063 	5062 	4942
f 4941 	5065 	4940
f 4942 	4940 	5063
f 4942 	5060 	4936
f 4944 	5023 	4938
f 4941 	4938 	5024
f 4947 	5031 	4948
f 4948 	5030 	4943
f 4545 	4949 	4937
f 4949 	4545 	4546
f 4950 	4937 	4949
f 4939 	4951 	4945
f 4939 	4950 	4951
f 4882 	4953 	4954
f 4882 	4954 	4883
f 4964 	4953 	4952
f 4879 	4955 	4964
f 4952 	4962 	4964
f 4954 	4953 	4955
f 4955 	4953 	4964
f 4962 	4880 	4881
f 4881 	4964 	4962
f 4964 	4881 	4879
f 4971 	4952 	4953
f 4882 	4971 	4953
f 4952 	4971 	8438
f 4950 	6141 	4951
f 5012 	5010 	6423
f 5008 	5090 	5010
f 290 	5011 	5013
f 5012 	5013 	5011
f 5015 	5095 	5014
f 5014 	5083 	5017
f 5017 	5083 	5016
f 5018 	5016 	5083
f 5019 	5018 	5083
f 290 	291 	5011
f 5015 	5014 	5333
f 5008 	5333 	5009
f 6418 	6420 	234
f 291 	234 	5020
f 5024 	4938 	5023
f 5025 	4941 	5024
f 5031 	5029 	4948
f 4946 	6714 	4947
f 5028 	5030 	4948
f 5023 	4944 	5026
f 5030 	5026 	4943
f 5027 	5067 	4941
f 5028 	4948 	5029
f 4944 	4943 	5026
f 5031 	4947 	5032
f 4983 	4883 	4984
f 4983 	4882 	4883
f 4983 	8509 	4882
f 5051 	5052 	5050
f 5052 	5053 	5050
f 5050 	5054 	5055
f 5050 	5053 	5054
f 5072 	5077 	6406
f 4618 	4936 	4617
f 5063 	4940 	5064
f 4617 	4936 	5060
f 5025 	5027 	4941
f 5060 	4942 	5062
f 5064 	4940 	5065
f 5065 	4941 	5067
f 6448 	5066 	5058
f 5074 	5075 	5072
f 5077 	5072 	5076
f 5072 	5075 	5076
f 5070 	5087 	5073
f 5087 	5070 	5083
f 6401 	5089 	5083
f 5008 	5083 	5090
f 5091 	5010 	5090
f 5092 	5093 	5083
f 5083 	5093 	5087
f 5009 	5083 	5008
f 5094 	5010 	5091
f 6430 	5012 	6422
f 6431 	5012 	6430
f 5083 	5014 	5095
f 5083 	5095 	5092
f 5009 	5019 	5083
f 5099 	6278 	5333
f 5108 	5333 	5107
f 5111 	5112 	5333
f 5107 	5333 	5112
f 8562 	5114 	5116
f 5117 	5079 	5395
f 5118 	5117 	5395
f 2826 	3206 	5119
f 5122 	5123 	5119
f 5122 	5119 	5121
f 5077 	5125 	6406
f 5124 	5119 	5123
f 4955 	5138 	4954
f 4955 	5050 	5138
f 4955 	4879 	5050
f 4984 	4883 	5140
f 4883 	4954 	5136
f 5136 	4954 	5138
f 5050 	5056 	5138
f 5055 	5056 	5050
f 5057 	5139 	5138
f 5057 	5138 	5056
f 5152 	5264 	5145
f 5145 	5153 	5152
f 5149 	5145 	5264
f 5145 	5263 	5153
f 4978 	4984 	5155
f 4984 	5140 	5155
f 5155 	5153 	4978
f 5152 	5153 	5155
f 5877 	5152 	5155
f 5140 	5877 	5155
f 5158 	5164 	5168
f 5164 	5174 	5168
f 5164 	5173 	5174
f 5173 	5145 	5149
f 1170 	4777 	1169
f 5222 	1169 	5213
f 1169 	5231 	5234
f 5213 	1169 	5212
f 5212 	1169 	4793
f 5223 	1169 	5222
f 5231 	1169 	5230
f 5223 	5230 	1169
f 5793 	5791 	5333
f 4243 	4244 	5390
f 4245 	4249 	5390
f 4249 	4242 	5390
f 6288 	6289 	5333
f 5098 	5099 	5333
f 5256 	5258 	5333
f 5098 	5333 	5258
f 5174 	5173 	5149
f 5261 	5260 	8526
f 5260 	5261 	5158
f 5260 	5158 	5878
f 5261 	5164 	5158
f 5261 	5262 	5164
f 5263 	5262 	8535
f 5262 	5173 	5164
f 5262 	5263 	5173
f 5263 	5145 	5173
f 5264 	5391 	5149
f 5273 	5390 	5278
f 5270 	5271 	5390
f 5270 	5390 	5273
f 5390 	5274 	4255
f 4255 	4243 	5390
f 5390 	5271 	5274
f 5277 	5390 	5276
f 1169 	5291 	5390
f 5294 	5390 	5291
f 5290 	5291 	1169
f 5287 	5288 	1169
f 5234 	5235 	1169
f 5287 	1169 	5235
f 5276 	5390 	5275
f 5278 	5390 	5277
f 5288 	5292 	1169
f 5290 	1169 	5292
f 5275 	5390 	5294
f 5304 	5302 	5327
f 5302 	5304 	5305
f 5302 	5305 	5303
f 5303 	5305 	5306
f 5304 	5307 	5305
f 5304 	1010 	5307
f 5308 	5306 	5305
f 5307 	5308 	5305
f 5309 	5307 	1010
f 1012 	5309 	1010
f 5307 	5309 	5310
f 5309 	1012 	5313
f 5308 	5307 	5310
f 1015 	5311 	1012
f 1015 	5320 	5311
f 5311 	5312 	1012
f 5312 	5313 	1012
f 5314 	5310 	5309
f 5309 	5313 	5315
f 5316 	5314 	5315
f 5317 	5314 	5316
f 5309 	5315 	5314
f 6763 	6767 	5318
f 5316 	6972 	5317
f 5320 	5312 	5311
f 5312 	5320 	5313
f 5321 	5315 	5320
f 5313 	5320 	5315
f 5323 	5325 	5326
f 5323 	5322 	5325
f 5322 	5324 	5325
f 5325 	5302 	5326
f 5326 	5302 	5303
f 5324 	5327 	5325
f 5324 	1442 	5327
f 5325 	5327 	5302
f 1442 	1435 	5327
f 5631 	6971 	5632
f 5632 	6971 	5633
f 5630 	6971 	5631
f 5629 	6971 	5630
f 5625 	6971 	5627
f 1016 	1019 	5675
f 5676 	5675 	1018
f 5168 	5174 	5406
f 5168 	5406 	5404
f 5158 	5168 	5328
f 5328 	5168 	5404
f 5386 	5406 	5174
f 5330 	5066 	5061
f 5066 	5330 	5331
f 5058 	5066 	5331
f 5331 	5329 	5058
f 5403 	5402 	5330
f 5330 	5061 	5403
f 5330 	5404 	5331
f 5329 	5331 	5406
f 4845 	4872 	5333
f 5012 	5333 	5010
f 5016 	5333 	5017
f 1430 	5333 	6642
f 5018 	5333 	5016
f 5019 	5009 	5333
f 5019 	5333 	5018
f 5011 	5333 	5012
f 6335 	6336 	5333
f 4845 	5333 	6337
f 5563 	5562 	5333
f 5563 	5333 	5564
f 5562 	5565 	5333
f 5565 	5567 	5333
f 5603 	5572 	5333
f 5363 	225 	5070
f 5363 	5070 	5073
f 5363 	5073 	5069
f 5333 	5011 	291
f 6055 	6056 	5333
f 6068 	6069 	5333
f 5367 	5333 	5108
f 5367 	5806 	5333
f 5333 	5014 	5017
f 5010 	5333 	5008
f 6383 	6384 	5333
f 6384 	6287 	5333
f 6287 	6288 	5333
f 5368 	5255 	5333
f 5256 	5333 	5255
f 5383 	5384 	5332
f 5372 	5377 	5378
f 5332 	5380 	5383
f 5372 	5378 	5375
f 5379 	5380 	5332
f 5381 	5376 	5382
f 5382 	5376 	5384
f 5376 	5332 	5384
f 5376 	5381 	5385
f 5074 	5072 	5385
f 5376 	5385 	5072
f 5377 	5388 	5378
f 5377 	5387 	5388
f 5386 	5174 	5149
f 5329 	5406 	5386
f 5387 	5389 	5390
f 3179 	5121 	5119
f 5149 	5391 	5386
f 5386 	5391 	5393
f 5114 	8562 	5115
f 5391 	5376 	5072
f 5386 	5393 	5329
f 5119 	5392 	8562
f 4683 	4684 	8317
f 5264 	5376 	5391
f 5072 	6406 	5393
f 8207 	8318 	2826
f 5152 	5332 	5264
f 5376 	5264 	5332
f 5393 	5391 	5072
f 5395 	5079 	5078
f 5118 	5395 	5396
f 5115 	8562 	5392
f 5116 	5397 	8562
f 5395 	5078 	5399
f 5399 	5396 	5395
f 5399 	5880 	5400
f 5880 	5878 	5400
f 5396 	5399 	5400
f 5878 	5328 	5400
f 5400 	5402 	5396
f 5400 	5328 	5402
f 5396 	5402 	5403
f 5328 	5404 	5402
f 5118 	5396 	5403
f 5404 	5330 	5402
f 5331 	5404 	5406
f 4307 	4309 	4312
f 5433 	8337 	5427
f 5428 	5431 	4311
f 5542 	4311 	5432
f 5431 	5432 	4311
f 4795 	4657 	8337
f 5434 	4316 	5435
f 5444 	5577 	5547
f 1015 	5675 	5320
f 4883 	5136 	5140
f 5900 	5136 	5896
f 5577 	5444 	8357
f 5527 	5526 	5510
f 5534 	5533 	5510
f 5433 	5524 	5509
f 5510 	5509 	5527
f 5509 	8337 	5433
f 4312 	5427 	8337
f 4309 	5524 	5433
f 5427 	4309 	5433
f 5526 	5527 	5434
f 5527 	5524 	5434
f 4309 	5434 	5524
f 5434 	5435 	5532
f 5531 	5532 	5435
f 5531 	5435 	5551
f 5532 	5533 	5434
f 5533 	5534 	5434
f 5526 	5434 	5534
f 5511 	5533 	5532
f 5532 	5531 	5511
f 5534 	5510 	5526
f 5511 	5510 	5533
f 5527 	5509 	5524
f 5543 	5540 	5542
f 5541 	5573 	5540
f 4310 	4311 	5540
f 5541 	5540 	5543
f 4311 	5542 	5540
f 5636 	5635 	5320
f 5703 	5676 	1018
f 5318 	5544 	6763
f 5317 	5319 	5314
f 5317 	6972 	5319
f 5319 	6972 	5318
f 5511 	5531 	5551
f 5545 	5511 	5551
f 5546 	5548 	5324
f 5324 	5322 	5546
f 5548 	5546 	5375
f 5435 	5444 	5547
f 5550 	5547 	5549
f 5551 	5435 	5550
f 5547 	5550 	5435
f 5547 	5552 	5549
f 5548 	1442 	5324
f 1442 	5548 	2190
f 5375 	5378 	5548
f 5378 	5388 	2190
f 2190 	5548 	5378
f 5554 	5342 	5553
f 5545 	5551 	5550
f 5555 	5556 	5333
f 5321 	5342 	5557
f 5557 	5633 	5321
f 5554 	5557 	5342
f 5321 	5558 	5333
f 5555 	5333 	5558
f 5342 	5321 	5333
f 5547 	5577 	6284
f 5561 	5666 	5333
f 5559 	5569 	6026
f 5570 	5568 	5333
f 5603 	5333 	5604
f 5569 	4319 	4310
f 5570 	5333 	5571
f 4310 	5540 	5569
f 5569 	5540 	6029
f 5573 	5574 	5540
f 6032 	5540 	5574
f 5543 	4665 	5541
f 6037 	6032 	5574
f 5389 	5069 	5390
f 5387 	5390 	5388
f 5069 	5389 	5363
f 5580 	5377 	5372
f 5581 	5377 	5580
f 5581 	5387 	5377
f 5581 	5582 	5387
f 5582 	5389 	5387
f 5597 	5598 	5582
f 5598 	5599 	5582
f 5599 	5600 	5582
f 5596 	5597 	5582
f 5601 	5602 	5582
f 5612 	5609 	7253
f 5605 	5342 	5607
f 5616 	5614 	7253
f 5607 	7253 	5609
f 5612 	7253 	5614
f 5616 	7253 	5618
f 5624 	5623 	6971
f 5624 	6971 	5625
f 5621 	7253 	5622
f 5622 	7272 	5623
f 5628 	6971 	5629
f 5635 	5634 	5320
f 5321 	5320 	5558
f 5634 	5558 	5320
f 5596 	5582 	5602
f 5901 	5389 	5841
f 1357 	5642 	5643
f 1354 	1355 	5738
f 5902 	5389 	5901
f 5582 	5822 	5389
f 5646 	5389 	5645
f 5648 	5389 	5646
f 5736 	1354 	5738
f 5650 	5649 	1357
f 5642 	1357 	5647
f 5779 	5790 	5389
f 5647 	1357 	5649
f 5333 	5653 	1357
f 1357 	1189 	5333
f 5650 	1357 	5652
f 5656 	5657 	5333
f 5652 	1357 	5653
f 5653 	5333 	5657
f 5656 	5333 	5660
f 5660 	5333 	5661
f 5661 	5333 	5662
f 5662 	5333 	5663
f 5663 	5333 	5664
f 5666 	5665 	5333
f 1154 	1153 	5667
f 1153 	1185 	5667
f 5673 	5320 	5672
f 5320 	5673 	5636
f 5667 	5710 	5703
f 5674 	5320 	5675
f 5672 	5320 	5674
f 1019 	1018 	5675
f 1185 	5727 	5667
f 1015 	1016 	5675
f 5710 	5667 	5705
f 5712 	5667 	5715
f 5704 	5705 	5667
f 5715 	5667 	5719
f 5667 	5713 	5714
f 5713 	5667 	5712
f 5667 	5714 	5704
f 1182 	1354 	5732
f 5724 	5667 	5727
f 5719 	5667 	5724
f 5734 	5733 	1354
f 1185 	5732 	5731
f 1185 	5731 	5727
f 1185 	1182 	5732
f 5735 	1354 	5736
f 5734 	1354 	5735
f 1357 	5643 	5738
f 5333 	1430 	5760
f 5786 	5333 	5760
f 5069 	1169 	5390
f 5763 	5073 	5087
f 7123 	5073 	5763
f 5553 	5342 	5605
f 5333 	5568 	5566
f 5567 	5560 	5333
f 5566 	5564 	5333
f 5560 	5561 	5333
f 5571 	5333 	5572
f 7253 	5607 	5342
f 5556 	5604 	5333
f 5787 	5760 	1430
f 5779 	5389 	5778
f 5665 	5664 	5333
f 5786 	5783 	5333
f 5333 	5781 	5782
f 5782 	5784 	5333
f 5781 	5333 	5783
f 5793 	5333 	5785
f 5789 	1430 	5788
f 5784 	5785 	5333
f 5792 	5333 	5791
f 5796 	1430 	5795
f 5794 	1430 	5796
f 5799 	5800 	5333
f 5111 	5333 	5800
f 5333 	5792 	5801
f 5799 	5333 	5801
f 5795 	1430 	5802
f 1164 	5804 	6637
f 5803 	6637 	5804
f 5802 	1430 	5803
f 6050 	5333 	5807
f 5806 	5807 	5333
f 5808 	5809 	6636
f 1188 	6636 	5809
f 5810 	5811 	5087
f 5811 	5815 	5087
f 5821 	5822 	5582
f 5821 	5582 	5600
f 5815 	5825 	5087
f 5087 	5816 	5817
f 5087 	5817 	5818
f 5818 	5820 	5087
f 5828 	5389 	5822
f 5816 	5087 	5825
f 5763 	5087 	5827
f 5820 	5827 	5087
f 5841 	5389 	5828
f 7123 	5763 	5830
f 5830 	5833 	7123
f 5835 	6638 	5834
f 5839 	6638 	5835
f 5840 	6638 	5839
f 5577 	8357 	6274
f 5545 	6528 	5511
f 4452 	4319 	5559
f 5569 	5559 	4319
f 5850 	7330 	5849
f 5846 	7330 	5850
f 5847 	7330 	5848
f 5844 	7330 	5847
f 5849 	7330 	5851
f 5848 	7330 	5846
f 5851 	7330 	5853
f 5852 	7330 	5854
f 5856 	7330 	5852
f 5854 	6300 	5855
f 5853 	7330 	5856
f 5857 	6300 	5858
f 5855 	6300 	5857
f 5862 	5861 	5552
f 5549 	5552 	5858
f 5860 	5858 	5552
f 5859 	5860 	5552
f 5861 	5859 	5552
f 5866 	5864 	5552
f 5863 	5862 	5552
f 5552 	5867 	5865
f 5866 	5552 	5865
f 5864 	5863 	5552
f 5552 	5875 	5867
f 5870 	7330 	5871
f 5872 	5868 	5875
f 5868 	5869 	5875
f 5869 	5867 	5875
f 5858 	6300 	5545
f 5549 	5858 	5550
f 5545 	5550 	5858
f 5552 	5547 	5875
f 5547 	6284 	5875
f 5576 	7414 	5875
f 5576 	5875 	6284
f 5899 	5897 	5138
f 5876 	5894 	5138
f 5139 	5876 	5138
f 5332 	5152 	5877
f 5158 	5328 	5878
f 5332 	5877 	5379
f 5879 	5379 	5877
f 5399 	5078 	7030
f 7030 	5880 	5399
f 5891 	5877 	5890
f 5888 	5890 	5877
f 5888 	5877 	5140
f 5884 	5885 	5140
f 5136 	5886 	5140
f 5877 	5891 	5879
f 5888 	5140 	5889
f 5889 	5140 	5885
f 5900 	5892 	5136
f 5884 	5140 	5886
f 5882 	5883 	5136
f 5886 	5136 	5883
f 5882 	5136 	5892
f 5895 	5896 	5138
f 5136 	5138 	5896
f 5895 	5138 	5897
f 5138 	5894 	5899
f 5645 	5389 	5902
f 5087 	5093 	6013
f 5810 	5087 	6013
f 6012 	6013 	5093
f 6019 	6638 	6017
f 5756 	6638 	6019
f 6022 	6024 	4656
f 6024 	6022 	6023
f 5559 	6026 	6023
f 6027 	6024 	6023
f 6023 	6026 	6027
f 6026 	6029 	6030
f 6026 	6030 	6027
f 6027 	6030 	6267
f 5569 	6029 	6026
f 6029 	6033 	6030
f 5540 	6032 	6029
f 6032 	6033 	6029
f 6042 	6043 	6033
f 6035 	6032 	6037
f 6032 	6035 	6038
f 6039 	6033 	6038
f 6032 	6038 	6033
f 5432 	4669 	5542
f 5573 	4662 	5574
f 6037 	5574 	4661
f 6038 	6035 	4862
f 6037 	4862 	6035
f 6041 	6033 	6039
f 6033 	6041 	6042
f 6041 	4848 	6042
f 6045 	6048 	6044
f 6048 	6045 	6284
f 6047 	6044 	6048
f 6050 	6051 	5333
f 6051 	6057 	5333
f 6053 	6052 	6636
f 5808 	6636 	6052
f 6055 	5333 	6057
f 6059 	6060 	6636
f 6060 	6062 	6636
f 6053 	6636 	6061
f 6061 	6636 	6062
f 5575 	6284 	6045
f 6065 	6048 	6064
f 6064 	6048 	6063
f 6047 	6048 	6065
f 6048 	4559 	6063
f 6069 	6066 	5333
f 5333 	6066 	6067
f 6068 	5333 	6056
f 6059 	6636 	6071
f 6071 	6636 	6073
f 4560 	6063 	4559
f 6048 	6284 	6290
f 6048 	4564 	4559
f 6048 	6290 	4564
f 6075 	6636 	6076
f 5015 	6098 	6078
f 5015 	6078 	5095
f 5095 	6078 	6080
f 6085 	6089 	6636
f 6089 	6102 	6636
f 5015 	6091 	6095
f 6095 	6098 	5015
f 6094 	6095 	6091
f 6100 	6077 	6098
f 6077 	6078 	6098
f 6102 	6112 	6636
f 6112 	6103 	6636
f 6104 	6106 	6636
f 6106 	6107 	6636
f 6107 	6110 	6636
f 6110 	6114 	6636
f 5778 	5389 	5648
f 6116 	6118 	5389
f 6103 	6104 	6636
f 6116 	5389 	6115
f 6115 	5389 	5790
f 6123 	5389 	6118
f 6132 	5389 	6123
f 6132 	6129 	5389
f 6131 	5389 	6129
f 6128 	6125 	6130
f 6134 	5389 	6131
f 6130 	6127 	6128
f 6136 	6195 	6137
f 6196 	6127 	6137
f 6295 	6138 	4546
f 6138 	6139 	4546
f 6139 	4949 	4546
f 4949 	6140 	4950
f 6139 	6140 	4949
f 6141 	4950 	6140
f 6142 	5363 	6134
f 6143 	5363 	6142
f 6145 	5363 	6144
f 6152 	6153 	5363
f 6144 	5363 	6143
f 5389 	6134 	5363
f 6145 	6148 	5363
f 6146 	5363 	6148
f 6152 	5363 	6147
f 6146 	6147 	5363
f 6156 	6157 	5363
f 6157 	6159 	5363
f 6153 	6156 	5363
f 2830 	2831 	5363
f 6137 	6195 	6196
f 6192 	6202 	6206
f 6192 	6206 	6193
f 6193 	6206 	6149
f 6193 	6149 	6195
f 6195 	6149 	6940
f 6196 	6195 	6940
f 6940 	6931 	6196
f 6150 	6206 	6202
f 6150 	6941 	6206
f 6233 	1838 	6215
f 6240 	6217 	6218
f 6150 	6202 	6218
f 1817 	6215 	1838
f 6216 	6215 	1818
f 6216 	1818 	1819
f 6216 	1819 	6217
f 6217 	1820 	6218
f 6217 	1819 	1820
f 6218 	1821 	6150
f 6215 	6238 	6233
f 6215 	6216 	6238
f 6218 	6202 	6240
f 2132 	6234 	6241
f 2132 	1836 	6234
f 6234 	1836 	1838
f 6234 	1838 	6233
f 6235 	6239 	6236
f 6235 	6238 	6239
f 6140 	6236 	6237
f 6192 	6141 	6237
f 6236 	6239 	6240
f 6236 	6240 	6237
f 6237 	6202 	6192
f 6237 	6240 	6202
f 6238 	6216 	6239
f 6217 	6240 	6239
f 6239 	6216 	6217
f 6243 	6138 	6126
f 6242 	6243 	6126
f 6243 	6235 	6138
f 6243 	6238 	6235
f 2427 	2132 	6241
f 6241 	6234 	6242
f 6243 	6242 	6233
f 6234 	6233 	6242
f 6243 	6233 	6238
f 6235 	6139 	6138
f 6139 	6235 	6236
f 6139 	6236 	6140
f 6237 	6141 	6140
f 4541 	4937 	4543
f 6265 	4543 	4937
f 4936 	4618 	6265
f 4618 	4619 	6265
f 4656 	6024 	4461
f 4461 	4645 	4656
f 6024 	6027 	6266
f 6024 	6266 	4461
f 6266 	225 	4461
f 6027 	6267 	6266
f 6266 	6267 	227
f 6266 	227 	225
f 6030 	6033 	6268
f 6268 	6267 	6030
f 4634 	5580 	6323
f 4643 	5581 	4634
f 5581 	5580 	4634
f 5333 	6269 	6270
f 5333 	6270 	6271
f 6276 	6281 	292
f 6337 	5333 	6336
f 6327 	6328 	4806
f 6328 	6329 	4806
f 4837 	4836 	5333
f 4831 	5333 	4833
f 225 	227 	5070
f 6272 	5083 	227
f 5083 	5070 	227
f 5582 	5581 	4643
f 5582 	4643 	4645
f 443 	446 	5582
f 466 	5582 	447
f 447 	5582 	446
f 466 	5601 	5582
f 6159 	2830 	5363
f 2827 	2795 	5363
f 2831 	2827 	5363
f 6133 	6141 	6192
f 6136 	6133 	6193
f 6133 	6192 	6193
f 6136 	6193 	6195
f 6274 	6286 	5577
f 6274 	6277 	6286
f 2411 	6277 	6274
f 6269 	5333 	6275
f 217 	218 	292
f 6281 	217 	292
f 6279 	5333 	6278
f 6275 	5333 	6279
f 2411 	6280 	6277
f 6280 	2411 	2414
f 6280 	6282 	6277
f 6280 	6241 	6282
f 6277 	6282 	6294
f 6126 	6294 	6282
f 6280 	2414 	2427
f 2427 	6241 	6280
f 6282 	6242 	6126
f 6283 	5368 	5333
f 6289 	6283 	5333
f 5577 	6286 	6284
f 6284 	6286 	6290
f 6285 	6291 	234
f 6292 	234 	6291
f 6292 	6293 	234
f 6293 	6386 	234
f 6277 	6294 	6286
f 6286 	6294 	6290
f 6290 	6295 	4564
f 6294 	6295 	6290
f 6126 	6295 	6294
f 6126 	6138 	6295
f 6241 	6242 	6282
f 6296 	1592 	4459
f 4459 	4464 	6296
f 4464 	4465 	6296
f 4654 	6338 	6299
f 6299 	6022 	4656
f 4656 	4654 	6299
f 6301 	2160 	2159
f 2159 	6306 	6301
f 2160 	6301 	6307
f 6308 	2163 	2162
f 6313 	2163 	6308
f 1558 	1593 	6302
f 1559 	1558 	6302
f 6303 	1559 	6302
f 1590 	6303 	6304
f 1590 	6304 	1591
f 1591 	6305 	2169
f 6304 	6305 	1591
f 2169 	6305 	6306
f 6302 	1593 	6330
f 6330 	6331 	6302
f 6303 	6332 	6304
f 6305 	6304 	6319
f 6305 	6320 	6306
f 6320 	6305 	6319
f 6306 	6320 	6321
f 6301 	6315 	6307
f 6308 	2162 	6307
f 6301 	6306 	6321
f 6321 	6315 	6301
f 6307 	6315 	6317
f 6307 	6317 	6308
f 6308 	6318 	6313
f 6308 	6317 	6318
f 6326 	6318 	6317
f 6319 	6322 	6320
f 6319 	6334 	6322
f 6320 	6323 	6321
f 6322 	6323 	6320
f 6323 	6322 	4634
f 6324 	6315 	6321
f 6321 	6323 	6324
f 6325 	6317 	6315
f 6325 	6315 	6324
f 6326 	6317 	6325
f 6325 	5375 	6326
f 6339 	4634 	6322
f 6323 	5580 	6324
f 6324 	5580 	5372
f 5372 	6325 	6324
f 5375 	6325 	5372
f 6464 	6327 	4805
f 4806 	4805 	6327
f 7265 	7269 	4650
f 7269 	7266 	4650
f 7254 	7255 	4807
f 7255 	7256 	4807
f 6329 	7254 	4807
f 1593 	1592 	6296
f 6296 	6330 	1593
f 6330 	6297 	6331
f 6303 	6302 	6331
f 6332 	6303 	6331
f 6296 	4465 	6330
f 6330 	4465 	6297
f 6331 	6333 	6332
f 6304 	6332 	6319
f 6297 	6333 	6331
f 6332 	6333 	6334
f 6319 	6332 	6334
f 6297 	6298 	6333
f 6335 	6268 	6336
f 6334 	6333 	6338
f 6336 	6268 	6033
f 6336 	6033 	6337
f 6043 	6337 	6033
f 6339 	6322 	6334
f 6043 	6042 	4848
f 6338 	6333 	6298
f 4845 	6337 	6043
f 6334 	6338 	6339
f 4654 	6339 	6338
f 6339 	4643 	4634
f 6299 	6338 	6298
f 4643 	6339 	4654
f 4801 	6524 	4802
f 4799 	6524 	4801
f 4798 	8337 	4799
f 4796 	8337 	4797
f 4797 	8337 	4798
f 5431 	5428 	4657
f 4796 	4795 	8337
f 4807 	4806 	6329
f 6525 	5510 	5511
f 6524 	8337 	5509
f 6335 	6340 	6268
f 6340 	292 	6268
f 6340 	6335 	5333
f 6344 	227 	6267
f 6267 	6268 	6344
f 6344 	6272 	227
f 6268 	287 	6344
f 6344 	4900 	4899
f 4899 	6403 	6344
f 4900 	6344 	4901
f 289 	4902 	6344
f 4901 	6344 	4902
f 6717 	6718 	6528
f 6385 	234 	6386
f 6391 	5083 	6390
f 6389 	6400 	5083
f 6400 	6401 	5083
f 6388 	6389 	5083
f 6387 	6388 	5083
f 6391 	6392 	5083
f 6387 	5083 	6392
f 6393 	6390 	5083
f 6393 	5083 	6272
f 6272 	6344 	6394
f 6395 	6394 	6344
f 6396 	6397 	6344
f 6395 	6344 	6397
f 6396 	6344 	6398
f 6399 	6398 	6344
f 5089 	5090 	5083
f 6399 	6344 	6402
f 6402 	6344 	6403
f 5125 	6501 	6406
f 3025 	6406 	6408
f 5020 	6409 	291
f 5333 	291 	6409
f 6411 	6412 	5333
f 6409 	6410 	5333
f 6411 	5333 	6410
f 6383 	5333 	6412
f 6413 	6414 	234
f 6416 	6418 	234
f 6502 	6506 	6408
f 6501 	6502 	6408
f 6414 	6419 	234
f 6416 	234 	6415
f 6417 	6507 	6408
f 6506 	6417 	6408
f 6415 	234 	6419
f 5020 	234 	6420
f 6422 	5012 	6421
f 6421 	5012 	6423
f 6423 	5010 	5094
f 6425 	289 	6424
f 4902 	289 	6425
f 6427 	5012 	6429
f 5013 	5012 	6427
f 6429 	5012 	6428
f 6428 	5012 	6431
f 6426 	289 	6436
f 6436 	289 	6435
f 6424 	289 	6426
f 290 	5013 	289
f 6442 	289 	6438
f 6435 	289 	6439
f 6438 	289 	6437
f 6437 	289 	6441
f 6439 	289 	6442
f 6444 	289 	5013
f 6441 	289 	6444
f 6408 	3035 	3025
f 5329 	6449 	5058
f 5393 	6449 	5329
f 6450 	5058 	6449
f 5058 	6450 	6448
f 5393 	6406 	6449
f 6406 	4742 	6449
f 6461 	6448 	4829
f 4832 	4829 	6448
f 4832 	6448 	6450
f 6450 	6449 	4742
f 6457 	6459 	4817
f 6458 	5118 	5403
f 5118 	6458 	6457
f 6458 	6459 	6457
f 5403 	5061 	6458
f 6458 	6460 	6459
f 5061 	6460 	6458
f 6460 	5061 	6461
f 5061 	5066 	6461
f 7261 	4805 	7252
f 6463 	4805 	7261
f 6448 	6461 	5066
f 6729 	6733 	6528
f 6456 	4841 	4822
f 4817 	4841 	6456
f 6457 	4817 	6456
f 4817 	6459 	4861
f 6460 	4866 	6459
f 4866 	4861 	6459
f 6461 	4842 	6460
f 4842 	4866 	6460
f 4842 	6461 	4829
f 6467 	7029 	5079
f 5079 	5117 	6467
f 5117 	6456 	6467
f 5117 	5118 	6457
f 6457 	6456 	5117
f 4822 	7031 	6467
f 6467 	6456 	4822
f 6501 	6408 	6406
f 5126 	6501 	5125
f 6511 	6408 	6507
f 6515 	3035 	6514
f 6408 	6514 	3035
f 6511 	6514 	6408
f 4823 	3035 	6515
f 4879 	4372 	4522
f 4522 	5050 	4879
f 4548 	6522 	4522
f 6522 	5051 	5050
f 5050 	4522 	6522
f 5509 	5510 	6524
f 6526 	6525 	6528
f 6528 	6530 	6526
f 8464 	6529 	6532
f 6743 	6744 	6528
f 6532 	6533 	8464
f 6527 	6613 	6529
f 6532 	6531 	6533
f 6529 	6531 	6532
f 8464 	8463 	6529
f 6543 	6544 	6538
f 6538 	6545 	6543
f 6533 	6546 	8464
f 6546 	6545 	8464
f 6538 	8464 	6545
f 6544 	6543 	6633
f 6543 	6545 	6633
f 6545 	6546 	6633
f 6531 	6633 	6546
f 6569 	6528 	6570
f 6528 	7021 	6572
f 6972 	6573 	6528
f 6570 	6528 	6573
f 6572 	6574 	6528
f 6972 	6528 	6574
f 6528 	6789 	7021
f 5511 	6528 	6525
f 6530 	6528 	6569
f 6530 	6569 	6526
f 6569 	6570 	6526
f 6575 	6526 	6570
f 6572 	6575 	6574
f 6573 	6574 	6575
f 6570 	6573 	6575
f 6971 	7250 	6576
f 6575 	6576 	6526
f 6576 	6575 	6572
f 6576 	6572 	6577
f 7021 	6577 	6572
f 6578 	6579 	6574
f 6578 	6574 	6573
f 6578 	6573 	6972
f 6972 	6574 	6579
f 6528 	6815 	6812
f 6580 	6576 	6578
f 6579 	6578 	6576
f 6579 	6576 	6577
f 6972 	6971 	6578
f 6525 	6526 	4805
f 6528 	6812 	6813
f 6819 	6822 	6528
f 6732 	6528 	6733
f 4952 	8438 	7026
f 7026 	4962 	4952
f 5078 	7048 	7030
f 5078 	5079 	7028
f 5880 	7030 	8517
f 2645 	7066 	4708
f 4846 	7077 	7032
f 6546 	6533 	6531
f 6544 	6606 	6538
f 6607 	1113 	6606
f 6606 	6633 	6607
f 6609 	6608 	6610
f 6607 	6608 	6609
f 6615 	6616 	8463
f 6616 	6527 	8463
f 6614 	6613 	6615
f 6617 	6620 	6618
f 6623 	6618 	6622
f 6611 	6621 	6624
f 6622 	6618 	6620
f 6618 	6625 	6617
f 6611 	6624 	6612
f 6612 	6626 	6613
f 6612 	6624 	6626
f 6531 	6529 	6613
f 6616 	6613 	6527
f 6630 	6623 	6703
f 6624 	6631 	6626
f 6623 	6650 	6618
f 6613 	6626 	6531
f 6641 	6621 	6866
f 6625 	6689 	6617
f 6705 	6703 	6623
f 6622 	6704 	6623
f 6632 	6649 	6629
f 6626 	6633 	6531
f 6626 	6631 	6633
f 4946 	4945 	6632
f 6649 	6632 	4945
f 6631 	6634 	6635
f 6634 	6678 	6635
f 6631 	6635 	6633
f 6608 	6607 	6633
f 6544 	6633 	6606
f 6608 	6633 	6635
f 6644 	7123 	6643
f 6642 	6643 	7123
f 6640 	6642 	7123
f 6642 	6640 	1430
f 6643 	6642 	5333
f 6639 	1430 	6640
f 6639 	6638 	1430
f 6638 	6637 	1430
f 6638 	5756 	6637
f 6646 	6636 	6090
f 5015 	6646 	6090
f 6090 	6091 	5015
f 6114 	6090 	6636
f 6076 	6636 	6067
f 5333 	6067 	6646
f 6072 	6636 	6075
f 6073 	6636 	6072
f 6646 	6067 	6636
f 5015 	5333 	6646
f 6628 	6629 	6649
f 6627 	6628 	6649
f 6650 	6630 	6649
f 6627 	6649 	6630
f 6630 	6650 	6623
f 6650 	6656 	6658
f 6649 	6656 	6650
f 6656 	6649 	6655
f 6645 	6624 	6621
f 6621 	6641 	6645
f 6624 	6645 	6631
f 6641 	6662 	6663
f 6662 	6674 	6663
f 6641 	6663 	6645
f 6634 	6631 	6645
f 6645 	6663 	6634
f 6663 	6674 	6676
f 6663 	6676 	6634
f 6538 	6606 	1113
f 6609 	1113 	6607
f 1143 	1148 	1113
f 6610 	1143 	1113
f 6609 	6610 	1113
f 6670 	6669 	6538
f 1113 	1124 	6538
f 1125 	6670 	6538
f 6679 	1145 	6608
f 6679 	1520 	1145
f 1145 	1143 	6608
f 6610 	6608 	1143
f 6661 	6671 	6672
f 6672 	6662 	6661
f 6674 	6662 	6672
f 6678 	6634 	6676
f 6635 	6679 	6608
f 6635 	6678 	6679
f 6672 	6713 	6674
f 6674 	6683 	6676
f 6655 	6133 	6136
f 6136 	6656 	6655
f 6658 	6656 	6137
f 6656 	6136 	6137
f 6679 	6678 	1519
f 6679 	1519 	1520
f 4945 	6655 	6649
f 6711 	6712 	6629
f 6676 	6683 	6684
f 6655 	4945 	4951
f 4951 	6133 	6655
f 4951 	6141 	6133
f 6678 	6676 	6684
f 6684 	1519 	6678
f 6713 	1521 	6683
f 6688 	6620 	6689
f 6690 	6689 	6722
f 7064 	6693 	6692
f 6695 	6693 	7064
f 6687 	6620 	6688
f 6625 	6722 	6689
f 6685 	6697 	7064
f 6692 	6690 	6722
f 6722 	6742 	6692
f 6706 	6620 	6687
f 6628 	6703 	6700
f 6628 	6700 	6701
f 6628 	6701 	6702
f 6699 	6629 	6698
f 6617 	6689 	6620
f 6705 	6623 	6704
f 6622 	6620 	6706
f 6627 	6630 	6703
f 6706 	6707 	6622
f 6628 	6627 	6703
f 6704 	6622 	6707
f 6715 	6528 	6730
f 1523 	6684 	6683
f 1521 	1523 	6683
f 1523 	1525 	6684
f 6684 	1525 	1519
f 6702 	6698 	6628
f 6628 	6698 	6629
f 6708 	6710 	6629
f 6732 	6734 	6528
f 6717 	6528 	6716
f 6708 	6629 	6699
f 6772 	6775 	6528
f 6709 	6672 	6671
f 6629 	6710 	6711
f 6632 	6629 	6712
f 4946 	6632 	6714
f 6713 	6672 	6709
f 6714 	6632 	6712
f 5032 	4947 	6714
f 6716 	6528 	6715
f 6719 	6528 	6718
f 6683 	6674 	6713
f 6725 	6722 	6618
f 6625 	6618 	6722
f 6721 	6722 	6725
f 6721 	6737 	6722
f 6120 	6723 	6735
f 6724 	6723 	6120
f 6724 	6120 	6122
f 6122 	6119 	6724
f 6120 	6735 	6125
f 6726 	6721 	6725
f 6726 	6725 	6727
f 6725 	6723 	6727
f 6723 	7065 	6727
f 6730 	6528 	6736
f 6725 	6735 	6723
f 6725 	6731 	6735
f 6734 	6736 	6528
f 6618 	6650 	6731
f 6731 	6725 	6618
f 6735 	6130 	6125
f 6727 	7112 	6726
f 6721 	6726 	6737
f 6737 	6738 	6722
f 6738 	6739 	6722
f 6722 	6739 	6741
f 6722 	6741 	6742
f 6742 	7074 	6692
f 6753 	6754 	6528
f 6650 	6658 	6731
f 6770 	6528 	6757
f 6130 	6731 	6658
f 6735 	6731 	6130
f 6751 	6528 	6750
f 6746 	6528 	6745
f 6747 	6743 	6528
f 6751 	6752 	6528
f 6745 	6528 	6744
f 6750 	6528 	6746
f 6754 	6757 	6528
f 6772 	6528 	6771
f 6753 	6528 	6752
f 6127 	6130 	6658
f 6658 	6137 	6127
f 5544 	6764 	6763
f 6763 	6764 	6765
f 6763 	6765 	6766
f 5319 	5318 	6767
f 5319 	6767 	5314
f 6768 	6778 	6769
f 6778 	6763 	6769
f 6766 	6769 	6763
f 6767 	6779 	6988
f 6771 	6528 	6770
f 6765 	7021 	6766
f 6764 	7021 	6765
f 6528 	6773 	6774
f 6728 	6528 	6774
f 6729 	6528 	6728
f 6775 	6773 	6528
f 6789 	6776 	7021
f 6777 	6778 	6776
f 6768 	6776 	6778
f 6769 	7021 	6768
f 6768 	7021 	6776
f 6777 	6776 	6789
f 6763 	6779 	6767
f 6763 	6778 	6779
f 6779 	6784 	7009
f 6782 	6783 	6781
f 6780 	6781 	6783
f 6777 	6780 	6778
f 6783 	6778 	6780
f 6778 	6783 	6784
f 6782 	6785 	6783
f 6724 	6783 	6785
f 6778 	6784 	6779
f 6788 	7157 	6785
f 6769 	6766 	7021
f 6789 	6788 	6781
f 6789 	6781 	6780
f 6789 	6780 	6777
f 6785 	6782 	6788
f 6781 	6788 	6782
f 6790 	6791 	6723
f 6785 	6786 	6724
f 6787 	6724 	6786
f 6790 	6723 	6787
f 6723 	6724 	6787
f 6783 	6724 	6119
f 6119 	6784 	6783
f 6786 	6933 	6787
f 6796 	7308 	6795
f 6799 	6792 	6300
f 6792 	6793 	6300
f 6793 	6794 	6300
f 6528 	6300 	6794
f 6709 	6798 	6713
f 6795 	7401 	6800
f 6740 	6798 	6709
f 6713 	6798 	1521
f 6802 	6803 	6528
f 6805 	6804 	6528
f 6794 	6801 	6528
f 6801 	6802 	6528
f 6806 	6528 	6803
f 6805 	6528 	6806
f 6747 	6528 	6804
f 1613 	6740 	6720
f 6740 	1614 	6798
f 1537 	1521 	6798
f 6719 	6810 	6528
f 6809 	6811 	6528
f 6810 	6809 	6528
f 6817 	6528 	6813
f 6811 	6816 	6528
f 6819 	6528 	6821
f 6815 	6528 	6814
f 6820 	6528 	6816
f 6528 	6820 	6821
f 6814 	6528 	6822
f 6709 	6671 	6823
f 6937 	6824 	6825
f 6937 	6825 	6807
f 6720 	6823 	6807
f 6720 	6807 	6825
f 6823 	6720 	6740
f 6823 	6740 	6709
f 6150 	1821 	1615
f 1615 	1616 	6941
f 1617 	6942 	1616
f 6943 	1617 	1618
f 6943 	1618 	6944
f 6826 	6944 	1619
f 6797 	7307 	6796
f 1618 	1619 	6944
f 6826 	1619 	1609
f 7399 	7398 	6800
f 6064 	6834 	6065
f 6826 	1609 	6824
f 6831 	6829 	6044
f 6829 	6830 	6044
f 6828 	6044 	6830
f 6824 	1609 	1611
f 6825 	6824 	1611
f 6831 	6065 	6832
f 6832 	6065 	6833
f 6825 	1611 	1612
f 6833 	6065 	6834
f 1612 	6720 	6825
f 6834 	6064 	4627
f 1613 	6720 	1612
f 1613 	1614 	6740
f 6818 	6964 	6528
f 6621 	6611 	6836
f 6791 	7065 	6723
f 6787 	6932 	6790
f 7251 	7252 	6576
f 7250 	7251 	6576
f 6972 	6579 	6577
f 6947 	6948 	6528
f 6817 	6818 	6528
f 6685 	6888 	6842
f 6841 	6839 	6685
f 6839 	6840 	6685
f 6841 	6685 	6842
f 7185 	7183 	6845
f 6843 	7185 	6845
f 6846 	6844 	6528
f 6840 	6697 	6685
f 6695 	7064 	6696
f 6952 	6945 	6528
f 6852 	8442 	6851
f 6850 	6851 	8442
f 6853 	8442 	6855
f 6855 	6856 	6853
f 6859 	6861 	6853
f 6857 	6858 	6853
f 6857 	6853 	6856
f 6858 	6859 	6853
f 6860 	6853 	6861
f 6860 	6849 	6862
f 4379 	6862 	6848
f 6848 	6862 	6849
f 6853 	6860 	6862
f 6837 	6864 	6838
f 6837 	6863 	6864
f 6838 	6864 	6865
f 6865 	6835 	6838
f 6836 	6835 	6866
f 6835 	6865 	6866
f 6621 	6836 	6866
f 6868 	6865 	6864
f 6866 	6865 	6869
f 6869 	6865 	6868
f 6866 	6869 	6641
f 6882 	6870 	6867
f 6867 	6870 	6872
f 6867 	6872 	6868
f 6868 	6872 	6661
f 6671 	6661 	6872
f 6661 	6869 	6868
f 6869 	6662 	6641
f 6662 	6869 	6661
f 6880 	6786 	6877
f 6918 	6872 	6870
f 6878 	6843 	6879
f 6872 	6918 	6671
f 6881 	6122 	6120
f 6881 	6120 	6125
f 6122 	6881 	6882
f 7153 	6786 	7152
f 6910 	6786 	6911
f 6863 	6122 	6882
f 6901 	6899 	6938
f 6867 	6864 	6863
f 6867 	6863 	6882
f 6885 	6879 	6843
f 6887 	6884 	6843
f 6890 	6888 	6685
f 6868 	6864 	6867
f 6884 	6885 	6843
f 6125 	6886 	6881
f 6843 	6842 	6887
f 6889 	6887 	6842
f 6886 	6125 	6128
f 6881 	6886 	6891
f 6888 	6889 	6842
f 6890 	6685 	6892
f 6881 	6891 	6882
f 6893 	6685 	6894
f 6892 	6685 	6893
f 6870 	6882 	6891
f 6886 	6929 	6891
f 6897 	6685 	6898
f 6894 	6685 	6895
f 6895 	6685 	6897
f 6917 	6870 	6891
f 7008 	6939 	6899
f 6898 	6685 	6899
f 6696 	7064 	6697
f 6939 	6938 	6899
f 6685 	7049 	6899
f 6902 	6935 	6903
f 6908 	6933 	6907
f 6903 	6935 	6904
f 6906 	6933 	6908
f 6904 	6933 	6906
f 6837 	6784 	6119
f 6911 	6786 	6914
f 6863 	6837 	6119
f 6913 	6914 	6786
f 6119 	6122 	6863
f 6886 	6927 	6929
f 6917 	6891 	6929
f 6870 	6917 	6918
f 6918 	6823 	6671
f 6930 	6790 	6932
f 6791 	6790 	6920
f 6923 	6928 	6790
f 6928 	6924 	6790
f 6921 	6920 	6790
f 6807 	6918 	6917
f 6917 	6937 	6807
f 6918 	6807 	6823
f 6925 	6922 	6790
f 6922 	6923 	6790
f 6924 	6921 	6790
f 6876 	6877 	6786
f 6926 	6925 	6790
f 7163 	7159 	6785
f 6930 	6926 	6790
f 6932 	6787 	6933
f 6786 	6910 	6933
f 6880 	6913 	6786
f 6927 	6936 	6929
f 6902 	6900 	6935
f 6907 	6933 	6910
f 6927 	6934 	6936
f 6929 	6936 	6937
f 6929 	6937 	6917
f 6900 	6901 	6938
f 6933 	6904 	6935
f 6931 	6943 	6944
f 6944 	6826 	6934
f 6934 	6826 	6936
f 6937 	6936 	6824
f 6826 	6824 	6936
f 6150 	1615 	6941
f 6149 	6206 	6941
f 6149 	6942 	6940
f 6941 	6942 	6149
f 6940 	6942 	6943
f 6940 	6943 	6931
f 6949 	6950 	6528
f 6931 	6944 	6934
f 6950 	6847 	6528
f 6957 	6951 	6528
f 6956 	6957 	6528
f 6946 	6528 	6945
f 6947 	6528 	6946
f 6956 	6528 	6948
f 6941 	1616 	6942
f 6846 	6528 	6847
f 1617 	6943 	6942
f 6949 	6528 	6951
f 6952 	6528 	6955
f 6963 	6965 	6528
f 6528 	6962 	6963
f 6954 	6528 	6965
f 6955 	6528 	6954
f 6528 	6964 	6962
f 5318 	6972 	5544
f 6953 	6128 	6127
f 6953 	6127 	6196
f 6927 	6128 	6953
f 6953 	6934 	6927
f 6886 	6128 	6927
f 6196 	6931 	6953
f 6934 	6953 	6931
f 1820 	1821 	6218
f 6979 	6983 	6993
f 6983 	6991 	6992
f 6993 	6997 	6979
f 6992 	6993 	6983
f 6998 	6999 	6979
f 6991 	6983 	6990
f 6984 	6990 	6985
f 6767 	6975 	5314
f 6988 	6975 	6767
f 6981 	6987 	6982
f 6981 	6986 	6987
f 6970 	5544 	6972
f 6989 	6982 	6987
f 6989 	6984 	6982
f 6999 	7000 	6979
f 6990 	6984 	6991
f 6989 	6991 	6984
f 6991 	6989 	6992
f 6989 	6993 	6992
f 6986 	6994 	6995
f 6986 	6995 	6987
f 6996 	6989 	6987
f 6996 	6987 	6995
f 6998 	6979 	6997
f 6999 	6998 	6996
f 6998 	6997 	6996
f 6989 	6996 	6997
f 6993 	6989 	6997
f 6999 	6996 	7000
f 6994 	6612 	6995
f 6994 	6611 	6612
f 7000 	6614 	6979
f 6995 	6612 	6613
f 6613 	6996 	6995
f 8463 	6979 	6614
f 6996 	6614 	7000
f 6616 	6615 	6613
f 6996 	6613 	6614
f 7099 	7002 	7001
f 7003 	7100 	6986
f 7003 	6986 	6981
f 7004 	7001 	6975
f 6938 	6935 	6900
f 7008 	6899 	7011
f 6779 	7009 	6988
f 7011 	6899 	7010
f 6988 	7009 	7101
f 7020 	6791 	6920
f 7020 	7047 	6791
f 7018 	7065 	7017
f 5544 	6970 	6764
f 7021 	6764 	6970
f 4374 	4880 	6862
f 7026 	8443 	7027
f 6577 	7021 	6970
f 7026 	7027 	4962
f 7027 	4880 	4962
f 6862 	7027 	6853
f 4880 	7027 	6862
f 7048 	5078 	7028
f 7028 	5079 	7029
f 6467 	7031 	7029
f 7031 	4822 	7032
f 7035 	7033 	7034
f 7033 	7035 	7036
f 7037 	7033 	7036
f 7034 	7033 	250
f 7038 	250 	7033
f 251 	7038 	252
f 250 	7038 	251
f 7038 	253 	252
f 7028 	7033 	7044
f 7029 	7038 	7033
f 7028 	7029 	7033
f 7029 	7031 	7038
f 7041 	7039 	7040
f 7039 	7041 	7042
f 7042 	7043 	7039
f 7039 	7044 	7045
f 7039 	7045 	7046
f 7039 	7046 	7040
f 7039 	7048 	7044
f 7033 	7037 	7044
f 7017 	7065 	7047
f 8404 	7048 	7039
f 7048 	7028 	7044
f 7014 	6899 	7049
f 7010 	6899 	7012
f 7050 	7051 	6685
f 7052 	7050 	6685
f 7012 	6899 	7014
f 6970 	6972 	6577
f 7049 	6685 	7051
f 7030 	7048 	8404
f 7055 	7065 	7018
f 7058 	7044 	7057
f 7059 	7044 	7058
f 7045 	7044 	7059
f 7056 	7057 	7044
f 7044 	7060 	7061
f 7061 	7056 	7044
f 7062 	7044 	7037
f 7044 	7062 	7060
f 7054 	6685 	7053
f 7113 	7112 	6727
f 6791 	7047 	7065
f 6727 	7065 	7070
f 7113 	6727 	7070
f 7066 	7063 	4708
f 7052 	6685 	7054
f 4708 	2648 	2645
f 7069 	7065 	7055
f 7070 	7065 	7069
f 7066 	2645 	7067
f 2723 	2720 	7067
f 255 	254 	7071
f 7075 	7078 	6692
f 7078 	7076 	6692
f 7073 	7064 	7072
f 255 	7071 	256
f 7064 	7073 	7068
f 7064 	7068 	7053
f 7064 	7053 	6685
f 7071 	257 	256
f 7031 	7032 	7095
f 7072 	7064 	7076
f 7032 	7071 	7095
f 7074 	7075 	6692
f 7032 	7077 	7071
f 7064 	6692 	7076
f 4849 	7063 	7077
f 4849 	7077 	4846
f 7085 	6726 	7084
f 7079 	259 	258
f 7071 	7079 	257
f 258 	257 	7079
f 7081 	7082 	7083
f 7080 	6726 	7085
f 7080 	6737 	6726
f 7081 	260 	7082
f 7079 	7082 	260
f 7079 	260 	259
f 7088 	7086 	7087
f 7089 	7087 	7086
f 7089 	7090 	7087
f 7082 	7087 	7090
f 7082 	7090 	7083
f 7087 	7097 	7092
f 7087 	7092 	7093
f 7087 	7093 	7094
f 7087 	7094 	7088
f 7077 	7079 	7071
f 7082 	7079 	7063
f 7079 	7077 	7063
f 7063 	7066 	7082
f 7066 	7087 	7082
f 7066 	7067 	7087
f 7097 	7087 	7067
f 7038 	7095 	253
f 262 	253 	7095
f 263 	7095 	264
f 7095 	263 	262
f 264 	7095 	254
f 7071 	254 	7095
f 7031 	7095 	7038
f 2720 	7097 	7067
f 7091 	7092 	7097
f 7096 	7091 	7097
f 7097 	7098 	7096
f 273 	272 	7097
f 272 	7098 	7097
f 2720 	2712 	7097
f 7004 	6975 	6988
f 7099 	7001 	7004
f 7003 	7002 	7100
f 7100 	7002 	7099
f 6988 	7101 	7004
f 7102 	7099 	7004
f 7102 	7004 	7101
f 7099 	7102 	7103
f 7099 	7103 	7100
f 7100 	6994 	6986
f 7100 	7103 	6994
f 7101 	6835 	7102
f 6836 	7103 	7102
f 7101 	6838 	6835
f 6836 	7102 	6835
f 7103 	6836 	6611
f 7103 	6611 	6994
f 6838 	7101 	7009
f 6837 	7009 	6784
f 6837 	6838 	7009
f 7105 	8547 	7104
f 7107 	45 	7106
f 7106 	45 	44
f 49 	45 	7107
f 7107 	48 	49
f 7618 	7108 	7105
f 7108 	44 	7105
f 7106 	7108 	7110
f 44 	7108 	7106
f 2496 	2552 	7422
f 7473 	7106 	7110
f 7084 	6726 	7112
f 7373 	7120 	7110
f 7115 	7125 	7110
f 6971 	6576 	6580
f 7373 	7110 	7125
f 7122 	7466 	7110
f 7121 	7122 	7110
f 7121 	7110 	7120
f 7119 	1171 	1169
f 7123 	7119 	5073
f 7124 	1171 	7119
f 7119 	7123 	7124
f 7124 	1179 	1171
f 1355 	1354 	7124
f 6639 	7123 	6638
f 5069 	7119 	1169
f 5069 	5073 	7119
f 6017 	6638 	5840
f 5833 	5834 	6638
f 5757 	6637 	5756
f 5833 	6638 	7123
f 6639 	6640 	7123
f 1189 	7124 	6644
f 7123 	6644 	7124
f 1189 	1357 	7124
f 1189 	6644 	5333
f 5759 	6637 	5757
f 6085 	6636 	6084
f 6084 	6637 	5759
f 6637 	6084 	6636
f 6580 	6578 	6971
f 7155 	7152 	6785
f 6876 	6786 	7153
f 6786 	6785 	7152
f 7163 	6785 	7158
f 7158 	6785 	7157
f 7149 	7155 	6785
f 7157 	6788 	7161
f 7161 	6788 	7162
f 7159 	7149 	6785
f 7170 	7168 	6788
f 7162 	6788 	7166
f 7171 	6788 	7173
f 7166 	6788 	7169
f 7168 	7172 	6788
f 7170 	6788 	7171
f 7169 	6788 	7172
f 7173 	6788 	7174
f 6528 	6788 	6789
f 7174 	6788 	7175
f 7177 	6844 	7176
f 6528 	6844 	7175
f 6788 	6528 	7175
f 7177 	7175 	6844
f 7176 	6844 	7178
f 7178 	6844 	7179
f 7179 	6844 	7180
f 6878 	7186 	6843
f 7182 	6844 	7181
f 7180 	6844 	7182
f 7181 	6844 	7183
f 7185 	6843 	7184
f 6844 	6845 	7183
f 7184 	6843 	7186
f 7232 	7188 	7187
f 7232 	7187 	3234
f 7187 	3277 	3234
f 7189 	3283 	3431
f 7189 	3435 	3283
f 7190 	3277 	7187
f 7190 	7191 	3431
f 3431 	3426 	7190
f 7189 	3431 	7191
f 7191 	7202 	7189
f 7188 	7195 	7197
f 7187 	7188 	7197
f 7190 	7187 	7197
f 7195 	5326 	5303
f 7191 	7190 	7197
f 7195 	7199 	7197
f 7195 	5303 	7199
f 7197 	7199 	7191
f 5303 	5306 	7199
f 7202 	7199 	5306
f 7199 	7202 	7191
f 7202 	7205 	7189
f 7189 	7205 	3435
f 3435 	7205 	7531
f 7531 	7205 	7208
f 7208 	7209 	7535
f 5628 	5627 	6971
f 7229 	7217 	7208
f 7205 	7229 	7208
f 7209 	7208 	7217
f 7217 	7222 	7209
f 5306 	5308 	7229
f 7229 	7202 	5306
f 7205 	7202 	7229
f 5308 	7217 	7229
f 5308 	5310 	7217
f 5314 	7222 	5310
f 7222 	7217 	5310
f 5321 	6971 	5315
f 7240 	7231 	7230
f 7230 	7231 	7232
f 7232 	7231 	7188
f 7231 	7244 	7188
f 7233 	3514 	2165
f 3514 	7233 	7234
f 7233 	7238 	7234
f 7238 	7233 	7236
f 3504 	7234 	7240
f 7234 	7238 	7240
f 3504 	7240 	7230
f 7240 	7238 	7243
f 7243 	7231 	7240
f 7236 	7233 	6313
f 7236 	7241 	7242
f 6326 	5546 	7241
f 7241 	5322 	7242
f 7241 	5546 	5322
f 7236 	7242 	7238
f 7243 	7238 	7242
f 7242 	5323 	7243
f 7242 	5322 	5323
f 7243 	5323 	7244
f 7244 	7231 	7243
f 7188 	7244 	7195
f 5323 	5326 	7244
f 7195 	7244 	5326
f 5623 	7272 	6971
f 7274 	6971 	7273
f 7275 	6971 	7277
f 7246 	7247 	6971
f 7245 	7248 	6971
f 7247 	7245 	6971
f 5620 	7253 	5621
f 7272 	5622 	7253
f 5620 	5618 	7253
f 7001 	7002 	7209
f 5321 	5633 	6971
f 6972 	5316 	6971
f 5316 	5315 	6971
f 5314 	6975 	7222
f 7001 	7222 	6975
f 7001 	7209 	7222
f 7249 	6971 	7248
f 7249 	7262 	6971
f 7233 	2165 	6313
f 7236 	6313 	6318
f 6526 	6576 	7252
f 7252 	4805 	6526
f 6524 	6525 	4805
f 6318 	7241 	7236
f 7241 	6318 	6326
f 5375 	5546 	6326
f 7273 	6971 	7272
f 7256 	7263 	4807
f 7263 	7264 	4807
f 7258 	7259 	6971
f 7259 	7260 	6971
f 7246 	6971 	7260
f 7250 	6971 	7262
f 7266 	7267 	4650
f 7267 	7268 	4650
f 7268 	7271 	4650
f 7271 	7253 	4650
f 5342 	4650 	7253
f 7277 	6971 	7274
f 4650 	4807 	7264
f 7264 	7265 	4650
f 7258 	6971 	7275
f 6297 	4465 	4467
f 6298 	6297 	4467
f 6524 	4799 	8337
f 6525 	6524 	5510
f 4467 	4492 	7279
f 4467 	7279 	6298
f 6299 	6298 	7279
f 4492 	7282 	7279
f 4492 	4452 	7282
f 7279 	6022 	6299
f 7279 	7282 	6022
f 6023 	6022 	7282
f 5559 	7282 	4452
f 7282 	5559 	6023
f 4313 	8337 	4657
f 7315 	7319 	6300
f 7320 	6300 	7324
f 7288 	6300 	7287
f 7330 	7294 	6300
f 7287 	6300 	7289
f 7289 	6300 	7290
f 7291 	6300 	7294
f 7290 	6300 	7291
f 7296 	7297 	7330
f 7297 	7294 	7330
f 6528 	5545 	6300
f 6065 	6831 	6047
f 7399 	6800 	7400
f 6799 	7307 	6797
f 6044 	6047 	6831
f 7338 	7418 	7336
f 7305 	7301 	7306
f 7301 	7302 	7303
f 7304 	7379 	7303
f 7301 	7305 	7302
f 7316 	7317 	6300
f 7311 	7312 	6300
f 7312 	7309 	6300
f 7309 	7310 	6799
f 7307 	6799 	7310
f 6799 	6300 	7309
f 7317 	7311 	6300
f 7316 	6300 	7319
f 7324 	6300 	7327
f 7320 	7321 	6300
f 7315 	6300 	7321
f 6300 	7322 	7323
f 7327 	6300 	7323
f 7322 	6300 	7325
f 7326 	6300 	7288
f 7325 	6300 	7326
f 7333 	7418 	7332
f 7330 	7418 	7296
f 7298 	7296 	7418
f 7335 	7418 	7338
f 7332 	7418 	7334
f 7336 	7417 	7340
f 7334 	7418 	7335
f 7339 	7380 	7341
f 7340 	7420 	7339
f 7341 	7379 	7304
f 7384 	7306 	6045
f 7346 	5576 	7347
f 7347 	5576 	7348
f 7348 	5576 	7370
f 7370 	5576 	7372
f 7115 	7111 	7125
f 7372 	5576 	7374
f 7387 	6045 	7385
f 7374 	5576 	7375
f 7373 	7125 	7111
f 7378 	7303 	7379
f 7377 	7301 	7376
f 5576 	7301 	7375
f 7375 	7301 	7377
f 7303 	7378 	7301
f 7376 	7301 	7378
f 7120 	7373 	7111
f 7379 	7341 	7380
f 7301 	6045 	7306
f 7390 	6045 	7387
f 7383 	7384 	6045
f 7386 	7383 	6045
f 7390 	7392 	6045
f 7388 	7386 	6045
f 7392 	7391 	6045
f 7391 	7388 	6045
f 7389 	6045 	7393
f 7385 	6045 	7389
f 7393 	6045 	7394
f 7396 	7395 	6828
f 6044 	6828 	7395
f 7397 	7396 	6828
f 6828 	6800 	7397
f 7398 	7397 	6800
f 7402 	6800 	7401
f 7400 	6800 	7402
f 7308 	6796 	7307
f 7401 	6795 	7403
f 7403 	6795 	7308
f 5576 	5575 	7301
f 6045 	7301 	5575
f 6044 	7395 	6045
f 7394 	6045 	7395
f 5871 	7330 	5845
f 7330 	6300 	5854
f 7404 	7330 	5870
f 7404 	7410 	7330
f 7409 	7418 	7330
f 5844 	5845 	7330
f 5873 	5872 	5875
f 7406 	5875 	7405
f 5874 	5875 	7406
f 7409 	7330 	7408
f 7408 	7330 	7410
f 7333 	7298 	7418
f 7405 	5875 	7413
f 5873 	5875 	5874
f 7382 	7339 	7381
f 7416 	7340 	7417
f 7417 	7336 	7418
f 7345 	7344 	5576
f 7344 	7414 	5576
f 7415 	5875 	7414
f 7413 	5875 	7415
f 7380 	7339 	7382
f 7420 	7340 	7416
f 7381 	7339 	7420
f 7346 	7345 	5576
f 7421 	2551 	2554
f 5576 	6284 	5575
f 7437 	7426 	3281
f 7421 	2554 	7429
f 2554 	7426 	7429
f 7421 	7429 	7430
f 7421 	7430 	7422
f 7419 	7422 	7111
f 7422 	7430 	7111
f 7426 	7437 	7438
f 7429 	7426 	7438
f 7429 	7439 	7430
f 7439 	7429 	7438
f 7439 	7121 	7430
f 7122 	7121 	7439
f 7473 	7110 	7466
f 7122 	7439 	7466
f 7121 	7120 	7430
f 7111 	7430 	7120
f 7466 	7467 	7473
f 7438 	7477 	7509
f 7439 	7438 	7509
f 7466 	7439 	7467
f 2551 	7421 	2552
f 7422 	7419 	2496
f 7473 	7107 	7106
f 7477 	7438 	7437
f 7477 	7437 	7475
f 7511 	7518 	7473
f 7107 	7473 	7514
f 48 	7107 	7514
f 7467 	7510 	7473
f 7510 	7511 	7473
f 7514 	7473 	7518
f 7511 	7510 	7509
f 7467 	7439 	7510
f 7439 	7509 	7510
f 7475 	7512 	7513
f 7475 	7513 	7477
f 7519 	7524 	7514
f 7509 	7477 	7515
f 7515 	7477 	7513
f 7514 	7516 	7517
f 7514 	7517 	7519
f 7516 	7514 	7518
f 7515 	7516 	7509
f 7518 	7509 	7516
f 7515 	7519 	7517
f 7517 	7516 	7515
f 7515 	7524 	7519
f 7509 	7518 	7511
f 7521 	7512 	7533
f 7512 	7521 	7522
f 7512 	7522 	7513
f 48 	7514 	7109
f 7523 	7515 	7513
f 7522 	7523 	7513
f 7109 	7526 	7527
f 7109 	7514 	7525
f 7524 	7525 	7514
f 7525 	7528 	7109
f 7523 	7524 	7515
f 7525 	7524 	7523
f 7526 	7109 	7528
f 7526 	7523 	7527
f 6985 	7527 	6984
f 7523 	7526 	7528
f 7523 	6984 	7527
f 7523 	7528 	7525
f 7437 	3281 	7529
f 7529 	3283 	7530
f 3283 	3435 	7530
f 7529 	7530 	7475
f 7530 	7512 	7475
f 7530 	7533 	7512
f 7475 	7437 	7529
f 3435 	7531 	7533
f 7530 	3435 	7533
f 7531 	7208 	7535
f 7531 	7537 	7533
f 7531 	7535 	7537
f 7533 	7537 	7521
f 7209 	7002 	7535
f 7522 	7521 	6982
f 6981 	6982 	7521
f 7527 	6985 	7109
f 6983 	7109 	6985
f 7522 	6982 	6984
f 7522 	6984 	7523
f 6985 	6990 	6983
f 7535 	7002 	7003
f 7535 	7003 	7537
f 6981 	7521 	7537
f 6981 	7537 	7003
f 7618 	7105 	7104
f 7108 	7778 	7110
f 7851 	7850 	7419
f 7111 	7115 	7419
f 7567 	7614 	8543
f 7613 	7567 	8543
f 7104 	7614 	7617
f 7104 	8547 	7614
f 7614 	8547 	8549
f 7614 	8549 	8543
f 7615 	7613 	7566
f 7566 	7619 	7615
f 7616 	7617 	7567
f 7616 	7567 	7615
f 7613 	7615 	7567
f 7645 	7104 	7617
f 7617 	7614 	7567
f 7618 	7104 	7645
f 7619 	7620 	7621
f 7628 	7619 	7622
f 7621 	7622 	7619
f 7619 	7623 	7620
f 7626 	7628 	7622
f 7627 	7628 	7625
f 7624 	7625 	7628
f 7624 	7628 	7626
f 7631 	7629 	7630
f 7629 	7631 	7632
f 7633 	7629 	7632
f 7634 	7630 	7629
f 7634 	7629 	7635
f 7636 	7635 	7637
f 7634 	7635 	7636
f 7638 	7637 	7635
f 7638 	7635 	7639
f 7638 	7639 	7640
f 7640 	7639 	7627
f 7628 	7627 	7639
f 7641 	2176 	2175
f 7641 	2175 	7642
f 7642 	7643 	7641
f 7629 	7633 	7642
f 7643 	7642 	7633
f 7628 	7615 	7619
f 7639 	7644 	7616
f 7639 	7616 	7628
f 7628 	7616 	7615
f 7644 	7617 	7616
f 7644 	7645 	7617
f 7652 	7629 	7642
f 7635 	7629 	7646
f 7629 	7652 	7646
f 7635 	7646 	7644
f 7635 	7644 	7639
f 7646 	7645 	7644
f 7645 	7646 	7650
f 2305 	7653 	7652
f 7652 	7653 	7650
f 7646 	7652 	7650
f 2472 	2316 	2305
f 7760 	7655 	7653
f 7655 	7656 	7653
f 7656 	7657 	7653
f 7759 	7760 	7653
f 7759 	7653 	2318
f 2311 	2485 	7654
f 7654 	7657 	2311
f 7656 	2311 	7657
f 7656 	7655 	2311
f 2312 	2311 	7655
f 2312 	7760 	7759
f 7760 	2312 	7655
f 7848 	7657 	7654
f 2484 	7773 	2485
f 7654 	2485 	7773
f 2496 	7419 	7773
f 7653 	7778 	7650
f 7650 	7618 	7645
f 7650 	7778 	7618
f 7778 	7850 	7110
f 7778 	7108 	7618
f 7115 	7110 	7851
f 7836 	7778 	7849
f 7653 	7849 	7778
f 7778 	7837 	7843
f 7657 	7848 	7653
f 7851 	7110 	7850
f 7846 	7850 	7778
f 7843 	7846 	7778
f 7654 	7773 	7836
f 7836 	7773 	7837
f 7837 	7773 	7843
f 7843 	7419 	7846
f 7773 	7419 	7843
f 7653 	7848 	7849
f 7778 	7836 	7837
f 7836 	7849 	7654
f 7848 	7654 	7849
f 7850 	7846 	7419
f 7851 	7419 	7115
f 2305 	7652 	7642
f 8056 	7889 	7891
f 7893 	7889 	8054
f 8054 	3955 	7893
f 7891 	7889 	7894
f 7893 	7894 	7889
f 7894 	7901 	7891
f 825 	7893 	3955
f 7893 	826 	7894
f 825 	826 	7893
f 7894 	7902 	7901
f 7894 	826 	7902
f 826 	78 	7902
f 3608 	3419 	7904
f 7903 	3611 	7904
f 7904 	7906 	7903
f 3612 	3607 	7905
f 7911 	7905 	7903
f 7911 	7912 	7905
f 7907 	7908 	8058
f 7907 	7891 	7901
f 7907 	7910 	7908
f 7901 	7910 	7907
f 7908 	7904 	8058
f 7908 	7906 	7904
f 7908 	7909 	7906
f 7910 	7909 	7908
f 7901 	2572 	7910
f 2570 	7909 	7910
f 7903 	7906 	7911
f 7909 	7913 	7906
f 7906 	7913 	7911
f 7913 	7914 	7911
f 7911 	7914 	7912
f 7913 	7909 	2569
f 2570 	2569 	7909
f 7913 	7915 	7914
f 2569 	7915 	7913
f 7901 	7902 	2572
f 2572 	2570 	7910
f 2569 	2609 	7915
f 7970 	7912 	7971
f 7971 	7912 	7914
f 7971 	7973 	7970
f 7964 	7970 	7973
f 7973 	7967 	7964
f 7971 	7978 	7973
f 7973 	7980 	7967
f 7976 	7914 	7915
f 7915 	2611 	7976
f 7976 	7971 	7914
f 7976 	7978 	7971
f 7973 	7978 	7980
f 7980 	7968 	7967
f 2609 	2611 	7915
f 7982 	7976 	2611
f 7976 	7982 	7978
f 7978 	7983 	7980
f 7982 	7983 	7978
f 2611 	2746 	7982
f 7983 	7982 	2750
f 7983 	2750 	8050
f 8049 	7968 	7980
f 8189 	7986 	7988
f 7983 	8049 	7980
f 7983 	8050 	8049
f 8163 	8049 	8050
f 8051 	2750 	2761
f 2761 	2778 	8051
f 2750 	8051 	8050
f 7986 	8163 	8050
f 8051 	7986 	8050
f 8051 	7988 	7986
f 8051 	2778 	7988
f 8052 	7988 	2778
f 8052 	2778 	4330
f 4330 	4683 	8213
f 8317 	8213 	4683
f 8213 	8052 	4330
f 1322 	3955 	8053
f 8053 	3955 	8054
f 3343 	8055 	3344
f 3346 	3350 	8055
f 3343 	3346 	8055
f 3604 	8056 	3605
f 3604 	3347 	8056
f 8055 	8056 	3347
f 8055 	3347 	3344
f 3601 	3600 	8057
f 3599 	8057 	3600
f 3599 	3602 	8057
f 3602 	3603 	8057
f 8056 	8057 	3603
f 8056 	3603 	3605
f 8057 	3409 	3601
f 8056 	8055 	7889
f 7889 	8055 	8054
f 7891 	8057 	8056
f 7891 	7907 	8057
f 8057 	7907 	8058
f 7903 	3607 	3606
f 8057 	8058 	3409
f 3407 	3409 	8058
f 3411 	3407 	8058
f 8058 	3412 	3411
f 3609 	7904 	3610
f 7904 	3609 	3608
f 3419 	3418 	7904
f 8058 	7904 	3418
f 8058 	3418 	3417
f 8058 	3417 	3416
f 8058 	3416 	3415
f 8058 	3415 	3414
f 8058 	3414 	3413
f 8058 	3413 	3412
f 7904 	3611 	3610
f 3611 	7903 	3606
f 3614 	3613 	7905
f 3612 	7905 	3613
f 7903 	7905 	3607
f 3618 	3615 	8059
f 7905 	8059 	3615
f 7905 	3615 	3614
f 3618 	8059 	3619
f 3620 	8060 	3621
f 8060 	3620 	8059
f 3620 	3619 	8059
f 7905 	7912 	8059
f 7912 	7970 	8059
f 3622 	8060 	3623
f 3621 	8060 	3622
f 8060 	8061 	3624
f 8060 	3624 	3623
f 3625 	8061 	3626
f 3624 	8061 	3625
f 8061 	8062 	3627
f 8061 	3627 	3626
f 8060 	7964 	8061
f 3627 	8062 	3628
f 8062 	3629 	3628
f 8059 	7970 	8060
f 7970 	7964 	8060
f 7964 	8063 	8061
f 8061 	8063 	8062
f 8063 	8065 	8062
f 7964 	7967 	8063
f 8063 	8066 	8065
f 7967 	8066 	8063
f 8065 	8066 	8068
f 8066 	7967 	7968
f 8111 	8066 	7968
f 8111 	8068 	8066
f 8115 	8111 	8114
f 8118 	8119 	8114
f 7968 	8117 	8111
f 7968 	8049 	8117
f 8118 	8111 	8117
f 8049 	8163 	8117
f 8166 	8123 	8163
f 8117 	8121 	8118
f 8114 	8111 	8118
f 8117 	8163 	8123
f 8118 	8121 	8119
f 8117 	8122 	8120
f 8122 	8117 	8123
f 8117 	8120 	8121
f 8122 	8147 	8120
f 8121 	8120 	8147
f 8147 	8122 	8123
f 8147 	8119 	8121
f 8119 	8160 	8157
f 8147 	8160 	8119
f 8147 	8199 	8160
f 8119 	8157 	8113
f 8113 	8157 	4292
f 8157 	4293 	4292
f 8160 	8159 	8157
f 8157 	8159 	4293
f 8198 	4295 	8159
f 8197 	8159 	8160
f 8172 	8163 	7986
f 8166 	8163 	8167
f 8170 	8171 	7986
f 8172 	8169 	8163
f 8166 	8167 	8147
f 8147 	8123 	8166
f 8168 	8147 	8167
f 8167 	8163 	8169
f 8168 	8167 	8169
f 8168 	8199 	8147
f 8170 	7986 	8184
f 8172 	7986 	8171
f 8196 	8195 	7988
f 8171 	8170 	8185
f 8170 	8184 	8185
f 8169 	8172 	8168
f 8185 	8168 	8171
f 8172 	8171 	8168
f 8189 	7988 	8192
f 7986 	8189 	8190
f 7986 	8190 	8184
f 8189 	8185 	8190
f 8190 	8185 	8184
f 8192 	8205 	8189
f 8192 	7988 	8195
f 8208 	8310 	8196
f 8195 	8196 	8310
f 8198 	8159 	8197
f 8199 	8197 	8160
f 8197 	8200 	8198
f 8200 	8197 	8201
f 8202 	8199 	8168
f 8185 	8202 	8168
f 8202 	8201 	8199
f 8197 	8199 	8201
f 8200 	8201 	8203
f 8201 	8204 	8203
f 8185 	8189 	8205
f 8310 	8205 	8195
f 8192 	8195 	8205
f 8205 	8202 	8185
f 8205 	8204 	8202
f 8202 	8204 	8201
f 8198 	8200 	4305
f 4305 	4302 	8198
f 8200 	8206 	4305
f 8200 	8203 	8206
f 8206 	4316 	4308
f 8332 	4316 	8206
f 2826 	5119 	8207
f 8052 	8209 	7988
f 8210 	8211 	8052
f 8208 	7988 	8209
f 8196 	7988 	8208
f 8211 	8212 	8052
f 8209 	8310 	8208
f 8209 	8052 	8212
f 8211 	8210 	8299
f 8299 	8313 	8211
f 8209 	8212 	8310
f 8298 	8210 	8052
f 8298 	8052 	8301
f 8210 	8298 	8299
f 8052 	8303 	8301
f 8052 	8213 	8303
f 8299 	8298 	8301
f 8212 	8211 	8313
f 8304 	8305 	8213
f 8303 	8213 	8305
f 8305 	8304 	8306
f 8304 	8213 	8307
f 8319 	8307 	8213
f 8299 	8303 	8306
f 8303 	8305 	8306
f 8299 	8301 	8303
f 8299 	8306 	8316
f 8304 	8307 	8306
f 8320 	8306 	8307
f 8309 	8204 	8308
f 8308 	8312 	8309
f 8204 	8309 	8203
f 8332 	8203 	8309
f 8205 	8308 	8204
f 8310 	8308 	8205
f 8308 	8311 	8312
f 8212 	8313 	8310
f 8311 	8308 	8310
f 8313 	8311 	8310
f 8311 	8314 	8312
f 8311 	8315 	8314
f 8316 	8313 	8299
f 8316 	8315 	8313
f 8311 	8313 	8315
f 8306 	8328 	8316
f 8317 	4684 	8318
f 8569 	8317 	8318
f 8207 	2344 	8318
f 8307 	8319 	8320
f 8319 	8213 	8321
f 8320 	8319 	8321
f 8325 	8322 	8317
f 8323 	8317 	8322
f 8213 	8317 	8323
f 8213 	8323 	8321
f 8322 	8324 	8323
f 8324 	8320 	8323
f 8321 	8323 	8320
f 8322 	8325 	8324
f 8324 	8331 	8320
f 8315 	8326 	8327
f 8316 	8326 	8315
f 8315 	8327 	8314
f 8328 	8306 	8320
f 8320 	8331 	8328
f 8328 	8326 	8316
f 8326 	8329 	8327
f 8330 	8329 	8326
f 8331 	8330 	8328
f 8330 	8326 	8328
f 8203 	8332 	8206
f 8333 	8332 	8309
f 8309 	8312 	8333
f 8333 	8334 	8332
f 8334 	5435 	4316
f 8312 	8314 	8335
f 8312 	8335 	8333
f 8333 	8336 	8334
f 8333 	8335 	8336
f 8336 	5444 	8334
f 8334 	5444 	5435
f 5444 	8336 	8357
f 4313 	4312 	8337
f 8338 	8335 	8314
f 8327 	8338 	8314
f 8338 	8339 	8335
f 8335 	8339 	8336
f 8357 	8336 	8339
f 8339 	8338 	8358
f 8340 	8327 	8329
f 8338 	8327 	8340
f 8358 	8338 	8340
f 5398 	8562 	5397
f 8375 	8562 	5398
f 5392 	5119 	5124
f 8394 	8317 	8569
f 8317 	8394 	8392
f 8325 	8317 	8392
f 8569 	8393 	8395
f 8324 	8325 	8392
f 8394 	8569 	8395
f 8392 	8394 	8324
f 8395 	8324 	8394
f 8571 	8577 	8393
f 8577 	8396 	8324
f 8324 	8396 	8331
f 8397 	8331 	8396
f 8398 	8330 	8397
f 8331 	8397 	8330
f 8329 	8330 	8398
f 3326 	8582 	3341
f 3324 	8582 	3326
f 8582 	8055 	3342
f 8582 	3342 	3341
f 8054 	8055 	8582
f 8054 	8582 	8053
f 3350 	3342 	8055
f 8584 	3351 	8062
f 3629 	8062 	3351
f 3352 	3351 	8584
f 3355 	3354 	8584
f 3352 	8584 	3353
f 3354 	3353 	8584
f 8584 	8062 	8065
f 8399 	8400 	8401
f 8399 	8401 	8402
f 8401 	7039 	7043
f 8401 	7043 	8402
f 8404 	7039 	8401
f 8403 	8404 	8401
f 8517 	8404 	8403
f 8406 	8407 	8408
f 8405 	8407 	8409
f 8406 	8409 	8407
f 8408 	8407 	8400
f 8401 	8400 	8407
f 8405 	8410 	8411
f 8410 	8518 	8519
f 8405 	8411 	8407
f 8407 	8411 	8403
f 8411 	8410 	8519
f 8407 	8403 	8401
f 8518 	8410 	8412
f 8418 	7566 	8412
f 8413 	8412 	7566
f 7566 	7613 	8413
f 8415 	8422 	8414
f 8405 	8416 	8414
f 8409 	8416 	8405
f 8417 	8418 	8419
f 8417 	8420 	8418
f 8421 	8422 	8423
f 8421 	8419 	8418
f 8421 	8418 	8422
f 8405 	8414 	8422
f 8422 	8415 	8423
f 8418 	7619 	7566
f 8418 	8412 	8422
f 8422 	8412 	8410
f 8422 	8410 	8405
f 8418 	8420 	7619
f 7623 	7619 	8420
f 4971 	8509 	8506
f 4971 	4882 	8509
f 8440 	8443 	7026
f 8440 	7026 	8438
f 8439 	8443 	8440
f 8442 	8443 	8439
f 8448 	8442 	8441
f 8445 	8444 	8441
f 8446 	8441 	8444
f 8449 	8450 	8442
f 8448 	8447 	8442
f 8449 	8442 	8447
f 6850 	8442 	8450
f 8446 	8451 	8441
f 8448 	8441 	8451
f 8442 	6853 	8443
f 8443 	6853 	7027
f 6852 	6855 	8442
f 8515 	8452 	8439
f 8452 	8442 	8439
f 8441 	8442 	8452
f 8445 	8441 	8453
f 8441 	8452 	8454
f 8441 	8454 	8455
f 8456 	8459 	8455
f 8458 	8455 	8459
f 8455 	8458 	8461
f 8461 	8460 	8455
f 8460 	8462 	8455
f 8441 	8455 	8462
f 8441 	8462 	8453
f 6527 	6529 	8463
f 6614 	6615 	8463
f 8463 	8464 	8455
f 8474 	8457 	8464
f 8455 	8454 	8463
f 6538 	8480 	8479
f 6538 	8479 	8464
f 8464 	8479 	8476
f 8476 	8475 	8464
f 8478 	8464 	8475
f 8455 	8464 	8457
f 8457 	8456 	8455
f 8474 	8464 	8477
f 8477 	8464 	8478
f 8068 	8585 	8065
f 2909 	8585 	8068
f 6538 	6669 	8482
f 6538 	8482 	8481
f 6538 	8481 	8480
f 8501 	4983 	8489
f 8489 	4984 	4978
f 8489 	4983 	4984
f 8497 	39 	8495
f 8576 	8500 	8501
f 8495 	8505 	8497
f 8504 	8505 	8495
f 8497 	8505 	8506
f 8497 	8506 	8500
f 8500 	8506 	8509
f 8500 	8509 	8501
f 8501 	8509 	4983
f 8504 	8440 	8505
f 8505 	8438 	8506
f 8438 	4971 	8506
f 8440 	8504 	8439
f 8505 	8440 	8438
f 49 	8513 	8495
f 8513 	8504 	8495
f 8514 	8512 	6983
f 8515 	8513 	8512
f 8512 	8514 	8515
f 8504 	8513 	8515
f 8514 	8452 	8515
f 8439 	8504 	8515
f 8512 	7109 	6983
f 8512 	48 	7109
f 8514 	6983 	6979
f 8452 	8514 	8454
f 8454 	8514 	6979
f 8454 	6979 	8463
f 8411 	8516 	8403
f 8519 	8516 	8411
f 8516 	8517 	8403
f 8517 	7030 	8404
f 8524 	8517 	8516
f 8412 	8413 	8518
f 5263 	8535 	8520
f 8520 	5153 	5263
f 8520 	4978 	5153
f 8413 	8521 	8518
f 8522 	8518 	8521
f 8521 	8525 	8522
f 8519 	8518 	8522
f 8519 	8522 	8523
f 8519 	8523 	8516
f 8516 	8523 	8524
f 8524 	5880 	8517
f 8522 	8526 	8523
f 8522 	8525 	8526
f 5260 	8523 	8526
f 8524 	8523 	5260
f 8524 	5260 	5878
f 8524 	5878 	5880
f 8525 	8530 	8531
f 8525 	8531 	8526
f 8530 	8535 	8531
f 8526 	8531 	5261
f 8530 	8573 	8533
f 8535 	8530 	8533
f 8531 	5262 	5261
f 8531 	8535 	5262
f 8533 	8520 	8535
f 8533 	8537 	8520
f 8537 	8489 	4978
f 4978 	8520 	8537
f 8413 	8544 	8521
f 7613 	8544 	8413
f 7613 	8543 	8544
f 8589 	8068 	8111
f 8589 	8111 	8550
f 8554 	8555 	8550
f 8554 	8550 	8111
f 4516 	8555 	8113
f 8555 	8119 	8113
f 8115 	8554 	8111
f 8554 	8115 	8555
f 8114 	8555 	8115
f 8555 	8114 	8119
f 1759 	1714 	8562
f 8374 	8566 	8562
f 8375 	8374 	8562
f 8547 	34 	8549
f 1747 	8562 	8566
f 8543 	8567 	8544
f 5119 	8562 	8207
f 8549 	8567 	8543
f 8562 	1714 	8207
f 8544 	8567 	8568
f 8207 	1714 	2344
f 8568 	8521 	8544
f 8568 	8525 	8521
f 8547 	7105 	31
f 7105 	44 	31
f 2139 	2134 	8569
f 34 	8547 	31
f 8549 	34 	8572
f 8572 	8567 	8549
f 8569 	2344 	2347
f 8572 	8573 	8567
f 2347 	2135 	8569
f 8568 	8530 	8525
f 8568 	8573 	8530
f 8393 	8569 	8570
f 2134 	8570 	8569
f 8567 	8573 	8568
f 8393 	8570 	8571
f 8574 	8572 	34
f 34 	36 	8574
f 8571 	8570 	2134
f 8572 	8575 	8573
f 8572 	8574 	8575
f 8533 	8573 	8575
f 2134 	2139 	8571
f 8576 	8574 	36
f 2141 	2142 	8571
f 41 	8576 	36
f 8577 	8324 	8395
f 8574 	8576 	8578
f 8395 	8393 	8577
f 8578 	8575 	8574
f 8578 	8537 	8575
f 8571 	2142 	8577
f 8578 	8489 	8537
f 8578 	8501 	8489
f 2143 	8396 	8577
f 8575 	8537 	8533
f 2142 	2143 	8577
f 41 	8500 	8576
f 2143 	2213 	8396
f 8501 	8578 	8576
f 2213 	8397 	8396
f 2208 	8398 	8397
f 2213 	2208 	8397
f 8398 	2208 	2338
f 8569 	8318 	2344
f 8579 	8357 	8339
f 8339 	8358 	8579
f 8579 	6274 	8357
f 8579 	2411 	6274
f 8580 	8340 	8329
f 8398 	8580 	8329
f 8340 	8580 	8581
f 8358 	8340 	8581
f 2404 	8358 	8581
f 8398 	2338 	8580
f 8581 	8580 	2405
f 2338 	2405 	8580
f 8581 	2406 	2404
f 2405 	2406 	8581
f 8579 	8358 	2404
f 2404 	2411 	8579
f 3322 	3321 	8582
f 8582 	3321 	2760
f 2760 	2759 	8582
f 3329 	3323 	8582
f 3322 	8582 	3323
f 3329 	8582 	3324
f 8583 	8053 	2769
f 2852 	2769 	8053
f 8583 	1322 	8053
f 8583 	2733 	3188
f 3188 	1322 	8583
f 3355 	8584 	3356
f 8584 	3357 	3356
f 8584 	3358 	3357
f 3358 	8584 	2905
f 2901 	2905 	8584
f 8584 	8585 	2901
f 8065 	8585 	8584
f 2908 	8585 	2909
f 8068 	8589 	2909
f 8591 	8590 	8589
f 2909 	8589 	8590
f 8592 	8591 	8589
f 8589 	8550 	8592
f 8590 	8591 	2975
f 8591 	8592 	8555
f 8555 	2975 	8591
f 8592 	8550 	8555
f 4516 	2975 	8555
f 8625 	901 	8624
f 8631 	8632 	8629
f 8630 	8629 	8632
f 8650 	8632 	8631
f 2553 	8633 	8632
f 8632 	8633 	8630
f 2488 	8627 	8626
f 8626 	2486 	2488
f 8627 	2490 	8628
f 2490 	8627 	2488
f 8628 	2494 	8632
f 1859 	8634 	141
f 8634 	1859 	138
f 8635 	141 	8634
f 8634 	2601 	8635
f 2603 	8636 	8635
f 8636 	2603 	2486
f 8636 	2486 	8626
f 1049 	8637 	8638
f 8637 	8642 	8638
f 8638 	1050 	1049
f 8639 	1050 	8638
f 1050 	8639 	901
f 8622 	8624 	8639
f 8640 	8623 	8639
f 901 	8639 	8624
f 8623 	8622 	8639
f 8652 	8641 	8637
f 8642 	8637 	8641
f 8641 	8627 	8642
f 8643 	8639 	8638
f 8643 	8638 	8642
f 8644 	8646 	8643
f 8645 	8644 	8643
f 8639 	8643 	8646
f 8646 	8647 	8639
f 8647 	8648 	8639
f 8642 	8628 	8643
f 8649 	8645 	8643
f 8648 	8640 	8639
f 8626 	8627 	8641
f 8642 	8627 	8628
f 8651 	8643 	8650
f 8632 	8650 	8643
f 8643 	8651 	8649
f 8643 	8628 	8632
f 140 	8653 	8654
f 140 	8654 	8652
f 8652 	8654 	8641
f 141 	8635 	8653
f 8654 	8653 	8636
f 8653 	8635 	8636
f 8626 	8641 	8654
f 8654 	8636 	8626
# 5608 faces

g group_0_2829873

usemtl color_2829873
s 0

f 4903 	4895 	4900
f 4902 	4903 	4901
f 4901 	4903 	4900
f 4899 	4900 	4895
f 4904 	4912 	4905
f 4912 	4911 	4905
f 4913 	4907 	4910
f 4909 	4910 	4907
f 4908 	4909 	4907
f 4907 	4906 	4908
f 4911 	4908 	4906
f 4906 	4905 	4911
f 4912 	4904 	4914
f 4913 	4918 	4916
f 4921 	4919 	4895
f 4917 	4895 	4919
f 4919 	4915 	4917
f 4918 	4917 	4915
f 4915 	4916 	4918
f 4918 	4913 	4910
f 4923 	4924 	4922
f 4924 	4920 	4922
f 4903 	4922 	4920
f 4920 	4921 	4903
f 4903 	4921 	4895
f 4923 	4926 	4924
f 4925 	4926 	4932
f 4923 	4932 	4926
f 4934 	4935 	4929
f 4930 	4929 	4927
f 4927 	4928 	4930
f 4931 	4930 	4928
f 4927 	4929 	4935
f 4932 	4933 	4925
f 4933 	4931 	4925
f 4928 	4925 	4931
f 5756 	5755 	5757
f 5759 	5757 	5758
f 5755 	5758 	5757
f 5783 	5787 	5781
f 5782 	5781 	5787
f 5786 	5787 	5783
f 5788 	5785 	5789
f 5760 	5787 	5786
f 5787 	5789 	5782
f 5784 	5782 	5789
f 5794 	5785 	5788
f 5796 	5791 	5794
f 5795 	5792 	5796
f 5792 	5791 	5796
f 5784 	5789 	5785
f 5793 	5794 	5791
f 5785 	5794 	5793
f 5792 	5795 	5801
f 1163 	5112 	1164
f 5803 	5804 	5800
f 5799 	5803 	5800
f 5111 	5800 	5804
f 5804 	1164 	5111
f 5112 	5111 	1164
f 5799 	5801 	5802
f 5802 	5801 	5795
f 5803 	5799 	5802
f 1162 	5108 	1161
f 1161 	5107 	1163
f 5107 	1161 	5108
f 5112 	1163 	5107
f 5108 	1162 	5367
f 1162 	1188 	5367
f 5806 	5367 	1188
f 5807 	5806 	5809
f 5808 	5807 	5809
f 1188 	5809 	5806
f 5813 	5811 	5812
f 5812 	5811 	5810
f 5817 	5819 	5818
f 5820 	5818 	5819
f 5811 	5813 	5815
f 5823 	5815 	5813
f 5819 	5817 	5826
f 5816 	5826 	5817
f 5825 	5826 	5816
f 5819 	5829 	5820
f 5823 	5826 	5825
f 5823 	5825 	5815
f 5763 	5827 	5829
f 5827 	5820 	5829
f 5829 	5832 	5763
f 5832 	5830 	5763
f 5835 	5834 	5838
f 5837 	5838 	5834
f 5842 	5843 	5839
f 5840 	5839 	5843
f 5839 	5835 	5842
f 5838 	5842 	5835
f 5834 	5833 	5837
f 5830 	5832 	5833
f 5837 	5833 	5832
f 6014 	6013 	6015
f 6015 	6013 	6012
f 5812 	5810 	6014
f 6013 	6014 	5810
f 6015 	6012 	6016
f 5093 	6016 	6012
f 6017 	5840 	6018
f 5843 	6018 	5840
f 6020 	5755 	6019
f 5756 	6019 	5755
f 6018 	6020 	6017
f 6019 	6017 	6020
f 6055 	6057 	6061
f 6052 	6050 	5808
f 6053 	6051 	6052
f 6050 	6052 	6051
f 5807 	5808 	6050
f 6051 	6053 	6057
f 6053 	6061 	6057
f 6059 	6056 	6060
f 6061 	6062 	6055
f 6062 	6060 	6055
f 6056 	6055 	6060
f 6056 	6059 	6068
f 6075 	6066 	6072
f 6071 	6068 	6059
f 6073 	6069 	6071
f 6076 	6066 	6075
f 6072 	6066 	6073
f 6067 	6066 	6076
f 6069 	6073 	6066
f 6068 	6071 	6069
f 6077 	6079 	6078
f 6082 	6083 	5095
f 6082 	5095 	6080
f 6078 	6079 	6080
f 6082 	6080 	6079
f 6087 	6088 	6084
f 6085 	6084 	6088
f 6111 	6089 	6088
f 6085 	6088 	6089
f 5758 	6087 	5759
f 6084 	5759 	6087
f 6092 	6091 	6093
f 6090 	6093 	6091
f 6096 	6095 	6097
f 6097 	6095 	6094
f 6099 	6098 	6096
f 6095 	6096 	6098
f 6077 	6101 	6079
f 6077 	6100 	6101
f 6098 	6099 	6100
f 6101 	6100 	6099
f 6092 	6097 	6094
f 6092 	6094 	6091
f 6108 	6109 	6106
f 6109 	6107 	6106
f 6109 	6093 	6107
f 6106 	6104 	6108
f 6105 	6108 	6104
f 6102 	6089 	6111
f 6104 	6103 	6105
f 6112 	6113 	6103
f 6113 	6105 	6103
f 6110 	6107 	6093
f 6111 	6113 	6102
f 6112 	6102 	6113
f 6090 	6114 	6093
f 6114 	6110 	6093
f 4919 	4921 	5090
f 5089 	4919 	5090
f 5091 	5090 	4921
f 5094 	5091 	4921
f 6275 	6270 	6269
f 6275 	6276 	6271
f 6275 	6271 	6270
f 6281 	6278 	217
f 218 	5098 	219
f 5098 	5258 	219
f 219 	5258 	222
f 218 	217 	6278
f 6276 	6275 	6281
f 6275 	6279 	6281
f 6278 	6281 	6279
f 218 	6278 	5099
f 218 	5099 	5098
f 5256 	222 	5258
f 5256 	221 	222
f 5255 	221 	5256
f 5368 	235 	5255
f 6283 	235 	5368
f 221 	5255 	220
f 6285 	235 	6283
f 220 	5255 	235
f 6291 	6289 	6292
f 6288 	6293 	6292
f 6285 	6283 	6291
f 6283 	6289 	6291
f 6288 	6292 	6289
f 6383 	6386 	6384
f 6287 	6384 	6386
f 6386 	6293 	6287
f 6386 	6383 	6385
f 6411 	6414 	6412
f 6288 	6287 	6293
f 4906 	4907 	6387
f 6388 	6387 	4907
f 6390 	4904 	4905
f 6392 	6391 	4905
f 6390 	4905 	6391
f 4904 	6390 	4914
f 6387 	6392 	4906
f 4905 	4906 	6392
f 6389 	6388 	4913
f 4907 	4913 	6388
f 6393 	4914 	6390
f 6272 	4914 	6393
f 6272 	4912 	4914
f 6272 	6394 	4912
f 4911 	6397 	4908
f 6396 	4908 	6397
f 6398 	4909 	6396
f 6396 	4909 	4908
f 4909 	6398 	4910
f 6399 	4910 	6398
f 4912 	6394 	4911
f 6397 	4911 	6395
f 6395 	4911 	6394
f 6400 	4916 	4915
f 6400 	4915 	6401
f 6400 	6389 	4916
f 4913 	4916 	6389
f 4915 	4919 	6401
f 5089 	6401 	4919
f 6402 	4918 	6399
f 4910 	6399 	4918
f 4917 	6403 	4895
f 4899 	4895 	6403
f 4918 	6402 	4917
f 6403 	4917 	6402
f 6412 	6413 	6383
f 6410 	6419 	6411
f 6415 	6409 	6416
f 6418 	6416 	6409
f 6419 	6410 	6415
f 6419 	6414 	6411
f 6413 	6412 	6414
f 6385 	6383 	6413
f 5020 	6420 	6409
f 6410 	6409 	6415
f 6420 	6418 	6409
f 4921 	4920 	5094
f 4920 	4924 	6423
f 4924 	6421 	6423
f 6424 	4923 	6425
f 6425 	4922 	4902
f 4903 	4902 	4922
f 4928 	4927 	6428
f 4925 	6431 	6430
f 4924 	4926 	6421
f 6421 	4926 	6422
f 6428 	6431 	4928
f 4925 	4928 	6431
f 6435 	4933 	6436
f 6444 	4929 	6441
f 6435 	6439 	4931
f 6442 	6438 	4929
f 6437 	4929 	6438
f 6437 	6441 	4929
f 4931 	6439 	4930
f 6442 	4930 	6439
f 6424 	6426 	4932
f 6426 	6436 	4932
f 4929 	6444 	5013
f 6423 	5094 	4920
f 4922 	6425 	4923
f 6424 	4932 	4923
f 6427 	4935 	4934
f 6427 	4934 	5013
f 6429 	6428 	4927
f 6430 	4926 	4925
f 6430 	6422 	4926
f 6427 	6429 	4935
f 4927 	4935 	6429
f 4932 	6436 	4933
f 5013 	4934 	4929
f 6435 	4931 	4933
f 6442 	4929 	4930
f 5092 	6016 	5093
f 6016 	5092 	6083
f 5095 	6083 	5092
f 5826 	5837 	5819
f 5837 	5826 	5838
f 5826 	5823 	5838
f 5829 	5819 	5832
f 5837 	5832 	5819
f 5842 	5838 	5823
f 5842 	5823 	5813
f 5842 	5813 	5812
f 6015 	6018 	6014
f 6020 	6016 	5755
f 5755 	6016 	6083
f 6018 	5843 	5812
f 5842 	5812 	5843
f 6018 	6015 	6020
f 6014 	6018 	5812
f 6016 	6020 	6015
f 6087 	6079 	6088
f 6079 	6101 	6111
f 6082 	6079 	6087
f 6082 	6087 	5758
f 5755 	6083 	5758
f 6082 	5758 	6083
f 6113 	6111 	6101
f 6096 	6113 	6099
f 6101 	6099 	6113
f 6113 	6096 	6105
f 6108 	6097 	6109
f 6096 	6097 	6105
f 6111 	6088 	6079
f 6097 	6092 	6109
f 6108 	6105 	6097
f 6093 	6109 	6092
f 7247 	6328 	7245
f 6327 	7245 	6328
f 7254 	7260 	7255
f 7260 	7254 	7246
f 7256 	7255 	7258
f 7259 	7258 	7255
f 7247 	7246 	6329
f 6328 	7247 	6329
f 7254 	6329 	7246
f 7259 	7255 	7260
f 7261 	7262 	6463
f 7251 	7250 	7262
f 7262 	7261 	7251
f 6464 	6463 	7249
f 7248 	6464 	7249
f 7262 	7249 	6463
f 7252 	7251 	7261
f 6464 	7248 	6327
f 7245 	6327 	7248
f 7266 	7272 	7267
f 7269 	7273 	7266
f 7268 	7267 	7272
f 7273 	7269 	7274
f 7274 	7265 	7277
f 7277 	7264 	7275
f 7253 	7271 	7272
f 7273 	7272 	7266
f 7271 	7268 	7272
f 7265 	7274 	7269
f 7264 	7277 	7265
f 7263 	7275 	7264
f 7256 	7258 	7263
f 7275 	7263 	7258
# 354 faces

g group_0_4634441

usemtl color_4634441
s 0

f 169 	173 	7083
f 164 	172 	167
f 163 	281 	164
f 171 	7083 	173
f 162 	279 	163
f 168 	167 	172
f 174 	171 	173
f 238 	237 	165
f 188 	166 	236
f 378 	185 	508
f 509 	185 	378
f 351 	185 	349
f 352 	185 	351
f 359 	185 	357
f 331 	185 	359
f 332 	185 	331
f 333 	185 	332
f 334 	185 	333
f 335 	185 	334
f 336 	185 	335
f 339 	185 	336
f 340 	185 	339
f 342 	185 	340
f 343 	185 	342
f 344 	185 	343
f 366 	185 	344
f 367 	185 	366
f 368 	185 	367
f 369 	185 	368
f 370 	185 	369
f 528 	185 	527
f 531 	185 	528
f 532 	185 	531
f 535 	185 	532
f 185 	541 	542
f 185 	542 	514
f 185 	514 	515
f 185 	515 	517
f 185 	517 	518
f 185 	518 	520
f 185 	520 	521
f 185 	521 	523
f 185 	523 	524
f 508 	185 	524
f 186 	293 	187
f 236 	166 	237
f 165 	8416 	238
f 241 	929 	242
f 242 	8424 	245
f 176 	175 	418
f 256 	171 	255
f 257 	171 	256
f 258 	171 	257
f 247 	8424 	248
f 259 	171 	258
f 247 	245 	8424
f 253 	262 	249
f 252 	253 	249
f 263 	249 	262
f 254 	171 	264
f 264 	249 	263
f 293 	285 	187
f 267 	299 	266
f 265 	266 	299
f 268 	265 	299
f 298 	294 	269
f 8424 	271 	270
f 248 	8424 	270
f 165 	237 	166
f 261 	269 	293
f 239 	930 	241
f 164 	281 	172
f 275 	172 	274
f 278 	277 	358
f 281 	163 	279
f 276 	172 	281
f 279 	162 	280
f 280 	166 	284
f 274 	172 	276
f 284 	166 	188
f 293 	269 	294
f 188 	187 	285
f 285 	284 	188
f 295 	294 	298
f 283 	358 	297
f 282 	298 	283
f 277 	297 	358
f 268 	299 	269
f 301 	300 	298
f 282 	296 	298
f 186 	261 	293
f 296 	295 	298
f 358 	283 	298
f 302 	341 	298
f 338 	328 	299
f 300 	302 	298
f 304 	303 	299
f 328 	304 	299
f 298 	269 	299
f 358 	298 	341
f 185 	356 	357
f 185 	509 	510
f 185 	530 	538
f 185 	510 	347
f 347 	349 	185
f 329 	330 	327
f 301 	298 	303
f 303 	298 	299
f 336 	335 	337
f 338 	299 	348
f 341 	346 	358
f 354 	358 	345
f 345 	358 	346
f 350 	348 	299
f 355 	358 	354
f 364 	363 	371
f 360 	371 	361
f 362 	361 	371
f 363 	362 	371
f 7620 	7623 	371
f 166 	280 	162
f 372 	371 	373
f 374 	373 	371
f 371 	380 	379
f 379 	376 	371
f 382 	5458 	383
f 385 	383 	5458
f 386 	385 	5458
f 387 	386 	5458
f 1195 	1194 	1920
f 5476 	5467 	388
f 389 	388 	5458
f 382 	381 	5458
f 8038 	8037 	396
f 392 	8425 	391
f 8046 	8045 	395
f 396 	395 	8045
f 8045 	8044 	396
f 8044 	8038 	396
f 405 	635 	406
f 402 	418 	413
f 408 	407 	8425
f 406 	635 	407
f 394 	393 	8425
f 393 	391 	8425
f 409 	408 	8425
f 392 	409 	8425
f 410 	384 	422
f 411 	410 	623
f 422 	623 	410
f 413 	418 	415
f 403 	637 	404
f 1920 	1918 	1195
f 404 	637 	405
f 168 	172 	419
f 420 	172 	421
f 172 	611 	421
f 611 	422 	384
f 614 	611 	172
f 420 	419 	172
f 384 	421 	611
f 532 	531 	534
f 553 	558 	8425
f 566 	2192 	567
f 567 	2192 	569
f 566 	564 	2192
f 556 	249 	557
f 557 	249 	559
f 356 	185 	353
f 559 	249 	560
f 560 	249 	561
f 562 	561 	2192
f 2192 	8425 	558
f 570 	2192 	558
f 569 	2192 	570
f 579 	578 	249
f 577 	249 	578
f 580 	579 	249
f 249 	556 	580
f 2192 	561 	249
f 564 	562 	2192
f 249 	583 	584
f 577 	583 	249
f 412 	411 	622
f 623 	622 	411
f 616 	172 	613
f 275 	613 	172
f 172 	616 	614
f 622 	621 	412
f 278 	358 	617
f 358 	650 	617
f 618 	637 	403
f 620 	619 	416
f 621 	620 	414
f 414 	412 	621
f 416 	414 	620
f 633 	8425 	634
f 8425 	407 	635
f 635 	405 	637
f 619 	618 	417
f 403 	417 	618
f 417 	416 	619
f 635 	634 	8425
f 631 	8425 	633
f 8425 	632 	649
f 640 	358 	641
f 643 	358 	644
f 642 	358 	643
f 644 	358 	645
f 649 	647 	8425
f 646 	358 	647
f 651 	358 	652
f 650 	358 	651
f 628 	358 	629
f 640 	629 	358
f 645 	358 	646
f 641 	358 	642
f 631 	632 	8425
f 8425 	647 	358
f 653 	358 	628
f 652 	358 	653
f 375 	374 	371
f 377 	371 	658
f 360 	658 	371
f 375 	371 	376
f 380 	371 	377
f 673 	8425 	674
f 661 	8425 	663
f 663 	8425 	665
f 665 	725 	666
f 689 	688 	723
f 681 	680 	8435
f 672 	671 	8425
f 673 	672 	8425
f 688 	687 	723
f 668 	724 	669
f 666 	725 	667
f 662 	8425 	661
f 8425 	725 	665
f 573 	8437 	680
f 670 	8425 	671
f 685 	683 	8424
f 685 	8424 	675
f 678 	8424 	680
f 683 	703 	8424
f 676 	8424 	677
f 675 	8424 	676
f 677 	8424 	678
f 8436 	8435 	680
f 667 	725 	668
f 669 	724 	687
f 723 	722 	689
f 694 	299 	693
f 267 	693 	299
f 719 	718 	697
f 271 	8424 	701
f 701 	8424 	703
f 662 	674 	8425
f 723 	687 	724
f 695 	299 	694
f 690 	689 	722
f 722 	720 	690
f 720 	719 	697
f 713 	358 	714
f 713 	712 	358
f 714 	358 	716
f 699 	698 	730
f 731 	730 	698
f 718 	731 	698
f 698 	697 	718
f 724 	668 	725
f 697 	690 	720
f 8425 	358 	710
f 712 	711 	358
f 708 	8425 	710
f 708 	706 	8425
f 711 	710 	358
f 706 	707 	8425
f 707 	726 	8425
f 726 	725 	8425
f 704 	358 	728
f 704 	716 	358
f 730 	739 	699
f 733 	299 	734
f 735 	299 	737
f 738 	737 	299
f 695 	699 	739
f 739 	738 	695
f 299 	695 	738
f 735 	734 	299
f 299 	733 	741
f 747 	299 	741
f 729 	728 	358
f 742 	729 	358
f 743 	742 	358
f 744 	743 	358
f 350 	299 	747
f 745 	744 	358
f 746 	745 	358
f 358 	748 	746
f 358 	355 	748
f 185 	352 	353
f 536 	185 	370
f 536 	527 	185
f 185 	535 	529
f 529 	530 	185
f 185 	538 	540
f 540 	541 	185
f 969 	967 	966
f 974 	973 	975
f 362 	897 	361
f 363 	897 	362
f 163 	897 	162
f 164 	897 	163
f 167 	897 	164
f 419 	897 	167
f 420 	897 	419
f 421 	897 	420
f 384 	897 	421
f 410 	897 	384
f 414 	897 	412
f 416 	897 	414
f 417 	897 	416
f 403 	897 	417
f 404 	897 	403
f 405 	897 	404
f 408 	897 	407
f 409 	897 	408
f 392 	897 	409
f 400 	897 	398
f 390 	372 	897
f 372 	373 	897
f 897 	395 	396
f 583 	1111 	584
f 928 	585 	586
f 1114 	8222 	1116
f 8222 	8220 	1116
f 1210 	1209 	249
f 1117 	2192 	1118
f 1119 	1118 	2192
f 1121 	1120 	2192
f 1119 	2192 	1120
f 1115 	1192 	8222
f 1115 	8222 	1114
f 5458 	8222 	1192
f 387 	5458 	1192
f 418 	401 	1194
f 401 	399 	1194
f 399 	1920 	1194
f 1201 	5477 	388
f 2192 	249 	1121
f 1122 	1121 	249
f 1205 	1122 	249
f 1206 	1205 	249
f 1207 	1206 	249
f 1209 	1207 	249
f 1211 	249 	1213
f 1210 	249 	1211
f 1213 	171 	1220
f 174 	1220 	171
f 1229 	1223 	418
f 1223 	176 	418
f 1230 	418 	1194
f 1229 	418 	1230
f 2201 	2200 	2192
f 171 	1213 	249
f 1259 	921 	932
f 1259 	932 	1111
f 583 	1259 	1111
f 1259 	583 	577
f 1259 	577 	578
f 1259 	578 	579
f 1259 	579 	580
f 1259 	580 	556
f 1259 	556 	557
f 1259 	557 	559
f 1259 	559 	560
f 1259 	560 	561
f 1259 	561 	562
f 1259 	562 	564
f 1259 	564 	566
f 1259 	566 	567
f 1259 	567 	569
f 1259 	569 	570
f 558 	1259 	570
f 1259 	555 	8427
f 1259 	558 	553
f 1259 	8429 	8430
f 1259 	8432 	8433
f 8434 	1259 	8433
f 1259 	8434 	8435
f 8436 	1259 	8435
f 8437 	1259 	8436
f 1259 	8437 	573
f 1259 	585 	928
f 1259 	929 	930
f 897 	373 	374
f 897 	376 	379
f 1259 	573 	585
f 910 	911 	1259
f 929 	1259 	928
f 554 	1259 	553
f 554 	555 	1259
f 897 	396 	397
f 398 	897 	397
f 1259 	930 	910
f 391 	897 	392
f 393 	897 	391
f 394 	897 	393
f 395 	897 	394
f 1259 	915 	916
f 918 	1259 	916
f 1259 	918 	919
f 1259 	914 	915
f 897 	410 	411
f 897 	411 	412
f 380 	897 	379
f 897 	380 	377
f 912 	1259 	911
f 1259 	912 	914
f 920 	1259 	919
f 920 	921 	1259
f 376 	897 	375
f 658 	897 	377
f 658 	361 	897
f 897 	400 	390
f 897 	374 	375
f 406 	897 	405
f 897 	406 	407
f 161 	165 	897
f 166 	897 	165
f 897 	166 	162
f 419 	167 	168
f 236 	1610 	188
f 237 	1610 	236
f 241 	1610 	239
f 1610 	683 	685
f 1610 	685 	675
f 1610 	675 	676
f 1610 	676 	677
f 1610 	677 	678
f 1610 	678 	680
f 1610 	680 	681
f 1610 	681 	682
f 1610 	682 	670
f 1610 	670 	671
f 1339 	4584 	1336
f 1336 	4584 	1337
f 1337 	4584 	1338
f 1338 	4584 	1358
f 4739 	3950 	4740
f 661 	1610 	662
f 663 	1610 	661
f 1610 	663 	665
f 1610 	665 	666
f 1610 	666 	667
f 1610 	667 	668
f 1610 	668 	669
f 1610 	669 	687
f 1610 	687 	688
f 4717 	1802 	4716
f 4712 	1802 	4717
f 4725 	1802 	4724
f 4726 	1802 	4725
f 4727 	1802 	4726
f 4728 	1802 	4727
f 4733 	1802 	4732
f 4716 	1802 	4733
f 4570 	1802 	4569
f 4572 	1802 	4570
f 4573 	1802 	4572
f 4582 	1802 	4573
f 4580 	1802 	4578
f 4581 	1802 	4580
f 4495 	1802 	4581
f 4496 	1802 	4495
f 4499 	1802 	4496
f 4718 	1802 	4688
f 4719 	1802 	4718
f 4720 	1802 	4719
f 4721 	1802 	4720
f 4722 	1802 	4721
f 4736 	1802 	4722
f 1802 	4736 	4737
f 1802 	4737 	4738
f 1802 	4738 	4739
f 1802 	4739 	4740
f 1802 	4740 	4741
f 4735 	1802 	4741
f 173 	1220 	174
f 1223 	175 	176
f 1199 	1195 	1917
f 1917 	1916 	1199
f 1918 	1917 	1195
f 5477 	1201 	1916
f 401 	418 	402
f 1610 	688 	689
f 1610 	689 	690
f 1610 	690 	697
f 1610 	269 	261
f 269 	1610 	268
f 1610 	698 	699
f 1610 	699 	695
f 268 	1610 	695
f 1924 	5423 	1925
f 1610 	697 	698
f 187 	1610 	186
f 187 	188 	1610
f 238 	1610 	237
f 1610 	238 	239
f 1610 	261 	186
f 241 	242 	1610
f 242 	245 	1610
f 247 	1610 	245
f 7916 	1900 	1902
f 8425 	2192 	2195
f 2199 	2197 	2192
f 2195 	2192 	2197
f 2199 	2192 	2200
f 2192 	1117 	2201
f 2202 	2201 	1117
f 2203 	2202 	1117
f 1610 	247 	248
f 672 	1610 	671
f 673 	1610 	672
f 674 	1610 	673
f 1610 	674 	662
f 270 	1610 	248
f 270 	701 	1610
f 703 	1610 	701
f 683 	1610 	703
f 281 	2299 	276
f 279 	2299 	281
f 280 	2299 	279
f 284 	2299 	280
f 294 	2299 	293
f 295 	2299 	294
f 2299 	295 	296
f 2299 	277 	617
f 650 	2299 	617
f 640 	2299 	629
f 641 	2299 	640
f 642 	2299 	641
f 2299 	642 	643
f 2299 	643 	644
f 2299 	644 	645
f 2299 	645 	646
f 2299 	646 	647
f 2299 	647 	649
f 632 	2299 	649
f 282 	2299 	296
f 283 	2299 	282
f 297 	2299 	283
f 277 	2299 	297
f 651 	2299 	650
f 266 	693 	267
f 265 	694 	266
f 693 	266 	694
f 268 	695 	694
f 268 	694 	265
f 701 	270 	271
f 2299 	632 	631
f 2299 	631 	633
f 634 	2299 	633
f 635 	2299 	634
f 2299 	635 	637
f 2299 	637 	618
f 2299 	618 	619
f 2299 	619 	620
f 621 	2299 	620
f 2492 	2515 	2493
f 2515 	2495 	2493
f 2505 	2504 	2515
f 2504 	2495 	2515
f 2507 	2506 	6588
f 2513 	6588 	2506
f 2511 	2513 	2506
f 2512 	2513 	2511
f 2516 	2515 	2514
f 2523 	5199 	2524
f 2518 	2517 	2515
f 2519 	2515 	2520
f 2518 	2515 	2519
f 2515 	5203 	2520
f 2522 	5200 	2523
f 2524 	5198 	2525
f 2530 	5423 	2531
f 2531 	5423 	2532
f 2532 	5423 	2533
f 2534 	5423 	2528
f 2533 	5423 	2534
f 2505 	2515 	2535
f 2536 	2535 	2515
f 2517 	2536 	2515
f 2538 	2513 	2539
f 2528 	5423 	2542
f 2542 	5423 	2543
f 2538 	2543 	2513
f 2540 	2539 	2513
f 2541 	2513 	2537
f 2537 	2513 	2544
f 2541 	2540 	2513
f 2513 	2512 	2544
f 5201 	2521 	5202
f 2545 	5203 	2515
f 2546 	2545 	2515
f 2516 	2546 	2515
f 274 	613 	275
f 617 	277 	278
f 2299 	622 	623
f 2299 	623 	422
f 2299 	422 	611
f 2299 	284 	285
f 2299 	285 	293
f 274 	2299 	613
f 2872 	2299 	651
f 2906 	2907 	2299
f 2896 	2897 	2872
f 652 	653 	2887
f 2887 	2888 	652
f 2881 	2882 	653
f 2880 	653 	2879
f 2881 	653 	2880
f 2883 	2884 	653
f 2884 	2885 	653
f 2878 	2879 	653
f 2885 	2886 	653
f 2886 	2887 	653
f 2889 	652 	2888
f 2890 	2872 	2889
f 2891 	2872 	2890
f 2892 	2872 	2891
f 2894 	2872 	2892
f 2895 	2872 	2894
f 2896 	2872 	2895
f 652 	2889 	2872
f 2299 	2872 	2897
f 2898 	2299 	2897
f 2899 	2299 	2898
f 2900 	2299 	2899
f 2904 	2299 	2900
f 2906 	2299 	2904
f 2957 	2299 	2956
f 2907 	2954 	2299
f 2931 	628 	2930
f 2929 	2930 	628
f 2933 	628 	2931
f 2937 	628 	2934
f 2934 	628 	2933
f 2939 	628 	2937
f 2940 	628 	2939
f 2941 	628 	2940
f 2942 	628 	2941
f 2944 	2945 	628
f 653 	628 	2878
f 2945 	2878 	628
f 2942 	2944 	628
f 2955 	2299 	2954
f 2956 	2299 	2955
f 2960 	2299 	2959
f 2959 	2299 	2958
f 2961 	2299 	2960
f 2962 	2299 	2961
f 2958 	2299 	2957
f 2963 	2299 	2962
f 2964 	2299 	2963
f 2929 	2299 	2964
f 628 	2299 	2929
f 2535 	2504 	2505
f 2995 	2994 	2996
f 2997 	2996 	2994
f 5683 	5659 	5426
f 3004 	3366 	3005
f 3005 	3375 	3013
f 3606 	3607 	3371
f 3019 	3017 	3079
f 3079 	3065 	3019
f 3020 	3019 	3065
f 3081 	3079 	3017
f 3156 	2994 	3029
f 3029 	2994 	3065
f 2512 	2511 	2544
f 2516 	2514 	2546
f 2994 	2995 	3065
f 3010 	3020 	3065
f 2995 	3010 	3065
f 3086 	3085 	3623
f 3088 	3087 	3629
f 3629 	3351 	3088
f 2299 	628 	629
f 3615 	3618 	3372
f 3083 	3017 	3084
f 3013 	3373 	3618
f 3618 	3619 	3013
f 3014 	3013 	3619
f 3613 	3614 	3372
f 3083 	3081 	3017
f 3159 	3157 	3069
f 3354 	3355 	3089
f 3157 	3159 	3158
f 2617 	2640 	3168
f 2640 	2639 	3168
f 2639 	2638 	3168
f 2577 	2588 	3170
f 3162 	3161 	3164
f 2727 	2618 	3168
f 2618 	2617 	3168
f 3237 	2514 	2515
f 2515 	2492 	3237
f 3165 	2491 	3166
f 3166 	2491 	3167
f 2435 	2434 	3284
f 2431 	3284 	2434
f 2433 	3284 	2431
f 724 	725 	2962
f 737 	738 	2906
f 3284 	3164 	2436
f 2435 	3284 	2436
f 2604 	2607 	3164
f 2607 	2606 	3164
f 2606 	2437 	3164
f 2437 	2436 	3164
f 3335 	3164 	3284
f 2580 	2582 	3164
f 2582 	2590 	3164
f 2590 	2605 	3164
f 3172 	3171 	2588
f 2583 	2580 	3164
f 2605 	2604 	3164
f 3173 	3172 	2588
f 3164 	3161 	2588
f 2588 	2583 	3164
f 2744 	2745 	3308
f 2747 	3308 	2745
f 2748 	2749 	3308
f 3308 	2747 	2748
f 3308 	2756 	3305
f 2749 	2751 	3308
f 2753 	2755 	3308
f 2753 	3308 	2751
f 3305 	3329 	3307
f 2756 	3308 	2755
f 2759 	3305 	2758
f 2758 	3305 	2756
f 3321 	3305 	2760
f 3321 	3322 	3305
f 2760 	3305 	2759
f 3322 	3323 	3305
f 3324 	3307 	3329
f 3323 	3329 	3305
f 3326 	3341 	3307
f 3332 	3164 	3335
f 3342 	3350 	3307
f 3344 	3347 	3345
f 3345 	3307 	3344
f 3604 	3345 	3347
f 3324 	3326 	3307
f 3350 	3346 	3307
f 3341 	3342 	3307
f 3346 	3343 	3307
f 3343 	3344 	3307
f 3090 	3089 	3356
f 4676 	3159 	2905
f 4677 	4676 	2905
f 2905 	2903 	4677
f 2903 	2902 	4677
f 2458 	4678 	2459
f 2632 	4678 	2458
f 1360 	4584 	2632
f 1358 	4584 	1359
f 2902 	2459 	4677
f 4678 	4677 	2459
f 2931 	708 	2933
f 711 	2937 	2934
f 3374 	3013 	3375
f 3373 	3013 	3374
f 3375 	3005 	3365
f 3379 	3380 	5696
f 3614 	3615 	3372
f 3608 	3609 	3371
f 3369 	3380 	3370
f 3382 	3608 	3371
f 3381 	3370 	3380
f 3376 	5696 	3380
f 3379 	5696 	3378
f 3383 	3370 	3381
f 3367 	3380 	3368
f 3386 	3377 	3385
f 3388 	3377 	3387
f 3388 	3384 	3377
f 3385 	3377 	3384
f 3386 	3389 	3377
f 3378 	3377 	3389
f 3392 	3377 	3391
f 3395 	3377 	3394
f 3387 	3377 	3395
f 3393 	3394 	3377
f 3392 	3393 	3377
f 3390 	3391 	3377
f 3420 	3396 	3601
f 731 	718 	2956
f 2933 	710 	2934
f 720 	722 	2959
f 3401 	3419 	3402
f 3403 	3419 	3404
f 3608 	3382 	3404
f 3402 	3419 	3403
f 3608 	3404 	3419
f 3407 	3405 	3400
f 3411 	3412 	3405
f 3407 	3411 	3405
f 3406 	3405 	3412
f 3412 	3413 	3406
f 3408 	3406 	3413
f 3408 	3413 	3414
f 3414 	3415 	3408
f 3408 	3415 	3410
f 3416 	3410 	3415
f 3401 	3410 	3418
f 3417 	3410 	3416
f 3418 	3410 	3417
f 3419 	3401 	3418
f 3397 	3345 	3396
f 274 	276 	2299
f 3603 	3602 	3396
f 2299 	621 	622
f 2299 	611 	614
f 2299 	614 	616
f 613 	2299 	616
f 652 	2872 	651
f 2882 	2883 	653
f 2929 	707 	2930
f 708 	2931 	706
f 3400 	3399 	3409
f 3600 	3601 	3396
f 3599 	3600 	3396
f 3407 	3400 	3409
f 3398 	3420 	3601
f 3601 	3409 	3398
f 3399 	3398 	3409
f 3345 	3603 	3396
f 3604 	3605 	3345
f 3605 	3603 	3345
f 3602 	3599 	3396
f 300 	301 	2889
f 3607 	3612 	3371
f 3382 	3371 	3383
f 3619 	3620 	3085
f 3373 	3372 	3618
f 3609 	3610 	3371
f 3610 	3611 	3371
f 3611 	3606 	3371
f 3084 	3017 	3619
f 3085 	3084 	3619
f 3367 	3376 	3380
f 3370 	3383 	3371
f 3368 	3380 	3369
f 3372 	3371 	3612
f 3628 	3629 	3087
f 3017 	3014 	3619
f 3620 	3621 	3085
f 3612 	3613 	3372
f 3623 	3624 	3086
f 3624 	3625 	3086
f 3626 	3627 	3087
f 3627 	3628 	3087
f 3625 	3626 	3086
f 3087 	3086 	3626
f 338 	2895 	328
f 3074 	3090 	3357
f 3351 	3352 	3089
f 3089 	3088 	3351
f 3353 	3354 	3089
f 2904 	2900 	735
f 3355 	3356 	3089
f 3356 	3357 	3090
f 3621 	3622 	3085
f 3617 	3672 	3616
f 3622 	3623 	3085
f 3352 	3353 	3089
f 3789 	3792 	3616
f 3632 	4584 	3633
f 3672 	3789 	3616
f 3792 	3782 	3630
f 3633 	4584 	3634
f 3652 	3690 	3653
f 2997 	2994 	3639
f 3639 	2994 	3640
f 2994 	3681 	3642
f 3640 	2994 	3642
f 3649 	3643 	3681
f 7634 	7636 	3636
f 2170 	2173 	3634
f 3644 	5697 	3645
f 5697 	5749 	3645
f 7633 	7632 	3635
f 3649 	3680 	3650
f 3643 	3642 	3681
f 3650 	3679 	3651
f 3651 	3690 	3652
f 3653 	3704 	3656
f 3656 	3703 	3657
f 3657 	3702 	3658
f 3637 	7854 	3638
f 3658 	3712 	3659
f 3655 	3654 	7854
f 3659 	3712 	3660
f 3654 	3638 	7854
f 3660 	3712 	3661
f 3682 	3681 	2994
f 3662 	5697 	3644
f 3666 	5697 	3665
f 3667 	5697 	3668
f 3669 	3668 	5697
f 3670 	3669 	5697
f 3673 	3671 	5697
f 3673 	5697 	3662
f 3671 	3670 	5697
f 3667 	3665 	5697
f 3675 	3712 	3666
f 3674 	3712 	3675
f 3661 	3712 	3674
f 3678 	3682 	2994
f 3680 	3649 	3681
f 3717 	3726 	3683
f 3683 	3716 	3717
f 3726 	3725 	3683
f 3685 	3683 	3725
f 3725 	3724 	3685
f 3707 	1980 	3708
f 3704 	3653 	3690
f 3679 	3650 	3680
f 3690 	3651 	3679
f 8245 	3712 	3694
f 3696 	3693 	3712
f 3697 	3696 	3712
f 3699 	3712 	3700
f 3702 	3657 	3703
f 3712 	3658 	3700
f 3701 	3700 	3658
f 3703 	3656 	3704
f 3693 	3694 	3712
f 3705 	8245 	3694
f 3706 	1980 	3707
f 3724 	3723 	3685
f 3708 	1980 	3709
f 3710 	1980 	3711
f 3709 	1980 	3710
f 3711 	1980 	3705
f 3702 	3701 	3658
f 3698 	3712 	3699
f 5697 	3666 	3712
f 3698 	3697 	3712
f 8245 	3705 	8246
f 5697 	3712 	3713
f 3156 	3678 	2994
f 729 	2878 	2945
f 2878 	742 	2879
f 3158 	3159 	3714
f 2879 	743 	2880
f 3686 	3685 	3723
f 3714 	3159 	3715
f 3715 	3719 	3716
f 3718 	3717 	3716
f 354 	2884 	748
f 3721 	3720 	3687
f 3722 	3721 	3687
f 3718 	3716 	3719
f 3723 	3722 	3686
f 735 	737 	2904
f 3706 	3689 	3731
f 3689 	3688 	3731
f 3720 	3731 	3688
f 3688 	3687 	3720
f 3687 	3686 	3722
f 3727 	1980 	3729
f 3729 	1980 	3706
f 3730 	3729 	3706
f 3731 	3730 	3706
f 1980 	8246 	3705
f 3727 	3728 	1980
f 3159 	3719 	3715
f 711 	2934 	710
f 3735 	5697 	3736
f 3746 	3736 	5697
f 3737 	8240 	3739
f 3740 	3739 	8237
f 3741 	3740 	8237
f 5491 	5490 	3741
f 5517 	5492 	3741
f 3746 	5697 	3747
f 3748 	3747 	5697
f 5518 	5517 	3741
f 8237 	5518 	3741
f 3748 	5697 	3749
f 3745 	3744 	5484
f 3745 	5484 	3750
f 3750 	5484 	3751
f 3751 	5484 	3752
f 3752 	5484 	3753
f 704 	2944 	2942
f 2944 	728 	2945
f 3738 	3749 	8240
f 3738 	8240 	3737
f 2880 	744 	2881
f 745 	2882 	2881
f 8240 	5697 	3713
f 5697 	8240 	3749
f 748 	2883 	746
f 2882 	746 	2883
f 345 	346 	2885
f 346 	341 	2886
f 2892 	304 	2894
f 338 	2896 	2895
f 968 	983 	367
f 3775 	980 	3776
f 3781 	3779 	3632
f 3778 	3777 	4584
f 4584 	3632 	3778
f 3779 	3778 	3632
f 3789 	3672 	3663
f 3782 	3781 	3631
f 3664 	3663 	3672
f 3631 	3630 	3782
f 3631 	3781 	3632
f 3630 	3616 	3792
f 4584 	2170 	3634
f 1913 	4584 	1353
f 1353 	4584 	1352
f 2304 	4584 	1914
f 1911 	4584 	1912
f 1914 	4584 	1911
f 1912 	4584 	1913
f 1352 	4584 	1339
f 2170 	4584 	2171
f 2176 	7641 	3634
f 2173 	2177 	3634
f 2171 	4584 	2304
f 2177 	2174 	3634
f 2174 	2176 	3634
f 7641 	7643 	3634
f 4584 	4679 	2632
f 3815 	3672 	3817
f 3819 	3818 	3672
f 3818 	3817 	3672
f 3617 	3819 	3672
f 3822 	3821 	3815
f 3823 	3822 	3815
f 3824 	3823 	3815
f 3825 	3824 	3815
f 3826 	3825 	3815
f 3817 	3816 	3815
f 3816 	3829 	3815
f 3828 	3827 	3815
f 3827 	3826 	3815
f 3828 	3815 	3829
f 3919 	7854 	3830
f 3831 	3830 	7854
f 3835 	8488 	3834
f 3836 	3834 	8488
f 3639 	2996 	2997
f 3838 	3837 	3815
f 8488 	3815 	3836
f 3820 	3838 	3815
f 3837 	3836 	3815
f 3821 	3820 	3815
f 3841 	3840 	8488
f 3839 	8488 	3840
f 3842 	3841 	8488
f 3843 	3842 	8488
f 3835 	3845 	8488
f 3845 	3844 	8488
f 3844 	3843 	8488
f 3847 	7854 	3848
f 3848 	7854 	3849
f 731 	2956 	2955
f 3849 	7854 	3850
f 3851 	7854 	3839
f 3850 	7854 	3851
f 734 	2900 	2899
f 2906 	2904 	737
f 2941 	716 	2942
f 720 	2959 	2958
f 2963 	2962 	725
f 725 	726 	2963
f 2964 	2963 	726
f 726 	707 	2964
f 734 	735 	2900
f 2894 	328 	2895
f 716 	2941 	714
f 704 	2942 	716
f 2958 	2957 	719
f 724 	2962 	2961
f 706 	2930 	707
f 2930 	706 	2931
f 2937 	712 	2939
f 739 	730 	2954
f 2955 	730 	731
f 714 	2940 	713
f 2940 	714 	2941
f 3655 	7854 	3918
f 3919 	3918 	7854
f 3846 	7854 	3847
f 3832 	3831 	7854
f 8488 	3839 	7854
f 3832 	7854 	3846
f 3664 	3672 	3921
f 3922 	3921 	3672
f 3944 	3943 	3815
f 3947 	3946 	3815
f 3948 	3947 	3815
f 3924 	3923 	7779
f 3927 	3926 	7779
f 3926 	3925 	7779
f 3934 	3933 	7779
f 3923 	3934 	7779
f 3925 	3924 	7779
f 3815 	3937 	3936
f 3940 	3939 	8488
f 3938 	8488 	3939
f 3930 	7779 	3932
f 3932 	7779 	3933
f 3931 	3950 	3930
f 8492 	8491 	3940
f 3941 	3950 	3931
f 8488 	8492 	3940
f 8488 	3938 	3815
f 3937 	3815 	3938
f 3922 	3672 	3943
f 3672 	3815 	3943
f 3945 	3944 	3815
f 3946 	3945 	3815
f 3935 	3949 	3815
f 3936 	3935 	3815
f 3948 	3815 	3949
f 7779 	3930 	3950
f 3941 	3940 	3950
f 743 	2879 	742
f 354 	345 	2884
f 2887 	2886 	341
f 2883 	748 	2884
f 341 	302 	2887
f 300 	2889 	2888
f 4323 	7832 	7833
f 738 	739 	2907
f 2957 	2956 	718
f 718 	719 	2957
f 710 	2933 	708
f 712 	2937 	711
f 713 	2939 	712
f 2939 	713 	2940
f 720 	2958 	719
f 2960 	2959 	722
f 2961 	2960 	723
f 722 	723 	2960
f 2961 	723 	724
f 2929 	2964 	707
f 2944 	704 	728
f 729 	2945 	728
f 2878 	729 	742
f 745 	2881 	744
f 2885 	2884 	345
f 2886 	2885 	346
f 2890 	2889 	301
f 2890 	301 	2891
f 303 	2891 	301
f 304 	2892 	303
f 2899 	733 	734
f 2954 	2907 	739
f 2955 	2954 	730
f 2888 	2887 	302
f 2888 	302 	300
f 2891 	303 	2892
f 328 	2894 	304
f 747 	741 	2897
f 2899 	2898 	733
f 733 	2898 	741
f 2907 	2906 	738
f 2898 	2897 	741
f 2880 	743 	744
f 2896 	338 	348
f 2896 	348 	2897
f 747 	2897 	348
f 747 	348 	350
f 2882 	745 	746
f 354 	748 	355
f 360 	361 	658
f 364 	365 	897
f 897 	365 	161
f 897 	363 	364
f 5701 	5699 	4515
f 4323 	7826 	7825
f 1235 	4323 	7825
f 1235 	1236 	4323
f 1237 	4323 	1236
f 1238 	4323 	1237
f 4323 	1238 	1221
f 967 	4323 	968
f 3640 	3642 	4515
f 7830 	4323 	7829
f 7830 	7832 	4323
f 1222 	4323 	1221
f 1224 	4323 	1222
f 1208 	4323 	1224
f 985 	4323 	1208
f 986 	4323 	985
f 987 	4323 	986
f 988 	4323 	987
f 989 	4323 	988
f 978 	4323 	989
f 973 	4323 	972
f 974 	4323 	973
f 971 	4323 	970
f 984 	4323 	971
f 4515 	3662 	3644
f 7819 	4323 	984
f 7820 	4323 	7819
f 7821 	4323 	7820
f 7823 	4323 	7821
f 7827 	4323 	7823
f 7828 	4323 	7827
f 7829 	4323 	7828
f 4323 	7833 	7834
f 4323 	7834 	7835
f 7826 	4323 	7835
f 3616 	3819 	3617
f 3014 	4515 	3013
f 4515 	3646 	3647
f 3648 	4515 	3647
f 3648 	5701 	4515
f 3014 	3017 	4515
f 4515 	3017 	3019
f 4515 	3674 	3675
f 3662 	4515 	3673
f 4515 	3644 	3645
f 3010 	4515 	3020
f 2995 	4515 	3010
f 4515 	2995 	2996
f 3639 	4515 	2996
f 3639 	3640 	4515
f 4493 	4672 	4497
f 4493 	4498 	4672
f 4493 	4497 	4498
f 4494 	4499 	4496
f 3777 	4495 	4581
f 4500 	7859 	4501
f 1238 	1237 	4502
f 4501 	7859 	4502
f 4736 	4722 	1235
f 4498 	4713 	4672
f 3658 	3659 	4515
f 4515 	3659 	3660
f 3661 	4515 	3660
f 3661 	3674 	4515
f 3665 	4515 	3666
f 3667 	4515 	3665
f 3668 	4515 	3667
f 3669 	4515 	3668
f 3670 	4515 	3669
f 3671 	4515 	3670
f 3673 	4515 	3671
f 3646 	4515 	3645
f 5700 	4515 	5699
f 3004 	4515 	3002
f 3005 	4515 	3004
f 3013 	4515 	3005
f 3020 	4515 	3019
f 3643 	4515 	3642
f 3649 	4515 	3643
f 3650 	4515 	3649
f 3651 	4515 	3650
f 3652 	4515 	3651
f 3653 	4515 	3652
f 3656 	4515 	3653
f 3657 	4515 	3656
f 3658 	4515 	3657
f 3666 	4515 	3675
f 4496 	4495 	3777
f 4497 	4672 	4569
f 4569 	4672 	4570
f 4570 	4672 	4572
f 4576 	3777 	4578
f 4578 	3777 	4580
f 4581 	4580 	3777
f 4572 	4672 	4573
f 4583 	4584 	4575
f 4575 	3777 	4576
f 4582 	4584 	4583
f 4582 	4573 	4584
f 4584 	4573 	4672
f 3065 	3079 	8214
f 1359 	4584 	1360
f 4674 	3159 	4673
f 4675 	4673 	3159
f 4680 	4584 	4681
f 4681 	4584 	4682
f 3069 	3074 	3357
f 4675 	3159 	4676
f 3159 	3069 	3357
f 3357 	3358 	3159
f 4672 	4682 	4584
f 4678 	2632 	4679
f 3358 	2905 	3159
f 4680 	4679 	4584
f 4712 	4672 	4713
f 4716 	4733 	4672
f 4716 	4672 	4717
f 4717 	4672 	4712
f 4688 	4502 	1237
f 4718 	4688 	1237
f 1237 	1236 	4718
f 4719 	4718 	1236
f 4720 	4719 	1236
f 4723 	1980 	4724
f 4724 	1980 	4725
f 4897 	4896 	4725
f 4726 	4888 	4727
f 4728 	4884 	4729
f 4731 	4730 	4672
f 4730 	4729 	4672
f 4732 	4731 	4672
f 4733 	4732 	4672
f 4727 	4887 	4728
f 1980 	4897 	4725
f 1236 	1235 	4720
f 4721 	4720 	1235
f 4722 	4721 	1235
f 4738 	3950 	4739
f 4741 	3950 	4735
f 4734 	4735 	1980
f 4740 	3950 	4741
f 4723 	4734 	1980
f 3029 	3065 	8214
f 4743 	3836 	3837
f 3838 	4743 	3837
f 3838 	3820 	4743
f 3834 	4743 	3835
f 3836 	4743 	3834
f 3821 	4743 	3820
f 3822 	4743 	3821
f 3827 	4743 	3826
f 3828 	4743 	3827
f 3616 	4743 	3819
f 3632 	4743 	3631
f 3633 	4743 	3632
f 3634 	4743 	3633
f 3635 	4743 	3634
f 3636 	4743 	3635
f 3637 	4743 	3636
f 3638 	4743 	3637
f 3654 	4743 	3638
f 3918 	4743 	3654
f 3919 	4743 	3918
f 3830 	4743 	3919
f 3831 	4743 	3830
f 3832 	4743 	3831
f 3846 	4743 	3832
f 3847 	4743 	3846
f 3848 	4743 	3847
f 3849 	4743 	3848
f 3850 	4743 	3849
f 4743 	3850 	3851
f 4743 	3851 	3839
f 4743 	3839 	3840
f 4743 	3840 	3841
f 4743 	3841 	3842
f 4743 	3842 	3843
f 4743 	3843 	3844
f 5162 	5161 	1980
f 4738 	4737 	3950
f 6521 	4735 	6520
f 4672 	4729 	4884
f 4674 	4886 	3159
f 4887 	4727 	4888
f 4888 	4726 	4889
f 4893 	4892 	4725
f 4894 	4893 	4725
f 4896 	4894 	4725
f 4897 	1980 	4898
f 4892 	4891 	4725
f 4891 	4890 	4725
f 4890 	4889 	4725
f 4726 	4725 	4889
f 4884 	4728 	4887
f 1802 	4499 	4500
f 4502 	1802 	4501
f 4500 	4501 	1802
f 4743 	3844 	3845
f 3835 	4743 	3845
f 1802 	4582 	4583
f 4575 	1802 	4583
f 4576 	1802 	4575
f 1802 	4576 	4578
f 4688 	1802 	4502
f 4497 	1802 	4498
f 4497 	4569 	1802
f 1802 	4730 	4731
f 4734 	1802 	4735
f 4734 	4723 	1802
f 4498 	1802 	4713
f 4729 	4730 	1802
f 1802 	4731 	4732
f 4713 	1802 	4712
f 1802 	4723 	4724
f 4729 	1802 	4728
f 4673 	4886 	4674
f 4672 	4884 	4682
f 3678 	3156 	3029
f 3714 	3157 	3158
f 3718 	6377 	3717
f 3719 	5096 	6377
f 5101 	5100 	3159
f 4886 	4885 	3159
f 3719 	3159 	5096
f 5097 	5096 	3159
f 5100 	5097 	3159
f 4885 	5101 	3159
f 5161 	4898 	1980
f 5163 	5162 	1980
f 5163 	1980 	5165
f 5159 	1980 	3728
f 5159 	5160 	1980
f 5160 	5167 	1980
f 5167 	5166 	1980
f 5166 	5165 	1980
f 3162 	3164 	5169
f 5171 	5170 	3164
f 5170 	5169 	3164
f 5248 	5246 	3164
f 5171 	3164 	5246
f 5246 	5245 	5172
f 5172 	5171 	5246
f 5175 	5172 	5245
f 5180 	5226 	5181
f 5181 	5224 	5191
f 5182 	5458 	5184
f 5458 	5369 	5186
f 5189 	5188 	5369
f 5188 	5187 	5369
f 5191 	5221 	5192
f 5192 	5221 	5193
f 5193 	5233 	5194
f 5194 	5233 	5195
f 5196 	5195 	5458
f 5187 	5186 	5369
f 5186 	5185 	5458
f 5182 	5183 	5458
f 5196 	5458 	5183
f 5189 	2527 	5190
f 5190 	2526 	5197
f 5197 	2525 	5198
f 5198 	2524 	5199
f 5202 	2520 	5203
f 2520 	5202 	2521
f 2521 	5201 	2522
f 5176 	5175 	5206
f 5218 	5233 	5219
f 5208 	5233 	5207
f 5216 	5214 	5233
f 5205 	5233 	5214
f 5217 	5233 	5218
f 5209 	5193 	5210
f 5207 	5233 	5209
f 5220 	5233 	5208
f 5219 	5233 	5220
f 5210 	5193 	5211
f 5211 	5193 	5221
f 5221 	5191 	5224
f 5229 	5228 	5178
f 5226 	5180 	5227
f 5227 	5179 	5228
f 5224 	5181 	5226
f 5178 	5228 	5179
f 5179 	5227 	5180
f 8229 	8228 	5233
f 5458 	5195 	5233
f 5233 	5193 	5209
f 3307 	3345 	5236
f 5239 	3345 	5240
f 5238 	3345 	5239
f 3345 	5233 	5240
f 5241 	5240 	5233
f 5242 	5241 	5233
f 5204 	5242 	5233
f 5205 	5204 	5233
f 5217 	5216 	5233
f 3164 	3332 	5243
f 5244 	3164 	5243
f 5178 	5177 	5229
f 5177 	5176 	5229
f 5206 	5229 	5176
f 5245 	5206 	5175
f 5244 	5248 	3164
f 5238 	5237 	3345
f 5237 	5236 	3345
f 5169 	3161 	3162
f 6214 	2877 	2876
f 2456 	2444 	6214
f 2443 	6214 	2444
f 2443 	2445 	6214
f 2620 	6214 	2445
f 6214 	2893 	2877
f 2893 	6214 	2455
f 5283 	5282 	2489
f 2508 	6588 	2509
f 2741 	2739 	5281
f 5284 	5283 	2489
f 2489 	2487 	5284
f 5285 	5284 	2487
f 432 	5285 	2487
f 2507 	6588 	2508
f 6214 	3284 	2433
f 6214 	2433 	2438
f 6214 	2438 	2456
f 4743 	3822 	3823
f 4743 	3825 	3826
f 4743 	3828 	3829
f 3829 	3816 	4743
f 4743 	3816 	3817
f 3818 	4743 	3817
f 3818 	3819 	4743
f 3630 	4743 	3616
f 3630 	3631 	4743
f 3824 	4743 	3823
f 3825 	4743 	3824
f 2491 	3165 	2492
f 3237 	2492 	3238
f 2509 	6583 	2487
f 2491 	2728 	3167
f 3238 	2492 	3165
f 2489 	2717 	2491
f 2728 	2491 	2719
f 2715 	2717 	2489
f 2719 	2491 	2717
f 3168 	3167 	2728
f 3170 	3169 	2641
f 2641 	2579 	3170
f 2579 	2578 	3170
f 2578 	2577 	3170
f 3171 	3170 	2588
f 3161 	3173 	2588
f 2489 	5282 	2715
f 3169 	3168 	2638
f 2638 	2641 	3169
f 2716 	2715 	5281
f 5282 	5281 	2715
f 2728 	2727 	3168
f 2739 	2738 	5281
f 2737 	2716 	5281
f 2738 	2737 	5281
f 2525 	5197 	2526
f 5371 	5458 	5373
f 2530 	2529 	5423
f 5366 	5423 	2529
f 2527 	5189 	5369
f 5370 	5369 	5458
f 2526 	5190 	2527
f 5371 	5370 	5458
f 5423 	5366 	5364
f 5365 	5458 	5364
f 5374 	5458 	5365
f 5373 	5458 	5374
f 3004 	5654 	3366
f 5422 	3366 	5671
f 5654 	5671 	3366
f 5414 	5578 	5413
f 5416 	5578 	5415
f 5414 	5415 	5578
f 5417 	5578 	5416
f 5412 	5413 	5578
f 5419 	5578 	5418
f 5417 	5418 	5578
f 3365 	3005 	3366
f 2513 	2543 	5423
f 5671 	5670 	5411
f 5184 	5458 	5185
f 5681 	5679 	5424
f 5200 	2522 	5201
f 5199 	2523 	5200
f 5425 	5424 	5678
f 5678 	5683 	5425
f 5426 	5425 	5683
f 5447 	5446 	5637
f 5613 	5611 	5436
f 5437 	5436 	5611
f 5438 	5578 	5439
f 5439 	5578 	5440
f 5441 	5440 	5578
f 5638 	5637 	5445
f 5445 	5443 	5638
f 5668 	5638 	5443
f 5446 	5445 	5637
f 5448 	5449 	5578
f 5448 	5578 	5450
f 5450 	5578 	5438
f 5669 	5442 	5670
f 5442 	5669 	5443
f 5578 	5670 	5441
f 5423 	5364 	5458
f 5465 	5463 	5458
f 5472 	5471 	5423
f 5471 	5470 	5423
f 5423 	5458 	5473
f 5473 	5472 	5423
f 5458 	388 	5467
f 5465 	5458 	5466
f 5463 	5464 	5458
f 5464 	5475 	5458
f 5475 	5474 	5458
f 5474 	5473 	5458
f 381 	389 	5458
f 1201 	1199 	1916
f 5476 	388 	5477
f 5467 	5466 	5458
f 5481 	5423 	5478
f 5478 	5423 	5468
f 5468 	5423 	5469
f 5481 	5480 	5423
f 5480 	5479 	5423
f 5470 	5469 	5423
f 5459 	8222 	5458
f 1117 	1116 	8220
f 428 	5482 	426
f 5284 	5482 	5283
f 5482 	5284 	5285
f 1924 	5482 	6589
f 1925 	5482 	1924
f 5479 	5482 	1925
f 5480 	5482 	5479
f 5481 	5482 	5480
f 5478 	5482 	5481
f 5468 	5482 	5478
f 5469 	5482 	5468
f 5470 	5482 	5469
f 5471 	5482 	5470
f 5472 	5482 	5471
f 5473 	5482 	5472
f 5474 	5482 	5473
f 5475 	5482 	5474
f 5464 	5482 	5475
f 5482 	5464 	5463
f 5465 	5482 	5463
f 5482 	5465 	5466
f 5467 	5482 	5466
f 5482 	5467 	5476
f 5236 	3305 	3307
f 2874 	6214 	2876
f 2874 	2766 	6214
f 2744 	6214 	2766
f 2744 	3308 	6214
f 3308 	3305 	6214
f 3332 	3335 	5243
f 3284 	6214 	3335
f 8230 	5233 	8232
f 3753 	5484 	3754
f 7883 	5483 	3377
f 3744 	3743 	5487
f 5486 	5485 	3377
f 5484 	3744 	5487
f 5488 	5487 	3743
f 3742 	3741 	5489
f 5497 	3377 	5493
f 5495 	5493 	3377
f 5496 	3377 	5497
f 5494 	5495 	3377
f 3390 	3377 	5499
f 5498 	5494 	3377
f 3377 	5496 	5501
f 3377 	5501 	5502
f 3377 	5502 	5503
f 3377 	5503 	5500
f 5500 	5499 	3377
f 5505 	3377 	5504
f 5485 	5504 	3377
f 5498 	3377 	5505
f 3397 	5506 	3345
f 5507 	3345 	5508
f 5508 	3345 	5506
f 5519 	8237 	5520
f 5514 	3345 	5515
f 5518 	8237 	5519
f 5492 	5491 	3741
f 5520 	8237 	5521
f 5521 	8237 	5522
f 5522 	8237 	5523
f 5513 	5233 	5512
f 5523 	5233 	5513
f 5512 	5233 	5525
f 5525 	5233 	5528
f 5528 	5233 	5529
f 5529 	5233 	5530
f 5514 	5530 	3345
f 5516 	5515 	3345
f 5535 	5516 	3345
f 5539 	5538 	3345
f 5507 	5539 	3345
f 5538 	5537 	3345
f 5536 	3345 	5537
f 8238 	5523 	8237
f 8235 	5523 	8238
f 5536 	5535 	3345
f 3345 	5530 	5233
f 8237 	3739 	8240
f 5490 	5489 	3741
f 5489 	5488 	3742
f 3377 	5483 	5486
f 5486 	5483 	5484
f 3743 	3742 	5488
f 5441 	5670 	5442
f 5419 	5420 	5578
f 5421 	5411 	5670
f 5420 	5421 	5670
f 3918 	3654 	3655
f 3921 	3663 	3664
f 5682 	5677 	5588
f 5430 	5429 	5608
f 5608 	5606 	5430
f 5610 	5608 	5429
f 5429 	5437 	5611
f 5611 	5610 	5429
f 5637 	5613 	5447
f 5619 	5617 	5682
f 5588 	5619 	5682
f 5682 	5617 	5626
f 5615 	5626 	5617
f 5691 	5579 	5677
f 5615 	5613 	5637
f 5658 	5655 	3004
f 5637 	5626 	5615
f 5411 	5422 	5671
f 5655 	5654 	3004
f 5578 	5420 	5670
f 5436 	5447 	5613
f 5668 	5443 	5669
f 5482 	5476 	5477
f 5482 	5477 	1916
f 1920 	5482 	1918
f 5482 	1920 	399
f 401 	402 	5482
f 3004 	3002 	5658
f 5659 	5658 	3002
f 5680 	5679 	5681
f 5678 	5424 	5679
f 3002 	5426 	5659
f 5684 	5694 	5688
f 5687 	5688 	5694
f 5579 	5588 	5677
f 5685 	5691 	5677
f 5686 	5685 	5677
f 5690 	5689 	5430
f 5606 	5693 	5430
f 5692 	5430 	5693
f 5692 	5690 	5430
f 5689 	5687 	5694
f 5694 	5430 	5689
f 3377 	3378 	5696
f 5696 	5695 	3377
f 5424 	5698 	5681
f 3646 	3645 	5746
f 3648 	3647 	5773
f 5748 	5747 	3645
f 5747 	5746 	3645
f 5762 	5761 	5706
f 5762 	5706 	5702
f 5707 	5706 	5761
f 5716 	5730 	5717
f 5723 	5722 	5697
f 5725 	5723 	5697
f 5726 	5725 	5697
f 5721 	5720 	5737
f 5737 	5743 	5721
f 5720 	5718 	5729
f 5718 	5717 	5729
f 5721 	5743 	5722
f 5729 	5728 	5720
f 5728 	5737 	5720
f 5741 	5740 	5722
f 5743 	5742 	5722
f 5746 	5774 	3646
f 5748 	3645 	5749
f 5752 	5751 	5697
f 5751 	5750 	5697
f 5750 	5749 	5697
f 5739 	5744 	5697
f 5753 	5697 	5754
f 5697 	5722 	5754
f 5740 	5754 	5722
f 5742 	5741 	5722
f 5753 	5739 	5697
f 5745 	5752 	5697
f 5745 	5697 	5744
f 5709 	5708 	5771
f 5711 	5709 	5770
f 5765 	5764 	5681
f 5680 	5681 	5764
f 5681 	5700 	5765
f 5765 	5700 	5766
f 5767 	5700 	5768
f 5773 	5772 	3648
f 5730 	5716 	5770
f 5716 	5711 	5770
f 5771 	5770 	5709
f 5699 	5701 	5769
f 5772 	5769 	5701
f 5701 	3648 	5772
f 3647 	3646 	5774
f 5774 	5773 	3647
f 5769 	5768 	5699
f 5699 	5768 	5700
f 5698 	5700 	5681
f 5766 	5700 	5767
f 5761 	5771 	5708
f 5730 	5729 	5717
f 5708 	5707 	5761
f 5762 	5702 	5677
f 5777 	5694 	5776
f 5694 	5947 	5945
f 5694 	5945 	5946
f 5948 	5947 	5694
f 5948 	5694 	5777
f 5949 	5677 	5950
f 5686 	5677 	5949
f 5950 	5677 	5702
f 5694 	5684 	5775
f 5776 	5694 	5775
f 3734 	5697 	3735
f 5412 	5578 	5956
f 5957 	5578 	5960
f 5958 	5959 	5578
f 5957 	5956 	5578
f 5958 	5578 	5962
f 5960 	5578 	5959
f 5961 	5962 	5578
f 5963 	5961 	5578
f 3732 	5697 	3733
f 3733 	5697 	3734
f 5985 	5981 	5965
f 5968 	5967 	5978
f 5981 	5980 	5965
f 5971 	5430 	5970
f 6010 	6005 	5430
f 6005 	5970 	5430
f 5980 	5979 	5966
f 5972 	5986 	6009
f 5966 	5965 	5980
f 5697 	5977 	6008
f 6009 	6008 	5973
f 5965 	6009 	5985
f 5986 	5985 	6009
f 5972 	6009 	5973
f 5975 	6008 	5976
f 5976 	6008 	5977
f 5992 	5977 	5697
f 5970 	5969 	5971
f 5978 	5971 	5969
f 5969 	5968 	5978
f 5951 	5964 	6002
f 5979 	5978 	5967
f 5967 	5966 	5979
f 5982 	6004 	5578
f 6003 	6002 	5578
f 6004 	6003 	5578
f 5449 	5987 	5578
f 5987 	5989 	5578
f 5482 	1916 	1917
f 5697 	5991 	5994
f 5994 	5993 	5697
f 5993 	5992 	5697
f 5482 	1917 	1918
f 5995 	5990 	5697
f 5995 	5697 	5996
f 5997 	5954 	5998
f 5999 	5998 	5953
f 5954 	5953 	5998
f 5953 	5952 	5999
f 6000 	5999 	5952
f 6001 	6000 	5952
f 5952 	5951 	6001
f 5964 	5578 	6002
f 6002 	6001 	5951
f 5996 	5697 	5997
f 5990 	5991 	5697
f 5997 	5697 	5954
f 5697 	3732 	5955
f 5984 	5983 	5578
f 5988 	5984 	5578
f 5983 	5982 	5578
f 5989 	5988 	5578
f 5964 	5963 	5578
f 5697 	6006 	6007
f 5697 	6007 	5726
f 5974 	5973 	6008
f 6008 	6006 	5697
f 5974 	6008 	5975
f 5955 	5954 	5697
f 5694 	5946 	5430
f 6010 	5430 	5946
f 5418 	5962 	5961
f 5418 	5961 	5419
f 5416 	5959 	5958
f 5416 	5958 	5417
f 5956 	5413 	5412
f 5959 	5416 	5415
f 5959 	5415 	5960
f 5414 	5413 	5957
f 5956 	5957 	5413
f 5960 	5415 	5414
f 5960 	5414 	5957
f 5962 	5418 	5417
f 5962 	5417 	5958
f 5963 	6011 	5420
f 5963 	5420 	5419
f 5963 	5419 	5961
f 5420 	6011 	5421
f 5964 	6011 	5963
f 6011 	5964 	5951
f 3930 	6021 	3931
f 3932 	6021 	3930
f 401 	5482 	399
f 5482 	402 	413
f 5482 	429 	5281
f 5482 	428 	429
f 5482 	6587 	426
f 5482 	413 	415
f 5209 	6214 	5207
f 5221 	6214 	5211
f 5224 	6214 	5221
f 5244 	6214 	5248
f 2627 	6214 	2623
f 6214 	2627 	2628
f 6214 	2628 	2630
f 2631 	6214 	2630
f 2631 	2452 	6214
f 2454 	6214 	2451
f 2454 	2455 	6214
f 5236 	6214 	3305
f 3770 	6021 	3787
f 3771 	6021 	3770
f 6021 	3777 	3778
f 6021 	3778 	3779
f 6021 	3779 	3781
f 6021 	3781 	3782
f 6021 	3782 	3792
f 6021 	3792 	3789
f 6021 	3789 	3663
f 6021 	3663 	3921
f 6021 	3921 	3922
f 6021 	3922 	3943
f 6021 	3943 	3944
f 6021 	3944 	3945
f 5237 	6214 	5236
f 5238 	6214 	5237
f 5239 	6214 	5238
f 5240 	6214 	5239
f 5241 	6214 	5240
f 5242 	6214 	5241
f 5204 	6214 	5242
f 5205 	6214 	5204
f 5214 	6214 	5205
f 5216 	6214 	5214
f 5217 	6214 	5216
f 5218 	6214 	5217
f 5219 	6214 	5218
f 5220 	6214 	5219
f 2451 	6214 	2452
f 6214 	5227 	5228
f 6214 	5206 	5245
f 5246 	6214 	5245
f 6214 	5246 	5248
f 6214 	5208 	5207
f 5210 	6214 	5209
f 6214 	5210 	5211
f 6214 	5224 	5226
f 5208 	6214 	5220
f 6214 	5226 	5227
f 6214 	5228 	5229
f 6214 	5229 	5206
f 6021 	3945 	3946
f 6021 	3946 	3947
f 6021 	3947 	3948
f 6021 	3948 	3949
f 6021 	3949 	3935
f 6021 	3935 	3936
f 6021 	3936 	3937
f 6021 	3937 	3938
f 6021 	3938 	3939
f 6021 	3939 	3940
f 6021 	3940 	3941
f 3931 	6021 	3941
f 3925 	6021 	3924
f 3925 	3926 	6021
f 3929 	6021 	3928
f 3929 	3942 	6021
f 3774 	6021 	3771
f 6021 	3774 	3775
f 5243 	6214 	5244
f 6214 	5243 	3335
f 2620 	2623 	6214
f 5655 	5658 	6462
f 326 	6021 	324
f 6021 	326 	327
f 5482 	6585 	6587
f 5482 	5281 	5282
f 5482 	5282 	5283
f 3923 	3924 	6021
f 6021 	3926 	3927
f 3927 	3928 	6021
f 323 	6021 	3942
f 323 	324 	6021
f 3721 	6377 	3720
f 3722 	6377 	3721
f 3723 	6377 	3722
f 3724 	6377 	3723
f 3725 	6377 	3724
f 3726 	6377 	3725
f 3717 	6377 	3726
f 5097 	6377 	5096
f 5100 	6377 	5097
f 5101 	6377 	5100
f 5482 	6583 	6584
f 4675 	6377 	4673
f 4676 	6377 	4675
f 4677 	6377 	4676
f 4678 	6377 	4677
f 4679 	6377 	4678
f 4680 	6377 	4679
f 4884 	6377 	4682
f 4887 	6377 	4884
f 4888 	6377 	4887
f 4889 	6377 	4888
f 4890 	6377 	4889
f 4891 	6377 	4890
f 6021 	3775 	3776
f 6462 	5745 	5744
f 6021 	3776 	3777
f 4897 	6377 	4896
f 4898 	6377 	4897
f 5167 	6377 	5166
f 3932 	3933 	6021
f 3933 	3934 	6021
f 3923 	6021 	3934
f 5728 	6462 	5737
f 5729 	6462 	5728
f 5670 	6462 	5669
f 5671 	6462 	5670
f 5754 	6462 	5753
f 5740 	6462 	5754
f 5741 	6462 	5740
f 5742 	6462 	5741
f 5743 	6462 	5742
f 5737 	6462 	5743
f 6021 	327 	330
f 330 	3787 	6021
f 6518 	6516 	1980
f 5669 	6462 	5668
f 6508 	3950 	3940
f 6509 	6508 	3940
f 5683 	6462 	5659
f 5764 	6462 	5679
f 5765 	6462 	5764
f 5766 	6462 	5765
f 5767 	6462 	5766
f 5768 	6462 	5767
f 5769 	6462 	5768
f 5772 	6462 	5769
f 5773 	6462 	5772
f 6517 	1980 	6516
f 5774 	6462 	5773
f 6462 	5774 	5746
f 6462 	5746 	5747
f 6462 	5747 	5748
f 6462 	5748 	5749
f 6462 	5749 	5750
f 6519 	4735 	6521
f 6518 	4735 	6519
f 6462 	5750 	5751
f 1980 	4735 	6518
f 6462 	5751 	5752
f 5745 	6462 	5752
f 5424 	5425 	5698
f 4515 	5698 	5425
f 4515 	5425 	5426
f 3002 	4515 	5426
f 4515 	5700 	5698
f 5971 	5429 	5430
f 432 	5482 	5285
f 5482 	6591 	6585
f 6583 	2509 	6584
f 6586 	418 	6585
f 6587 	6585 	418
f 6584 	2509 	6588
f 6590 	2513 	6589
f 6589 	2513 	1924
f 6586 	6591 	418
f 418 	6591 	6592
f 6593 	2513 	6590
f 6588 	2513 	6593
f 6590 	5482 	6593
f 6588 	6593 	6584
f 6585 	6591 	6586
f 432 	2487 	6583
f 5423 	1924 	2513
f 5479 	1925 	5423
f 6592 	415 	418
f 432 	6583 	5482
f 6593 	5482 	6584
f 5482 	6590 	6589
f 6592 	6591 	5482
f 6592 	5482 	415
f 5606 	7135 	5693
f 5606 	5608 	7135
f 2487 	6854 	2509
f 2491 	6854 	2489
f 2492 	6854 	2491
f 6854 	2492 	2493
f 6854 	2493 	2495
f 6854 	2495 	2504
f 2518 	6854 	2517
f 2519 	6854 	2518
f 2520 	6854 	2519
f 2521 	6854 	2520
f 2522 	6854 	2521
f 2523 	6854 	2522
f 2524 	6854 	2523
f 2525 	6854 	2524
f 6854 	2525 	2526
f 6854 	2526 	2527
f 6854 	2527 	5369
f 6854 	5369 	5370
f 6854 	5370 	5371
f 6854 	5371 	5373
f 6854 	5373 	5374
f 5365 	6854 	5374
f 5364 	6854 	5365
f 6854 	5364 	5366
f 2529 	6854 	5366
f 2530 	6854 	2529
f 2531 	6854 	2530
f 6854 	2531 	2532
f 6854 	2532 	2533
f 3373 	6980 	3372
f 6980 	3373 	3374
f 6980 	3374 	3375
f 6980 	3366 	5422
f 5411 	6980 	5422
f 3732 	6980 	5955
f 3733 	6980 	3732
f 3734 	6980 	3733
f 3735 	6980 	3734
f 3736 	6980 	3735
f 3746 	6980 	3736
f 3747 	6980 	3746
f 3748 	6980 	3747
f 3749 	6980 	3748
f 3738 	6980 	3749
f 6980 	3741 	3742
f 6980 	3742 	3743
f 3737 	6980 	3738
f 3739 	6980 	3737
f 3740 	6980 	3739
f 3741 	6980 	3740
f 3744 	6980 	3743
f 3745 	6980 	3744
f 3750 	6980 	3745
f 6980 	3750 	3751
f 3752 	6980 	3751
f 3753 	6980 	3752
f 2535 	6854 	2504
f 2535 	2536 	6854
f 6854 	2536 	2517
f 3754 	6980 	3753
f 7882 	6980 	7883
f 6980 	3369 	3370
f 6854 	2533 	2534
f 6980 	3370 	3371
f 2528 	6854 	2534
f 6980 	3371 	3372
f 2528 	2542 	6854
f 6854 	2542 	2543
f 6980 	3375 	3365
f 6980 	3365 	3366
f 6980 	6011 	5951
f 6980 	5952 	5953
f 5954 	6980 	5953
f 5954 	5955 	6980
f 6980 	5411 	5421
f 6980 	5421 	6011
f 5951 	5952 	6980
f 426 	418 	428
f 175 	1909 	418
f 418 	1909 	428
f 418 	426 	6587
f 429 	428 	1909
f 911 	910 	239
f 7042 	912 	239
f 911 	239 	912
f 7042 	7041 	914
f 915 	914 	7046
f 916 	7057 	918
f 7061 	7060 	918
f 919 	7062 	920
f 920 	7037 	921
f 928 	242 	929
f 921 	7036 	932
f 932 	7036 	1111
f 7035 	7034 	1111
f 249 	584 	1111
f 586 	8424 	928
f 251 	252 	249
f 249 	1111 	250
f 251 	249 	250
f 7060 	7062 	919
f 7062 	7037 	920
f 7037 	7036 	921
f 7036 	7035 	1111
f 7046 	7045 	915
f 7041 	7040 	914
f 7045 	7059 	915
f 916 	915 	7059
f 7059 	7058 	916
f 919 	918 	7060
f 7057 	7056 	918
f 7058 	7057 	916
f 7061 	918 	7056
f 7040 	7046 	914
f 7034 	250 	1111
f 272 	273 	5281
f 273 	2741 	5281
f 7096 	7098 	5281
f 6854 	2543 	2538
f 6980 	5483 	7883
f 1902 	1900 	7093
f 259 	260 	171
f 260 	7081 	171
f 7081 	7083 	171
f 7090 	170 	7083
f 7089 	1898 	7090
f 6980 	3754 	5483
f 249 	264 	171
f 255 	171 	254
f 6980 	7882 	5696
f 5696 	3376 	6980
f 3367 	6980 	3376
f 6980 	3367 	3368
f 5448 	5987 	5449
f 6854 	2487 	2489
f 1903 	1902 	7091
f 5281 	429 	1908
f 6854 	2511 	2506
f 5281 	7091 	7096
f 7098 	272 	5281
f 169 	7083 	170
f 1896 	170 	7090
f 1897 	1896 	7090
f 1897 	7090 	1898
f 1900 	7089 	7086
f 1898 	7089 	1900
f 7086 	7088 	1900
f 7094 	7093 	1900
f 7088 	7094 	1900
f 7093 	7092 	1902
f 7092 	7091 	1902
f 1904 	1903 	7091
f 7091 	5281 	1904
f 1905 	1904 	5281
f 1907 	1905 	5281
f 1908 	1907 	5281
f 1909 	1908 	429
f 5947 	7135 	5945
f 6980 	3368 	3369
f 5610 	7135 	5608
f 5611 	7135 	5610
f 5613 	7135 	5611
f 5619 	7135 	5617
f 5588 	7135 	5619
f 5579 	7135 	5588
f 5691 	7135 	5579
f 5702 	7135 	5950
f 5706 	7135 	5702
f 5707 	7135 	5706
f 5708 	7135 	5707
f 5709 	7135 	5708
f 5711 	7135 	5709
f 5720 	7135 	5718
f 5721 	7135 	5720
f 5722 	7135 	5721
f 5723 	7135 	5722
f 7135 	6007 	6006
f 7135 	6006 	6008
f 7135 	6008 	6009
f 5965 	7135 	6009
f 7135 	5965 	5966
f 7135 	5966 	5967
f 5968 	7135 	5967
f 5969 	7135 	5968
f 7135 	5969 	5970
f 6005 	7135 	5970
f 6005 	6010 	7135
f 7135 	6010 	5945
f 5948 	7135 	5947
f 7135 	5948 	5777
f 5615 	7135 	5613
f 5617 	7135 	5615
f 5484 	5487 	7165
f 3379 	7167 	3380
f 5505 	5504 	3378
f 3380 	7167 	3381
f 7167 	3379 	5485
f 7167 	5485 	5486
f 5486 	7165 	7167
f 7135 	5949 	5950
f 5484 	7165 	5486
f 5716 	7135 	5711
f 5716 	5717 	7135
f 7135 	5717 	5718
f 3389 	5498 	5505
f 3389 	5505 	3378
f 3385 	5495 	5494
f 3385 	5494 	3386
f 5495 	3385 	3384
f 5495 	3384 	5493
f 5498 	3389 	3386
f 5498 	3386 	5494
f 5497 	3388 	3387
f 5497 	3387 	5496
f 5493 	3384 	3388
f 5493 	3388 	5497
f 3379 	3378 	5504
f 3395 	5501 	3387
f 5496 	3387 	5501
f 3394 	5502 	3395
f 5501 	3395 	5502
f 5499 	3391 	3390
f 3393 	5503 	3394
f 5502 	3394 	5503
f 5500 	3392 	5499
f 3391 	5499 	3392
f 3392 	5500 	3393
f 5503 	3393 	5500
f 5485 	3379 	5504
f 3396 	5506 	3397
f 6854 	2538 	2539
f 2539 	2540 	6854
f 6854 	2540 	2541
f 6854 	2541 	2537
f 6854 	2537 	2544
f 2544 	2511 	6854
f 6854 	2506 	2507
f 6854 	2507 	2508
f 6854 	2508 	2509
f 5169 	5170 	7884
f 7427 	7425 	337
f 966 	7431 	7423
f 7432 	7431 	966
f 7432 	966 	7433
f 7435 	336 	7436
f 336 	337 	7436
f 966 	344 	7433
f 7434 	7433 	344
f 7424 	7436 	337
f 7425 	7424 	337
f 3777 	4575 	4584
f 3787 	370 	3770
f 3770 	369 	3771
f 330 	329 	7570
f 7612 	7428 	337
f 7428 	7427 	337
f 340 	339 	7435
f 7435 	7434 	340
f 342 	340 	7434
f 966 	366 	344
f 966 	967 	366
f 368 	3771 	369
f 330 	536 	3787
f 5437 	7520 	5436
f 527 	7570 	528
f 7520 	5437 	5429
f 7520 	5997 	5998
f 5997 	7520 	5996
f 5999 	7520 	5998
f 5999 	6000 	7520
f 7520 	6000 	6001
f 6001 	6002 	7520
f 5990 	7520 	5991
f 5995 	7520 	5990
f 5996 	7520 	5995
f 6003 	7520 	6002
f 6004 	7520 	6003
f 5982 	7520 	6004
f 5983 	7520 	5982
f 5984 	7520 	5983
f 5988 	7520 	5984
f 5989 	7520 	5988
f 5987 	7520 	5989
f 5448 	7520 	5987
f 5450 	7520 	5448
f 5438 	7520 	5450
f 5439 	7520 	5438
f 5440 	7520 	5439
f 5441 	7520 	5440
f 5442 	7520 	5441
f 5443 	7520 	5442
f 5445 	7520 	5443
f 5446 	7520 	5445
f 7520 	5446 	5447
f 7520 	5447 	5436
f 5971 	7520 	5429
f 5978 	7520 	5971
f 5979 	7520 	5978
f 5980 	7520 	5979
f 5981 	7520 	5980
f 5985 	7520 	5981
f 5986 	7520 	5985
f 5972 	7520 	5986
f 5973 	7520 	5972
f 5974 	7520 	5973
f 5975 	7520 	5974
f 5976 	7520 	5975
f 5977 	7520 	5976
f 5992 	7520 	5977
f 5993 	7520 	5992
f 5994 	7520 	5993
f 5991 	7520 	5994
f 7135 	5690 	5692
f 5693 	7135 	5692
f 7854 	7546 	7545
f 371 	7547 	7854
f 371 	7548 	7547
f 7546 	7854 	7547
f 7549 	7548 	371
f 8030 	7549 	371
f 7545 	7994 	7854
f 7931 	7854 	7993
f 370 	3787 	536
f 369 	3770 	370
f 527 	330 	7570
f 536 	330 	527
f 528 	7570 	531
f 534 	531 	7570
f 339 	336 	7435
f 343 	342 	7434
f 343 	7434 	344
f 367 	366 	968
f 6007 	5725 	5726
f 3771 	368 	983
f 967 	968 	366
f 368 	367 	983
f 983 	982 	3771
f 4494 	974 	975
f 976 	974 	4494
f 3776 	1200 	3777
f 980 	3775 	981
f 982 	981 	3774
f 3774 	3771 	982
f 976 	4494 	977
f 977 	4494 	1130
f 1198 	1193 	4496
f 1130 	4494 	1193
f 4494 	4496 	1193
f 1198 	3777 	1200
f 1200 	3776 	980
f 3775 	3774 	981
f 3777 	1198 	4496
f 7779 	520 	3929
f 3928 	7779 	3929
f 3929 	542 	3942
f 3942 	541 	323
f 329 	327 	7570
f 327 	326 	7570
f 332 	7612 	333
f 333 	7612 	334
f 334 	7612 	335
f 510 	7779 	347
f 349 	347 	7779
f 352 	351 	7612
f 351 	349 	7612
f 353 	352 	7612
f 356 	353 	7612
f 357 	356 	7612
f 359 	357 	7612
f 359 	7612 	331
f 331 	7612 	332
f 509 	7779 	510
f 541 	3942 	542
f 542 	3929 	514
f 515 	3929 	517
f 517 	3929 	518
f 518 	3929 	520
f 521 	520 	7779
f 524 	7779 	508
f 523 	521 	7779
f 324 	538 	7570
f 534 	7570 	532
f 532 	7570 	535
f 535 	7570 	529
f 3161 	7884 	3173
f 3161 	5169 	7884
f 530 	7570 	538
f 529 	7570 	530
f 541 	540 	323
f 540 	538 	323
f 324 	323 	538
f 514 	3929 	515
f 5725 	7135 	5723
f 7135 	5725 	6007
f 5176 	7884 	5175
f 5176 	5177 	7884
f 7884 	5196 	5183
f 5187 	5188 	7884
f 3928 	3927 	7779
f 7570 	326 	324
f 335 	7612 	337
f 7779 	7612 	349
f 509 	378 	7779
f 508 	7779 	378
f 524 	523 	7779
f 7428 	7612 	7780
f 7781 	7612 	7782
f 7781 	7780 	7612
f 7788 	7782 	7612
f 7785 	7784 	966
f 7783 	966 	7784
f 7787 	966 	7783
f 7423 	7785 	966
f 7788 	7612 	7789
f 7786 	7800 	966
f 7787 	7786 	966
f 7792 	969 	7793
f 7803 	970 	7791
f 7796 	7795 	966
f 7798 	7797 	966
f 7799 	7798 	966
f 7803 	7802 	970
f 7797 	7796 	966
f 7795 	7794 	966
f 7794 	7793 	966
f 7801 	7812 	7779
f 7790 	7789 	7612
f 7790 	7612 	7804
f 7805 	7804 	7612
f 7808 	7612 	7809
f 7806 	7612 	7807
f 7807 	7612 	7808
f 7779 	7809 	7612
f 7809 	7779 	7813
f 7815 	7814 	7779
f 7814 	7813 	7779
f 7817 	7816 	7779
f 7816 	7815 	7779
f 7811 	7779 	7810
f 7818 	7779 	7811
f 7817 	7779 	7818
f 7812 	7810 	7779
f 7779 	970 	7802
f 7800 	7799 	966
f 7802 	7801 	7779
f 984 	971 	7779
f 7819 	7779 	7820
f 7821 	7820 	7779
f 7823 	7821 	7779
f 7827 	7823 	7779
f 7828 	7827 	7779
f 7829 	7828 	7779
f 7830 	7829 	7779
f 7830 	7779 	7832
f 7832 	7779 	7833
f 7833 	7779 	7834
f 7835 	7834 	3950
f 7835 	3950 	7826
f 6512 	4735 	3950
f 7826 	3950 	7825
f 4737 	4736 	1235
f 7825 	3950 	1235
f 7819 	984 	7779
f 3950 	7834 	7779
f 7791 	970 	7792
f 6513 	4735 	6512
f 7806 	7805 	7612
f 969 	7792 	970
f 966 	7793 	969
f 973 	972 	4494
f 975 	973 	4494
f 979 	4494 	972
f 989 	4494 	978
f 978 	4494 	979
f 6462 	5761 	5762
f 7854 	7626 	371
f 7621 	371 	7622
f 971 	970 	7779
f 1238 	4502 	1221
f 1208 	7859 	4494
f 985 	1208 	4494
f 986 	985 	4494
f 987 	986 	4494
f 988 	987 	4494
f 989 	988 	4494
f 1224 	1222 	7859
f 1224 	7859 	1208
f 4494 	7859 	4499
f 1221 	4502 	7859
f 4499 	7859 	4500
f 6520 	4735 	6513
f 1235 	3950 	4737
f 1221 	7859 	1222
f 7431 	7785 	7423
f 7780 	7427 	7428
f 5512 	7860 	5513
f 5512 	5525 	7860
f 3405 	3406 	7860
f 7860 	3406 	3408
f 7860 	5523 	5513
f 5537 	7860 	5536
f 5506 	7860 	5508
f 3396 	7860 	5506
f 3399 	7860 	3398
f 7860 	3408 	3410
f 7860 	3410 	3401
f 7860 	3401 	3402
f 7860 	3402 	3403
f 7860 	3403 	3404
f 7860 	3404 	3382
f 3383 	7860 	3382
f 3381 	7860 	3383
f 7167 	7860 	3381
f 7165 	7860 	7167
f 5487 	7860 	7165
f 5488 	7860 	5487
f 5489 	7860 	5488
f 5490 	7860 	5489
f 5491 	7860 	5490
f 5492 	7860 	5491
f 5517 	7860 	5492
f 5518 	7860 	5517
f 5519 	7860 	5518
f 5520 	7860 	5519
f 5521 	7860 	5520
f 5522 	7860 	5521
f 5523 	7860 	5522
f 5528 	7860 	5525
f 7860 	5528 	5529
f 7860 	5529 	5530
f 5514 	7860 	5530
f 5515 	7860 	5514
f 7860 	5515 	5516
f 7860 	5516 	5535
f 7860 	5535 	5536
f 6462 	5626 	5637
f 5638 	6462 	5637
f 6462 	5638 	5668
f 5654 	6462 	5671
f 5654 	5655 	6462
f 6462 	5658 	5659
f 5761 	6462 	5771
f 5739 	6462 	5744
f 5739 	5753 	6462
f 5730 	6462 	5729
f 5730 	5770 	6462
f 5770 	5771 	6462
f 5682 	6462 	5762
f 5682 	5626 	6462
f 7884 	5195 	5196
f 5764 	5679 	5680
f 7884 	5186 	5187
f 5677 	5682 	5762
f 5678 	6462 	5683
f 5678 	5679 	6462
f 5949 	5685 	5686
f 5687 	5776 	5688
f 5775 	5688 	5776
f 5688 	5775 	5684
f 5689 	5777 	5776
f 5689 	5776 	5687
f 7884 	5188 	5189
f 5190 	7884 	5189
f 7135 	5691 	5685
f 7884 	5190 	5197
f 5685 	5949 	7135
f 5946 	5945 	6010
f 5689 	7135 	5777
f 7135 	5689 	5690
f 3377 	5695 	7882
f 3754 	5484 	5483
f 3377 	7882 	7883
f 5696 	7882 	5695
f 7624 	7626 	7854
f 7622 	371 	7626
f 364 	371 	7623
f 7620 	371 	7621
f 7627 	7625 	7854
f 7624 	7854 	7625
f 5198 	7884 	5197
f 7631 	7630 	3635
f 7630 	7634 	3635
f 3636 	3635 	7634
f 7636 	7637 	3636
f 3637 	3636 	7637
f 5199 	7884 	5198
f 7854 	3637 	7637
f 7637 	7638 	7854
f 5200 	7884 	5199
f 7638 	7640 	7854
f 7854 	7640 	7627
f 5201 	7884 	5200
f 5202 	7884 	5201
f 7643 	7633 	3634
f 5203 	7884 	5202
f 2545 	7884 	5203
f 3635 	3634 	7633
f 2546 	7884 	2545
f 7632 	7631 	3635
f 2514 	7884 	2546
f 3237 	7884 	2514
f 3238 	7884 	3237
f 3165 	7884 	3238
f 3166 	7884 	3165
f 3167 	7884 	3166
f 7898 	7897 	8488
f 3173 	7884 	3172
f 5171 	7884 	5170
f 5172 	7884 	5171
f 5175 	7884 	5172
f 5178 	7884 	5177
f 5179 	7884 	5178
f 5180 	7884 	5179
f 5181 	7884 	5180
f 5191 	7884 	5181
f 5192 	7884 	5191
f 5193 	7884 	5192
f 5194 	7884 	5193
f 7884 	5194 	5195
f 5182 	7884 	5183
f 5184 	7884 	5182
f 5185 	7884 	5184
f 7884 	5185 	5186
f 3168 	7884 	3167
f 7884 	3168 	3169
f 3170 	7884 	3169
f 3171 	7884 	3170
f 7884 	3171 	3172
f 8488 	7854 	7899
f 7900 	7899 	7854
f 7917 	7900 	7854
f 7918 	7917 	7854
f 7919 	7918 	7854
f 7854 	7995 	8034
f 7927 	8488 	7897
f 7926 	8488 	7927
f 169 	7916 	173
f 7899 	7898 	8488
f 170 	7916 	169
f 7922 	8047 	8425
f 1896 	7916 	170
f 1897 	7916 	1896
f 8488 	7926 	7924
f 7925 	8425 	7924
f 7929 	8425 	7930
f 7930 	8425 	7925
f 7928 	7923 	8425
f 1904 	7916 	1903
f 7916 	1904 	1905
f 7916 	1905 	1907
f 1223 	7916 	175
f 1229 	7916 	1223
f 1230 	7916 	1229
f 1194 	7916 	1230
f 1201 	7916 	1199
f 388 	7916 	1201
f 389 	7916 	388
f 381 	7916 	389
f 382 	7916 	381
f 383 	7916 	382
f 385 	7916 	383
f 386 	7916 	385
f 387 	7916 	386
f 1192 	7916 	387
f 1115 	7916 	1192
f 1114 	7916 	1115
f 7916 	1114 	1116
f 1117 	7916 	1116
f 7916 	1206 	1207
f 7797 	7798 	8048
f 7791 	7792 	8048
f 8048 	7794 	7795
f 7795 	7796 	8048
f 7797 	8048 	7796
f 7432 	8048 	7431
f 8000 	7854 	7931
f 7993 	7854 	7994
f 7995 	7854 	7996
f 7997 	7854 	7998
f 7999 	7998 	7854
f 7803 	8048 	7802
f 7791 	8048 	7803
f 8048 	7817 	7818
f 8048 	7811 	7810
f 8000 	7999 	7854
f 7997 	7996 	7854
f 371 	8032 	8031
f 8030 	371 	8031
f 8032 	371 	8039
f 7920 	7919 	7854
f 371 	372 	8039
f 8040 	8039 	372
f 372 	390 	8040
f 8041 	8040 	390
f 390 	400 	8041
f 400 	398 	8043
f 395 	8425 	8047
f 8043 	8042 	400
f 8036 	8043 	398
f 398 	397 	8036
f 397 	396 	8037
f 7923 	7922 	8425
f 8037 	8036 	397
f 8042 	8041 	400
f 7928 	8425 	7929
f 394 	8425 	395
f 8047 	8046 	395
f 7921 	7920 	7854
f 8488 	7924 	8425
f 8034 	7921 	7854
f 7785 	8048 	7784
f 7785 	7431 	8048
f 7433 	8048 	7432
f 8048 	7433 	7434
f 8048 	7818 	7811
f 7815 	8048 	7814
f 8048 	7815 	7816
f 7812 	8048 	7810
f 7801 	8048 	7812
f 7802 	8048 	7801
f 7793 	8048 	7792
f 7794 	8048 	7793
f 7799 	8048 	7798
f 7800 	8048 	7799
f 7786 	8048 	7800
f 7787 	8048 	7786
f 7783 	8048 	7787
f 7784 	8048 	7783
f 7435 	8048 	7434
f 7436 	8048 	7435
f 7424 	8048 	7436
f 7425 	8048 	7424
f 7427 	8048 	7425
f 7780 	8048 	7427
f 7781 	8048 	7780
f 7782 	8048 	7781
f 7788 	8048 	7782
f 7789 	8048 	7788
f 7790 	8048 	7789
f 7804 	8048 	7790
f 7805 	8048 	7804
f 7806 	8048 	7805
f 7807 	8048 	7806
f 7808 	8048 	7807
f 7809 	8048 	7808
f 7813 	8048 	7809
f 8048 	7813 	7814
f 8048 	7816 	7817
f 4323 	982 	983
f 983 	968 	4323
f 980 	4323 	1200
f 4323 	980 	981
f 4323 	978 	979
f 979 	972 	4323
f 4323 	974 	976
f 4323 	976 	977
f 4323 	977 	1130
f 1130 	1193 	4323
f 1198 	4323 	1193
f 1198 	1200 	4323
f 981 	982 	4323
f 4323 	967 	969
f 969 	970 	4323
f 7916 	1207 	1209
f 7860 	3400 	3405
f 5507 	5508 	7860
f 7860 	3399 	3400
f 5538 	7860 	5537
f 5538 	5539 	7860
f 5507 	7860 	5539
f 7860 	3396 	3420
f 3420 	3398 	7860
f 8214 	3700 	3701
f 1118 	7916 	1117
f 7916 	1118 	1119
f 7916 	1119 	1120
f 1121 	7916 	1120
f 1122 	7916 	1121
f 1205 	7916 	1122
f 1206 	7916 	1205
f 7916 	1209 	1210
f 7916 	1210 	1211
f 1213 	7916 	1211
f 1220 	7916 	1213
f 7916 	1220 	173
f 7916 	1897 	1898
f 1898 	1900 	7916
f 1902 	1903 	7916
f 7916 	1907 	1908
f 7916 	1908 	1909
f 175 	7916 	1909
f 1195 	7916 	1194
f 1199 	7916 	1195
f 7993 	8127 	7931
f 7546 	8127 	7545
f 7547 	8127 	7546
f 7548 	8127 	7547
f 7549 	8127 	7548
f 8030 	8127 	7549
f 8040 	8127 	8039
f 8041 	8127 	8040
f 8042 	8127 	8041
f 8043 	8127 	8042
f 8036 	8127 	8043
f 8037 	8127 	8036
f 8038 	8127 	8037
f 8044 	8127 	8038
f 8045 	8127 	8044
f 8046 	8127 	8045
f 8047 	8127 	8046
f 7922 	8127 	8047
f 7923 	8127 	7922
f 7928 	8127 	7923
f 7929 	8127 	7928
f 7930 	8127 	7929
f 7925 	8127 	7930
f 8127 	7920 	7921
f 8034 	8127 	7921
f 7919 	7920 	8127
f 3699 	8214 	3698
f 3699 	3700 	8214
f 3702 	8214 	3701
f 3069 	8214 	3074
f 8214 	3069 	3157
f 3703 	8214 	3702
f 3678 	8214 	3682
f 3678 	3029 	8214
f 3693 	8214 	3694
f 3696 	8214 	3693
f 3697 	8214 	3696
f 3698 	8214 	3697
f 3704 	8214 	3703
f 3690 	8214 	3704
f 3679 	8214 	3690
f 3680 	8214 	3679
f 3681 	8214 	3680
f 3682 	8214 	3681
f 3081 	8214 	3079
f 3083 	8214 	3081
f 3084 	8214 	3083
f 3085 	8214 	3084
f 3086 	8214 	3085
f 3087 	8214 	3086
f 3088 	8214 	3087
f 3089 	8214 	3088
f 3090 	8214 	3089
f 3074 	8214 	3090
f 3714 	8214 	3157
f 3715 	8214 	3714
f 3716 	8214 	3715
f 3683 	8214 	3716
f 3685 	8214 	3683
f 3686 	8214 	3685
f 3687 	8214 	3686
f 3688 	8214 	3687
f 3689 	8214 	3688
f 3706 	8214 	3689
f 3707 	8214 	3706
f 8214 	3707 	3708
f 8214 	3708 	3709
f 3709 	3710 	8214
f 8214 	3710 	3711
f 8214 	3711 	3705
f 3694 	8214 	3705
f 2205 	2203 	1117
f 8221 	2205 	1117
f 6377 	4898 	5161
f 8220 	8221 	1117
f 5459 	5458 	8223
f 8224 	8223 	5458
f 8224 	5458 	8226
f 5458 	5233 	8228
f 8230 	8229 	5233
f 8226 	5458 	8227
f 8228 	8227 	5458
f 8232 	5233 	8233
f 5233 	5523 	8233
f 8235 	8233 	5523
f 8242 	3713 	3712
f 8243 	8242 	3712
f 8244 	8243 	3712
f 8245 	8244 	3712
f 8246 	1980 	8248
f 8250 	8248 	1980
f 8250 	1980 	6517
f 6377 	5161 	5162
f 6377 	5160 	5159
f 6377 	5162 	5163
f 6377 	5165 	5166
f 6377 	5167 	5160
f 6377 	3730 	3731
f 6377 	3731 	3720
f 6377 	5101 	4885
f 3718 	3719 	6377
f 6377 	4885 	4886
f 6377 	4886 	4673
f 4681 	6377 	4680
f 6377 	4681 	4682
f 6377 	3729 	3730
f 6377 	5163 	5165
f 4892 	6377 	4891
f 6377 	4892 	4893
f 4894 	6377 	4893
f 6377 	4894 	4896
f 7917 	8127 	7900
f 7917 	7918 	8127
f 7919 	8127 	7918
f 7924 	8127 	7925
f 7926 	8127 	7924
f 7927 	8127 	7926
f 7897 	8127 	7927
f 7898 	8127 	7897
f 7899 	8127 	7898
f 8127 	7899 	7900
f 8000 	8127 	7999
f 8127 	8000 	7931
f 5159 	3728 	6377
f 3727 	6377 	3728
f 3729 	6377 	3727
f 8127 	7994 	7545
f 7994 	8127 	7993
f 8039 	8127 	8032
f 8127 	7995 	7996
f 7997 	8127 	7996
f 7997 	7998 	8127
f 8127 	7998 	7999
f 8034 	7995 	8127
f 8127 	8030 	8031
f 8032 	8127 	8031
f 914 	912 	7042
f 238 	8408 	239
f 929 	241 	930
f 910 	930 	239
f 8424 	242 	928
f 8399 	239 	8400
f 8399 	8402 	239
f 8402 	7043 	239
f 7042 	239 	7043
f 8408 	238 	8406
f 165 	161 	8416
f 8409 	238 	8416
f 8400 	239 	8408
f 365 	8419 	161
f 8414 	8416 	161
f 8406 	238 	8409
f 8419 	365 	8417
f 365 	364 	7623
f 8417 	365 	8420
f 8415 	161 	8423
f 8423 	161 	8421
f 8421 	161 	8419
f 8414 	161 	8415
f 8420 	365 	7623
f 8426 	8483 	8425
f 554 	553 	8425
f 8427 	555 	8425
f 8429 	8428 	8425
f 555 	554 	8425
f 8428 	8427 	8425
f 8425 	670 	8430
f 8429 	8425 	8430
f 8431 	8430 	670
f 8432 	8431 	670
f 8433 	8432 	670
f 670 	682 	8433
f 8434 	8433 	682
f 682 	681 	8434
f 8435 	8434 	681
f 8424 	573 	680
f 8424 	586 	585
f 8437 	8436 	680
f 585 	573 	8424
f 1259 	8431 	8432
f 8431 	1259 	8430
f 1259 	8427 	8428
f 8428 	8429 	1259
f 8483 	8484 	8425
f 8426 	8425 	8485
f 2195 	2196 	8425
f 8485 	8425 	8486
f 8486 	8425 	8487
f 8487 	8425 	2196
f 8493 	8492 	8488
f 6510 	6509 	3940
f 8490 	6510 	3940
f 8491 	8490 	3940
f 8493 	8488 	8494
f 8488 	8425 	8496
f 8494 	8488 	8496
f 8498 	8496 	8425
f 8484 	8499 	8425
f 8498 	8425 	8499
# 3103 faces

g group_0_11107152

usemtl color_11107152
s 0

f 54 	52 	53
f 53 	52 	55
f 53 	55 	56
f 72 	80 	82
f 79 	70 	69
f 80 	72 	70
f 70 	79 	80
f 79 	86 	80
f 79 	84 	86
f 80 	88 	82
f 80 	86 	88
f 84 	91 	86
f 105 	106 	95
f 4351 	102 	92
f 104 	93 	92
f 102 	104 	92
f 104 	105 	93
f 104 	109 	105
f 95 	93 	105
f 107 	108 	102
f 108 	104 	102
f 108 	109 	104
f 105 	8173 	106
f 109 	8173 	105
f 8173 	8174 	106
f 107 	8176 	108
f 113 	114 	111
f 4368 	112 	110
f 111 	110 	113
f 112 	113 	110
f 191 	111 	114
f 92 	93 	112
f 112 	93 	113
f 113 	95 	114
f 93 	95 	113
f 95 	117 	114
f 116 	193 	115
f 115 	119 	116
f 118 	115 	194
f 117 	118 	194
f 119 	115 	118
f 119 	120 	116
f 84 	90 	91
f 88 	91 	8102
f 91 	88 	86
f 88 	8102 	8103
f 75 	121 	122
f 122 	305 	123
f 79 	69 	123
f 121 	124 	125
f 106 	117 	95
f 117 	189 	118
f 106 	189 	117
f 189 	190 	118
f 119 	118 	190
f 106 	8174 	189
f 189 	8175 	190
f 8174 	8175 	189
f 192 	193 	8290
f 191 	194 	192
f 114 	194 	191
f 192 	115 	193
f 115 	192 	194
f 114 	117 	194
f 6199 	7824 	196
f 195 	197 	198
f 195 	198 	196
f 197 	206 	207
f 197 	207 	198
f 7840 	200 	195
f 202 	200 	199
f 202 	197 	200
f 201 	202 	199
f 195 	200 	197
f 202 	206 	197
f 201 	205 	202
f 204 	205 	201
f 206 	202 	205
f 206 	211 	207
f 198 	207 	208
f 204 	209 	205
f 205 	209 	210
f 206 	205 	210
f 211 	206 	210
f 210 	213 	214
f 211 	210 	214
f 213 	210 	209
f 213 	209 	212
f 193 	116 	212
f 212 	215 	213
f 215 	212 	116
f 213 	216 	214
f 215 	216 	213
f 116 	120 	215
f 120 	8231 	215
f 215 	8231 	216
f 121 	125 	122
f 305 	122 	125
f 123 	305 	84
f 123 	84 	79
f 124 	307 	125
f 124 	306 	307
f 125 	307 	308
f 308 	305 	125
f 305 	90 	84
f 305 	308 	90
f 306 	8116 	54
f 306 	54 	307
f 310 	309 	314
f 313 	314 	309
f 314 	315 	310
f 310 	315 	311
f 312 	311 	316
f 315 	316 	311
f 317 	318 	313
f 313 	318 	314
f 320 	318 	317
f 317 	319 	320
f 320 	319 	773
f 771 	773 	319
f 318 	321 	314
f 314 	321 	315
f 315 	322 	316
f 321 	322 	315
f 322 	942 	316
f 612 	615 	322
f 318 	325 	321
f 513 	511 	512
f 511 	513 	516
f 519 	516 	513
f 513 	544 	525
f 513 	525 	519
f 513 	522 	544
f 526 	547 	522
f 533 	537 	565
f 539 	575 	537
f 574 	575 	539
f 539 	543 	576
f 545 	544 	522
f 546 	547 	526
f 548 	522 	547
f 522 	548 	545
f 549 	526 	550
f 546 	526 	549
f 526 	551 	550
f 552 	551 	533
f 526 	533 	551
f 571 	537 	572
f 533 	563 	552
f 533 	565 	563
f 568 	565 	537
f 537 	571 	568
f 572 	537 	575
f 574 	539 	576
f 543 	581 	576
f 543 	582 	581
f 320 	325 	318
f 325 	612 	321
f 321 	612 	322
f 917 	615 	612
f 638 	639 	625
f 638 	660 	639
f 625 	639 	624
f 639 	648 	624
f 660 	648 	639
f 624 	648 	626
f 648 	654 	626
f 626 	654 	627
f 627 	655 	630
f 654 	655 	627
f 655 	656 	630
f 630 	656 	732
f 657 	8088 	8076
f 657 	8087 	8088
f 638 	636 	659
f 659 	660 	638
f 660 	664 	648
f 8084 	654 	648
f 664 	8084 	648
f 8084 	8085 	654
f 655 	654 	8085
f 655 	8086 	656
f 660 	659 	4358
f 696 	700 	686
f 679 	692 	684
f 691 	692 	679
f 692 	696 	684
f 692 	624 	696
f 684 	696 	686
f 702 	625 	691
f 625 	692 	691
f 625 	624 	692
f 696 	626 	700
f 624 	626 	696
f 626 	627 	700
f 702 	638 	625
f 636 	638 	702
f 717 	705 	759
f 721 	705 	717
f 740 	721 	717
f 721 	740 	58
f 630 	732 	709
f 709 	732 	715
f 715 	736 	717
f 732 	736 	715
f 736 	740 	717
f 727 	721 	58
f 732 	657 	736
f 656 	657 	732
f 8076 	736 	657
f 736 	8076 	740
f 750 	757 	751
f 686 	700 	754
f 778 	754 	749
f 749 	755 	750
f 754 	755 	749
f 757 	750 	755
f 757 	759 	751
f 1009 	759 	705
f 766 	755 	754
f 766 	754 	700
f 766 	709 	755
f 757 	755 	709
f 757 	715 	759
f 715 	757 	709
f 715 	717 	759
f 700 	627 	766
f 766 	630 	709
f 627 	630 	766
f 5068 	774 	771
f 771 	776 	773
f 774 	776 	771
f 776 	778 	773
f 776 	686 	778
f 679 	684 	774
f 774 	684 	776
f 684 	686 	776
f 686 	754 	778
f 773 	909 	320
f 909 	325 	320
f 913 	612 	325
f 909 	913 	325
f 913 	917 	612
f 773 	778 	909
f 749 	913 	909
f 909 	778 	749
f 917 	913 	750
f 749 	750 	913
f 750 	751 	917
f 6541 	7752 	923
f 922 	924 	925
f 922 	925 	923
f 934 	925 	924
f 926 	927 	931
f 924 	933 	934
f 934 	926 	925
f 926 	934 	927
f 936 	933 	943
f 933 	937 	934
f 933 	936 	937
f 927 	934 	937
f 936 	1002 	1005
f 936 	1005 	937
f 927 	937 	944
f 937 	1005 	944
f 7763 	939 	922
f 941 	939 	938
f 941 	924 	939
f 922 	939 	924
f 940 	938 	312
f 312 	316 	940
f 940 	941 	938
f 316 	942 	940
f 940 	943 	941
f 942 	943 	940
f 941 	933 	924
f 941 	943 	933
f 322 	615 	942
f 942 	935 	943
f 615 	935 	942
f 943 	935 	936
f 615 	1001 	935
f 927 	944 	945
f 927 	945 	931
f 931 	945 	121
f 121 	945 	124
f 931 	121 	75
f 944 	1005 	947
f 944 	947 	990
f 947 	996 	990
f 944 	990 	945
f 124 	945 	990
f 946 	1009 	705
f 947 	946 	991
f 705 	991 	946
f 991 	996 	947
f 996 	306 	990
f 8116 	306 	996
f 990 	306 	124
f 705 	721 	991
f 727 	991 	721
f 991 	727 	996
f 996 	727 	8116
f 615 	917 	1001
f 1002 	936 	935
f 1002 	935 	1001
f 917 	751 	1001
f 1001 	1009 	1002
f 1009 	1001 	751
f 946 	1005 	1002
f 1002 	1009 	946
f 1005 	946 	947
f 751 	759 	1009
f 6504 	6505 	1429
f 6505 	6550 	1429
f 6560 	6562 	1429
f 1432 	1433 	1429
f 1433 	1434 	1429
f 1431 	1432 	1429
f 1434 	1436 	1429
f 1436 	1437 	1429
f 1438 	1439 	1429
f 1437 	1438 	1429
f 1439 	1547 	1429
f 1548 	1550 	1429
f 1550 	1551 	1429
f 1551 	1552 	1429
f 1552 	1553 	1429
f 1441 	1429 	1440
f 1553 	1440 	1429
f 1444 	1429 	1443
f 1458 	1429 	1444
f 1441 	1443 	1429
f 1460 	1461 	1429
f 1461 	1462 	1429
f 1458 	1460 	1429
f 1462 	1463 	1429
f 1444 	1443 	1453
f 1455 	1456 	1429
f 1455 	1429 	1457
f 1429 	1463 	1457
f 1457 	1598 	1455
f 1453 	1464 	1444
f 1464 	1465 	1444
f 1469 	1458 	1465
f 1465 	1458 	1444
f 1462 	1602 	1463
f 1548 	1429 	1547
f 1556 	1557 	1439
f 1547 	1439 	1557
f 1439 	1554 	1556
f 6654 	1562 	1560
f 1562 	6660 	513
f 512 	1873 	513
f 1432 	1563 	1564
f 1567 	1564 	1563
f 1568 	1565 	1564
f 1761 	1762 	1566
f 1568 	1564 	1567
f 1567 	1561 	1568
f 1561 	1841 	1568
f 1561 	1567 	1560
f 1847 	1568 	1842
f 1564 	1433 	1432
f 1433 	1565 	1434
f 1433 	1564 	1565
f 1563 	1432 	1431
f 1565 	1566 	1434
f 1434 	1566 	1436
f 1437 	1436 	1865
f 1864 	1865 	1436
f 1436 	1566 	1864
f 1941 	1942 	1437
f 1865 	1867 	1437
f 1455 	1598 	7013
f 1457 	1599 	1598
f 1469 	1764 	1458
f 1600 	1461 	1460
f 1881 	1882 	1460
f 1458 	1881 	1460
f 1878 	1881 	1458
f 1600 	1601 	1461
f 1461 	1601 	1462
f 1602 	1599 	1463
f 1463 	1599 	1457
f 1601 	1602 	1462
f 1768 	1964 	1766
f 1601 	1965 	1602
f 1690 	1743 	1689
f 1742 	1743 	1690
f 1690 	1691 	1744
f 1842 	1568 	1841
f 1860 	1841 	1561
f 1863 	1860 	1561
f 1692 	1727 	1688
f 1739 	1689 	1740
f 1688 	1734 	1692
f 1735 	1734 	1688
f 1736 	1735 	1689
f 1688 	1689 	1735
f 1689 	1739 	1736
f 1740 	1689 	1743
f 1742 	1690 	1744
f 1691 	1752 	1744
f 1691 	1753 	1752
f 1941 	1437 	1867
f 1843 	1844 	1568
f 1565 	1568 	1844
f 1568 	1847 	1845
f 1844 	1846 	1565
f 1762 	1868 	1566
f 1763 	1761 	1566
f 1438 	1437 	1945
f 1946 	1943 	1438
f 1878 	1458 	1764
f 1879 	1600 	1882
f 1600 	1460 	1882
f 1600 	1880 	1883
f 1765 	1766 	1600
f 1765 	1600 	1767
f 1600 	1883 	1767
f 2608 	1964 	1768
f 1561 	1560 	1861
f 1871 	1872 	1562
f 1861 	1863 	1561
f 1568 	1845 	1843
f 1566 	1565 	1846
f 1846 	1763 	1566
f 1862 	1560 	1869
f 1861 	1560 	1862
f 1562 	513 	1873
f 1873 	1871 	1562
f 1866 	1864 	1566
f 1566 	1868 	1866
f 1439 	1438 	1554
f 1944 	1438 	1943
f 1560 	1870 	1869
f 1872 	1870 	1562
f 1560 	1562 	1870
f 1880 	1600 	1879
f 1554 	1438 	1555
f 1944 	1555 	1438
f 1945 	1437 	1942
f 1438 	1945 	1946
f 1964 	1601 	1600
f 1965 	1601 	1964
f 1965 	1963 	1602
f 1967 	1966 	1965
f 1965 	1966 	1963
f 1602 	1963 	1599
f 1965 	1964 	1967
f 2586 	2587 	1967
f 1969 	1968 	1967
f 1969 	1970 	1968
f 1967 	1968 	1966
f 1971 	1970 	1969
f 2354 	2355 	1971
f 1973 	1972 	1971
f 1974 	1975 	1973
f 1975 	2099 	1973
f 1971 	1972 	1970
f 2100 	1973 	2099
f 2099 	2101 	2100
f 2102 	2100 	2101
f 1973 	2103 	1972
f 2100 	2103 	1973
f 2104 	2100 	2102
f 2103 	2100 	2105
f 2106 	2107 	2108
f 2107 	2109 	2108
f 2104 	2110 	2100
f 2106 	2108 	2110
f 2108 	2100 	2110
f 2108 	2105 	2100
f 2108 	2112 	2113
f 2108 	2109 	2112
f 2116 	2111 	2115
f 2113 	2115 	2111
f 2113 	2111 	2108
f 2117 	2118 	2120
f 2120 	2111 	2117
f 2116 	2117 	2111
f 2108 	2111 	2105
f 2118 	2119 	2120
f 2121 	2120 	2119
f 2123 	2120 	2122
f 2121 	2122 	2120
f 2124 	2120 	2125
f 2123 	2125 	2120
f 2125 	2126 	2124
f 1600 	1766 	1964
f 2327 	1964 	2360
f 2586 	1967 	2585
f 1964 	2585 	1967
f 1969 	1967 	2589
f 2589 	2591 	1969
f 2349 	2350 	1969
f 2351 	2353 	1971
f 1973 	1971 	2356
f 2128 	1973 	2127
f 2356 	2127 	1973
f 2128 	1974 	1973
f 8468 	2197 	8469
f 7558 	8470 	2201
f 7561 	7558 	2203
f 2201 	2202 	7558
f 2202 	2203 	7558
f 2205 	8221 	7561
f 7210 	7211 	2298
f 7214 	7215 	2298
f 7223 	7224 	2298
f 2301 	2302 	2298
f 2302 	2303 	2298
f 2300 	2301 	2298
f 2303 	2309 	2298
f 2309 	2310 	2298
f 1964 	2327 	2328
f 2585 	1964 	2328
f 2610 	2360 	1964
f 2589 	1967 	2587
f 2349 	1969 	2348
f 2350 	2351 	1971
f 1971 	1969 	2350
f 2354 	1971 	2353
f 2355 	2356 	1971
f 2357 	2358 	2298
f 2310 	2357 	2298
f 2610 	1964 	2608
f 2358 	2408 	2298
f 2409 	2410 	2298
f 2410 	2412 	2298
f 2412 	2413 	2298
f 2413 	2415 	2298
f 2367 	2298 	2366
f 2415 	2366 	2298
f 2371 	2298 	2370
f 2372 	2298 	2371
f 2367 	2370 	2298
f 2373 	2780 	2298
f 2780 	2797 	2298
f 2372 	2373 	2298
f 2797 	2798 	2298
f 2476 	2303 	2302
f 2300 	2473 	2301
f 2419 	2420 	2358
f 2417 	2419 	2358
f 2669 	2670 	2310
f 2417 	2358 	2357
f 2392 	2371 	2370
f 2392 	2393 	2371
f 2400 	2372 	2393
f 2409 	2298 	2408
f 2408 	2358 	2420
f 2653 	2652 	2439
f 2465 	2462 	7286
f 2661 	2659 	2462
f 2462 	2465 	2661
f 7300 	1688 	2471
f 2301 	2473 	2474
f 2301 	2474 	2302
f 2476 	2302 	2474
f 2476 	2477 	2303
f 2474 	2473 	2497
f 2474 	2498 	2476
f 2474 	2497 	2498
f 2477 	2309 	2303
f 2309 	2666 	2667
f 2477 	2666 	2309
f 2473 	7368 	2497
f 2497 	2447 	2498
f 2447 	2596 	2498
f 2637 	2477 	2476
f 2477 	2501 	2502
f 2502 	2673 	2477
f 2637 	2503 	2477
f 2503 	2501 	2477
f 2497 	2439 	2447
f 2667 	2310 	2309
f 2669 	2310 	2667
f 2510 	2372 	2400
f 2591 	2592 	1969
f 2592 	2348 	1969
f 2498 	2593 	2594
f 2650 	2596 	2447
f 2498 	2596 	2593
f 2653 	2439 	2679
f 2439 	2449 	2681
f 2655 	2650 	2447
f 2449 	2462 	2685
f 2685 	2682 	2449
f 2695 	2662 	2465
f 2697 	2698 	2471
f 2471 	2698 	2465
f 2697 	2471 	2700
f 2699 	2695 	2465
f 2634 	2635 	2498
f 2476 	2498 	2635
f 2498 	2636 	2634
f 2476 	2635 	2637
f 2636 	2498 	2594
f 2447 	2439 	2652
f 2681 	2679 	2439
f 2682 	2683 	2449
f 2652 	2655 	2447
f 2687 	2684 	2462
f 2660 	2462 	2659
f 2688 	2462 	2660
f 2699 	2465 	2698
f 2661 	2465 	2662
f 2471 	2701 	2700
f 2668 	2666 	2477
f 2357 	2310 	2670
f 2671 	2676 	2357
f 2670 	2671 	2357
f 2673 	2668 	2477
f 2417 	2357 	2418
f 2675 	2418 	2357
f 2675 	2357 	2674
f 2676 	2674 	2357
f 2683 	2681 	2449
f 2685 	2462 	2684
f 2462 	2688 	2687
f 2706 	2701 	2471
f 2471 	1688 	2706
f 1727 	2706 	1688
f 2298 	2771 	2772
f 2772 	7210 	2298
f 2298 	2779 	2771
f 2298 	2798 	2779
f 2809 	7600 	2771
f 2771 	2779 	2809
f 2797 	2780 	2817
f 2812 	2779 	2798
f 2809 	2779 	2812
f 2371 	2393 	2372
f 2815 	2780 	2373
f 2780 	2815 	2817
f 2821 	2812 	2798
f 2797 	2821 	2798
f 2797 	2817 	2821
f 543 	6447 	2834
f 2835 	582 	2834
f 2834 	582 	543
f 7864 	2836 	2834
f 2859 	2860 	2836
f 2863 	2861 	2836
f 2815 	2839 	2817
f 2821 	2845 	2812
f 2841 	2864 	2836
f 2839 	2846 	2817
f 2817 	2846 	2821
f 2843 	3007 	2841
f 2846 	2845 	2821
f 3008 	3006 	2841
f 2846 	2848 	2845
f 2850 	2846 	2839
f 2850 	2848 	2846
f 3015 	3016 	2851
f 2851 	3016 	2849
f 2834 	2857 	2835
f 2834 	2836 	2860
f 2856 	2854 	2850
f 2860 	2857 	2834
f 2836 	2862 	2863
f 2850 	2854 	2848
f 2859 	2836 	2861
f 2862 	2836 	2864
f 3008 	2841 	3007
f 3453 	3245 	2856
f 3030 	3028 	2843
f 2849 	3031 	2843
f 3032 	3031 	2849
f 3033 	2849 	3016
f 2868 	2856 	2869
f 3247 	2869 	2856
f 2856 	2868 	2854
f 3015 	2851 	3018
f 3033 	3034 	2849
f 3022 	3018 	2851
f 2977 	2976 	2869
f 2841 	2978 	2864
f 3049 	3050 	2977
f 2869 	2976 	2868
f 2977 	2979 	2976
f 2980 	2979 	2977
f 3006 	2978 	2841
f 3030 	2843 	3031
f 3037 	3036 	2980
f 2843 	3027 	3007
f 2843 	3028 	3027
f 3032 	2849 	3034
f 3036 	2979 	2980
f 3036 	7712 	2979
f 3053 	3057 	2980
f 3036 	3041 	7714
f 3041 	3037 	3060
f 3037 	3041 	3036
f 3062 	3063 	3041
f 3047 	7729 	3045
f 3047 	3045 	3072
f 3247 	3248 	2869
f 3255 	3256 	2869
f 3049 	2977 	3048
f 2980 	2977 	3050
f 3050 	3051 	2980
f 3037 	2980 	3057
f 3051 	3053 	2980
f 3037 	3054 	3055
f 3059 	3037 	3056
f 3054 	3037 	3057
f 3055 	3056 	3037
f 3037 	3059 	3060
f 3062 	3041 	3061
f 3060 	3061 	3041
f 3064 	3066 	3045
f 3064 	3045 	3063
f 3045 	3041 	3063
f 3068 	3045 	3066
f 3071 	3045 	3070
f 3068 	3070 	3045
f 3045 	3071 	3072
f 3239 	2839 	3427
f 2839 	3445 	2850
f 3448 	3450 	2850
f 3247 	2856 	3246
f 3252 	2869 	3248
f 3202 	2977 	3201
f 3202 	3048 	2977
f 2510 	3466 	2372
f 2815 	2373 	3489
f 2372 	3488 	2373
f 3489 	2373 	3488
f 2839 	2815 	3468
f 3471 	3472 	2839
f 2839 	3239 	3240
f 3448 	2850 	3445
f 2856 	2850 	3451
f 3451 	3452 	2856
f 3246 	2856 	3245
f 3253 	2869 	3252
f 3253 	3255 	2869
f 2977 	2869 	3256
f 3256 	3201 	2977
f 3467 	2815 	3470
f 3471 	2839 	3468
f 3240 	3445 	2839
f 3451 	2850 	3450
f 3453 	2856 	3452
f 3485 	2372 	3466
f 3487 	2815 	3486
f 3486 	2815 	3489
f 2815 	3467 	3468
f 3472 	3473 	2839
f 3427 	2839 	3473
f 3488 	2372 	3485
f 2815 	3487 	3490
f 3490 	3470 	2815
f 4003 	4004 	3571
f 3571 	4076 	2851
f 3571 	3573 	4006
f 4052 	4051 	3573
f 3571 	4006 	4003
f 4060 	4058 	3579
f 7948 	3582 	3579
f 7948 	3583 	3582
f 3579 	3582 	3584
f 3584 	4059 	3579
f 3873 	3582 	3583
f 3876 	4013 	3584
f 3583 	3874 	3873
f 3878 	3876 	3584
f 3582 	3873 	3878
f 3878 	3584 	3582
f 3880 	8161 	8158
f 8164 	8162 	3880
f 3880 	8165 	8164
f 3880 	3873 	3874
f 3878 	3873 	3880
f 3880 	3874 	3875
f 3880 	3876 	3878
f 3880 	4148 	3876
f 3880 	4149 	4150
f 4151 	4149 	3880
f 3880 	4166 	4165
f 3880 	4167 	4166
f 3880 	4168 	4167
f 3880 	4169 	4168
f 3880 	4170 	4169
f 4000 	4173 	3880
f 3880 	4001 	4000
f 3880 	4175 	4170
f 3880 	4002 	4001
f 3992 	1753 	3990
f 3990 	1753 	1691
f 7766 	3994 	3990
f 3995 	3998 	3991
f 4008 	4009 	3994
f 3995 	4366 	4314
f 3996 	3997 	3993
f 3996 	3991 	3998
f 3994 	7768 	3999
f 7768 	7769 	3999
f 3993 	3991 	3996
f 3998 	3995 	4002
f 4191 	4001 	4002
f 3880 	3997 	3996
f 3996 	3998 	3880
f 3880 	3998 	4002
f 4076 	3571 	4004
f 4076 	3023 	2851
f 4051 	4005 	3573
f 4005 	4006 	3573
f 3990 	4007 	3992
f 3990 	3994 	4009
f 4009 	4007 	3990
f 3999 	4019 	3994
f 4012 	3994 	4011
f 4012 	4010 	3994
f 4008 	3994 	4010
f 4055 	4053 	3579
f 4057 	4055 	3579
f 4060 	3579 	4059
f 3584 	4064 	4063
f 3584 	4013 	4014
f 3584 	4014 	4064
f 4141 	4140 	3876
f 3876 	4144 	4142
f 4141 	3876 	4142
f 4147 	4146 	3876
f 4148 	4147 	3876
f 3880 	4152 	4151
f 3999 	4020 	4019
f 4011 	3994 	4019
f 4023 	4021 	3999
f 4020 	3999 	4021
f 3573 	3579 	4054
f 4053 	4054 	3579
f 4054 	4052 	3573
f 4057 	3579 	4058
f 3584 	4063 	4059
f 3023 	3022 	2851
f 4013 	3876 	4140
f 4144 	3876 	4146
f 4148 	3880 	4150
f 3880 	4164 	4152
f 4314 	4180 	3995
f 4177 	3995 	4180
f 4177 	4183 	3995
f 4184 	4000 	4185
f 4184 	4187 	4000
f 4001 	4191 	4190
f 4192 	4001 	4190
f 4192 	4194 	4001
f 4000 	4001 	4185
f 4197 	4191 	4002
f 4197 	4002 	3995
f 4173 	4000 	4188
f 4164 	3880 	4165
f 4197 	3995 	4183
f 4188 	4000 	4187
f 4185 	4001 	4194
f 4175 	3880 	4173
f 6595 	6596 	5337
f 7562 	7563 	5337
f 5338 	4268 	5337
f 4418 	4419 	4258
f 4258 	4419 	4257
f 4433 	4434 	4257
f 4387 	4388 	4262
f 4388 	4423 	4262
f 4269 	5337 	4268
f 4266 	5337 	4269
f 6595 	5337 	4154
f 7560 	8223 	4154
f 4285 	4286 	5337
f 4286 	4287 	5337
f 4288 	5337 	4287
f 4284 	5337 	4288
f 4284 	5334 	5337
f 4404 	4403 	4265
f 4335 	4413 	4332
f 8069 	4333 	4332
f 4335 	4332 	4333
f 4333 	4334 	4338
f 4349 	4444 	4445
f 4335 	4350 	4349
f 4350 	4335 	4333
f 2126 	4408 	2124
f 4344 	2124 	4408
f 4397 	4398 	4345
f 4399 	4400 	4346
f 4334 	4339 	4338
f 4402 	4347 	4346
f 4347 	4393 	4394
f 4394 	4395 	4347
f 4352 	4353 	4354
f 4353 	4355 	4354
f 4350 	4358 	4349
f 4351 	4357 	102
f 4450 	4349 	4451
f 4338 	4350 	4333
f 4355 	4356 	4354
f 4354 	4357 	4351
f 4357 	4363 	107
f 102 	4357 	107
f 4360 	4363 	4357
f 4359 	4360 	4361
f 4359 	4362 	4360
f 4354 	4356 	4360
f 4361 	4360 	4356
f 4360 	4357 	4354
f 4358 	8091 	8090
f 4358 	8098 	8097
f 4365 	4366 	4364
f 4366 	4360 	4364
f 4362 	4364 	4360
f 4358 	8101 	8100
f 4365 	4367 	4366
f 4366 	4363 	4360
f 4358 	4338 	4339
f 4350 	4338 	4358
f 3993 	4363 	3991
f 4358 	4339 	4348
f 3993 	107 	4363
f 4358 	4453 	4454
f 4367 	4315 	4366
f 4315 	4314 	4366
f 4455 	4453 	4358
f 4358 	4454 	4451
f 4366 	3991 	4363
f 3995 	3991 	4366
f 4358 	4690 	4671
f 4358 	4691 	4690
f 4358 	4692 	4691
f 4358 	4695 	4692
f 4368 	4369 	112
f 4369 	92 	112
f 92 	4369 	4351
f 4354 	4373 	4352
f 4386 	4385 	4351
f 4351 	4369 	4386
f 4377 	4368 	4376
f 4345 	4344 	4410
f 4410 	4396 	4345
f 4358 	4698 	4695
f 4975 	4700 	4358
f 4358 	4980 	4975
f 4358 	4701 	4698
f 4401 	4402 	4346
f 4402 	4393 	4347
f 4380 	4368 	4377
f 4358 	4986 	4980
f 4369 	4368 	4381
f 4380 	4381 	4368
f 4417 	4022 	3999
f 3999 	4256 	4417
f 4381 	4382 	4369
f 4429 	4428 	4256
f 4384 	4369 	4382
f 4383 	4369 	4384
f 4354 	4385 	4373
f 4257 	4430 	4256
f 4354 	4351 	4385
f 4433 	4257 	4419
f 4383 	4386 	4369
f 4418 	4258 	4420
f 4421 	4420 	4258
f 4423 	4422 	4258
f 4262 	4423 	4258
f 4403 	4389 	4265
f 4389 	4390 	4265
f 4262 	4265 	4390
f 4390 	4387 	4262
f 4405 	4406 	4332
f 4413 	4414 	4332
f 4413 	4335 	4415
f 4349 	4391 	4335
f 4391 	4392 	4335
f 4416 	4335 	4392
f 4444 	4349 	4446
f 4447 	4446 	4349
f 4349 	4448 	4447
f 4358 	4451 	4349
f 4395 	4376 	4368
f 4368 	4347 	4395
f 4397 	4345 	4396
f 4346 	4345 	4398
f 4398 	4399 	4346
f 4358 	4457 	4455
f 4401 	4346 	4400
f 4265 	4332 	4406
f 4406 	4404 	4265
f 4407 	4405 	4332
f 4409 	4344 	4408
f 4332 	4411 	4407
f 4409 	4410 	4344
f 4414 	4412 	4332
f 4411 	4332 	4412
f 4416 	4415 	4335
f 4022 	4023 	3999
f 4431 	4430 	4257
f 4421 	4258 	4422
f 4256 	4426 	4417
f 4426 	4256 	4428
f 4429 	4256 	4430
f 4431 	4257 	4434
f 4391 	4349 	4445
f 4450 	4449 	4448
f 4448 	4349 	4450
f 4358 	4670 	4457
f 4701 	4358 	4700
f 4670 	4358 	4671
f 4824 	7729 	3047
f 309 	7729 	4824
f 4824 	4825 	313
f 4824 	313 	309
f 5156 	5157 	4824
f 317 	313 	4825
f 5142 	5143 	4825
f 317 	4825 	4828
f 319 	317 	4828
f 319 	4828 	4830
f 771 	319 	4830
f 771 	4830 	5068
f 4958 	4973 	4972
f 4958 	4972 	636
f 4965 	4966 	4967
f 4965 	4968 	4966
f 4972 	659 	636
f 4974 	4975 	4976
f 4974 	4977 	4975
f 4979 	4980 	4981
f 4982 	4980 	4979
f 4982 	4985 	4980
f 4985 	4976 	4980
f 4975 	4980 	4976
f 4966 	4973 	4958
f 4986 	4973 	4966
f 4980 	4986 	4981
f 4987 	4981 	4986
f 4987 	4966 	4968
f 4986 	4966 	4987
f 4358 	659 	4972
f 4973 	4358 	4972
f 4977 	4700 	4975
f 4986 	4358 	4973
f 5137 	5135 	4990
f 691 	4990 	4996
f 4996 	5002 	702
f 691 	4996 	702
f 4990 	691 	679
f 4992 	4996 	4990
f 5001 	4996 	4992
f 5007 	4958 	5002
f 5001 	5109 	5007
f 5110 	5007 	5109
f 5001 	5002 	4996
f 5007 	5002 	5001
f 5002 	4958 	636
f 5002 	636 	702
f 4966 	4958 	5007
f 5068 	5071 	774
f 5071 	679 	774
f 5071 	4990 	679
f 4990 	5071 	5137
f 3047 	5154 	4824
f 5147 	5148 	4828
f 5150 	5151 	4830
f 5082 	4967 	4966
f 4966 	5007 	5082
f 5086 	4992 	5085
f 5129 	5085 	4992
f 4992 	5086 	5088
f 5088 	5102 	4992
f 4992 	5102 	5103
f 5104 	5001 	5105
f 5109 	5001 	5106
f 5104 	5106 	5001
f 4992 	5103 	5001
f 5105 	5001 	5103
f 5007 	5110 	5113
f 5113 	5084 	5007
f 5084 	5082 	5007
f 5130 	5068 	5128
f 5071 	5068 	5131
f 3072 	3073 	3047
f 5144 	5146 	4828
f 4828 	5146 	5147
f 5128 	5068 	5127
f 5130 	5131 	5068
f 5071 	5131 	5132
f 5134 	5133 	5071
f 5132 	5134 	5071
f 4992 	5135 	5129
f 4992 	4990 	5135
f 5133 	5137 	5071
f 5156 	4824 	5154
f 5142 	4825 	5141
f 4828 	4825 	5143
f 5143 	5144 	4828
f 4830 	4828 	5148
f 5148 	5150 	4830
f 5151 	5127 	5068
f 5068 	4830 	5151
f 5154 	3047 	3073
f 4825 	4824 	5157
f 5157 	5141 	4825
f 5340 	5337 	5335
f 5334 	5335 	5337
f 4268 	5338 	5339
f 5336 	5337 	5340
f 8240 	3713 	4284
f 5337 	8246 	5338
f 8248 	5339 	5338
f 7559 	7560 	5337
f 5357 	5337 	5356
f 5355 	5356 	5337
f 5355 	5337 	5358
f 8496 	8498 	5355
f 8498 	8499 	5356
f 4266 	4267 	5337
f 6176 	6086 	6081
f 6154 	6158 	7445
f 6158 	6154 	6155
f 6155 	6162 	6163
f 6155 	6163 	6158
f 6164 	7443 	6163
f 6166 	6163 	6162
f 6187 	6191 	6162
f 6163 	6166 	6167
f 6163 	6167 	6164
f 6168 	6164 	6167
f 6191 	6201 	6166
f 6201 	6203 	6166
f 6151 	6172 	6175
f 6081 	6151 	6175
f 6176 	6081 	6175
f 6176 	6154 	6086
f 6171 	6180 	6172
f 6171 	6179 	6180
f 6172 	6180 	6181
f 6185 	6181 	6180
f 6172 	6181 	6175
f 6182 	6176 	6175
f 6182 	6175 	6181
f 6176 	6182 	6155
f 6155 	6182 	6162
f 6176 	6155 	6154
f 6179 	6184 	6185
f 6179 	6185 	6180
f 6181 	6185 	6186
f 6182 	6181 	6187
f 6186 	6187 	6181
f 6162 	6182 	6187
f 6198 	6188 	6184
f 6185 	6184 	6189
f 6188 	6189 	6184
f 6185 	6189 	6190
f 6185 	6190 	6186
f 6186 	6191 	6187
f 6186 	6190 	6191
f 6166 	6162 	6191
f 6188 	6244 	6189
f 6194 	6184 	6179
f 6198 	6184 	6194
f 6198 	6197 	6200
f 6199 	6200 	6197
f 6200 	6188 	6198
f 196 	6200 	6199
f 6167 	6166 	6203
f 6168 	6167 	6204
f 6203 	6204 	6167
f 6201 	6207 	6203
f 6201 	6205 	6207
f 6207 	8023 	6203
f 6205 	6209 	8124
f 6205 	8124 	6207
f 6200 	6263 	6188
f 6245 	6189 	6244
f 6190 	6189 	6246
f 6246 	6189 	6245
f 6190 	6246 	6247
f 6250 	6247 	6246
f 6190 	6247 	6191
f 6247 	6201 	6191
f 6263 	6248 	6244
f 6244 	6249 	6245
f 6244 	6248 	6249
f 6246 	6245 	6250
f 6249 	6250 	6245
f 6251 	6247 	6250
f 6247 	6251 	6205
f 6247 	6205 	6201
f 6209 	6205 	6251
f 6249 	6252 	6250
f 6249 	6258 	6252
f 6250 	6252 	6253
f 6250 	6253 	6251
f 6209 	6251 	6253
f 6258 	6254 	6252
f 6252 	6254 	6255
f 6252 	6255 	6253
f 6248 	6257 	6258
f 6257 	6260 	6258
f 6248 	6258 	6249
f 6260 	6254 	6258
f 196 	6263 	6200
f 6244 	6188 	6263
f 196 	198 	6263
f 6264 	6263 	198
f 6263 	6264 	6248
f 6264 	6257 	6248
f 6264 	208 	6257
f 208 	6264 	198
f 6351 	513 	6660
f 6350 	6875 	6352
f 6350 	6353 	6351
f 6350 	6352 	6353
f 6351 	6353 	522
f 6353 	526 	522
f 6351 	522 	513
f 6355 	6353 	6352
f 6352 	6354 	6355
f 526 	6353 	6355
f 533 	526 	6355
f 6356 	6363 	6357
f 6361 	6363 	6356
f 6357 	6363 	6354
f 6357 	6354 	6352
f 6361 	6372 	6363
f 6371 	6361 	6359
f 6372 	6361 	6371
f 6354 	6363 	6373
f 6373 	6363 	6372
f 6354 	6373 	6375
f 6373 	6405 	6407
f 6373 	6407 	6375
f 6375 	6355 	6354
f 6375 	533 	6355
f 533 	6375 	537
f 6371 	6404 	6372
f 6371 	6379 	6404
f 6372 	6404 	6405
f 6373 	6372 	6405
f 6405 	6440 	6407
f 537 	6375 	6407
f 6432 	6433 	6379
f 6404 	6379 	6433
f 6405 	6434 	6440
f 6407 	6440 	539
f 6407 	539 	537
f 6404 	6433 	6434
f 6433 	6445 	6446
f 6433 	6446 	6434
f 6404 	6434 	6405
f 6440 	6447 	539
f 6493 	6443 	6432
f 6433 	6432 	6445
f 6443 	6445 	6432
f 6446 	6447 	6440
f 6446 	6440 	6434
f 543 	539 	6447
f 6443 	7861 	6445
f 6445 	7863 	6446
f 6447 	6446 	7864
f 7863 	7864 	6446
f 7864 	2834 	6447
f 6371 	6359 	6451
f 6454 	6453 	6468
f 6466 	6465 	6491
f 6486 	6491 	6465
f 6469 	6455 	6454
f 6454 	6468 	6469
f 6455 	6469 	6470
f 6468 	6472 	6469
f 6468 	6471 	6472
f 6469 	6472 	6473
f 6469 	6473 	6470
f 6470 	6474 	7599
f 6470 	6473 	6474
f 6500 	6535 	6471
f 6475 	6476 	6471
f 6472 	6485 	6473
f 6473 	6485 	6486
f 6474 	6473 	6486
f 6472 	6471 	6476
f 6479 	5337 	6478
f 6480 	5337 	6479
f 6481 	5337 	6480
f 6482 	5337 	6481
f 6483 	6484 	5337
f 5358 	5337 	6484
f 6483 	5337 	6482
f 6477 	6478 	5337
f 6477 	5337 	4267
f 6485 	6472 	6476
f 6490 	6486 	6485
f 6483 	8492 	6484
f 6475 	6489 	6476
f 6475 	6487 	6489
f 7442 	6452 	6488
f 6489 	6490 	6485
f 6489 	6485 	6476
f 6451 	6488 	6379
f 6486 	6490 	6491
f 6451 	6379 	6371
f 6488 	6452 	6493
f 6452 	6492 	6493
f 6551 	6490 	6489
f 6488 	6432 	6379
f 6551 	6554 	6490
f 6488 	6493 	6432
f 6492 	6494 	6496
f 6492 	6496 	6493
f 6493 	6496 	6443
f 6453 	6497 	6468
f 6495 	6500 	6497
f 6495 	6499 	6500
f 6497 	6500 	6471
f 6503 	6504 	1429
f 6497 	6471 	6468
f 8493 	8494 	6484
f 6519 	6521 	4266
f 6478 	3950 	6479
f 6508 	6479 	3950
f 6508 	6509 	6480
f 6508 	6480 	6479
f 8490 	6481 	6510
f 6480 	6509 	6481
f 6510 	6481 	6509
f 8490 	6482 	6481
f 6482 	8491 	6483
f 8493 	6484 	8492
f 6477 	4267 	6512
f 6477 	3950 	6478
f 6512 	3950 	6477
f 5336 	8245 	5337
f 8248 	5338 	8246
f 5339 	6516 	4268
f 6517 	6516 	5339
f 4269 	4268 	6518
f 6516 	6518 	4268
f 4269 	6519 	4266
f 4269 	6518 	6519
f 6521 	6520 	4266
f 4267 	4266 	6520
f 6520 	6513 	4267
f 6513 	6512 	4267
f 6499 	6534 	6535
f 6499 	6535 	6500
f 6475 	6471 	6535
f 6540 	6498 	7748
f 6534 	6499 	6498
f 6534 	6498 	6540
f 6540 	6536 	6534
f 6535 	6534 	6537
f 6536 	6537 	6534
f 6535 	6537 	6487
f 6536 	6598 	6537
f 6535 	6487 	6475
f 6537 	6548 	6487
f 6540 	6539 	6542
f 6541 	6542 	6539
f 6542 	6536 	6540
f 923 	6603 	6542
f 923 	6542 	6541
f 6547 	6554 	7989
f 6487 	6548 	6549
f 6556 	6549 	6548
f 6549 	6489 	6487
f 6549 	6551 	6489
f 6553 	1429 	6552
f 6550 	6552 	1429
f 6491 	6490 	6554
f 6466 	6491 	6547
f 6554 	6547 	6491
f 6553 	6555 	1429
f 6558 	1429 	6557
f 6555 	6557 	1429
f 6559 	6549 	6556
f 6558 	6560 	1429
f 6549 	6559 	6561
f 6549 	6561 	6551
f 6564 	1429 	6563
f 6562 	6563 	1429
f 6551 	6565 	6554
f 6551 	6561 	6565
f 6564 	6566 	1429
f 6565 	7989 	6554
f 1431 	1429 	6567
f 6566 	6567 	1429
f 6550 	6973 	6552
f 6556 	6571 	6581
f 6556 	6581 	6559
f 6559 	6582 	6561
f 6559 	6581 	6582
f 6561 	6582 	66
f 6561 	66 	6565
f 6571 	6594 	69
f 122 	6594 	75
f 6594 	123 	69
f 6571 	69 	6581
f 6581 	69 	70
f 6581 	70 	6582
f 6582 	72 	66
f 6582 	70 	72
f 6597 	5337 	6596
f 8130 	5337 	6597
f 123 	6594 	122
f 6542 	6603 	6536
f 6599 	6537 	6598
f 6548 	6537 	6599
f 6603 	6601 	6598
f 6598 	6602 	6599
f 6598 	6601 	6602
f 6602 	6556 	6599
f 6548 	6599 	6556
f 6600 	6604 	6601
f 6601 	6604 	6605
f 6601 	6605 	6602
f 6602 	6571 	6556
f 6602 	6605 	6571
f 6598 	6536 	6603
f 923 	925 	6603
f 6600 	6603 	925
f 6603 	6600 	6601
f 926 	6600 	925
f 6604 	6600 	926
f 931 	6604 	926
f 6604 	75 	6605
f 6604 	931 	75
f 6605 	6594 	6571
f 6605 	75 	6594
f 1429 	1456 	6647
f 1429 	6647 	6648
f 6648 	6503 	1429
f 6503 	6648 	7022
f 6660 	6654 	6653
f 6651 	6657 	6652
f 6652 	6657 	6659
f 6652 	6659 	6653
f 6660 	6653 	6659
f 6654 	6660 	1562
f 6660 	6659 	6351
f 6677 	6666 	6665
f 6668 	1563 	1431
f 7007 	6673 	6664
f 6664 	6675 	6665
f 6664 	6673 	6675
f 6665 	6675 	6677
f 6677 	6680 	6666
f 6667 	6666 	6680
f 6667 	6680 	6681
f 6667 	6681 	6668
f 6668 	6682 	1563
f 6668 	6681 	6682
f 1567 	1563 	6682
f 6677 	6675 	6651
f 6760 	6651 	6675
f 6677 	6652 	6680
f 6677 	6651 	6652
f 6681 	6680 	6653
f 6680 	6652 	6653
f 6681 	6653 	6654
f 6681 	6654 	6682
f 6682 	6654 	1560
f 6682 	1560 	1567
f 6760 	6694 	6651
f 6760 	6691 	6694
f 6651 	6694 	6657
f 6686 	6873 	6691
f 6686 	6871 	6873
f 6691 	6874 	6694
f 6691 	6873 	6874
f 6694 	6874 	6875
f 6875 	6657 	6694
f 6673 	7007 	6749
f 6755 	6761 	6756
f 6748 	6758 	6749
f 6748 	6756 	6758
f 6749 	6758 	6759
f 6749 	6759 	6673
f 6673 	6760 	6675
f 6673 	6759 	6760
f 6762 	6758 	6756
f 6756 	6761 	6762
f 6686 	6759 	6758
f 6686 	6758 	6762
f 6759 	6686 	6691
f 6759 	6691 	6760
f 6871 	6686 	6762
f 6762 	6905 	6871
f 6874 	6356 	6357
f 6657 	6350 	6659
f 6657 	6875 	6350
f 6351 	6659 	6350
f 6871 	6883 	6873
f 6874 	6873 	6356
f 6873 	6883 	6356
f 6875 	6874 	6357
f 6875 	6357 	6352
f 6359 	6883 	6912
f 6883 	6359 	6361
f 6883 	6361 	6356
f 6896 	6761 	6755
f 6761 	6896 	6960
f 6959 	6960 	6896
f 6960 	6909 	6905
f 6905 	6912 	6871
f 6905 	6909 	6912
f 6912 	6883 	6871
f 6909 	6919 	6912
f 6909 	6916 	6919
f 6359 	6912 	6919
f 6916 	7442 	6919
f 6919 	6451 	6359
f 6958 	6966 	6959
f 6761 	6960 	6905
f 6761 	6905 	6762
f 6958 	7194 	6961
f 6966 	6958 	6961
f 6969 	6966 	6961
f 6959 	6966 	6967
f 6960 	6959 	6967
f 6909 	6960 	6967
f 6961 	6968 	6969
f 6915 	6967 	6966
f 6969 	6915 	6966
f 6967 	6915 	6916
f 6967 	6916 	6909
f 6086 	6154 	6968
f 6968 	7445 	6969
f 6552 	6973 	6974
f 6552 	6974 	6553
f 6976 	6555 	6977
f 6974 	6977 	6553
f 6555 	6553 	6977
f 6978 	6557 	6555
f 6976 	6978 	6555
f 6557 	6978 	7005
f 7005 	6558 	6557
f 6558 	7006 	6560
f 6558 	7005 	7006
f 6560 	7007 	6562
f 6560 	7006 	7007
f 6562 	6664 	6563
f 6664 	6562 	7007
f 6664 	6665 	6563
f 6563 	6665 	6564
f 6666 	6566 	6564
f 6564 	6665 	6666
f 6566 	6666 	6567
f 6667 	6567 	6666
f 6567 	6667 	6668
f 6567 	6668 	1431
f 6973 	7025 	7139
f 6974 	6973 	7126
f 7126 	6973 	7139
f 7127 	6977 	6974
f 6976 	7129 	6978
f 7005 	6748 	7006
f 7006 	6749 	7007
f 7006 	6748 	6749
f 7449 	7450 	1598
f 1455 	7013 	1456
f 1456 	7016 	6647
f 7015 	6647 	7016
f 7013 	7016 	1456
f 7015 	7019 	6647
f 6647 	7019 	6648
f 6648 	7019 	7022
f 6503 	7022 	7023
f 6503 	7023 	6504
f 6504 	7023 	7024
f 6504 	7024 	6505
f 6505 	7024 	7025
f 6505 	7025 	6550
f 7025 	6973 	6550
f 1599 	7449 	1598
f 7013 	1598 	7450
f 7013 	7114 	7016
f 7450 	7114 	7013
f 7016 	7116 	7015
f 7114 	7116 	7016
f 7015 	7117 	7019
f 7117 	7015 	7116
f 7117 	7118 	7019
f 7019 	7118 	7022
f 7024 	7023 	7137
f 7117 	7140 	7118
f 6974 	7126 	7127
f 6977 	7127 	7128
f 7128 	6976 	6977
f 7129 	6976 	7128
f 7130 	7005 	6978
f 7130 	6978 	7129
f 7005 	7130 	6748
f 7126 	7131 	7132
f 7126 	7132 	7127
f 7128 	7127 	7133
f 7132 	7133 	7127
f 7128 	7134 	7129
f 7133 	7134 	7128
f 6755 	7130 	7129
f 6755 	7129 	7134
f 6756 	7130 	6755
f 6896 	6755 	7134
f 7130 	6756 	6748
f 7133 	7164 	7134
f 7022 	7136 	7023
f 7118 	7136 	7022
f 7136 	7137 	7023
f 7024 	7138 	7025
f 7024 	7137 	7138
f 7138 	7139 	7025
f 7141 	7136 	7118
f 7118 	7140 	7141
f 7136 	7141 	7142
f 7136 	7142 	7137
f 7138 	7137 	7144
f 7137 	7142 	7144
f 7138 	7144 	7146
f 7144 	7151 	7146
f 7138 	7146 	7139
f 7139 	7146 	7131
f 7143 	7147 	1689
f 7147 	1690 	1689
f 7139 	7131 	7126
f 7143 	1689 	1688
f 7141 	7539 	7148
f 7141 	7148 	7142
f 7142 	7148 	7150
f 7144 	7150 	7151
f 7154 	7131 	7146
f 7146 	7151 	7154
f 7148 	7293 	7150
f 7150 	7144 	7142
f 7156 	7132 	7131
f 7131 	7154 	7156
f 7132 	7156 	7160
f 7160 	7133 	7132
f 7164 	7133 	7160
f 7134 	7164 	6896
f 7366 	7150 	7293
f 7367 	7151 	7150
f 7154 	7193 	7156
f 6958 	7164 	7160
f 7164 	6958 	6959
f 7164 	6959 	6896
f 7192 	7154 	7151
f 7193 	7154 	7192
f 7194 	7160 	7156
f 7194 	7156 	7193
f 7160 	7194 	6958
f 7198 	7194 	7193
f 7192 	7196 	7193
f 7193 	7196 	7198
f 6961 	7194 	7198
f 7203 	7147 	7145
f 7145 	7201 	7203
f 7203 	1690 	7147
f 7203 	7207 	1690
f 1691 	1690 	7207
f 7200 	7583 	7204
f 7200 	7204 	7206
f 7204 	7765 	7206
f 7200 	7206 	7201
f 7201 	7206 	7203
f 7207 	7203 	7206
f 7204 	7764 	7765
f 7207 	7206 	7766
f 7766 	3990 	7207
f 7213 	2298 	7212
f 7211 	7212 	2298
f 7213 	7214 	2298
f 7218 	2298 	7216
f 7215 	7216 	2298
f 7218 	7219 	2298
f 7221 	2298 	7220
f 7219 	7220 	2298
f 7221 	7223 	2298
f 7226 	2298 	7225
f 7224 	7225 	2298
f 7226 	7227 	2298
f 2300 	2298 	7228
f 7227 	7228 	2298
f 7214 	7453 	7215
f 7215 	7455 	7216
f 7218 	7459 	7219
f 7221 	7463 	7223
f 7368 	7257 	2439
f 7278 	7257 	7239
f 7368 	2439 	2497
f 7235 	7270 	7237
f 7235 	7283 	7270
f 7237 	7270 	7276
f 7237 	7276 	7239
f 7239 	7276 	7278
f 7257 	7278 	2449
f 7278 	2462 	2449
f 7278 	7286 	2462
f 7257 	2449 	2439
f 7276 	7285 	7286
f 7278 	7276 	7286
f 7280 	7281 	7476
f 7280 	7314 	7281
f 7313 	7314 	7280
f 7281 	7318 	7283
f 7284 	7270 	7283
f 7276 	7270 	7285
f 7196 	6086 	7198
f 7270 	7284 	7285
f 6081 	6086 	7196
f 7285 	7295 	7286
f 7198 	6086 	6968
f 6968 	6961 	7198
f 7292 	7285 	7284
f 7295 	7285 	7292
f 2465 	7286 	7295
f 7295 	2471 	2465
f 7300 	7295 	7292
f 7292 	7299 	7300
f 2471 	7295 	7300
f 7313 	7280 	7480
f 7318 	7281 	7314
f 7318 	7284 	7283
f 7313 	7328 	7314
f 7314 	7329 	7318
f 7314 	7328 	7329
f 7318 	7331 	7284
f 7318 	7329 	7331
f 7331 	7292 	7284
f 7328 	7337 	7342
f 7328 	7342 	7329
f 7329 	7343 	7331
f 7342 	7343 	7329
f 7331 	7343 	7299
f 7331 	7299 	7292
f 7354 	7588 	7337
f 7342 	7579 	7343
f 7580 	7299 	7343
f 7349 	7313 	7480
f 7349 	7351 	7313
f 7349 	7350 	7351
f 7351 	7328 	7313
f 7350 	7354 	7351
f 7350 	7353 	7354
f 7351 	7337 	7328
f 7351 	7354 	7337
f 7585 	7586 	7352
f 7353 	7587 	7354
f 7359 	7365 	7360
f 2300 	7360 	2473
f 7355 	7470 	7361
f 7355 	7361 	7356
f 7356 	7362 	7357
f 7356 	7361 	7362
f 7357 	7362 	7363
f 7358 	7357 	7363
f 7364 	7358 	7363
f 7363 	7237 	7364
f 7364 	7359 	7358
f 7359 	7364 	7365
f 7360 	7368 	2473
f 7367 	7150 	7366
f 7360 	7365 	7368
f 7367 	7192 	7151
f 7293 	7369 	7366
f 7366 	7371 	7367
f 7366 	7369 	7371
f 7367 	7371 	7407
f 7367 	7407 	7192
f 7407 	7196 	7192
f 7369 	7412 	7371
f 7369 	7411 	7412
f 6151 	7407 	7371
f 6151 	7371 	7412
f 7407 	6151 	6081
f 6081 	7196 	7407
f 6172 	6151 	7412
f 7441 	6916 	6915
f 6915 	7440 	7441
f 7442 	6916 	7441
f 7441 	6452 	7442
f 6919 	7442 	6451
f 7440 	7443 	7444
f 7444 	7441 	7440
f 6452 	7441 	7444
f 7442 	6488 	6451
f 7443 	7446 	7444
f 7446 	6492 	7444
f 6968 	6154 	7445
f 7440 	6915 	6969
f 7440 	6969 	7445
f 7445 	6158 	7443
f 7445 	7443 	7440
f 6158 	6163 	7443
f 7446 	7443 	6164
f 6168 	7447 	6164
f 6452 	7444 	6492
f 7446 	6164 	7447
f 7446 	7447 	6494
f 7446 	6494 	6492
f 7235 	7363 	7362
f 6168 	6204 	7447
f 7235 	7362 	7478
f 7237 	7363 	7235
f 6171 	7412 	7411
f 7411 	7448 	6171
f 7364 	7239 	7365
f 7412 	6171 	6172
f 7364 	7237 	7239
f 7365 	7239 	7257
f 7448 	6179 	6171
f 7365 	7257 	7368
f 1599 	1963 	7449
f 7449 	1963 	7451
f 7213 	7212 	7605
f 1963 	1966 	7451
f 7449 	7452 	7450
f 7451 	7452 	7449
f 7214 	7606 	7453
f 7452 	7454 	7450
f 7464 	7452 	7451
f 7450 	7454 	7114
f 7453 	7455 	7215
f 7454 	7456 	7114
f 7216 	7455 	7457
f 7216 	7457 	7218
f 7116 	7114 	7456
f 7457 	7459 	7218
f 7458 	7219 	7459
f 7219 	7460 	7220
f 7219 	7458 	7460
f 7220 	7460 	7461
f 7536 	7532 	7456
f 7220 	7461 	7221
f 7451 	1966 	7462
f 7463 	7221 	7461
f 1966 	1968 	7462
f 7462 	7464 	7451
f 7355 	7224 	7223
f 7355 	7223 	7463
f 7224 	7356 	7225
f 7355 	7356 	7224
f 7356 	7357 	7225
f 7465 	7454 	7452
f 7452 	7464 	7465
f 7225 	7357 	7226
f 7226 	7358 	7227
f 7542 	7465 	7464
f 7358 	7226 	7357
f 7227 	7358 	7228
f 7359 	7228 	7358
f 7534 	7456 	7454
f 7228 	7359 	7360
f 7360 	2300 	7228
f 7456 	7534 	7536
f 7455 	7453 	7481
f 7483 	7459 	7457
f 7463 	7470 	7355
f 7461 	7468 	7469
f 7471 	7468 	7485
f 7461 	7469 	7463
f 7470 	7463 	7469
f 7468 	7471 	7472
f 7468 	7472 	7469
f 7469 	7474 	7470
f 7469 	7472 	7474
f 7470 	7474 	7476
f 7476 	7361 	7470
f 7361 	7478 	7362
f 7476 	7478 	7361
f 7471 	7479 	7472
f 7480 	7474 	7472
f 7472 	7479 	7480
f 7280 	7476 	7474
f 7474 	7480 	7280
f 7476 	7281 	7478
f 7283 	7235 	7478
f 7478 	7281 	7283
f 7455 	7482 	7457
f 7455 	7481 	7482
f 7482 	7483 	7457
f 7459 	7483 	7484
f 7483 	7488 	7484
f 7459 	7484 	7458
f 7458 	7484 	7485
f 7484 	7489 	7485
f 7458 	7485 	7460
f 7468 	7461 	7460
f 7460 	7485 	7468
f 7481 	7486 	7482
f 7482 	7486 	7487
f 7482 	7487 	7483
f 7488 	7483 	7487
f 7489 	7484 	7488
f 7471 	7485 	7489
f 7487 	7492 	7488
f 7489 	7494 	7471
f 7491 	7487 	7486
f 7486 	7490 	7491
f 7492 	7487 	7491
f 7488 	7492 	7493
f 7492 	7495 	7493
f 7493 	7489 	7488
f 7489 	7493 	7494
f 7494 	7479 	7471
f 7490 	7504 	7491
f 7505 	7492 	7491
f 7493 	7495 	7496
f 7493 	7496 	7494
f 7496 	7497 	7494
f 7349 	7480 	7479
f 7505 	7498 	7495
f 7495 	7498 	7499
f 7495 	7499 	7496
f 7479 	7494 	7497
f 7479 	7497 	7349
f 7496 	7499 	7500
f 7496 	7500 	7497
f 7497 	7350 	7349
f 7497 	7500 	7350
f 7501 	7498 	7508
f 7498 	7501 	7502
f 7498 	7502 	7499
f 7352 	7500 	7499
f 7352 	7499 	7502
f 7500 	7352 	7353
f 7500 	7353 	7350
f 6470 	7501 	6455
f 7504 	7490 	7503
f 7491 	7504 	7505
f 7495 	7492 	7505
f 7503 	7507 	7504
f 7506 	7507 	7503
f 7504 	7507 	7508
f 7504 	7508 	7505
f 7462 	1968 	7540
f 7464 	7541 	7542
f 7456 	7532 	7116
f 7116 	7532 	7117
f 7532 	7140 	7117
f 7465 	7534 	7454
f 7532 	7538 	7140
f 7536 	7538 	7532
f 7140 	7538 	7539
f 7140 	7539 	7141
f 7536 	7552 	7553
f 7536 	7553 	7538
f 7539 	7293 	7148
f 1968 	1970 	7540
f 7462 	7541 	7464
f 7541 	7462 	7540
f 7543 	7540 	1970
f 1972 	7543 	1970
f 7543 	7544 	7540
f 7540 	7544 	7541
f 7542 	7541 	7555
f 7555 	7556 	7542
f 1972 	7550 	7543
f 7550 	7551 	7543
f 7543 	7551 	7544
f 7554 	7534 	7465
f 7534 	7554 	7552
f 7534 	7552 	7536
f 7553 	7552 	7572
f 7553 	7572 	7573
f 7553 	7573 	7571
f 7542 	7554 	7465
f 7544 	7555 	7541
f 4154 	5337 	7560
f 7559 	5337 	7563
f 7556 	7554 	7542
f 7554 	7556 	7564
f 7556 	7569 	7564
f 8220 	8222 	7562
f 8222 	5459 	7563
f 7559 	5459 	7560
f 7564 	7552 	7554
f 7561 	8220 	7562
f 7563 	7562 	8222
f 7544 	7565 	7555
f 7551 	7565 	7544
f 7565 	7568 	7555
f 7556 	7555 	7568
f 7568 	7569 	7556
f 7569 	7575 	7564
f 7569 	7751 	7575
f 7550 	1972 	2103
f 7550 	2103 	7720
f 7538 	7571 	7539
f 7538 	7553 	7571
f 7571 	7293 	7539
f 7564 	7572 	7552
f 7572 	7576 	7573
f 7505 	7508 	7498
f 7571 	7573 	7574
f 7573 	7577 	7574
f 7506 	6453 	6454
f 7571 	7574 	7293
f 7506 	6454 	7507
f 7574 	7369 	7293
f 7507 	6455 	7508
f 7572 	7564 	7575
f 7507 	6454 	6455
f 7576 	7572 	7575
f 7508 	6455 	7501
f 7577 	7573 	7576
f 7578 	7342 	7337
f 7574 	7577 	7411
f 7578 	7337 	7588
f 7579 	7342 	7578
f 7574 	7411 	7369
f 7579 	7580 	7343
f 7299 	7580 	7143
f 7580 	7145 	7147
f 7580 	7147 	7143
f 7299 	7143 	7300
f 7300 	7143 	1688
f 7588 	7581 	7578
f 7578 	7582 	7579
f 7578 	7581 	7582
f 7579 	7582 	7145
f 7582 	7201 	7145
f 7145 	7580 	7579
f 7583 	7200 	7581
f 7582 	7581 	7200
f 7200 	7201 	7582
f 7595 	7584 	7583
f 7584 	7204 	7583
f 7770 	7204 	7584
f 7586 	7353 	7352
f 7587 	7353 	7586
f 7586 	7591 	7587
f 7588 	7354 	7587
f 7599 	6474 	7589
f 7585 	7589 	7590
f 6474 	6486 	7589
f 7590 	7586 	7585
f 7591 	7586 	7590
f 7587 	7592 	7588
f 7587 	7591 	7592
f 7588 	7592 	7581
f 7592 	7583 	7581
f 6465 	7589 	6486
f 7589 	6465 	7593
f 7589 	7593 	7590
f 7593 	7594 	7590
f 7595 	7592 	7591
f 7583 	7592 	7595
f 6466 	7596 	6465
f 7591 	7590 	7594
f 7591 	7594 	7595
f 7593 	6465 	7596
f 7593 	7596 	7597
f 7596 	7985 	7597
f 7593 	7597 	7594
f 7594 	7597 	7598
f 7594 	7598 	7595
f 7595 	7598 	7584
f 6466 	6547 	7596
f 7985 	7596 	7984
f 7501 	6470 	7599
f 7501 	7599 	7502
f 7585 	7352 	7502
f 7599 	7585 	7502
f 7599 	7589 	7585
f 2772 	7602 	7210
f 2809 	7607 	7600
f 2771 	7600 	2772
f 7210 	7602 	7601
f 7600 	7602 	2772
f 7601 	7603 	7210
f 7210 	7603 	7211
f 7604 	7212 	7211
f 7604 	7211 	7603
f 7605 	7212 	7604
f 7611 	7604 	7603
f 7213 	7605 	7606
f 7605 	7667 	7606
f 7606 	7214 	7213
f 7600 	7608 	7602
f 7607 	7608 	7600
f 7602 	7609 	7601
f 7608 	7609 	7602
f 7601 	7610 	7603
f 7610 	7601 	7609
f 7610 	7611 	7603
f 7668 	7453 	7606
f 7607 	7661 	7608
f 7610 	7669 	7611
f 7576 	7741 	7743
f 7743 	7577 	7576
f 7647 	7565 	7551
f 7648 	7568 	7565
f 7647 	7648 	7565
f 7722 	7727 	7647
f 7647 	7649 	7648
f 2812 	7658 	2809
f 7658 	2812 	2845
f 7658 	7607 	2809
f 7658 	2845 	7659
f 2845 	2848 	7659
f 7660 	7607 	7658
f 7659 	7660 	7658
f 7660 	7661 	7607
f 7661 	7662 	7608
f 7608 	7662 	7609
f 7610 	7675 	7669
f 7663 	7659 	2848
f 2848 	2854 	7663
f 7663 	7664 	7659
f 7659 	7664 	7660
f 7661 	7660 	7665
f 7664 	7665 	7660
f 2854 	7683 	7663
f 7663 	7684 	7664
f 7664 	7685 	7665
f 7666 	7605 	7604
f 7666 	7604 	7611
f 7666 	7667 	7605
f 7606 	7667 	7668
f 7481 	7453 	7668
f 7670 	7666 	7611
f 7611 	7669 	7670
f 7666 	7670 	7671
f 7666 	7671 	7667
f 7667 	7672 	7668
f 7667 	7671 	7672
f 7668 	7672 	7673
f 7668 	7673 	7481
f 7673 	7486 	7481
f 7670 	7674 	7671
f 7672 	7697 	7673
f 7673 	7490 	7486
f 7673 	7697 	7490
f 7662 	7675 	7609
f 7609 	7675 	7610
f 7665 	7676 	7661
f 7661 	7676 	7662
f 7676 	7677 	7662
f 7662 	7677 	7675
f 7678 	7669 	7675
f 7677 	7678 	7675
f 7669 	7678 	7679
f 7669 	7679 	7670
f 7679 	7674 	7670
f 7665 	7680 	7676
f 7677 	7682 	7678
f 7676 	7680 	7681
f 7680 	7692 	7681
f 7676 	7681 	7677
f 7682 	7677 	7681
f 7705 	7698 	7679
f 7680 	7685 	7691
f 7692 	7680 	7691
f 7663 	7683 	7684
f 2854 	2868 	7683
f 7684 	7685 	7664
f 7680 	7665 	7685
f 7686 	7683 	2868
f 2976 	7686 	2868
f 7686 	7687 	7683
f 7688 	7689 	7686
f 7686 	7689 	7687
f 7683 	7687 	7684
f 7690 	7685 	7684
f 2976 	2979 	7688
f 2976 	7688 	7686
f 7688 	7713 	7689
f 7688 	7712 	7713
f 7690 	7684 	7687
f 7685 	7690 	7691
f 7691 	7695 	7692
f 7693 	7690 	7687
f 7693 	7687 	7689
f 7693 	7694 	7690
f 7691 	7690 	7694
f 7694 	7695 	7691
f 7694 	7754 	7695
f 7671 	7674 	7696
f 7696 	7672 	7671
f 7696 	7697 	7672
f 7698 	7674 	7679
f 7699 	7696 	7698
f 7697 	7696 	7700
f 7697 	7503 	7490
f 7697 	7700 	7503
f 7674 	7698 	7696
f 7700 	7696 	7699
f 7698 	7701 	7699
f 7699 	7702 	7700
f 7701 	7702 	7699
f 7700 	7702 	7506
f 7506 	7503 	7700
f 7701 	7704 	7702
f 7701 	7703 	7704
f 7702 	6453 	7506
f 7702 	7704 	6453
f 7704 	6497 	6453
f 7705 	7679 	7678
f 7678 	7682 	7705
f 7706 	7682 	7681
f 7681 	7692 	7706
f 7682 	7706 	7707
f 7705 	7682 	7707
f 7705 	7707 	7708
f 7705 	7708 	7698
f 7708 	7701 	7698
f 7692 	7695 	7709
f 7709 	7706 	7692
f 7706 	7709 	7710
f 7707 	7706 	7710
f 7707 	7711 	7708
f 7710 	7711 	7707
f 7708 	7711 	7703
f 7708 	7703 	7701
f 7740 	7703 	7711
f 7688 	2979 	7712
f 7715 	7713 	7712
f 3036 	7714 	7712
f 7714 	7715 	7712
f 7714 	3041 	7721
f 7724 	7715 	7714
f 7713 	7716 	7689
f 7689 	7716 	7693
f 7693 	7717 	7694
f 7716 	7717 	7693
f 7719 	7717 	7716
f 7739 	7651 	7738
f 7713 	7718 	7716
f 7715 	7718 	7713
f 7735 	7738 	7651
f 7718 	7719 	7716
f 7715 	7726 	7718
f 7718 	7726 	7719
f 7728 	7719 	7726
f 2103 	2105 	7720
f 7551 	7550 	7722
f 7720 	7722 	7550
f 7647 	7551 	7722
f 3045 	7721 	3041
f 7723 	7720 	2105
f 7721 	7724 	7714
f 2105 	2111 	7723
f 7720 	7725 	7722
f 7729 	7730 	7721
f 7723 	7725 	7720
f 7725 	7727 	7722
f 7726 	7715 	7724
f 7727 	7649 	7647
f 2111 	7732 	7723
f 7733 	7762 	7728
f 7721 	3045 	7729
f 7727 	7735 	7649
f 7724 	7721 	7730
f 7724 	7731 	7726
f 7730 	7731 	7724
f 7728 	7731 	7733
f 7731 	7728 	7726
f 2120 	7732 	2111
f 7732 	7734 	7723
f 7723 	7734 	7725
f 7725 	7735 	7727
f 7734 	7735 	7725
f 7651 	7649 	7735
f 7729 	309 	7730
f 2124 	7736 	2120
f 7732 	2120 	7736
f 310 	7730 	309
f 310 	311 	7730
f 7734 	7732 	7737
f 7736 	7737 	7732
f 7734 	7738 	7735
f 7730 	311 	7731
f 7737 	7738 	7734
f 7733 	7731 	312
f 311 	312 	7731
f 312 	938 	7733
f 7703 	6495 	7704
f 6495 	7703 	7740
f 6495 	6497 	7704
f 7740 	7744 	6498
f 7740 	6498 	6499
f 7575 	7741 	7576
f 7740 	6499 	6495
f 7575 	7751 	7741
f 7709 	7742 	7710
f 7741 	7746 	7743
f 7741 	7745 	7746
f 7744 	7710 	7742
f 7742 	7748 	7744
f 7577 	7743 	7448
f 7742 	7747 	7748
f 7744 	7711 	7710
f 7577 	7448 	7411
f 7740 	7711 	7744
f 7743 	6194 	7448
f 7743 	7746 	6194
f 6194 	6179 	7448
f 7776 	7838 	7745
f 7744 	7748 	6498
f 7757 	7761 	7747
f 6194 	7746 	6198
f 7749 	7568 	7648
f 6539 	6540 	7748
f 7749 	7569 	7568
f 7747 	6539 	7748
f 7747 	7750 	6539
f 7569 	7749 	7751
f 7750 	7752 	6539
f 6541 	6539 	7752
f 7752 	7763 	922
f 922 	923 	7752
f 7717 	7754 	7694
f 7695 	7754 	7755
f 7756 	7757 	7754
f 7754 	7757 	7755
f 7695 	7755 	7709
f 7755 	7742 	7709
f 7754 	7717 	7756
f 7719 	7756 	7717
f 7758 	7756 	7719
f 7755 	7757 	7747
f 7750 	7747 	7761
f 7755 	7747 	7742
f 7728 	7758 	7719
f 7758 	7761 	7756
f 7756 	7761 	7757
f 7758 	7728 	7762
f 7758 	7763 	7761
f 7762 	7763 	7758
f 7761 	7752 	7750
f 7761 	7763 	7752
f 7762 	7733 	938
f 938 	939 	7762
f 7762 	939 	7763
f 7206 	7765 	7766
f 1691 	7207 	3990
f 7764 	7767 	7765
f 7765 	7767 	7768
f 7765 	7768 	7766
f 3994 	7766 	7768
f 7767 	7772 	7777
f 7767 	7769 	7768
f 7777 	7769 	7767
f 7770 	7764 	7204
f 7770 	7771 	7764
f 7772 	7764 	7771
f 7772 	7767 	7764
f 7771 	7774 	7775
f 7771 	7775 	7772
f 7749 	7648 	7753
f 7648 	7649 	7753
f 7753 	7776 	7749
f 7772 	7775 	7777
f 7749 	7776 	7751
f 7751 	7776 	7745
f 7751 	7745 	7741
f 7831 	7838 	7753
f 7838 	7776 	7753
f 7745 	6197 	7746
f 7745 	7822 	6197
f 6198 	7746 	6197
f 7822 	7824 	6197
f 6199 	6197 	7824
f 195 	7824 	7840
f 195 	196 	7824
f 7651 	7831 	7649
f 7649 	7831 	7753
f 7822 	7745 	7838
f 7739 	7839 	7651
f 7739 	199 	7839
f 7831 	7651 	7839
f 7831 	7840 	7838
f 7839 	7840 	7831
f 7838 	7824 	7822
f 7838 	7840 	7824
f 199 	200 	7839
f 7839 	200 	7840
f 7774 	7844 	7775
f 7842 	7844 	7774
f 7775 	7844 	7845
f 7775 	7845 	7777
f 7847 	7769 	7777
f 7777 	7845 	7847
f 7769 	4256 	3999
f 7769 	7847 	4256
f 7966 	7844 	7842
f 7844 	7852 	7845
f 7845 	7852 	7853
f 7856 	7853 	7852
f 7845 	7853 	7847
f 7847 	7853 	4257
f 4257 	7853 	4258
f 7853 	7856 	4258
f 7847 	4257 	4256
f 7966 	7965 	7857
f 7966 	7857 	7855
f 7852 	7855 	7856
f 7855 	7955 	7856
f 4262 	4258 	7856
f 7857 	7975 	7858
f 7862 	6445 	7861
f 7863 	6445 	7862
f 7865 	7866 	7862
f 7865 	7862 	7861
f 7862 	7867 	7863
f 7862 	7866 	7867
f 7863 	7867 	7868
f 7863 	7868 	7864
f 7864 	7868 	2836
f 7865 	7874 	7866
f 7867 	7870 	7868
f 7867 	7869 	7870
f 7867 	7866 	7869
f 2841 	2836 	7868
f 7868 	7870 	2841
f 7869 	7872 	7870
f 7869 	7871 	7872
f 2843 	2841 	7870
f 7870 	7872 	2843
f 7874 	7865 	7873
f 7866 	7874 	7869
f 7873 	7877 	7874
f 7876 	7877 	7873
f 7874 	7877 	7871
f 7874 	7871 	7869
f 7876 	7878 	7879
f 7876 	7879 	7877
f 7875 	7878 	7876
f 7877 	7880 	7871
f 7877 	7879 	7880
f 7871 	7880 	7881
f 7880 	7890 	7892
f 7880 	7892 	7881
f 7871 	7881 	7872
f 2849 	7872 	7881
f 2849 	7881 	2851
f 2849 	2843 	7872
f 7963 	7878 	7959
f 7879 	7890 	7880
f 7879 	7935 	7890
f 7881 	7892 	2851
f 7935 	7937 	7890
f 7890 	7938 	7892
f 7890 	7937 	7938
f 6494 	7896 	6496
f 6494 	7895 	7896
f 6496 	7896 	7861
f 7865 	7861 	7896
f 7861 	6443 	6496
f 8022 	8024 	7895
f 7895 	7932 	7933
f 7933 	7896 	7895
f 7896 	7933 	7865
f 7934 	7933 	7932
f 7873 	7865 	7933
f 7873 	7933 	7934
f 7934 	8028 	7875
f 7934 	7875 	7876
f 7934 	7876 	7873
f 7935 	7936 	7937
f 7892 	7938 	3571
f 3573 	3571 	7938
f 7892 	3571 	2851
f 7941 	7937 	7936
f 7941 	7936 	7940
f 7937 	7941 	7942
f 7937 	7942 	7938
f 7938 	7942 	3573
f 7940 	7947 	7941
f 7941 	7948 	7942
f 7941 	7947 	7948
f 7942 	3579 	3573
f 7942 	7948 	3579
f 8017 	7944 	7945
f 7944 	7951 	7945
f 8017 	7945 	7939
f 7939 	7945 	7946
f 7945 	7952 	7946
f 7946 	7940 	7939
f 7947 	7940 	7946
f 7945 	7951 	7952
f 7943 	7949 	7950
f 7944 	7943 	7950
f 7951 	7944 	7950
f 7946 	7953 	7947
f 7946 	7952 	7953
f 7947 	7953 	3583
f 7975 	7981 	7858
f 7857 	7858 	7954
f 7947 	3583 	7948
f 7855 	7857 	7954
f 7955 	7855 	7954
f 7856 	7955 	4262
f 4262 	7955 	4265
f 8165 	7951 	7950
f 7951 	8165 	7952
f 3875 	7952 	8165
f 3875 	7953 	7952
f 7957 	7858 	7981
f 7953 	3874 	3583
f 7958 	7954 	7858
f 7958 	7858 	7957
f 7954 	7958 	7960
f 7959 	7878 	7875
f 7960 	7955 	7954
f 7955 	7960 	4265
f 7959 	7962 	7963
f 8006 	7963 	7962
f 7957 	8064 	8067
f 7957 	8067 	7958
f 7960 	4332 	4265
f 7965 	7842 	7841
f 7965 	7841 	7969
f 7966 	7842 	7965
f 7844 	7966 	7852
f 7966 	7855 	7852
f 7969 	7974 	7975
f 7965 	7969 	7975
f 7857 	7965 	7975
f 7972 	7977 	7979
f 7979 	7974 	7972
f 7974 	7979 	7981
f 7974 	7981 	7975
f 7956 	7979 	8108
f 7981 	7979 	7956
f 7981 	7956 	7957
f 7984 	7596 	6547
f 7987 	7598 	7597
f 7987 	7597 	7985
f 7770 	7598 	7987
f 7771 	7770 	7987
f 7770 	7584 	7598
f 6547 	7990 	7984
f 6547 	7989 	7990
f 7984 	7990 	7985
f 7991 	7985 	7990
f 7985 	7991 	7992
f 7935 	7878 	7963
f 7963 	7936 	7935
f 7963 	8006 	7936
f 7992 	7987 	7985
f 7935 	7879 	7878
f 7987 	7992 	7771
f 8007 	7992 	7991
f 7992 	7774 	7771
f 8002 	7989 	6565
f 6565 	66 	8002
f 7961 	8001 	8003
f 8004 	7990 	7989
f 7989 	8002 	8004
f 7990 	8004 	8005
f 8003 	7962 	7961
f 8009 	8004 	8002
f 7962 	8003 	8006
f 7990 	8005 	7991
f 7991 	8005 	8007
f 8017 	8003 	8001
f 7992 	8007 	7774
f 66 	72 	8008
f 8008 	8002 	66
f 7939 	8006 	8003
f 8002 	8008 	8009
f 8006 	7939 	7940
f 8006 	7940 	7936
f 8005 	8004 	8012
f 8015 	8010 	8014
f 8018 	8014 	8013
f 8014 	8018 	8019
f 8014 	8019 	8015
f 8011 	8010 	8015
f 8016 	8011 	8015
f 8001 	8011 	8016
f 8001 	8016 	8017
f 8003 	8017 	7939
f 8009 	8012 	8004
f 8012 	7841 	8005
f 8012 	7969 	7841
f 8018 	8013 	8225
f 8007 	8005 	7841
f 8007 	7841 	7842
f 8007 	7842 	7774
f 72 	82 	8008
f 8008 	8020 	8009
f 7943 	8016 	8015
f 7943 	8015 	8019
f 8016 	7943 	7944
f 7944 	8017 	8016
f 8018 	8146 	8019
f 8020 	8008 	82
f 8019 	7949 	7943
f 8021 	8009 	8020
f 8019 	8146 	7949
f 8022 	7447 	6204
f 7447 	7895 	6494
f 8021 	8012 	8009
f 7447 	8022 	7895
f 6204 	6203 	8023
f 6204 	8024 	8022
f 8012 	8021 	7969
f 6204 	8023 	8024
f 7932 	7895 	8024
f 7969 	8021 	7974
f 82 	88 	8025
f 8023 	8027 	8024
f 8025 	8020 	82
f 7972 	8020 	8025
f 8020 	7972 	8021
f 8027 	8023 	8026
f 8024 	8027 	8028
f 7974 	8021 	7972
f 8027 	8096 	8028
f 88 	8103 	8025
f 8025 	7977 	7972
f 8103 	7977 	8025
f 8072 	8033 	8029
f 8033 	8073 	8035
f 8033 	8072 	8073
f 7956 	8035 	8064
f 7956 	8064 	7957
f 8035 	8074 	8064
f 7958 	8069 	7960
f 7958 	8067 	8069
f 4332 	7960 	8069
f 8029 	8071 	8072
f 8074 	8035 	8073
f 8064 	8075 	8067
f 8064 	8074 	8075
f 8067 	8075 	4334
f 8067 	4334 	8069
f 8069 	4334 	4333
f 8070 	8098 	8099
f 8071 	8070 	8099
f 8071 	8100 	8072
f 8072 	8100 	8101
f 8072 	8101 	8073
f 8101 	8074 	8073
f 8075 	4339 	4334
f 740 	8077 	58
f 8077 	740 	8076
f 58 	8077 	8078
f 8077 	8090 	8078
f 58 	8078 	61
f 61 	8078 	8079
f 61 	8079 	51
f 8080 	51 	8079
f 52 	8081 	55
f 52 	8080 	8081
f 8081 	8082 	55
f 8109 	8082 	8083
f 655 	8085 	8086
f 657 	656 	8087
f 656 	8086 	8087
f 8076 	8088 	8089
f 8076 	8089 	8077
f 8090 	8077 	8089
f 8080 	8079 	8091
f 8090 	8091 	8079
f 8090 	8079 	8078
f 8080 	8091 	8092
f 8024 	8028 	7932
f 8028 	7934 	7932
f 8081 	8080 	8092
f 8124 	8093 	8026
f 8026 	8093 	8095
f 8081 	8094 	8082
f 8026 	8095 	8027
f 8094 	8081 	8092
f 8082 	8094 	8097
f 8096 	8027 	8095
f 7875 	8028 	8096
f 8082 	8097 	8083
f 8083 	8097 	8098
f 8093 	8128 	8095
f 8083 	8098 	8070
f 8099 	8100 	8071
f 8074 	8101 	4348
f 4348 	8075 	8074
f 4348 	4339 	8075
f 664 	660 	4358
f 664 	4358 	8084
f 4358 	8086 	8085
f 4358 	8085 	8084
f 8086 	4358 	8087
f 4358 	8088 	8087
f 8089 	4358 	8090
f 8088 	4358 	8089
f 8094 	8092 	4358
f 8092 	8091 	4358
f 4358 	8097 	8094
f 8100 	8099 	4358
f 8098 	4358 	8099
f 4348 	8101 	4358
f 8102 	8105 	8106
f 8102 	8106 	8103
f 8103 	8107 	7977
f 8104 	91 	90
f 90 	56 	8104
f 91 	8104 	8105
f 8104 	8110 	8105
f 91 	8105 	8102
f 8105 	8110 	8112
f 8105 	8112 	8106
f 8107 	8103 	8106
f 7977 	8108 	7979
f 7977 	8107 	8108
f 56 	55 	8109
f 56 	8109 	8104
f 8110 	8104 	8109
f 8083 	8110 	8109
f 8110 	8083 	8070
f 8110 	8070 	8112
f 8029 	8107 	8106
f 8029 	8106 	8112
f 8107 	8029 	8033
f 8108 	8107 	8033
f 8108 	8033 	8035
f 7956 	8108 	8035
f 8082 	8109 	55
f 8112 	8071 	8029
f 8112 	8070 	8071
f 61 	8116 	727
f 307 	53 	308
f 307 	54 	53
f 7959 	7875 	8096
f 6209 	8126 	8124
f 8026 	8023 	6207
f 6207 	8124 	8026
f 6255 	8125 	6253
f 8125 	6209 	6253
f 6209 	8125 	8126
f 8124 	8126 	8093
f 6255 	8132 	8125
f 8133 	8126 	8125
f 8125 	8132 	8133
f 8126 	8133 	8134
f 8134 	8093 	8126
f 8128 	8093 	8134
f 8095 	8128 	8129
f 4285 	5337 	8130
f 4154 	8226 	6595
f 8228 	6596 	8227
f 8129 	8096 	8095
f 8229 	8130 	6597
f 8096 	8129 	7959
f 8232 	8233 	4285
f 7962 	7959 	8129
f 8242 	5340 	5335
f 7559 	7563 	5459
f 8223 	7560 	5459
f 8128 	8134 	8131
f 8224 	4154 	8223
f 7961 	8128 	8131
f 308 	56 	90
f 56 	308 	53
f 8128 	7961 	8129
f 7962 	8129 	7961
f 8011 	8131 	8137
f 727 	58 	61
f 8131 	8001 	7961
f 8116 	51 	54
f 8131 	8011 	8001
f 8116 	61 	51
f 54 	51 	52
f 51 	8080 	52
f 8133 	8137 	8134
f 8132 	8136 	8133
f 8132 	8135 	8136
f 8137 	8133 	8136
f 8131 	8134 	8137
f 8135 	8138 	8136
f 8136 	8138 	8137
f 8010 	8137 	8138
f 8137 	8010 	8011
f 8138 	8275 	8013
f 8138 	8013 	8014
f 8138 	8014 	8010
f 8139 	8153 	8140
f 8139 	8152 	8153
f 8153 	8141 	8140
f 8155 	8143 	8142
f 8145 	8018 	8225
f 8018 	8145 	8146
f 8152 	8139 	8183
f 8142 	8141 	8154
f 8141 	8153 	8154
f 8142 	8154 	8155
f 8143 	8156 	8144
f 8143 	8155 	8156
f 8144 	8156 	8158
f 8145 	8144 	8158
f 8145 	8158 	8161
f 8145 	8161 	8146
f 8146 	8161 	8162
f 8146 	8162 	7949
f 7949 	8164 	7950
f 7949 	8162 	8164
f 7950 	8164 	8165
f 3875 	3874 	7953
f 3880 	8149 	8148
f 8149 	3880 	8150
f 8150 	3880 	8151
f 8151 	3880 	8152
f 8153 	8152 	3880
f 3880 	8154 	8153
f 8156 	8155 	3880
f 8155 	8154 	3880
f 3880 	8158 	8156
f 8161 	3880 	8162
f 3875 	8165 	3880
f 107 	3993 	8176
f 108 	8176 	8177
f 8176 	8186 	8177
f 108 	8177 	109
f 8177 	8178 	109
f 109 	8178 	8173
f 8178 	8179 	8173
f 8177 	8186 	8178
f 8173 	8179 	8174
f 8174 	8180 	8175
f 8179 	8180 	8174
f 8180 	8181 	8175
f 8181 	8247 	8175
f 8181 	8182 	8247
f 8139 	8260 	8183
f 8176 	3993 	3997
f 3997 	8186 	8176
f 8187 	8178 	8186
f 8178 	8188 	8179
f 8178 	8187 	8188
f 8179 	8188 	8148
f 8180 	8179 	8148
f 8180 	8149 	8181
f 8148 	8149 	8180
f 8181 	8150 	8182
f 8181 	8149 	8150
f 8183 	8182 	8151
f 8182 	8150 	8151
f 8183 	8151 	8152
f 3880 	8186 	3997
f 8187 	8186 	3880
f 8187 	3880 	8188
f 8148 	8188 	3880
f 8215 	8013 	8275
f 8191 	8217 	8193
f 8191 	8216 	8217
f 8193 	8217 	8218
f 8193 	8218 	8194
f 8194 	8218 	8219
f 8220 	7561 	8221
f 8194 	8219 	8215
f 8215 	8219 	8225
f 8013 	8215 	8225
f 8261 	8139 	8140
f 8216 	8140 	8141
f 8216 	8141 	8217
f 8224 	8226 	4154
f 8218 	8217 	8142
f 8227 	6595 	8226
f 8217 	8141 	8142
f 6595 	8227 	6596
f 8143 	8219 	8218
f 8218 	8142 	8143
f 8219 	8143 	8144
f 8228 	8229 	6597
f 8228 	6597 	6596
f 8219 	8144 	8225
f 8225 	8144 	8145
f 8230 	8130 	8229
f 8232 	4285 	8130
f 8230 	8232 	8130
f 4286 	4285 	8233
f 8234 	120 	119
f 119 	190 	8234
f 120 	8236 	8231
f 8235 	4287 	4286
f 8236 	120 	8234
f 8233 	8235 	4286
f 8235 	8238 	4287
f 4288 	4287 	8237
f 8237 	4287 	8238
f 8236 	8239 	8231
f 4284 	4288 	8240
f 8237 	8240 	4288
f 8239 	8261 	8241
f 8239 	8260 	8261
f 5334 	4284 	3713
f 5334 	3713 	5335
f 8242 	5335 	3713
f 8243 	5340 	8242
f 8243 	8244 	5340
f 5340 	8244 	5336
f 8245 	5336 	8244
f 8175 	8247 	190
f 8245 	8246 	5337
f 190 	8247 	8234
f 8234 	8249 	8236
f 8248 	8250 	5339
f 8250 	6517 	5339
f 8247 	8249 	8234
f 8249 	8260 	8236
f 8236 	8260 	8239
f 8241 	8216 	8191
f 8241 	8261 	8216
f 8247 	8182 	8249
f 8183 	8249 	8182
f 8249 	8183 	8260
f 8139 	8261 	8260
f 8261 	8140 	8216
f 8265 	208 	207
f 211 	8265 	207
f 208 	8265 	8266
f 6257 	208 	8266
f 8266 	6260 	6257
f 8276 	8265 	211
f 8267 	6254 	6260
f 8268 	8132 	6255
f 8267 	8271 	8268
f 8267 	8270 	8271
f 8268 	8271 	8135
f 8275 	8135 	8271
f 8268 	8135 	8132
f 8269 	8273 	8270
f 8269 	8272 	8273
f 8270 	8273 	8274
f 8274 	8271 	8270
f 8275 	8271 	8274
f 8275 	8138 	8135
f 8272 	8191 	8193
f 8272 	8193 	8273
f 8273 	8194 	8274
f 8193 	8194 	8273
f 8274 	8215 	8275
f 8274 	8194 	8215
f 6254 	8267 	8268
f 8268 	6255 	6254
f 211 	214 	8276
f 8265 	8276 	8277
f 8276 	8279 	8280
f 8276 	8280 	8277
f 8277 	8266 	8265
f 8266 	8277 	8278
f 8278 	6260 	8266
f 8267 	6260 	8278
f 214 	216 	8279
f 8279 	8276 	214
f 8278 	8277 	8269
f 8269 	8277 	8280
f 8278 	8269 	8270
f 8278 	8270 	8267
f 8279 	216 	8281
f 8231 	8281 	216
f 8281 	8282 	8279
f 8279 	8282 	8280
f 8282 	8272 	8280
f 8280 	8272 	8269
f 8281 	8231 	8239
f 8239 	8241 	8281
f 8282 	8281 	8241
f 8191 	8282 	8241
f 8282 	8191 	8272
f 7739 	8283 	199
f 8283 	201 	199
f 8284 	201 	8283
f 8284 	204 	201
f 8286 	204 	8284
f 8290 	8286 	8285
f 8291 	204 	8286
f 8290 	8291 	8286
f 8288 	8300 	8287
f 8302 	8289 	8285
f 8289 	8290 	8285
f 8291 	209 	204
f 4347 	4368 	110
f 8287 	111 	8288
f 110 	111 	8287
f 111 	191 	8288
f 8288 	191 	8289
f 8289 	192 	8290
f 191 	192 	8289
f 193 	8291 	8290
f 212 	209 	8291
f 193 	212 	8291
f 2124 	4344 	7736
f 8292 	7736 	4344
f 7736 	8292 	7737
f 8293 	7737 	8292
f 8293 	8294 	7737
f 8293 	8297 	8294
f 7737 	8294 	7738
f 7739 	7738 	8283
f 8294 	8283 	7738
f 4344 	4345 	8295
f 8295 	8292 	4344
f 8293 	8292 	8296
f 8295 	8296 	8292
f 8296 	8297 	8293
f 8283 	8294 	8284
f 8297 	8284 	8294
f 8300 	4345 	4346
f 8295 	4345 	8300
f 8300 	8302 	8295
f 4346 	8287 	8300
f 8295 	8302 	8296
f 8285 	8296 	8302
f 8302 	8300 	8288
f 8288 	8289 	8302
f 8296 	8285 	8297
f 8297 	8286 	8284
f 8285 	8286 	8297
f 4346 	4347 	8287
f 4347 	110 	8287
f 8467 	5337 	8466
f 8468 	5337 	8467
f 8469 	5337 	8468
f 8470 	7558 	5337
f 7562 	5337 	7561
f 7558 	7561 	5337
f 8465 	8466 	5337
f 8471 	8472 	5337
f 8473 	5337 	8472
f 8465 	5337 	8473
f 8469 	8470 	5337
f 5357 	8471 	5337
f 8465 	8486 	8466
f 8487 	8467 	8466
f 8469 	2200 	8470
f 2200 	2201 	8470
f 2203 	2205 	7561
f 8496 	5355 	5358
f 5356 	5355 	8498
f 8484 	8483 	5357
f 8426 	8472 	8471
f 8473 	8472 	8426
f 2199 	8469 	2197
f 8469 	2199 	2200
f 8471 	8483 	8426
f 8473 	8426 	8485
f 8486 	8465 	8485
f 8473 	8485 	8465
f 8487 	8466 	8486
f 8487 	2196 	8467
f 2195 	8467 	2196
f 8467 	2195 	8468
f 2197 	8468 	2195
f 6482 	8490 	8491
f 8492 	6483 	8491
f 5358 	6484 	8494
f 8494 	8496 	5358
f 5357 	5356 	8499
f 5357 	8499 	8484
f 8471 	5357 	8483
# 3055 faces

g group_0_15277357

usemtl color_15277357
s 0

f 26 	25 	27
f 27 	28 	32
f 28 	27 	25
f 30 	32 	28
f 33 	27 	32
f 28 	29 	30
f 4107 	4108 	4109
f 4107 	4109 	4110
f 4203 	4204 	4205
f 4203 	4205 	4206
f 4203 	4206 	4260
f 4203 	4260 	4207
f 4208 	5362 	4209
f 4205 	4208 	4206
f 4206 	4208 	4212
f 5362 	4208 	4205
f 4260 	4206 	4259
f 4259 	4263 	4260
f 4261 	4207 	4260
f 1239 	4260 	4263
f 4259 	4206 	4264
f 4212 	4264 	4206
f 4270 	1239 	4263
f 4271 	4272 	1239
f 4263 	4507 	4270
f 6523 	1239 	4272
f 4271 	4506 	4272
f 4702 	26 	4273
f 4274 	4273 	27
f 27 	4273 	26
f 33 	8503 	4274
f 33 	4274 	27
f 4276 	4212 	4275
f 4212 	4208 	4275
f 4275 	4208 	25
f 4209 	28 	4208
f 25 	4208 	28
f 4264 	4212 	4276
f 4277 	4278 	4279
f 4279 	4280 	4277
f 4281 	4280 	4279
f 4279 	4513 	4282
f 4279 	4282 	4281
f 4279 	4278 	4283
f 4279 	4283 	4513
f 4275 	4278 	4277
f 4275 	4277 	4280
f 4275 	4280 	4276
f 4275 	7885 	4278
f 4276 	4280 	4281
f 4282 	4276 	4281
f 5362 	4289 	4209
f 4505 	5341 	5362
f 4505 	4506 	4507
f 4507 	4513 	4505
f 4263 	4259 	4507
f 4259 	4264 	4507
f 4506 	4271 	4507
f 5343 	4282 	4507
f 4693 	4694 	4697
f 4696 	4697 	4694
f 4702 	4703 	4704
f 4702 	4704 	26
f 4703 	2207 	4705
f 4703 	4705 	4704
f 4706 	4275 	25
f 4706 	4707 	4275
f 4275 	4707 	7885
f 26 	4704 	4706
f 25 	26 	4706
f 4705 	4694 	4704
f 4694 	4707 	4706
f 4706 	4704 	4694
f 4694 	4705 	4696
f 4289 	5362 	5341
f 4271 	4270 	4507
f 28 	4289 	29
f 4209 	4289 	28
f 4289 	5341 	29
f 7887 	29 	5341
f 5343 	4507 	4264
f 4513 	4507 	4282
f 5341 	4505 	5344
f 5345 	5344 	4513
f 4505 	4513 	5344
f 4513 	4283 	5345
f 4264 	4276 	5343
f 4282 	5343 	4276
f 5341 	5344 	7887
f 5345 	7888 	5344
f 7887 	5344 	7888
f 4283 	7888 	5345
f 4203 	4273 	4204
f 5346 	4273 	4207
f 4203 	4207 	4273
f 4274 	4204 	4273
f 4261 	5347 	4207
f 4207 	5348 	5349
f 4207 	5350 	5348
f 5350 	5349 	5348
f 4702 	5353 	5352
f 5351 	5352 	5353
f 5352 	5351 	5354
f 5352 	5354 	8253
f 5351 	5353 	5349
f 5353 	5346 	5349
f 4207 	5349 	5346
f 5347 	4107 	5350
f 5347 	5350 	4207
f 4107 	4110 	5350
f 5349 	5350 	5351
f 5351 	5350 	5354
f 5354 	5350 	4110
f 4205 	4204 	5361
f 5360 	5361 	4204
f 4205 	5361 	5362
f 5362 	4506 	4505
f 5360 	5359 	6523
f 4272 	5361 	6523
f 5360 	6523 	5361
f 4270 	4271 	1239
f 4506 	5362 	4272
f 5361 	4272 	5362
f 6523 	8508 	1239
f 8508 	6523 	7557
f 7885 	7886 	7887
f 7885 	7887 	7888
f 29 	7887 	8251
f 7886 	8251 	7887
f 30 	4693 	32
f 4697 	32 	4693
f 7888 	4283 	7885
f 4283 	4278 	7885
f 7885 	4707 	8251
f 8251 	7886 	7885
f 4693 	8251 	4694
f 29 	8251 	30
f 4693 	30 	8251
f 4707 	4694 	8251
f 2207 	8252 	4699
f 4699 	8252 	4702
f 4699 	8253 	2207
f 2207 	33 	4705
f 8252 	2207 	4703
f 8511 	8510 	8253
f 4703 	4702 	8252
f 4705 	33 	32
f 4705 	32 	4697
f 4705 	4697 	4696
f 7557 	6523 	5359
f 5359 	8502 	7557
f 8502 	8508 	7557
f 8503 	33 	8510
f 2207 	8253 	8510
f 4274 	8503 	4204
f 5360 	8503 	5359
f 4204 	8503 	5360
f 4109 	5359 	8503
f 4108 	8502 	4109
f 5359 	4109 	8502
f 4260 	8508 	4261
f 8507 	4261 	8508
f 1239 	8508 	4260
f 8507 	8508 	8502
f 5347 	4261 	8507
f 4108 	4107 	8502
f 5347 	8507 	4107
f 8507 	8502 	4107
f 4273 	5353 	4702
f 5352 	8253 	4699
f 5352 	4699 	4702
f 2207 	8510 	33
f 8253 	5354 	8511
f 5353 	4273 	5346
f 8503 	8510 	4109
f 4110 	4109 	8510
f 4110 	8510 	8511
f 4110 	8511 	5354
# 178 faces

g group_0_16448250

usemtl color_16448250
s 0

f 203 	9 	10
f 10 	11 	203
f 8659 	203 	15
f 16 	19 	203
f 18 	203 	19
f 203 	18 	20
f 22 	24 	203
f 23 	203 	24
f 23 	94 	203
f 94 	96 	203
f 20 	21 	203
f 960 	961 	481
f 993 	481 	992
f 993 	951 	481
f 203 	11 	12
f 21 	22 	203
f 97 	203 	96
f 98 	203 	97
f 99 	203 	98
f 100 	203 	99
f 100 	101 	203
f 224 	226 	203
f 226 	228 	203
f 232 	233 	203
f 233 	240 	203
f 240 	243 	203
f 433 	434 	203
f 440 	444 	203
f 444 	445 	203
f 8670 	8671 	203
f 8671 	9 	203
f 12 	13 	203
f 13 	14 	203
f 14 	15 	203
f 8659 	8660 	203
f 8660 	8661 	203
f 8661 	8662 	203
f 8665 	8666 	203
f 8666 	8667 	203
f 203 	231 	232
f 101 	103 	203
f 223 	203 	103
f 203 	223 	224
f 203 	228 	229
f 203 	230 	231
f 229 	230 	203
f 958 	481 	957
f 424 	427 	425
f 423 	427 	424
f 427 	430 	425
f 244 	203 	243
f 244 	246 	203
f 203 	246 	433
f 435 	203 	434
f 1053 	1054 	481
f 481 	998 	999
f 435 	436 	203
f 1057 	1053 	481
f 437 	203 	436
f 437 	438 	203
f 203 	438 	440
f 442 	441 	6273
f 443 	442 	6273
f 441 	431 	6273
f 431 	430 	6273
f 427 	6273 	430
f 6273 	427 	439
f 446 	443 	6273
f 451 	448 	818
f 448 	451 	5585
f 452 	8376 	453
f 450 	453 	8376
f 452 	454 	8376
f 8376 	454 	455
f 450 	449 	460
f 449 	462 	461
f 461 	460 	449
f 463 	462 	449
f 460 	453 	450
f 779 	8376 	457
f 449 	8259 	479
f 474 	8264 	469
f 481 	1003 	1004
f 449 	479 	463
f 1055 	481 	1054
f 1000 	481 	999
f 486 	8376 	482
f 485 	484 	8376
f 953 	481 	952
f 483 	482 	8376
f 954 	481 	953
f 955 	481 	954
f 1006 	481 	1004
f 1007 	481 	1006
f 1062 	1063 	481
f 1063 	1064 	481
f 1064 	1065 	481
f 1073 	1075 	481
f 1075 	1076 	481
f 1088 	1089 	481
f 1089 	1090 	481
f 1084 	1085 	481
f 1069 	1070 	481
f 1070 	1071 	481
f 961 	962 	481
f 962 	963 	481
f 964 	481 	963
f 964 	965 	481
f 994 	995 	481
f 511 	516 	5927
f 525 	5929 	519
f 516 	519 	5929
f 5929 	5927 	516
f 550 	6031 	549
f 6031 	5931 	549
f 550 	551 	6031
f 552 	6031 	551
f 6070 	575 	574
f 574 	576 	6074
f 576 	581 	6074
f 6170 	6074 	582
f 565 	568 	6031
f 563 	565 	6031
f 6070 	6031 	568
f 568 	571 	6070
f 572 	6070 	571
f 572 	575 	6070
f 5929 	525 	544
f 547 	5931 	548
f 587 	603 	588
f 590 	589 	588
f 590 	591 	589
f 590 	592 	594
f 593 	591 	594
f 590 	594 	591
f 595 	427 	423
f 427 	595 	594
f 593 	594 	595
f 592 	596 	597
f 596 	818 	597
f 592 	597 	594
f 594 	597 	439
f 439 	427 	594
f 597 	448 	439
f 601 	603 	602
f 600 	603 	601
f 600 	604 	599
f 600 	599 	603
f 590 	588 	603
f 603 	587 	602
f 598 	605 	606
f 598 	606 	599
f 599 	606 	607
f 605 	608 	606
f 603 	599 	607
f 607 	592 	603
f 603 	592 	590
f 606 	608 	609
f 607 	606 	609
f 607 	596 	592
f 607 	609 	596
f 775 	487 	762
f 756 	487 	752
f 752 	487 	758
f 752 	758 	753
f 464 	471 	465
f 756 	762 	487
f 767 	758 	486
f 487 	486 	758
f 760 	775 	761
f 764 	763 	471
f 763 	465 	471
f 772 	775 	769
f 486 	482 	767
f 772 	768 	775
f 768 	761 	775
f 762 	769 	775
f 775 	760 	777
f 770 	764 	471
f 765 	770 	777
f 471 	777 	770
f 760 	765 	777
f 789 	3570 	788
f 799 	3570 	795
f 795 	3570 	794
f 799 	800 	3570
f 797 	798 	8376
f 609 	610 	596
f 818 	596 	610
f 448 	597 	818
f 610 	822 	818
f 610 	820 	822
f 451 	818 	822
f 820 	823 	824
f 823 	859 	824
f 820 	824 	822
f 822 	824 	456
f 822 	456 	451
f 823 	857 	859
f 824 	458 	456
f 879 	882 	829
f 829 	608 	879
f 608 	829 	831
f 882 	833 	829
f 829 	834 	831
f 829 	833 	834
f 609 	608 	831
f 610 	609 	831
f 831 	834 	820
f 831 	820 	610
f 833 	836 	839
f 833 	839 	834
f 834 	823 	820
f 834 	839 	823
f 836 	856 	839
f 856 	836 	851
f 823 	839 	857
f 857 	839 	856
f 458 	824 	859
f 851 	862 	856
f 851 	861 	862
f 856 	862 	863
f 856 	863 	857
f 857 	863 	864
f 857 	864 	859
f 859 	459 	458
f 859 	864 	459
f 1409 	862 	861
f 864 	470 	459
f 1144 	1150 	868
f 598 	870 	869
f 872 	599 	873
f 872 	870 	598
f 872 	598 	599
f 604 	873 	599
f 890 	8376 	875
f 874 	875 	8376
f 868 	1150 	869
f 598 	1150 	605
f 605 	876 	879
f 876 	878 	879
f 608 	605 	879
f 877 	881 	878
f 877 	880 	881
f 882 	879 	878
f 878 	881 	882
f 8376 	884 	883
f 8376 	883 	885
f 885 	886 	8376
f 8376 	886 	888
f 484 	483 	8376
f 890 	891 	8376
f 895 	896 	8376
f 866 	8376 	867
f 8376 	891 	892
f 951 	952 	481
f 481 	955 	956
f 481 	956 	957
f 959 	481 	958
f 960 	481 	959
f 994 	481 	965
f 998 	481 	997
f 997 	481 	1055
f 481 	1087 	1088
f 1003 	481 	995
f 992 	481 	1000
f 1080 	1074 	481
f 1008 	481 	1007
f 481 	1079 	1080
f 880 	887 	1011
f 1011 	881 	880
f 1013 	881 	1011
f 1011 	1025 	1013
f 882 	881 	1013
f 882 	1013 	833
f 833 	1013 	836
f 887 	1406 	1020
f 887 	1024 	1011
f 887 	1020 	1024
f 1025 	1011 	1024
f 836 	1013 	1025
f 1017 	1030 	1020
f 1020 	1031 	1024
f 1020 	1030 	1031
f 851 	836 	1025
f 1030 	1017 	1026
f 1026 	1039 	1030
f 1024 	1031 	1034
f 1025 	1024 	1034
f 1025 	1034 	851
f 1030 	1039 	1040
f 1030 	1040 	1031
f 1031 	1041 	1034
f 1031 	1040 	1041
f 1034 	861 	851
f 1034 	1041 	861
f 1086 	1068 	481
f 1057 	481 	1056
f 1008 	1061 	481
f 481 	1061 	1062
f 1078 	481 	1066
f 1065 	1066 	481
f 1078 	1079 	481
f 1073 	481 	1074
f 1069 	481 	1068
f 481 	1071 	1072
f 1072 	1056 	481
f 1087 	481 	1077
f 1077 	481 	1076
f 1082 	1083 	481
f 1083 	1084 	481
f 1086 	481 	1085
f 1090 	1082 	481
f 1134 	1132 	1129
f 1131 	1129 	1132
f 1134 	1133 	1132
f 1137 	1149 	1138
f 1137 	1133 	1134
f 1150 	1141 	1149
f 1139 	1149 	1141
f 1144 	1142 	1150
f 1141 	1150 	1142
f 1139 	1138 	1149
f 1149 	1137 	1134
f 1149 	876 	1150
f 598 	869 	1150
f 1129 	1151 	1134
f 1134 	1151 	1152
f 1134 	1152 	1149
f 876 	1149 	1152
f 1150 	876 	605
f 1151 	877 	1152
f 1158 	877 	1151
f 1152 	877 	878
f 1152 	878 	876
f 1155 	1151 	1129
f 1155 	1158 	1151
f 1155 	1157 	1158
f 1157 	1159 	1160
f 1157 	1160 	1158
f 1158 	1160 	880
f 1160 	887 	880
f 880 	877 	1158
f 1129 	1167 	1166
f 1165 	1129 	1166
f 1174 	1129 	1168
f 1165 	1168 	1129
f 1131 	1167 	1129
f 1172 	1174 	1173
f 1172 	1176 	1174
f 1174 	1168 	1173
f 1180 	1178 	1177
f 1177 	1181 	1180
f 1174 	1176 	1184
f 1183 	1184 	1176
f 1180 	1184 	1178
f 1183 	1178 	1184
f 1129 	1174 	1155
f 1174 	1184 	1155
f 1180 	1187 	1184
f 1180 	1186 	1187
f 1184 	1187 	1157
f 1320 	1481 	1319
f 1367 	1481 	1368
f 1481 	1366 	1368
f 1481 	1367 	1370
f 1325 	1481 	1375
f 1379 	1481 	1378
f 1379 	1380 	1481
f 1481 	1380 	1381
f 1384 	1385 	1481
f 1184 	1157 	1155
f 1396 	1187 	1186
f 1186 	2633 	1396
f 1396 	1159 	1187
f 1187 	1159 	1157
f 1159 	1396 	1403
f 1159 	1403 	1406
f 1406 	1160 	1159
f 887 	1160 	1406
f 1017 	1403 	2644
f 1406 	1403 	1017
f 1406 	1017 	1020
f 1026 	1017 	2644
f 861 	1950 	1409
f 862 	1410 	863
f 862 	1409 	1410
f 863 	1410 	1412
f 1410 	1417 	1412
f 1410 	1416 	1417
f 863 	1412 	864
f 864 	1412 	470
f 1950 	1415 	1409
f 1409 	1416 	1410
f 1409 	1415 	1416
f 1412 	1417 	472
f 1412 	472 	470
f 1415 	1420 	1416
f 1416 	1422 	1417
f 1416 	1420 	1422
f 1417 	506 	472
f 1417 	1422 	506
f 1954 	1419 	1415
f 1420 	1415 	1419
f 1419 	1425 	1420
f 1419 	1424 	1425
f 1420 	1425 	1426
f 1420 	1426 	1422
f 1422 	1426 	507
f 1422 	507 	506
f 1447 	1446 	1448
f 1445 	1448 	1446
f 1447 	1448 	1449
f 1450 	1448 	1814
f 1448 	1450 	1451
f 1450 	1454 	1451
f 1450 	1452 	1454
f 1452 	1459 	1538
f 1860 	1863 	507
f 1443 	1441 	1424
f 1464 	1453 	1424
f 1481 	1325 	1324
f 1324 	1332 	1481
f 1381 	1382 	1481
f 1382 	1383 	1481
f 1383 	1384 	1481
f 1627 	1630 	1481
f 1630 	1631 	1481
f 1634 	1635 	1481
f 1635 	1636 	1481
f 1636 	1637 	1481
f 1637 	1638 	1481
f 1638 	1646 	1481
f 1646 	1647 	1481
f 1650 	1651 	1481
f 1651 	1059 	1481
f 1058 	1060 	1481
f 1060 	1067 	1481
f 1067 	1313 	1481
f 1313 	1316 	1481
f 1316 	1319 	1481
f 1755 	1731 	1481
f 1481 	1332 	1366
f 1481 	1370 	1373
f 1376 	1481 	1374
f 1373 	1374 	1481
f 1481 	1376 	1377
f 1377 	1378 	1481
f 1385 	1502 	1481
f 1441 	1440 	1424
f 1452 	1538 	1454
f 1540 	1459 	1889
f 1538 	1459 	1541
f 1459 	1540 	1541
f 1544 	1545 	1541
f 1539 	1542 	1543
f 1539 	1543 	1540
f 1540 	1543 	1544
f 1541 	1540 	1544
f 1544 	1662 	1545
f 1881 	1878 	1962
f 1424 	1962 	1464
f 1443 	1424 	1453
f 1465 	1464 	1962
f 1547 	1425 	1548
f 1557 	1425 	1547
f 1554 	1425 	1556
f 1424 	1548 	1425
f 1548 	1424 	1550
f 1550 	1424 	1551
f 1440 	1553 	1424
f 1551 	1424 	1552
f 1552 	1424 	1553
f 1555 	1425 	1554
f 1556 	1425 	1557
f 1660 	1661 	1543
f 1661 	1544 	1543
f 1570 	1569 	1571
f 1449 	1448 	1572
f 1448 	1575 	1572
f 1448 	1451 	1575
f 1575 	1573 	1572
f 1573 	1575 	1574
f 1578 	1577 	1576
f 1575 	1578 	1576
f 1575 	1576 	1574
f 1569 	1580 	1579
f 1569 	1579 	1578
f 1578 	1579 	1577
f 1570 	1580 	1569
f 1575 	1586 	1578
f 1581 	1571 	1569
f 1569 	1639 	1581
f 1583 	1582 	1639
f 1581 	1639 	1582
f 1587 	1639 	1569
f 1583 	1639 	1584
f 1451 	1586 	1575
f 1586 	1587 	1578
f 1586 	1589 	1587
f 1578 	1587 	1569
f 1451 	1454 	1588
f 1588 	1586 	1451
f 1588 	1589 	1586
f 1454 	1623 	1588
f 1538 	1623 	1454
f 1623 	1624 	1588
f 1588 	1624 	1589
f 1623 	1626 	1624
f 1625 	1626 	1623
f 1538 	1541 	1625
f 1625 	1623 	1538
f 1502 	1503 	1481
f 1503 	5408 	1481
f 1481 	5408 	5409
f 5410 	1481 	5409
f 5410 	1628 	1481
f 1541 	1545 	1625
f 1625 	1629 	1626
f 1545 	1629 	1625
f 1633 	1481 	1632
f 1632 	1481 	1631
f 1481 	1633 	1634
f 1545 	1683 	1629
f 1640 	1642 	1641
f 1584 	1642 	1585
f 1585 	1642 	1640
f 1584 	1639 	1642
f 1642 	1643 	1641
f 1587 	1589 	1644
f 1644 	1639 	1587
f 1644 	1645 	1639
f 1481 	1647 	1648
f 1648 	1649 	1481
f 1481 	1649 	1650
f 1058 	1481 	1059
f 1320 	1652 	1481
f 1375 	1481 	1653
f 1639 	1645 	1642
f 1589 	1654 	1644
f 1589 	1624 	1654
f 1644 	1655 	1645
f 1654 	1655 	1644
f 1626 	1656 	1624
f 1624 	1656 	1654
f 1654 	1657 	1655
f 1656 	1657 	1654
f 1626 	1658 	1656
f 1629 	1658 	1626
f 1658 	1675 	1656
f 1660 	1543 	1542
f 1542 	1659 	1660
f 1661 	1662 	1544
f 1659 	1663 	1664
f 1659 	1664 	1660
f 1660 	1665 	1661
f 1660 	1664 	1665
f 1661 	1666 	1662
f 1665 	1666 	1661
f 1665 	1664 	1669
f 1665 	1670 	1666
f 1669 	1670 	1665
f 1667 	1668 	1663
f 1663 	1668 	1664
f 1664 	1668 	1669
f 1667 	1672 	1668
f 1667 	1671 	1672
f 1668 	1672 	1673
f 1668 	1673 	1669
f 1673 	1674 	1669
f 1674 	1670 	1669
f 1674 	1687 	1670
f 1656 	1675 	1657
f 1679 	1680 	1677
f 1677 	1680 	1678
f 1678 	3896 	1676
f 1677 	1685 	1679
f 1680 	3900 	1678
f 1681 	1682 	1679
f 1679 	1682 	1680
f 1545 	1662 	1683
f 1684 	1658 	1629
f 1683 	1684 	1629
f 1658 	1684 	1676
f 1684 	1678 	1676
f 1675 	1658 	1676
f 1662 	1685 	1683
f 1685 	1662 	1666
f 1683 	1677 	1684
f 1685 	1677 	1683
f 1684 	1677 	1678
f 1686 	1685 	1666
f 1686 	1666 	1670
f 1686 	1679 	1685
f 1681 	1679 	1686
f 1686 	1670 	1687
f 1687 	1681 	1686
f 1712 	1481 	1652
f 1712 	1715 	1481
f 1722 	1724 	1481
f 1481 	1716 	1713
f 1713 	1653 	1481
f 1715 	1718 	1481
f 1718 	1720 	1481
f 1481 	1720 	1722
f 1726 	1481 	1724
f 1730 	1481 	1731
f 1692 	1687 	1727
f 1481 	1730 	1732
f 1733 	1481 	1732
f 1737 	1481 	1738
f 1733 	1738 	1481
f 1737 	1716 	1481
f 1682 	1681 	1742
f 1681 	1743 	1742
f 1682 	1742 	1744
f 3901 	1682 	1753
f 1726 	1754 	1481
f 1481 	1754 	1755
f 1736 	1739 	1681
f 1687 	1736 	1681
f 1692 	1734 	1687
f 1735 	1736 	1687
f 1734 	1735 	1687
f 1743 	1681 	1740
f 1762 	1761 	1426
f 1739 	1740 	1681
f 1808 	1807 	1810
f 1806 	1810 	1807
f 1814 	1812 	1810
f 1808 	1810 	1812
f 1812 	1814 	1813
f 1816 	1448 	1445
f 1816 	1813 	1814
f 1814 	1448 	1816
f 2028 	1828 	1825
f 1826 	1825 	1828
f 1828 	1827 	1826
f 1832 	1831 	1833
f 1831 	1830 	1833
f 1827 	1828 	1830
f 1833 	1830 	1828
f 1832 	1833 	1834
f 1834 	1833 	1810
f 1806 	1834 	1810
f 1828 	1891 	1833
f 1833 	1835 	1810
f 1833 	1891 	1835
f 1810 	1835 	1837
f 1810 	1837 	1814
f 1837 	1450 	1814
f 1891 	1839 	1835
f 1835 	1840 	1837
f 1835 	1839 	1840
f 1761 	1763 	1426
f 1841 	507 	1842
f 1844 	1843 	1426
f 1846 	1844 	1426
f 507 	1426 	1843
f 1845 	507 	1843
f 1845 	1847 	507
f 1842 	507 	1847
f 1763 	1846 	1426
f 507 	1841 	1860
f 1862 	5927 	1861
f 1862 	1869 	5927
f 507 	1861 	5927
f 1469 	1465 	1962
f 1864 	1866 	1425
f 1426 	1425 	1866
f 1866 	1868 	1426
f 1762 	1426 	1868
f 1872 	1871 	5927
f 512 	511 	5927
f 1873 	512 	5927
f 1863 	1861 	507
f 1869 	1870 	5927
f 1870 	1872 	5927
f 1883 	1880 	1962
f 1767 	1883 	1962
f 1764 	1469 	1962
f 1962 	1882 	1881
f 1837 	1840 	1452
f 1840 	1459 	1452
f 1889 	1459 	1840
f 1837 	1452 	1450
f 1839 	1888 	1889
f 1839 	1889 	1840
f 1539 	1540 	1889
f 2028 	1890 	1828
f 1891 	1828 	1890
f 1890 	1892 	1893
f 1892 	1895 	1893
f 1890 	1893 	1891
f 1891 	1893 	1839
f 2062 	1894 	1892
f 1895 	1892 	1894
f 1893 	1895 	1888
f 1893 	1888 	1839
f 1895 	1901 	1906
f 1895 	1906 	1888
f 1894 	1901 	1895
f 1894 	1899 	1901
f 1901 	1977 	1984
f 1901 	1984 	1906
f 1888 	1906 	1539
f 1539 	1906 	1542
f 1878 	1764 	1962
f 1867 	1865 	1425
f 1941 	1425 	1942
f 1941 	1867 	1425
f 1865 	1864 	1425
f 1943 	1946 	1425
f 1944 	1943 	1425
f 1942 	1425 	1945
f 1945 	1425 	1946
f 1555 	1944 	1425
f 1962 	1961 	1766
f 1766 	1765 	1962
f 1882 	1962 	1879
f 1880 	1879 	1962
f 1765 	1767 	1962
f 1040 	1039 	1948
f 1039 	1947 	1948
f 1040 	1948 	1949
f 1949 	1041 	1040
f 1041 	1949 	1950
f 1041 	1950 	861
f 2677 	1951 	1947
f 1952 	1948 	1947
f 1951 	1952 	1947
f 1948 	1952 	1953
f 1948 	1953 	1949
f 1949 	1954 	1950
f 1949 	1953 	1954
f 1954 	1415 	1950
f 1956 	1952 	1951
f 1953 	1958 	1954
f 1958 	1419 	1954
f 1951 	1955 	1956
f 1955 	1960 	1956
f 1952 	1957 	1953
f 1952 	1956 	1957
f 1958 	1953 	1957
f 1960 	1955 	1959
f 1957 	1956 	1961
f 1960 	1961 	1956
f 1957 	1961 	1962
f 1957 	1962 	1958
f 1958 	1962 	1424
f 1958 	1424 	1419
f 1888 	1539 	1889
f 1899 	1976 	1977
f 1899 	1977 	1901
f 1542 	1906 	1984
f 2186 	2286 	1976
f 1984 	2288 	1659
f 1659 	1542 	1984
f 2026 	2028 	2027
f 2026 	2029 	2028
f 1825 	2027 	2028
f 2030 	2033 	2031
f 2032 	2031 	2033
f 2053 	2033 	2035
f 2030 	2035 	2033
f 2032 	2033 	2037
f 2037 	2058 	2029
f 2053 	2052 	2051
f 2054 	2053 	2055
f 2051 	2055 	2053
f 2035 	2052 	2053
f 2056 	2168 	2054
f 2037 	2033 	2058
f 2033 	2061 	2062
f 2033 	2062 	2058
f 2028 	2029 	2058
f 2058 	1890 	2028
f 2033 	2053 	2061
f 2168 	2063 	2061
f 2061 	2064 	2062
f 2061 	2063 	2064
f 2058 	1892 	1890
f 2058 	2062 	1892
f 2062 	2064 	1894
f 2063 	2182 	2183
f 2063 	2183 	2064
f 2071 	2074 	2072
f 2074 	2073 	2072
f 2101 	2768 	2102
f 1975 	2686 	2099
f 1974 	2686 	1975
f 2099 	2768 	2101
f 2104 	2102 	2768
f 2110 	2104 	2768
f 2071 	2078 	2074
f 2167 	2073 	2168
f 2074 	2168 	2073
f 2179 	2168 	2074
f 2074 	2178 	2179
f 2053 	2054 	2168
f 2167 	2168 	2056
f 2053 	2168 	2061
f 2179 	2063 	2168
f 2178 	2181 	2179
f 2178 	2180 	2181
f 2179 	2181 	2182
f 2179 	2182 	2063
f 2185 	2182 	2181
f 2064 	1899 	1894
f 2064 	2183 	1899
f 2180 	2184 	2181
f 2181 	2184 	2185
f 2182 	2186 	2183
f 2182 	2185 	2186
f 2183 	1976 	1899
f 2183 	2186 	1976
f 2184 	2708 	2713
f 2184 	2713 	2185
f 2127 	2356 	2686
f 2193 	2074 	2078
f 2107 	2106 	2768
f 2768 	2767 	2107
f 2110 	2768 	2106
f 2216 	2215 	2178
f 2109 	2107 	2767
f 2214 	2178 	2229
f 2112 	2767 	2113
f 2109 	2767 	2112
f 2115 	2113 	2767
f 2178 	2214 	2180
f 2074 	2193 	2178
f 2216 	2178 	2193
f 2214 	2217 	2180
f 2219 	2180 	2217
f 2217 	2218 	2219
f 2219 	2184 	2180
f 2223 	2222 	2221
f 2220 	2223 	2221
f 2224 	2223 	2225
f 2226 	2223 	2224
f 2225 	2223 	2220
f 2223 	2214 	2222
f 2227 	2222 	2214
f 2214 	2229 	2228
f 2228 	2227 	2214
f 2215 	2229 	2178
f 2233 	2231 	2230
f 2223 	2226 	2234
f 2232 	2234 	2226
f 2233 	2234 	2231
f 2223 	2217 	2214
f 2232 	2231 	2234
f 2223 	2234 	2217
f 2278 	2235 	2233
f 2233 	2235 	2236
f 2233 	2236 	2234
f 2234 	2236 	2218
f 2218 	2236 	3494
f 2234 	2218 	2217
f 2236 	2235 	3507
f 2233 	2279 	2278
f 2282 	2235 	2278
f 2282 	2281 	2235
f 2233 	2230 	2279
f 2281 	2280 	2284
f 2283 	2284 	2280
f 2283 	2285 	2284
f 2235 	2281 	2284
f 3505 	2235 	2284
f 2287 	1977 	1976
f 1976 	2286 	2287
f 1977 	2287 	2288
f 1977 	2288 	1984
f 2288 	2291 	1663
f 2288 	1663 	1659
f 2286 	2290 	2287
f 2286 	2289 	2290
f 2288 	2287 	2291
f 2287 	2290 	2291
f 2294 	2291 	2290
f 1667 	1663 	2291
f 2289 	2292 	2293
f 2292 	2296 	2293
f 2289 	2293 	2290
f 2290 	2293 	2294
f 1667 	2291 	2294
f 2296 	2292 	2295
f 2293 	2296 	2297
f 2293 	2297 	2294
f 2297 	1671 	2294
f 2294 	1671 	1667
f 1960 	2586 	1961
f 2327 	2360 	1961
f 2353 	2351 	1959
f 2351 	2350 	1959
f 2350 	2349 	1959
f 2128 	2127 	2686
f 2353 	1959 	2354
f 2356 	2355 	2686
f 1959 	2686 	2355
f 2355 	2354 	1959
f 2370 	2367 	2295
f 2366 	2295 	2367
f 2400 	2393 	2764
f 2392 	2764 	2393
f 2366 	2415 	2295
f 2415 	2413 	2295
f 2420 	2419 	2296
f 2419 	2417 	2296
f 2408 	2296 	2409
f 2296 	2295 	2409
f 2410 	2409 	2295
f 2412 	2410 	2295
f 2413 	2412 	2295
f 2408 	2420 	2296
f 2673 	2297 	2668
f 2501 	2297 	2502
f 2117 	2767 	2118
f 2115 	2767 	2116
f 2789 	2119 	2767
f 2116 	2767 	2117
f 2122 	2121 	2789
f 2118 	2767 	2119
f 2297 	2501 	2503
f 2327 	1961 	2328
f 2585 	2328 	1961
f 2585 	1961 	2586
f 2586 	1960 	2587
f 2587 	1960 	2589
f 2591 	2589 	1960
f 1768 	1766 	1961
f 2610 	2608 	1961
f 2608 	1768 	1961
f 2610 	1961 	2360
f 2592 	2591 	1960
f 1959 	2349 	2348
f 1960 	1959 	2592
f 2348 	2592 	1959
f 2123 	2122 	2789
f 2123 	2789 	2125
f 2624 	1039 	1026
f 2624 	1947 	1039
f 2636 	2594 	1671
f 1403 	1396 	2642
f 1671 	2593 	2596
f 2642 	2644 	1403
f 2297 	2634 	1671
f 2642 	2643 	2644
f 2636 	1671 	2634
f 2643 	2647 	2644
f 2643 	2646 	2647
f 2634 	2297 	2635
f 2635 	2297 	2637
f 2644 	2647 	1026
f 2503 	2637 	2297
f 2593 	1671 	2594
f 2646 	2649 	2654
f 2649 	2690 	2654
f 2646 	2654 	2647
f 2647 	2654 	2624
f 2624 	1026 	2647
f 2660 	2659 	1673
f 2633 	2663 	2642
f 2662 	1673 	2661
f 2663 	2643 	2642
f 2659 	2661 	1673
f 2663 	2664 	2643
f 2642 	1396 	2633
f 2596 	2650 	1671
f 2653 	1672 	2652
f 2650 	2655 	1671
f 2655 	2652 	1671
f 1672 	1671 	2652
f 2664 	2665 	2646
f 2665 	2649 	2646
f 2664 	2646 	2643
f 4487 	2672 	2665
f 2649 	2665 	2672
f 2296 	2668 	2297
f 2669 	2296 	2670
f 2666 	2296 	2667
f 2668 	2296 	2666
f 2654 	2677 	2624
f 2654 	2690 	2677
f 2624 	2677 	1947
f 2669 	2667 	2296
f 2677 	2690 	2678
f 2502 	2297 	2673
f 2677 	2678 	1951
f 2678 	1955 	1951
f 2676 	2296 	2674
f 2675 	2674 	2296
f 2678 	2680 	1955
f 2670 	2296 	2671
f 2671 	2296 	2676
f 1955 	2680 	1959
f 2686 	1959 	2680
f 2685 	2684 	1672
f 1974 	2128 	2686
f 2689 	2649 	2672
f 2683 	2682 	1672
f 2682 	2685 	1672
f 2689 	2690 	2649
f 2689 	2692 	2690
f 2684 	2687 	1672
f 2687 	2688 	1673
f 1673 	1672 	2687
f 2688 	2660 	1673
f 2692 	2689 	2691
f 2678 	2690 	2692
f 2698 	2697 	1674
f 1674 	2700 	1687
f 2697 	2700 	1674
f 2701 	1687 	2700
f 2706 	1687 	2701
f 2662 	2695 	1673
f 2698 	1674 	2699
f 2695 	2699 	1674
f 1674 	1673 	2695
f 2653 	2679 	1672
f 2679 	2681 	1672
f 2683 	1672 	2681
f 2417 	2418 	2296
f 2675 	2296 	2418
f 1727 	1687 	2706
f 2219 	2708 	2184
f 2691 	2710 	2711
f 2691 	2711 	2692
f 2692 	2680 	2678
f 2711 	2680 	2692
f 2219 	3495 	2708
f 2185 	2713 	2718
f 2725 	2713 	2708
f 2713 	2726 	2718
f 2713 	2725 	2726
f 2185 	2718 	2186
f 2186 	2718 	2286
f 2726 	2289 	2718
f 2286 	2718 	2289
f 2708 	2722 	2725
f 2722 	2730 	2725
f 2722 	2729 	2730
f 2729 	3499 	3501
f 2725 	2732 	2726
f 2725 	2730 	2732
f 2726 	2732 	2292
f 2292 	2289 	2726
f 3501 	2734 	2729
f 2734 	2736 	2729
f 2729 	2736 	2730
f 2730 	2736 	2764
f 2764 	2732 	2730
f 2764 	2295 	2732
f 2768 	2711 	2710
f 2764 	2392 	2295
f 2710 	2767 	2768
f 2295 	2292 	2732
f 2711 	2768 	2686
f 2711 	2686 	2680
f 2768 	2099 	2686
f 2689 	2672 	2783
f 2783 	4523 	2785
f 2783 	2785 	2691
f 2710 	2691 	2785
f 2783 	2691 	2689
f 2786 	2785 	4525
f 2785 	2786 	2710
f 2786 	2789 	2767
f 2767 	2710 	2786
f 2121 	2119 	2789
f 2764 	3466 	2510
f 2510 	2400 	2764
f 2392 	2370 	2295
f 2795 	2825 	2796
f 2825 	2795 	2827
f 2827 	2831 	2825
f 2842 	4331 	2840
f 2842 	2844 	4331
f 6170 	582 	2835
f 2857 	2860 	6170
f 2835 	2857 	6170
f 2861 	6212 	2859
f 2860 	2859 	6170
f 2864 	6212 	2862
f 2862 	6212 	2863
f 2861 	2863 	6212
f 4331 	2844 	2847
f 3011 	4331 	3012
f 3018 	6232 	3015
f 3015 	6231 	3016
f 6231 	3015 	6232
f 4076 	6232 	3023
f 3022 	6232 	3018
f 2978 	3006 	6213
f 6213 	6212 	2978
f 3006 	3008 	6213
f 3007 	6213 	3008
f 3034 	3033 	6231
f 3016 	6231 	3033
f 3007 	3027 	6213
f 6231 	6213 	3030
f 3028 	3030 	6213
f 4331 	3024 	3038
f 3032 	6231 	3031
f 3027 	3028 	6213
f 3031 	6231 	3030
f 6231 	3032 	3034
f 3038 	3039 	4331
f 3039 	3040 	4331
f 3046 	4331 	3044
f 4331 	2559 	2558
f 3046 	2559 	4331
f 3048 	3502 	3049
f 3101 	3104 	3102
f 3105 	3140 	3101
f 3104 	3103 	3102
f 3107 	3109 	3108
f 3106 	3109 	3107
f 3104 	3109 	3106
f 3104 	3106 	3103
f 2825 	3117 	3112
f 3113 	3112 	3117
f 3112 	2796 	2825
f 4331 	3040 	3042
f 4331 	2561 	2562
f 4746 	4331 	2566
f 3117 	3115 	3114
f 3117 	3114 	3113
f 3104 	3101 	3140
f 3139 	3140 	3105
f 3117 	3140 	3139
f 3117 	3139 	3115
f 3143 	3109 	3104
f 3104 	3140 	3143
f 4326 	3143 	3140
f 3145 	3144 	3147
f 3148 	3211 	3144
f 3147 	3146 	3145
f 1180 	1181 	3147
f 3146 	3147 	1181
f 3150 	3149 	3152
f 3149 	3153 	3215
f 3149 	3215 	3152
f 3049 	3502 	3050
f 3053 	3051 	3536
f 3050 	3536 	3051
f 3057 	3053 	3536
f 3151 	3150 	3152
f 3147 	3144 	3211
f 3210 	3211 	3148
f 3151 	3152 	3211
f 3210 	3151 	3211
f 3147 	1186 	1180
f 3211 	1186 	3147
f 3250 	3261 	3215
f 3201 	3256 	3502
f 3059 	3056 	3535
f 3055 	3054 	3536
f 3057 	3536 	3054
f 3536 	3535 	3055
f 3059 	3535 	3060
f 3056 	3055 	3535
f 3061 	3060 	3535
f 3152 	4480 	3211
f 3211 	2633 	1186
f 3258 	3259 	3241
f 3259 	3244 	3243
f 3243 	3242 	3259
f 3254 	3244 	3261
f 3259 	3261 	3244
f 3261 	3250 	3249
f 3251 	3254 	3261
f 3249 	3251 	3261
f 3257 	3215 	3153
f 3257 	3250 	3215
f 3242 	3241 	3259
f 3543 	3544 	3262
f 3260 	3264 	3258
f 3259 	3258 	3264
f 3263 	3264 	3260
f 3261 	3259 	4503
f 4503 	3259 	3264
f 3261 	4503 	4481
f 3261 	4481 	3215
f 3327 	3325 	4322
f 3330 	4322 	3328
f 3325 	3328 	4322
f 3330 	3331 	4322
f 3331 	3334 	4322
f 3337 	4322 	3338
f 3339 	3338 	4322
f 3334 	3336 	3340
f 3339 	4322 	3340
f 3340 	4322 	3334
f 3337 	3349 	4322
f 3349 	3348 	4322
f 3274 	3273 	3272
f 3272 	3421 	3274
f 3422 	3424 	3423
f 3274 	3424 	3422
f 3274 	3422 	3273
f 3473 	2736 	3427
f 3239 	3427 	2736
f 3429 	3557 	3421
f 3433 	3641 	3434
f 3252 	3248 	3503
f 3246 	3503 	3247
f 3247 	3503 	3248
f 3503 	3502 	3255
f 3202 	3201 	3502
f 3252 	3503 	3253
f 3256 	3255 	3502
f 3253 	3503 	3255
f 3540 	3066 	3535
f 3061 	3535 	3062
f 3068 	3066 	3540
f 3070 	3068 	3540
f 3064 	3535 	3066
f 3063 	3535 	3064
f 3062 	3535 	3063
f 3452 	3451 	2734
f 3454 	3641 	3455
f 3455 	3449 	3456
f 3450 	3448 	2734
f 3445 	3240 	2736
f 3445 	2736 	3448
f 3239 	2736 	3240
f 2736 	2734 	3448
f 3450 	2734 	3451
f 3468 	3467 	2764
f 3470 	2764 	3467
f 3472 	3471 	2736
f 781 	3570 	783
f 3478 	3641 	3477
f 3477 	3641 	3476
f 3479 	3641 	3480
f 3481 	3641 	3482
f 3471 	3468 	2736
f 3473 	3472 	2736
f 2764 	2736 	3468
f 3503 	3245 	3453
f 3245 	3503 	3246
f 3452 	2734 	3453
f 3503 	3453 	2734
f 2764 	3489 	3488
f 3466 	2764 	3485
f 3485 	2764 	3488
f 3487 	3486 	2764
f 3470 	3490 	2764
f 3489 	2764 	3486
f 3487 	2764 	3490
f 3070 	3540 	3071
f 3540 	3072 	3071
f 5269 	3072 	3540
f 2218 	3494 	3495
f 3494 	3499 	3495
f 2218 	3495 	2219
f 3497 	3494 	3507
f 3499 	3494 	3497
f 2722 	2708 	3495
f 3499 	2722 	3495
f 3497 	3501 	3499
f 3497 	3500 	3501
f 2729 	2722 	3499
f 3500 	3534 	3502
f 3501 	3500 	3503
f 3502 	3503 	3500
f 3503 	2734 	3501
f 3507 	2235 	3505
f 3494 	2236 	3507
f 3537 	3508 	3505
f 3505 	3509 	3507
f 3517 	3519 	3641
f 3519 	3518 	3641
f 3517 	3641 	3465
f 3641 	3433 	3444
f 3449 	3641 	3447
f 3474 	3641 	3454
f 3641 	3518 	3520
f 3294 	3641 	3295
f 3364 	3434 	3641
f 3508 	3509 	3505
f 3509 	3497 	3507
f 3509 	3500 	3497
f 3508 	3533 	3534
f 3508 	3534 	3509
f 3509 	3534 	3500
f 3536 	3534 	3533
f 3533 	3535 	3536
f 3534 	3536 	3502
f 3536 	3050 	3502
f 3048 	3202 	3502
f 3897 	3898 	3570
f 3505 	2284 	3537
f 3537 	5257 	3538
f 3537 	3538 	3508
f 3539 	3538 	5265
f 3508 	3538 	3533
f 3538 	3539 	3533
f 3539 	5267 	3540
f 3539 	3540 	3535
f 3535 	3533 	3539
f 3266 	3541 	3267
f 3268 	3541 	3266
f 3542 	3544 	3543
f 3542 	3269 	3544
f 3267 	3541 	3269
f 3544 	3269 	3541
f 1642 	3545 	1643
f 3263 	3262 	3264
f 3264 	3262 	3544
f 3541 	3268 	3547
f 3425 	3547 	3268
f 3425 	3423 	3547
f 3424 	3547 	3423
f 3547 	3550 	3541
f 3552 	3549 	3548
f 3541 	3550 	3544
f 3544 	3265 	3264
f 3551 	3549 	3552
f 3265 	3544 	3550
f 3545 	1642 	3552
f 3562 	3550 	3547
f 3548 	3546 	3552
f 3545 	3552 	3546
f 1642 	1645 	3552
f 3554 	3556 	3555
f 3109 	3557 	3110
f 3110 	3108 	3109
f 3553 	3556 	3554
f 3274 	3421 	3557
f 3556 	3553 	3552
f 3429 	3111 	3557
f 3110 	3557 	3111
f 3553 	3551 	3552
f 3274 	3557 	3558
f 3565 	3557 	3109
f 3557 	3566 	3558
f 3565 	3566 	3557
f 3559 	3555 	3556
f 3274 	3558 	3424
f 3560 	3547 	3424
f 1655 	3561 	1645
f 3558 	3560 	3424
f 3561 	3552 	1645
f 3562 	3547 	3560
f 3552 	3563 	3556
f 3561 	3563 	3552
f 1655 	1657 	3564
f 3564 	3561 	1655
f 3143 	3565 	3109
f 3558 	3567 	3560
f 3566 	3567 	3558
f 3560 	3568 	3562
f 3560 	3567 	3568
f 3570 	781 	784
f 785 	3570 	784
f 3564 	3904 	4026
f 785 	786 	3570
f 4432 	3568 	3567
f 3556 	3569 	3559
f 3569 	3556 	3572
f 3766 	3768 	3570
f 3768 	783 	3570
f 786 	787 	3570
f 3581 	4322 	3580
f 4322 	3581 	3585
f 3585 	3586 	4322
f 3589 	3590 	4322
f 3591 	4322 	3590
f 4322 	3591 	3592
f 3597 	4322 	3596
f 3462 	3464 	3641
f 3464 	3465 	3641
f 3462 	3641 	3463
f 3524 	3641 	3523
f 3525 	3641 	3524
f 3641 	3525 	3526
f 3641 	3788 	3790
f 3474 	3476 	3641
f 3478 	3480 	3641
f 3641 	3784 	3786
f 3641 	3786 	3788
f 3526 	3527 	3641
f 3527 	3528 	3641
f 3528 	3529 	3641
f 3757 	3758 	3641
f 3758 	3764 	3641
f 3764 	3765 	3641
f 3765 	3769 	3641
f 3794 	3795 	3641
f 3795 	3796 	3641
f 3796 	3482 	3641
f 3481 	3483 	3641
f 3483 	3484 	3641
f 3484 	3510 	3641
f 3510 	3512 	3641
f 3512 	3513 	3641
f 3513 	3295 	3641
f 3294 	3297 	3641
f 3297 	3364 	3641
f 3444 	3447 	3641
f 3449 	3455 	3641
f 3479 	3463 	3641
f 3521 	3522 	3641
f 787 	788 	3570
f 789 	790 	3570
f 790 	791 	3570
f 791 	793 	3570
f 3641 	3520 	3521
f 3523 	3641 	3522
f 793 	794 	3570
f 800 	801 	3570
f 3641 	3529 	3530
f 3530 	3531 	3641
f 3755 	3641 	3531
f 801 	802 	3570
f 3961 	3962 	3570
f 3962 	3963 	3570
f 3963 	3964 	3570
f 3964 	3965 	3570
f 3988 	3989 	3570
f 3989 	3981 	3570
f 3982 	3983 	3570
f 3983 	3984 	3570
f 4101 	4102 	3570
f 4102 	4103 	3570
f 3755 	3756 	3641
f 4037 	4038 	3570
f 3756 	3757 	3641
f 3977 	3978 	3570
f 3978 	3979 	3570
f 3979 	3980 	3570
f 4103 	4035 	3570
f 3570 	4036 	4037
f 3570 	3859 	3860
f 3861 	3570 	3860
f 3570 	3767 	3766
f 3857 	3570 	3881
f 3641 	3769 	3772
f 3772 	3773 	3641
f 3773 	3780 	3641
f 3780 	3783 	3641
f 3641 	3785 	3784
f 3783 	3785 	3641
f 3790 	3791 	3641
f 3793 	3794 	3641
f 3791 	3793 	3641
f 3574 	3572 	3577
f 3570 	3858 	3859
f 3798 	4322 	3797
f 3576 	3574 	3577
f 3556 	3577 	3572
f 3575 	3574 	3576
f 4322 	3762 	3797
f 3556 	3563 	3577
f 3799 	4322 	3798
f 3801 	3800 	3577
f 3577 	3800 	3576
f 3801 	3879 	3806
f 3564 	3812 	3561
f 3564 	4026 	3812
f 3561 	3812 	3563
f 3814 	3577 	3563
f 3812 	3814 	3563
f 3577 	3879 	3801
f 3833 	3806 	3879
f 3814 	3879 	3577
f 3812 	4028 	3814
f 3759 	4322 	3760
f 3852 	3327 	4322
f 3570 	4098 	4101
f 3570 	803 	3866
f 3570 	802 	803
f 3866 	3869 	3570
f 3799 	3803 	4322
f 3804 	4322 	3803
f 3767 	3570 	3862
f 3861 	3862 	3570
f 3570 	3898 	3899
f 3864 	3804 	3863
f 3858 	3570 	3857
f 3899 	3881 	3570
f 3879 	3877 	3833
f 3885 	3884 	3887
f 3883 	3887 	3884
f 3883 	3882 	3887
f 3886 	3887 	3882
f 3887 	3886 	3879
f 3984 	3985 	3570
f 3879 	3886 	3877
f 3887 	3888 	3885
f 3869 	3890 	3570
f 3961 	3570 	3890
f 3814 	4074 	3879
f 4074 	4077 	3879
f 3879 	4077 	3887
f 3892 	3889 	4089
f 3889 	3888 	4089
f 3887 	4089 	3888
f 3894 	3893 	4089
f 1676 	3895 	1675
f 1678 	3900 	3896
f 3896 	3895 	1676
f 3901 	3900 	1682
f 1680 	1682 	3900
f 1744 	1752 	1682
f 3867 	3870 	3805
f 3804 	3805 	3870
f 3863 	3804 	3870
f 3868 	3867 	3872
f 3805 	3872 	3867
f 3868 	3872 	3871
f 3910 	4322 	3909
f 3808 	4322 	3809
f 3910 	3809 	4322
f 4322 	3911 	3913
f 3915 	3914 	4322
f 3913 	3915 	4322
f 3917 	3852 	4322
f 3916 	3917 	4322
f 4322 	3348 	3359
f 4322 	4032 	4034
f 4322 	3808 	3810
f 3903 	3570 	3902
f 3902 	3570 	3980
f 3903 	3897 	3570
f 4098 	3570 	3985
f 4036 	3570 	4035
f 3987 	3570 	3968
f 3965 	3968 	3570
f 3987 	3988 	3570
f 3982 	3570 	3981
f 3977 	3570 	3976
f 4094 	3976 	3570
f 3904 	3564 	1657
f 1657 	1675 	3904
f 3895 	3904 	1675
f 3895 	3896 	4040
f 1752 	1753 	1682
f 3901 	1753 	3992
f 3865 	4322 	3864
f 4015 	4322 	3905
f 3865 	3905 	4322
f 4015 	4016 	4322
f 4003 	4006 	6256
f 6256 	6232 	4003
f 4018 	4322 	4017
f 3920 	3912 	4322
f 4018 	3920 	4322
f 4007 	4009 	3901
f 3992 	4007 	3901
f 4010 	4048 	4008
f 4009 	4008 	3901
f 4011 	4048 	4012
f 4012 	4048 	4010
f 4019 	4048 	4011
f 3901 	4008 	4048
f 4019 	4020 	4048
f 4048 	4020 	4050
f 4021 	4050 	4020
f 3596 	4322 	3595
f 4023 	4022 	4050
f 4021 	4023 	4050
f 4026 	4028 	3812
f 3904 	3895 	4031
f 4032 	4322 	4030
f 4322 	4029 	4030
f 4031 	4026 	3904
f 4026 	4033 	4028
f 4031 	4033 	4026
f 4033 	4090 	4028
f 3895 	4040 	4031
f 4033 	4031 	4041
f 4031 	4040 	4041
f 3896 	4042 	4040
f 3900 	4042 	3896
f 4042 	4046 	4040
f 4040 	4046 	4041
f 3900 	3901 	4042
f 4048 	4042 	3901
f 4042 	4050 	4046
f 4005 	6256 	4006
f 4048 	4050 	4042
f 6256 	4054 	3092
f 4216 	4046 	4050
f 4051 	4052 	6256
f 4005 	4051 	6256
f 4052 	4054 	6256
f 4070 	4067 	4071
f 4069 	4553 	4070
f 4068 	4553 	4069
f 4067 	4070 	4553
f 4068 	4072 	4553
f 4055 	3092 	4053
f 4053 	3092 	4054
f 4057 	4058 	3092
f 3092 	4055 	4057
f 4074 	3814 	4028
f 4058 	4060 	3092
f 3022 	3023 	6232
f 4078 	4071 	4067
f 4074 	4091 	4077
f 4079 	4078 	4066
f 4066 	4078 	4067
f 4145 	4139 	4241
f 4322 	3914 	3916
f 4076 	4004 	6232
f 4004 	4003 	6232
f 3893 	3892 	4089
f 3887 	4077 	4089
f 4090 	4074 	4028
f 4090 	4091 	4074
f 4091 	4092 	4077
f 4091 	4130 	4092
f 4077 	4092 	4089
f 4093 	4090 	4033
f 4094 	3570 	4038
f 4100 	4099 	4231
f 4231 	4254 	4100
f 4251 	4250 	4097
f 4085 	4097 	4250
f 4096 	4253 	4106
f 4251 	4105 	4104
f 4097 	4105 	4251
f 4113 	4248 	4087
f 4250 	4248 	4085
f 4114 	4252 	4112
f 4115 	4553 	4075
f 4093 	4129 	4090
f 4090 	4129 	4091
f 4129 	4130 	4091
f 4130 	4780 	4092
f 4322 	3810 	3811
f 4063 	4341 	4059
f 4157 	4553 	4156
f 3092 	4060 	4059
f 4099 	4133 	4231
f 4063 	4064 	4341
f 4064 	4014 	4341
f 4013 	4341 	4014
f 4143 	4137 	4237
f 4136 	4138 	4238
f 4138 	4153 	4238
f 4135 	4143 	4234
f 4237 	4234 	4143
f 4066 	4139 	4079
f 4137 	4136 	4237
f 4238 	4237 	4136
f 3361 	4322 	3360
f 4322 	3361 	3362
f 3906 	4322 	3907
f 4147 	4342 	4146
f 4066 	4241 	4139
f 4341 	4013 	4140
f 4134 	4135 	4234
f 4141 	4142 	4341
f 4141 	4341 	4140
f 4146 	4342 	4144
f 4144 	4341 	4142
f 4148 	4342 	4147
f 4341 	4144 	4342
f 4342 	4148 	4150
f 4149 	4151 	4342
f 4158 	4160 	4553
f 4159 	4553 	4160
f 4149 	4342 	4150
f 4151 	4152 	4342
f 4163 	4553 	4162
f 4174 	4176 	4553
f 4082 	4081 	4553
f 4179 	4082 	4553
f 4553 	4163 	4181
f 4181 	4182 	4553
f 4214 	4215 	4129
f 4190 	4191 	4343
f 4180 	4456 	4177
f 4192 	4190 	4343
f 4191 	4197 	4456
f 4197 	4183 	4456
f 4456 	4343 	4191
f 4343 	4194 	4192
f 4177 	4456 	4183
f 4130 	4129 	4215
f 4093 	4033 	4041
f 4041 	4213 	4093
f 4046 	4213 	4041
f 4214 	4129 	4093
f 4213 	4214 	4093
f 4764 	2833 	4331
f 4216 	4213 	4046
f 4216 	4217 	4213
f 4213 	4217 	4214
f 4214 	4218 	4215
f 4217 	4218 	4214
f 4219 	4221 	4220
f 3009 	4331 	2847
f 4221 	4219 	4222
f 4221 	4769 	4220
f 4224 	3894 	4089
f 4089 	4221 	4224
f 4222 	4224 	4221
f 4553 	4210 	4211
f 4211 	4226 	4553
f 4171 	4553 	4172
f 4172 	4553 	4230
f 4233 	4232 	4239
f 4232 	4236 	4239
f 4242 	5257 	4236
f 4239 	4235 	4233
f 2284 	2285 	4239
f 4235 	4239 	2285
f 4155 	4145 	4241
f 4153 	4155 	4240
f 4241 	4240 	4155
f 4081 	4080 	4553
f 5254 	4245 	4244
f 4239 	4236 	5257
f 4249 	5257 	4242
f 5257 	4249 	5254
f 4249 	4245 	5254
f 4239 	3537 	2284
f 4243 	4255 	5254
f 4243 	5254 	4244
f 4080 	4083 	4246
f 4246 	4083 	4247
f 4084 	4247 	4083
f 4086 	4085 	4248
f 4113 	4086 	4248
f 4095 	4100 	4254
f 4096 	4095 	4253
f 4254 	4253 	4095
f 4252 	4251 	4104
f 4114 	4106 	4253
f 4253 	4252 	4114
f 4104 	4112 	4252
f 4247 	4087 	4248
f 4084 	4087 	4247
f 4180 	4314 	4456
f 4314 	4315 	4456
f 4166 	4167 	4342
f 4170 	4343 	4169
f 4170 	4175 	4343
f 4342 	4169 	4343
f 4173 	4343 	4175
f 4152 	4164 	4342
f 4166 	4342 	4165
f 4164 	4165 	4342
f 4167 	4168 	4342
f 4169 	4342 	4168
f 4173 	4188 	4343
f 4343 	4185 	4194
f 4188 	4187 	4343
f 4184 	4343 	4187
f 4184 	4185 	4343
f 4322 	3598 	4024
f 3911 	4322 	3912
f 3359 	3360 	4322
f 3362 	3363 	4322
f 3363 	3578 	4322
f 3578 	3580 	4322
f 3586 	3587 	4322
f 3587 	3588 	4322
f 3588 	3589 	4322
f 3592 	3593 	4322
f 3594 	4322 	3593
f 3595 	4322 	3594
f 4025 	4322 	4024
f 4027 	4322 	4025
f 4029 	4322 	4027
f 4088 	4322 	4034
f 4088 	3907 	4322
f 4322 	3906 	3908
f 4324 	3117 	2825
f 2825 	3077 	4324
f 4324 	4325 	3117
f 4327 	4328 	4324
f 4325 	3140 	3117
f 4325 	4326 	3140
f 4328 	4325 	4324
f 4424 	3565 	3143
f 4326 	4424 	3143
f 3077 	3082 	4327
f 4324 	3077 	4327
f 4325 	4329 	4326
f 4325 	4328 	4329
f 4231 	4133 	4234
f 4329 	4435 	4326
f 4153 	4240 	4238
f 4133 	4134 	4234
f 4132 	4156 	4553
f 4336 	4337 	4327
f 4327 	4337 	4328
f 4328 	4337 	4329
f 4340 	4329 	4337
f 4553 	4182 	4186
f 4553 	4080 	4246
f 4226 	4225 	4553
f 2558 	2561 	4331
f 4174 	4553 	4171
f 4179 	4553 	4178
f 2563 	2566 	4331
f 4748 	4750 	4331
f 4750 	4751 	4331
f 4751 	4752 	4331
f 4752 	4753 	4331
f 4810 	4812 	4331
f 4812 	4814 	4331
f 4814 	5081 	4331
f 5081 	5003 	4331
f 5003 	5004 	4331
f 5004 	5005 	4331
f 5005 	5006 	4331
f 5006 	4997 	4331
f 4997 	4998 	4331
f 4998 	4999 	4331
f 4999 	5000 	4331
f 3091 	4336 	3082
f 4341 	4336 	3092
f 3091 	3092 	4336
f 5000 	4765 	4331
f 4327 	3082 	4336
f 4765 	4768 	4331
f 4768 	4756 	4331
f 4336 	4342 	4337
f 4331 	4756 	4757
f 4757 	4761 	4331
f 4762 	4763 	4331
f 4341 	4342 	4336
f 4342 	4343 	4337
f 4763 	4764 	4331
f 4337 	4343 	4340
f 2832 	2837 	4331
f 3092 	4059 	4341
f 3908 	3909 	4322
f 3811 	3813 	4322
f 3813 	3760 	4322
f 3759 	3762 	4322
f 3804 	3864 	4322
f 4016 	4017 	4322
f 3597 	3598 	4322
f 4353 	4460 	4355
f 4359 	4361 	4458
f 4364 	4362 	4458
f 4458 	4361 	4460
f 4355 	4460 	4356
f 4356 	4460 	4361
f 4359 	4458 	4362
f 4373 	4460 	4352
f 4353 	4352 	4460
f 4377 	4540 	4380
f 4381 	4539 	4382
f 4380 	4539 	4381
f 4384 	4382 	4539
f 4376 	4540 	4377
f 4539 	4380 	4540
f 4396 	4528 	4397
f 4387 	4390 	4218
f 4389 	4218 	4390
f 4218 	4217 	4387
f 4400 	4399 	4534
f 4397 	4528 	4398
f 4398 	4528 	4399
f 4528 	4534 	4399
f 4408 	2126 	4529
f 2789 	4529 	2125
f 2126 	2125 	4529
f 4410 	4409 	4528
f 4403 	4404 	4218
f 4389 	4403 	4218
f 4528 	4409 	4529
f 4396 	4410 	4528
f 4408 	4529 	4409
f 4405 	4819 	4406
f 4404 	4406 	4218
f 4218 	4406 	4819
f 4534 	4540 	4393
f 4407 	4411 	4819
f 4407 	4819 	4405
f 4411 	4412 	4819
f 4376 	4395 	4540
f 4412 	4414 	4819
f 4400 	4534 	4401
f 4394 	4393 	4540
f 4534 	4393 	4402
f 4401 	4534 	4402
f 4395 	4394 	4540
f 4385 	4386 	4460
f 4373 	4385 	4460
f 4384 	4539 	4383
f 4433 	4419 	4216
f 4386 	4383 	4460
f 4539 	4460 	4383
f 4418 	4420 	4217
f 4217 	4216 	4418
f 4420 	4421 	4217
f 4217 	4421 	4422
f 4365 	4364 	4458
f 3009 	3012 	4331
f 4365 	4458 	4367
f 4423 	4388 	4217
f 4315 	4367 	4456
f 4423 	4217 	4422
f 4458 	4456 	4367
f 4388 	4387 	4217
f 3565 	4425 	3566
f 4050 	4022 	4417
f 4424 	4425 	3565
f 4425 	4427 	3566
f 4425 	4437 	4427
f 4436 	4437 	4425
f 3566 	4427 	3567
f 4427 	4432 	3567
f 4434 	4433 	4216
f 4326 	4435 	4424
f 4424 	4436 	4425
f 4419 	4418 	4216
f 4435 	4436 	4424
f 4417 	4426 	4050
f 4428 	4429 	4050
f 4429 	4430 	4216
f 4426 	4428 	4050
f 4216 	4050 	4429
f 4431 	4216 	4430
f 4434 	4216 	4431
f 4440 	4436 	4435
f 4436 	4441 	4437
f 4440 	4441 	4436
f 4329 	4439 	4435
f 4340 	4439 	4329
f 4439 	4440 	4435
f 4416 	4392 	4820
f 4392 	4391 	4820
f 4439 	4458 	4440
f 4415 	4820 	4413
f 4819 	4414 	4413
f 4819 	4413 	4820
f 4553 	4176 	4178
f 4415 	4416 	4820
f 4340 	4343 	4456
f 4340 	4456 	4439
f 4458 	4439 	4456
f 4458 	4460 	4440
f 4440 	4460 	4441
f 4450 	4821 	4448
f 4451 	4821 	4450
f 4553 	4072 	4073
f 4117 	4118 	4553
f 4553 	4159 	4161
f 4118 	4131 	4553
f 4131 	4132 	4553
f 4158 	4553 	4157
f 3152 	3215 	4480
f 3215 	4482 	4480
f 4480 	2633 	3211
f 3215 	4481 	4482
f 4480 	2663 	2633
f 4480 	4482 	2663
f 4484 	4482 	4481
f 4484 	4481 	4483
f 4482 	4484 	2664
f 4484 	2665 	2664
f 4482 	2664 	2663
f 4483 	4485 	4487
f 4483 	4487 	4484
f 4484 	4487 	2665
f 4509 	4489 	4485
f 4485 	4489 	4491
f 4485 	4491 	4487
f 4487 	4491 	2672
f 4553 	4201 	4202
f 4073 	4075 	4553
f 4489 	4523 	4491
f 2783 	2672 	4491
f 3264 	3265 	4504
f 4503 	3264 	4504
f 4503 	4504 	4483
f 4483 	4504 	4485
f 4503 	4483 	4481
f 4508 	3265 	3550
f 3550 	3562 	4508
f 4508 	4509 	3265
f 4504 	3265 	4509
f 4485 	4504 	4509
f 4510 	4508 	3562
f 4510 	4511 	4508
f 4508 	4511 	4509
f 4509 	4511 	4489
f 4512 	4489 	4511
f 3562 	3568 	4510
f 4530 	4510 	3568
f 4523 	4489 	4512
f 4444 	4820 	4445
f 4445 	4820 	4391
f 4523 	2783 	4491
f 4444 	4446 	4820
f 4446 	4447 	4820
f 4448 	4820 	4447
f 4449 	4450 	4448
f 4512 	4524 	4525
f 4512 	4525 	4523
f 4525 	2785 	4523
f 4525 	4524 	4527
f 4526 	4527 	4524
f 2786 	4525 	4527
f 4526 	4528 	4529
f 4526 	4529 	4527
f 2786 	4527 	2789
f 4529 	2789 	4527
f 4511 	4510 	4531
f 4510 	4530 	4531
f 4512 	4511 	4531
f 4530 	4532 	4531
f 4531 	4524 	4512
f 4532 	4524 	4531
f 4532 	4533 	4526
f 4526 	4533 	4528
f 4534 	4528 	4533
f 4532 	4526 	4524
f 3568 	4432 	4530
f 4530 	4432 	4536
f 4437 	4535 	4427
f 4427 	4535 	4432
f 4536 	4432 	4535
f 4536 	4532 	4530
f 4441 	4537 	4437
f 4537 	4441 	4460
f 4537 	4535 	4437
f 4535 	4537 	4538
f 4539 	4537 	4460
f 4535 	4538 	4536
f 4536 	4533 	4532
f 4536 	4538 	4533
f 4537 	4540 	4538
f 4116 	4553 	4115
f 4537 	4539 	4540
f 4116 	4117 	4553
f 4534 	4533 	4540
f 4538 	4540 	4533
f 4820 	4448 	4821
f 4067 	4553 	4066
f 4162 	4553 	4161
f 4189 	4553 	4186
f 4193 	4553 	4189
f 4198 	4553 	4193
f 4210 	4553 	4202
f 4227 	4553 	4225
f 4228 	4553 	4227
f 4229 	4553 	4228
f 4230 	4553 	4229
f 4246 	4247 	4553
f 4247 	4248 	4553
f 4248 	4250 	4553
f 4250 	4251 	4553
f 4251 	4252 	4553
f 4252 	4253 	4553
f 4253 	4254 	4553
f 4254 	4231 	4553
f 4231 	4234 	4553
f 4234 	4237 	4553
f 4237 	4238 	4553
f 4238 	4240 	4553
f 4240 	4241 	4553
f 4241 	4066 	4553
f 4579 	5080 	4577
f 4331 	2837 	2838
f 4331 	2838 	2840
f 3021 	4331 	3011
f 3024 	4331 	3021
f 4574 	4577 	5080
f 4585 	4622 	5080
f 4579 	4585 	5080
f 4591 	5080 	4592
f 5080 	4613 	4614
f 4612 	4613 	5080
f 4647 	4648 	5080
f 4647 	5080 	4646
f 4453 	4455 	4821
f 4454 	4821 	4451
f 4453 	4821 	4454
f 4457 	4821 	4455
f 4199 	4553 	4198
f 4200 	4553 	4199
f 4200 	4201 	4553
f 4331 	3042 	3043
f 4331 	3043 	3044
f 4331 	2562 	2563
f 4715 	4601 	5080
f 5080 	4714 	4715
f 5080 	4601 	4599
f 4590 	4592 	5080
f 5080 	4620 	4621
f 4331 	4746 	4747
f 4749 	4748 	4331
f 4747 	4749 	4331
f 4754 	4331 	4753
f 4671 	4821 	4670
f 4457 	4670 	4821
f 4759 	4331 	4760
f 4758 	4331 	4759
f 4671 	4690 	4821
f 4762 	4331 	4758
f 4760 	4331 	4761
f 4690 	4691 	4821
f 4695 	4821 	4692
f 4691 	4692 	4821
f 4698 	5251 	4695
f 4700 	5251 	4701
f 4701 	5251 	4698
f 4977 	5251 	4700
f 4766 	4769 	4767
f 4766 	4223 	4769
f 4223 	4220 	4769
f 4770 	4769 	4221
f 5000 	4999 	4790
f 4769 	4776 	4771
f 4769 	4771 	4767
f 4790 	4792 	5000
f 4765 	5000 	4792
f 4792 	4794 	4765
f 4768 	4765 	4804
f 4774 	4761 	4757
f 4772 	4776 	4773
f 4775 	4774 	4756
f 4756 	4774 	4757
f 4776 	4772 	4771
f 4804 	4791 	4768
f 4776 	4777 	4773
f 4776 	4778 	4777
f 2832 	4331 	2833
f 4089 	4092 	4770
f 4089 	4770 	4221
f 4770 	4780 	4781
f 4769 	4770 	4781
f 4781 	4789 	4769
f 4769 	4789 	4776
f 4998 	4997 	4788
f 5006 	5005 	4782
f 4756 	4791 	4775
f 4756 	4768 	4791
f 4804 	4765 	4794
f 4809 	4808 	4331
f 4810 	4331 	4808
f 5212 	4793 	5215
f 4779 	4778 	5215
f 4776 	5215 	4778
f 4780 	4770 	4092
f 4816 	4818 	4781
f 4781 	4818 	4789
f 5247 	5215 	4818
f 4815 	4816 	4780
f 4815 	4780 	4130
f 4780 	4816 	4781
f 4215 	4815 	4130
f 4820 	4816 	4819
f 4815 	4819 	4816
f 4816 	4821 	4818
f 4820 	4821 	4816
f 4215 	4218 	4815
f 4819 	4815 	4218
f 4657 	4795 	4649
f 4795 	4796 	4649
f 4796 	4797 	4649
f 4797 	4798 	4649
f 4798 	4799 	4649
f 4799 	4801 	4649
f 4802 	4649 	4801
f 4803 	4649 	4802
f 4668 	4652 	4667
f 4666 	4667 	4652
f 4652 	4668 	4669
f 4652 	4669 	4658
f 4835 	4836 	4662
f 4660 	4659 	4837
f 4659 	4661 	4837
f 4662 	4837 	4661
f 4663 	4664 	4835
f 4662 	4663 	4835
f 4665 	4666 	4835
f 4834 	4835 	4666
f 4649 	4803 	4805
f 4649 	4805 	4806
f 4649 	4806 	4807
f 4649 	4807 	4650
f 4653 	4811 	4652
f 4813 	4831 	4652
f 4813 	4652 	4811
f 4666 	4652 	4831
f 4837 	4662 	4836
f 4859 	4860 	4864
f 4858 	4859 	4864
f 4666 	4831 	4833
f 4666 	4833 	4834
f 4664 	4665 	4835
f 4837 	4862 	4863
f 4837 	4863 	4660
f 4852 	4854 	4869
f 4854 	4856 	4869
f 4868 	4869 	4856
f 4867 	4868 	4856
f 4865 	4867 	4856
f 4864 	4865 	4856
f 4621 	4587 	5080
f 4586 	5080 	4587
f 4875 	4876 	4848
f 4848 	4876 	4877
f 4848 	4877 	4878
f 4848 	4878 	4844
f 4848 	4844 	4843
f 4856 	4857 	4864
f 4860 	4862 	4864
f 4840 	4864 	4862
f 4839 	4840 	4862
f 4838 	4839 	4862
f 4837 	4838 	4862
f 4851 	4852 	4869
f 4847 	4850 	4869
f 4848 	4847 	4869
f 4850 	4851 	4869
f 4848 	4869 	4870
f 4848 	4870 	4871
f 4848 	4871 	4872
f 4848 	4872 	4873
f 4848 	4873 	4874
f 4848 	4874 	4875
f 4857 	4858 	4864
f 4566 	5080 	4567
f 4566 	4568 	5080
f 4571 	4574 	5080
f 4785 	4784 	5003
f 4785 	5003 	4963
f 4956 	4963 	5003
f 4814 	4812 	4959
f 4960 	4959 	4812
f 4957 	4956 	5081
f 5003 	5081 	4956
f 4959 	4970 	4814
f 4988 	4814 	4970
f 4810 	4961 	4812
f 4961 	4960 	4812
f 4988 	4969 	5081
f 4969 	4957 	5081
f 4814 	4988 	5081
f 4808 	4961 	4810
f 4989 	4331 	4754
f 4991 	4331 	4989
f 4995 	4331 	4994
f 4995 	4809 	4331
f 4788 	4787 	4998
f 4787 	4790 	4999
f 5080 	4586 	4588
f 4997 	5006 	4786
f 4782 	4786 	5006
f 5080 	4591 	4593
f 4999 	4998 	4787
f 4786 	4788 	4997
f 4784 	5004 	5003
f 4783 	4782 	5005
f 4800 	4783 	5005
f 4784 	4800 	5004
f 5005 	5004 	4800
f 5080 	4623 	4624
f 5080 	4624 	4625
f 4985 	4982 	5251
f 4568 	4571 	5080
f 4967 	5252 	4965
f 4622 	4623 	5080
f 4968 	5252 	4987
f 5252 	4968 	4965
f 4629 	5080 	4625
f 4981 	4987 	5252
f 4632 	5080 	4629
f 4633 	5080 	4632
f 4982 	4979 	5251
f 4633 	4635 	5080
f 4635 	4636 	5080
f 5252 	5251 	4981
f 4636 	4637 	5080
f 4979 	4981 	5251
f 4637 	4638 	5080
f 4640 	4641 	5080
f 4641 	4642 	5080
f 4993 	4994 	4331
f 4993 	4331 	4991
f 4644 	4646 	5080
f 4651 	4655 	5080
f 4655 	4687 	5080
f 4687 	4689 	5080
f 4689 	4711 	5080
f 4711 	4714 	5080
f 4599 	4609 	5080
f 4609 	4610 	5080
f 4614 	4616 	5080
f 4616 	4620 	5080
f 5085 	5299 	5086
f 5086 	5299 	5088
f 5102 	5088 	5299
f 5299 	5253 	5105
f 5103 	5102 	5299
f 5105 	5103 	5299
f 5106 	5104 	5253
f 5104 	5105 	5253
f 5109 	5106 	5253
f 5132 	5131 	5300
f 5128 	5301 	5130
f 5127 	5301 	5128
f 5131 	5130 	5300
f 5301 	5300 	5130
f 5141 	5268 	5142
f 5142 	5268 	5143
f 5143 	5268 	5144
f 5268 	5286 	5144
f 3072 	5269 	3073
f 5268 	5156 	5269
f 5141 	5157 	5268
f 5156 	5268 	5157
f 5146 	5286 	5147
f 5127 	5151 	5301
f 5147 	5286 	5148
f 5148 	5286 	5150
f 5150 	5301 	5151
f 5129 	5299 	5085
f 5134 	5300 	5133
f 5299 	5135 	5137
f 5133 	5299 	5137
f 5135 	5299 	5129
f 5082 	5084 	5252
f 4967 	5082 	5252
f 5253 	5252 	5113
f 5110 	5109 	5253
f 5110 	5253 	5113
f 5113 	5252 	5084
f 4985 	5251 	4976
f 4821 	4695 	5251
f 4974 	5251 	4977
f 4976 	5251 	4974
f 4793 	4779 	5215
f 5213 	5212 	5215
f 4789 	5215 	4776
f 5225 	5222 	5215
f 4588 	4589 	5080
f 5213 	5215 	5222
f 4589 	4590 	5080
f 5222 	5225 	5223
f 5230 	5232 	5231
f 5232 	5230 	5225
f 5223 	5225 	5230
f 5231 	5232 	5234
f 4789 	4818 	5215
f 5215 	5249 	5225
f 5249 	5250 	5225
f 5225 	5250 	5232
f 5249 	5215 	5247
f 4821 	5251 	4818
f 4818 	5251 	5247
f 5251 	5252 	5247
f 5247 	5252 	5249
f 5249 	5253 	5250
f 5252 	5253 	5249
f 5253 	5299 	5250
f 5299 	5133 	5300
f 4593 	4594 	5080
f 4594 	4595 	5080
f 4595 	4596 	5080
f 4596 	4567 	5080
f 5080 	4610 	4611
f 4611 	4612 	5080
f 4639 	5080 	4638
f 5080 	4639 	4640
f 4644 	5080 	4642
f 5080 	4648 	4651
f 4239 	5257 	3537
f 5254 	5259 	5265
f 5254 	5265 	5257
f 5265 	3538 	5257
f 5265 	5259 	5267
f 5266 	5267 	5259
f 5265 	5267 	3539
f 5266 	5268 	5269
f 5266 	5269 	5267
f 5269 	3540 	5267
f 5146 	5144 	5286
f 5154 	3073 	5269
f 5154 	5269 	5156
f 5301 	5150 	5286
f 5270 	5272 	5271
f 5270 	5273 	5272
f 4255 	5274 	5254
f 5271 	5272 	5274
f 5254 	5274 	5272
f 5275 	5295 	5276
f 5277 	5276 	5295
f 5277 	5295 	5278
f 5273 	5278 	5279
f 5273 	5279 	5272
f 5272 	5259 	5254
f 5272 	5279 	5259
f 5280 	5279 	5295
f 5280 	5295 	5298
f 5279 	5280 	5266
f 5286 	5268 	5280
f 5279 	5266 	5259
f 5286 	5280 	5301
f 5298 	5301 	5280
f 5266 	5280 	5268
f 5134 	5132 	5300
f 5287 	5289 	5288
f 5234 	5289 	5235
f 5287 	5235 	5289
f 5232 	5289 	5234
f 5293 	5292 	5289
f 5288 	5289 	5292
f 5293 	5291 	5290
f 5293 	5290 	5292
f 5295 	5275 	5294
f 5291 	5293 	5294
f 5295 	5294 	5293
f 5279 	5278 	5295
f 5296 	5289 	5232
f 5250 	5296 	5232
f 5296 	5297 	5289
f 5297 	5293 	5289
f 5293 	5297 	5298
f 5293 	5298 	5295
f 5299 	5296 	5250
f 5296 	5299 	5297
f 5300 	5297 	5299
f 5298 	5297 	5301
f 5297 	5300 	5301
f 1628 	1627 	1481
f 5583 	6273 	439
f 5583 	5586 	5584
f 5583 	5585 	5586
f 5586 	5831 	5584
f 451 	5587 	5585
f 5585 	5587 	5589
f 5589 	5586 	5585
f 5587 	5591 	5589
f 5590 	5591 	5587
f 5593 	5594 	5591
f 5590 	5592 	5593
f 5591 	5590 	5593
f 5594 	5593 	5914
f 5592 	5911 	5593
f 5595 	5597 	5596
f 5598 	5597 	5814
f 5595 	5814 	5597
f 5553 	5605 	5554
f 5605 	5607 	5554
f 5607 	5609 	5554
f 5612 	5554 	5609
f 5564 	5675 	5563
f 5566 	5675 	5564
f 5601 	466 	5595
f 5602 	5601 	5595
f 5567 	5565 	5713
f 5562 	5563 	5713
f 5568 	5675 	5566
f 5562 	5713 	5565
f 5602 	5595 	5596
f 5561 	5560 	5713
f 5567 	5713 	5560
f 5572 	5673 	5571
f 5603 	5673 	5572
f 5556 	5555 	5604
f 5603 	5604 	5555
f 5571 	5675 	5570
f 5554 	5612 	5614
f 5554 	5614 	5616
f 5554 	5616 	5618
f 5554 	5618 	5620
f 5554 	5620 	5621
f 5554 	5621 	5622
f 5554 	5622 	5623
f 5554 	5623 	5624
f 5554 	5624 	5625
f 5554 	5625 	5627
f 5554 	5627 	5628
f 5554 	5628 	5629
f 5554 	5629 	5630
f 5554 	5630 	5631
f 5554 	5631 	5632
f 5554 	5632 	5633
f 5554 	5633 	5557
f 5570 	5675 	5568
f 5640 	5797 	5639
f 5558 	5634 	5555
f 5634 	5635 	5555
f 5635 	5636 	5555
f 5636 	5673 	5555
f 5640 	5805 	5797
f 5641 	5805 	5640
f 5644 	5646 	5645
f 5644 	5780 	5646
f 5651 	5780 	5644
f 5712 	5715 	5666
f 5660 	5738 	5656
f 5661 	5738 	5660
f 5662 	5738 	5661
f 5664 	5665 	5732
f 5664 	5732 	5663
f 5561 	5713 	5666
f 5666 	5732 	5665
f 5715 	5719 	5666
f 5705 	5704 	5563
f 5713 	5563 	5714
f 5643 	5650 	5738
f 5642 	5650 	5643
f 5656 	5738 	5657
f 5647 	5650 	5642
f 5649 	5650 	5647
f 5652 	5738 	5650
f 5653 	5738 	5652
f 5657 	5738 	5653
f 5727 	5666 	5724
f 5675 	5676 	5563
f 5714 	5563 	5704
f 5663 	5732 	5662
f 5738 	5662 	5736
f 5713 	5712 	5666
f 5724 	5666 	5719
f 5727 	5731 	5666
f 5732 	5666 	5731
f 5673 	5672 	5571
f 5674 	5571 	5672
f 5675 	5571 	5674
f 5603 	5555 	5673
f 5705 	5563 	5710
f 5710 	5563 	5703
f 5676 	5703 	5563
f 5736 	5662 	5735
f 5733 	5662 	5732
f 5734 	5662 	5733
f 5735 	5662 	5734
f 5780 	5779 	5778
f 5778 	5648 	5780
f 5646 	5780 	5648
f 5779 	5780 	5790
f 5797 	5651 	5639
f 5798 	5780 	5651
f 5797 	5798 	5651
f 5798 	6121 	5780
f 5805 	6034 	5797
f 5797 	6034 	5798
f 5599 	5598 	5814
f 5814 	5595 	5584
f 5824 	5821 	5814
f 5821 	5600 	5814
f 5599 	5814 	5600
f 5814 	5836 	5824
f 5821 	5824 	5822
f 5824 	5828 	5822
f 5831 	5814 	5584
f 5831 	5836 	5814
f 5855 	5860 	5854
f 5853 	5859 	5851
f 5850 	5849 	5863
f 5859 	5861 	5851
f 5858 	5860 	5857
f 5857 	5860 	5855
f 5844 	5867 	5869
f 5869 	5868 	5844
f 5865 	5867 	5847
f 5844 	5847 	5867
f 5862 	5863 	5849
f 5846 	5850 	5864
f 5864 	5866 	5846
f 5848 	5846 	5866
f 5866 	5865 	5848
f 5847 	5848 	5865
f 5844 	5868 	5845
f 5863 	5864 	5850
f 5856 	5852 	5859
f 5856 	5859 	5853
f 5860 	5859 	5852
f 5852 	5854 	5860
f 5861 	5862 	5851
f 5849 	5851 	5862
f 5845 	5872 	5871
f 5871 	5872 	5870
f 5874 	7404 	5873
f 5872 	5845 	5868
f 5873 	5870 	5872
f 5644 	5824 	5836
f 5893 	5831 	5586
f 5586 	5589 	5893
f 5831 	5893 	5639
f 5893 	5640 	5639
f 5831 	5639 	5836
f 5639 	5651 	5836
f 5589 	5591 	5898
f 5898 	5893 	5589
f 5898 	5640 	5893
f 5591 	5594 	5898
f 5898 	5641 	5640
f 5594 	5641 	5898
f 5902 	5901 	5644
f 5901 	5841 	5644
f 5824 	5644 	5841
f 5828 	5824 	5841
f 5644 	5645 	5902
f 5651 	5644 	5836
f 5911 	5592 	5907
f 5911 	5914 	5593
f 5907 	5918 	5911
f 5944 	5915 	5917
f 5907 	5916 	5918
f 5911 	5921 	5914
f 5918 	5921 	5911
f 5920 	5919 	5944
f 5917 	5920 	5944
f 5923 	5924 	5916
f 5918 	5916 	5924
f 5918 	5925 	5921
f 5924 	5925 	5918
f 6028 	5921 	5925
f 5923 	5927 	5929
f 5923 	5929 	5924
f 5929 	5931 	5924
f 5931 	5925 	5924
f 5933 	5944 	5934
f 5934 	5944 	5932
f 6025 	5935 	5914
f 5939 	5940 	5944
f 5940 	5905 	5944
f 5904 	5944 	5905
f 6314 	6316 	5944
f 6316 	6341 	5944
f 6376 	6378 	5944
f 5935 	5641 	5594
f 5914 	5921 	6025
f 5921 	6028 	6025
f 6031 	6028 	5925
f 6031 	5925 	5931
f 5805 	6040 	6034
f 5641 	6036 	5805
f 5935 	6036 	5641
f 5805 	6036 	6040
f 6046 	6036 	5935
f 6025 	6046 	5935
f 6046 	6049 	6036
f 6054 	6058 	6046
f 6046 	6058 	6049
f 6036 	6049 	6040
f 6049 	6165 	6040
f 6028 	6054 	6025
f 6054 	6046 	6025
f 6054 	6074 	6058
f 6031 	6070 	6028
f 6070 	6054 	6028
f 6070 	6074 	6054
f 6074 	6169 	6058
f 5914 	5935 	5594
f 546 	549 	5931
f 547 	546 	5931
f 5929 	545 	5931
f 6115 	5780 	6117
f 6115 	5790 	5780
f 6117 	6116 	6115
f 6118 	6116 	6117
f 5780 	6121 	6117
f 6121 	6124 	6117
f 6160 	6121 	5798
f 6160 	6173 	6121
f 6121 	6173 	6124
f 6123 	6118 	6124
f 6117 	6124 	6118
f 6135 	6129 	6124
f 6124 	6132 	6123
f 6132 	6124 	6129
f 6129 	6135 	6131
f 6134 	6131 	6135
f 6135 	6142 	6134
f 6135 	6219 	6142
f 6144 	6143 	6219
f 6145 	6144 	6219
f 6143 	6142 	6219
f 6145 	6219 	6148
f 6147 	6146 	6220
f 6148 	6220 	6146
f 6152 	6225 	6153
f 6152 	6220 	6225
f 6147 	6220 	6152
f 6153 	6225 	6156
f 6157 	6156 	6225
f 2825 	2831 	6225
f 6157 	6225 	6159
f 6034 	6160 	5798
f 6161 	6160 	6034
f 6161 	6034 	6040
f 6040 	6165 	6161
f 6165 	6183 	6161
f 6049 	6169 	6165
f 6058 	6169 	6049
f 6165 	6210 	6183
f 6074 	6170 	6169
f 6173 	6174 	6124
f 6124 	6174 	6135
f 6160 	6161 	6177
f 6177 	6173 	6160
f 6173 	6178 	6174
f 6173 	6177 	6178
f 6161 	6183 	6177
f 6208 	6178 	6177
f 6183 	6208 	6177
f 6210 	6165 	6169
f 6210 	6211 	6183
f 6169 	6170 	6210
f 6183 	6211 	6208
f 6212 	6210 	6170
f 6210 	6213 	6211
f 6212 	6213 	6210
f 6178 	6221 	6174
f 6221 	6219 	6174
f 6228 	6223 	6208
f 6208 	6211 	6228
f 581 	582 	6074
f 6135 	6174 	6219
f 6219 	6220 	6148
f 6219 	6222 	6220
f 6221 	6222 	6219
f 6223 	6221 	6178
f 6223 	6224 	6221
f 6221 	6224 	6222
f 6220 	6222 	6226
f 6226 	6225 	6220
f 6227 	6226 	6222
f 6222 	6224 	6227
f 6224 	6230 	6227
f 6208 	6223 	6178
f 6229 	6224 	6223
f 6228 	6229 	6223
f 6229 	6230 	6224
f 3091 	6227 	6230
f 6213 	6231 	6211
f 6211 	6231 	6228
f 6231 	6232 	6228
f 6378 	6380 	5944
f 6380 	6381 	5944
f 5944 	6381 	6382
f 6348 	6349 	5944
f 6349 	6358 	5944
f 6358 	6360 	5944
f 6360 	6362 	5944
f 6362 	6364 	5944
f 6364 	6365 	5944
f 6368 	6369 	5944
f 6369 	6370 	5944
f 6370 	5942 	5944
f 5941 	5943 	5944
f 5943 	5937 	5944
f 5936 	5938 	5944
f 5938 	5939 	5944
f 5904 	5906 	5944
f 5906 	5908 	5944
f 5908 	5909 	5944
f 5909 	5910 	5944
f 5926 	5928 	5944
f 5928 	5930 	5944
f 5930 	5932 	5944
f 6228 	6232 	6229
f 6230 	6229 	6256
f 6229 	6232 	6256
f 3092 	3091 	6256
f 5926 	5944 	5910
f 5944 	5933 	5913
f 5912 	5915 	5944
f 6273 	5595 	446
f 6273 	5584 	5595
f 6273 	5583 	5584
f 5583 	439 	448
f 5585 	5583 	448
f 451 	456 	5587
f 5590 	5587 	456
f 456 	458 	5590
f 458 	459 	5592
f 5592 	5590 	458
f 5907 	5592 	459
f 5936 	5944 	5937
f 446 	5595 	447
f 466 	447 	5595
f 459 	470 	5907
f 470 	472 	5916
f 472 	5923 	5916
f 5916 	5907 	470
f 5923 	472 	506
f 5927 	5923 	506
f 5927 	506 	507
f 1871 	1873 	5927
f 6074 	6070 	574
f 552 	563 	6031
f 548 	5931 	545
f 544 	545 	5929
f 2830 	6225 	2831
f 5913 	5912 	5944
f 6170 	2859 	6212
f 2864 	2978 	6212
f 5919 	5922 	5944
f 6259 	5944 	5922
f 5944 	6259 	6261
f 5944 	6261 	6309
f 6159 	6225 	2830
f 6225 	6226 	3077
f 3077 	6226 	3082
f 3077 	2825 	6225
f 6226 	6227 	3082
f 3091 	3082 	6227
f 6230 	6256 	3091
f 6262 	6309 	6261
f 5944 	6309 	6310
f 5944 	6310 	6311
f 5944 	6311 	6312
f 5944 	6312 	6314
f 6341 	6342 	5944
f 6343 	5944 	6342
f 6348 	5944 	6347
f 5944 	6365 	6366
f 6367 	6368 	5944
f 6366 	6367 	5944
f 5941 	5944 	5942
f 6343 	6374 	5944
f 6374 	6376 	5944
f 6382 	6346 	5944
f 6345 	5944 	6346
f 6345 	6347 	5944
f 8606 	8607 	6619
f 8607 	8608 	6619
f 8611 	8612 	6619
f 8612 	8613 	6619
f 8613 	8614 	6619
f 8614 	8615 	6619
f 8615 	8616 	6619
f 8619 	8620 	6619
f 8620 	8621 	6619
f 8621 	8559 	6619
f 8558 	8560 	6619
f 8560 	8561 	6619
f 8561 	8563 	6619
f 8563 	8564 	6619
f 8538 	8540 	6619
f 8540 	8541 	6619
f 8541 	8542 	6619
f 8542 	8545 	6619
f 8545 	8546 	6619
f 8546 	8548 	6619
f 8548 	8551 	6619
f 8551 	8553 	6619
f 8552 	8528 	6619
f 8527 	6619 	8528
f 6619 	8527 	8529
f 6619 	8529 	8532
f 8587 	8588 	6619
f 6619 	8593 	8594
f 6619 	8594 	8595
f 6619 	8539 	8538
f 7184 	7186 	6876
f 6876 	7153 	7184
f 7155 	7149 	7183
f 6879 	6880 	6878
f 6880 	6877 	6878
f 6893 	6894 	6902
f 6900 	6902 	6894
f 6894 	6895 	6900
f 6895 	6897 	6900
f 6903 	6904 	6892
f 6892 	6893 	6903
f 6901 	6900 	6897
f 6898 	6901 	6897
f 6879 	6885 	6913
f 6880 	6879 	6913
f 6914 	6884 	6911
f 6887 	6889 	6910
f 6910 	6911 	6887
f 6890 	6892 	6904
f 6904 	6906 	6890
f 6888 	6890 	6906
f 6906 	6908 	6888
f 6889 	6888 	6908
f 6908 	6907 	6889
f 6907 	6910 	6889
f 6914 	6913 	6885
f 6885 	6884 	6914
f 6887 	6911 	6884
f 6899 	6901 	6898
f 6902 	6903 	6893
f 6939 	7008 	6925
f 6938 	6939 	6926
f 6930 	6938 	6926
f 6922 	7008 	6923
f 7014 	6920 	7012
f 6920 	6921 	7012
f 7010 	7012 	6924
f 6924 	6928 	7010
f 7011 	7010 	6928
f 6928 	6923 	7011
f 6933 	6935 	6932
f 6930 	6932 	6938
f 6938 	6932 	6935
f 6925 	6926 	6939
f 6922 	6925 	7008
f 7011 	6923 	7008
f 6921 	6924 	7012
f 7053 	7069 	7054
f 7055 	7018 	7052
f 7054 	7055 	7052
f 7020 	6920 	7014
f 7047 	7020 	7051
f 7051 	7050 	7047
f 7049 	7051 	7020
f 7049 	7020 	7014
f 7017 	7047 	7050
f 7050 	7052 	7017
f 7018 	7017 	7052
f 7068 	7069 	7053
f 7070 	7068 	7073
f 7069 	7068 	7070
f 7055 	7054 	7069
f 6741 	6739 	7074
f 6742 	6741 	7074
f 6738 	6737 	7074
f 6739 	6738 	7074
f 7073 	7072 	7113
f 7073 	7113 	7070
f 7080 	7074 	6737
f 7085 	7084 	7078
f 7112 	7113 	7072
f 7084 	7112 	7076
f 7076 	7078 	7084
f 7078 	7075 	7085
f 7076 	7112 	7072
f 7075 	7074 	7085
f 7080 	7085 	7074
f 7176 	7178 	7166
f 7162 	7166 	7178
f 7166 	7169 	7176
f 7169 	7172 	7176
f 7171 	7177 	7170
f 7178 	7179 	7161
f 7161 	7162 	7178
f 7177 	7176 	7168
f 7172 	7168 	7176
f 7174 	7177 	7173
f 7173 	7177 	7171
f 7158 	7157 	7179
f 7163 	7158 	7180
f 7157 	7161 	7179
f 7168 	7170 	7177
f 6877 	6876 	7186
f 6878 	6877 	7186
f 7185 	7152 	7183
f 7180 	7182 	7163
f 7179 	7180 	7158
f 7159 	7163 	7182
f 7182 	7181 	7159
f 7149 	7159 	7181
f 7181 	7183 	7149
f 7185 	7184 	7153
f 7153 	7152 	7185
f 7155 	7183 	7152
f 7175 	7177 	7174
f 7297 	7296 	7289
f 7289 	7290 	7297
f 7291 	7297 	7290
f 7298 	7287 	7296
f 7294 	7297 	7291
f 7287 	7289 	7296
f 7384 	7383 	7401
f 7312 	7311 	7304
f 7305 	7306 	7307
f 7307 	7306 	7308
f 7310 	7302 	7307
f 7309 	7302 	7310
f 7315 	7321 	7336
f 7341 	7304 	7311
f 7303 	7302 	7309
f 7305 	7307 	7302
f 7325 	7326 	7333
f 7298 	7333 	7326
f 7322 	7325 	7333
f 7287 	7298 	7288
f 7288 	7298 	7326
f 7332 	7334 	7323
f 7333 	7332 	7322
f 7323 	7322 	7332
f 7335 	7338 	7320
f 7324 	7327 	7334
f 7327 	7323 	7334
f 7304 	7303 	7312
f 7309 	7312 	7303
f 7339 	7341 	7317
f 7311 	7317 	7341
f 7321 	7320 	7338
f 7316 	7319 	7340
f 7340 	7339 	7316
f 7317 	7316 	7339
f 7334 	7335 	7324
f 7320 	7324 	7335
f 7338 	7336 	7321
f 7336 	7340 	7315
f 7319 	7315 	7340
f 7346 	7380 	7345
f 7381 	7420 	7344
f 7370 	7372 	7376
f 7378 	7348 	7376
f 7380 	7346 	7379
f 7382 	7345 	7380
f 7379 	7347 	7378
f 7370 	7376 	7348
f 7375 	7377 	7374
f 7372 	7374 	7377
f 7377 	7376 	7372
f 7389 	7398 	7385
f 7388 	7400 	7386
f 7391 	7400 	7388
f 7397 	7398 	7393
f 7394 	7397 	7393
f 7393 	7398 	7389
f 7396 	7394 	7395
f 7401 	7403 	7384
f 7403 	7308 	7384
f 7306 	7384 	7308
f 7401 	7383 	7402
f 7386 	7402 	7383
f 7387 	7385 	7398
f 7398 	7399 	7387
f 7396 	7397 	7394
f 7390 	7387 	7399
f 7392 	7390 	7399
f 7391 	7392 	7399
f 7402 	7386 	7400
f 7399 	7400 	7391
f 7418 	7409 	7413
f 7410 	7404 	5874
f 5870 	5873 	7404
f 7408 	7405 	7409
f 7410 	7406 	7408
f 7406 	7410 	5874
f 7405 	7408 	7406
f 7415 	7417 	7413
f 7417 	7414 	7416
f 7382 	7381 	7344
f 7418 	7413 	7417
f 7405 	7413 	7409
f 7414 	7417 	7415
f 7344 	7345 	7382
f 7347 	7379 	7346
f 7414 	7344 	7420
f 7416 	7414 	7420
f 7348 	7378 	7347
f 8255 	475 	8256
f 477 	476 	8257
f 8258 	8257 	476
f 8259 	8258 	478
f 476 	478 	8258
f 478 	479 	8259
f 8257 	8256 	477
f 475 	477 	8256
f 471 	464 	8262
f 468 	467 	8263
f 8264 	8263 	467
f 8255 	8254 	473
f 474 	473 	8254
f 8254 	8264 	474
f 467 	469 	8264
f 464 	468 	8262
f 8263 	8262 	468
f 8255 	473 	475
f 8376 	779 	782
f 8376 	866 	871
f 455 	457 	8376
f 8376 	888 	889
f 889 	485 	8376
f 865 	867 	8376
f 471 	8262 	8376
f 8262 	8263 	8376
f 8376 	8263 	8264
f 8376 	8258 	8259
f 8376 	8255 	8256
f 8257 	8376 	8256
f 8257 	8258 	8376
f 450 	8376 	449
f 792 	8376 	782
f 796 	8376 	792
f 797 	8376 	796
f 874 	8376 	871
f 895 	8376 	894
f 8389 	8376 	8388
f 8379 	8381 	8376
f 8381 	8382 	8376
f 8377 	8376 	8378
f 486 	487 	8376
f 487 	775 	8376
f 775 	777 	8376
f 777 	471 	8376
f 8379 	8376 	8380
f 8377 	8380 	8376
f 8264 	8254 	8376
f 8254 	8255 	8376
f 8259 	449 	8376
f 804 	8376 	798
f 8376 	8383 	8384
f 804 	865 	8376
f 8384 	884 	8376
f 8385 	8376 	896
f 8376 	8385 	8386
f 8376 	8389 	8378
f 8376 	892 	893
f 8376 	893 	894
f 8386 	8387 	8376
f 8388 	8376 	8387
f 8376 	8382 	8383
f 8602 	6619 	8601
f 8536 	6619 	8532
f 8536 	8534 	6619
f 8552 	6619 	8553
f 8534 	8556 	6619
f 8557 	6619 	8556
f 8564 	8565 	6619
f 8565 	8539 	6619
f 8586 	6619 	8557
f 8586 	8587 	6619
f 8593 	6619 	8588
f 6619 	8596 	8597
f 8598 	6619 	8597
f 8600 	8601 	6619
f 6619 	8602 	8603
f 8603 	8604 	6619
f 8595 	8596 	6619
f 6619 	8598 	8599
f 6619 	8599 	8600
f 8605 	6619 	8604
f 8605 	8606 	6619
f 8610 	6619 	8609
f 8608 	8609 	6619
f 8610 	8611 	6619
f 6619 	8616 	8617
f 8617 	8618 	6619
f 8619 	6619 	8618
f 8558 	6619 	8559
f 8657 	203 	8658
f 16 	203 	17
f 8657 	17 	203
f 8663 	203 	8664
f 8664 	203 	8662
f 203 	8663 	8665
f 8668 	203 	8669
f 203 	8667 	8669
f 8668 	8658 	203
f 8670 	203 	445
# 3149 faces

g group_0_16500122

usemtl color_16500122
s 0

f 4608 	4607 	6775
f 4605 	4608 	6775
f 4607 	4615 	6775
f 4598 	6751 	4597
f 4604 	6757 	4603
f 4603 	6757 	4602
f 5060 	5062 	6773
f 4617 	6773 	4618
f 4615 	4619 	6775
f 4619 	4618 	6775
f 6773 	6775 	4618
f 4606 	4605 	6775
f 5024 	5023 	5021
f 5025 	5024 	5021
f 5028 	5029 	5059
f 5031 	5059 	5029
f 5028 	5059 	5030
f 5059 	6811 	5026
f 5030 	5059 	5026
f 5025 	5021 	5027
f 5063 	6773 	5062
f 6734 	6732 	5021
f 4617 	5060 	6773
f 5067 	5021 	5065
f 5065 	5021 	6732
f 5021 	5067 	5027
f 6692 	6947 	6690
f 6693 	6956 	6692
f 6695 	6956 	6693
f 6697 	6949 	6696
f 6688 	6952 	6687
f 6689 	6952 	6688
f 6827 	5022 	6703
f 6701 	6700 	5022
f 6702 	6701 	5022
f 6700 	6703 	5022
f 6827 	6703 	6705
f 6827 	6705 	6704
f 6706 	6827 	6707
f 6704 	6707 	6827
f 6698 	6702 	5022
f 6711 	5022 	6712
f 6714 	6712 	5022
f 6710 	5022 	6711
f 6708 	5022 	6710
f 6708 	6699 	5022
f 6698 	5022 	6699
f 5032 	6714 	5022
f 6715 	5021 	6716
f 5031 	5032 	5022
f 6730 	5021 	6715
f 6736 	6734 	5021
f 5063 	6733 	6729
f 6728 	6774 	5063
f 5064 	5065 	6732
f 6732 	6733 	5063
f 5063 	5064 	6732
f 6728 	5063 	6729
f 6717 	6716 	5021
f 6770 	4604 	6771
f 4604 	4606 	6772
f 6831 	6832 	6743
f 6751 	4600 	6752
f 6753 	6752 	4600
f 6772 	6771 	4604
f 6834 	4627 	6745
f 4628 	4631 	6746
f 6745 	6744 	6834
f 4604 	6770 	6757
f 6754 	6753 	4600
f 6832 	6833 	6743
f 6757 	6754 	4600
f 4600 	4602 	6757
f 6775 	6772 	4606
f 6745 	4626 	6746
f 6743 	6747 	6831
f 6800 	6808 	6795
f 6804 	6831 	6747
f 6799 	6797 	6802
f 6793 	6792 	6801
f 6802 	6801 	6799
f 6794 	6793 	6801
f 6805 	6808 	6804
f 6796 	6808 	6797
f 6796 	6795 	6808
f 6808 	6802 	6797
f 6805 	6806 	6808
f 6806 	6803 	6808
f 6803 	6802 	6808
f 6831 	6804 	6808
f 6799 	6801 	6792
f 6814 	5022 	6815
f 6827 	6818 	6817
f 6819 	5022 	6822
f 5023 	5026 	6811
f 6719 	5021 	6810
f 6718 	5021 	6719
f 6820 	5059 	6821
f 6814 	6822 	5022
f 6809 	5023 	6811
f 6811 	5059 	6816
f 6810 	5021 	6809
f 6827 	6813 	5022
f 6820 	6816 	5059
f 6717 	5021 	6718
f 5023 	6809 	5021
f 5031 	6819 	5059
f 6821 	5059 	6819
f 6812 	5022 	6813
f 6817 	6813 	6827
f 6812 	6815 	5022
f 5031 	5022 	6819
f 6736 	5021 	6730
f 4630 	4597 	6751
f 5063 	6774 	6773
f 4600 	6751 	4598
f 4630 	6751 	4631
f 6751 	6750 	4631
f 6750 	6746 	4631
f 6828 	6808 	6800
f 6834 	6744 	6833
f 6744 	6743 	6833
f 4627 	4626 	6745
f 6828 	6830 	6808
f 6830 	6829 	6808
f 6808 	6829 	6831
f 4628 	6746 	4626
f 6845 	6844 	6846
f 6846 	6843 	6845
f 6843 	6846 	6842
f 6846 	6847 	6842
f 6847 	6950 	6841
f 6842 	6847 	6841
f 6841 	6949 	6839
f 6949 	6841 	6950
f 6946 	6689 	6947
f 6945 	6689 	6946
f 6947 	6692 	6948
f 6952 	6689 	6945
f 6948 	6692 	6956
f 6695 	6696 	6957
f 6956 	6695 	6957
f 6690 	6947 	6689
f 6840 	6949 	6697
f 6949 	6951 	6696
f 6840 	6839 	6949
f 6951 	6957 	6696
f 6706 	6687 	6952
f 6706 	6952 	6955
f 6706 	6955 	6954
f 6964 	6827 	6962
f 6965 	6963 	6706
f 6962 	6706 	6963
f 6818 	6827 	6964
f 6954 	6965 	6706
f 6706 	6962 	6827
# 156 faces

 #end of obj_0

