# Object Export From Tinkercad Server 2015

mtllib obj.mtl

o obj_0
v -45 		-11.0343 		20.5
v -45 		-11.0343 		24.5
v -45 		-11.0343 		0
v -42.517 		17.542 		0
v 11.868 		-8.915 		23.851
v -37.244 		-8.639 		4
v -37.025 		-8.622 		4
v -3.53 		10.077 		21.8595
v -41.605 		13.901 		0
v -2.8706 		10.1748 		22.071
v -2.074 		10.293 		22.2677
v 8.2081 		29.0118 		4.0371
v -37.463 		-8.622 		4
v 8.208 		29.012 		4.0371
v -2.2305 		10.2698 		22.2289
v 13.9354 		-7.7943 		23.932
v -45 		-11.0343 		4
v -40.341 		10.366 		0
v -43.32 		-14.255 		24.5
v -43.28 		-14.284 		24.5
v 19.167 		-11.164 		20.5
v -37.676 		-8.571 		4
v 9.231 		26.407 		4.128
v 9.741 		26.457 		4.479
v -43.721 		-13.929 		24.5
v -43.641 		-14.001 		24.5
v -3.1442 		10.1342 		20.8903
v -43.601 		-14.036 		24.5
v -43.521 		-14.102 		24.5
v 9.812 		25.005 		4.479
v -43.441 		-14.166 		24.5
v -43.36 		-14.227 		24.5
v -2.074 		10.293 		21.2091
v -2.4158 		10.2423 		21.1244
v -43.2 		-14.338 		24.5
v -43.16 		-14.364 		24.5
v -3.53 		10.077 		20.7665
v -43.08 		-14.414 		24.5
v -43.04 		-14.438 		24.5
v -42.96 		-14.484 		24.5
v -1.4959 		10.4379 		22.4149
v 9.528 		27.895 		4.479
v -36.255 		-8.23 		4
v 19.167 		-11.164 		4
v -42.88 		-14.528 		24.5
v -1.1626 		10.5215 		21.441
v -1.8996 		10.3367 		21.2534
v -23.9374 		-7.7931 		23.9319
v -44.201 		-13.396 		24.5
v -44.161 		-13.448 		24.5
v -44.121 		-13.499 		24.5
v -44.081 		-13.548 		24.5
v -44.041 		-13.596 		24.5
v -44.001 		-13.642 		24.5
v -43.921 		-13.73 		24.5
v -20 		-10.1652 		0
v -2.074 		10.293 		23.543
v -44.522 		-12.895 		24.5
v -44.482 		-12.967 		24.5
v -44.442 		-13.036 		24.5
v -44.402 		-13.102 		24.5
v -44.362 		-13.165 		24.5
v -44.322 		-13.226 		24.5
v 9.928 		26.475 		4.957
v -44.282 		-13.284 		24.5
v -44.242 		-13.341 		24.5
v 10 		25.005 		4.957
v -23.032 		-8.731 		0
v -44.882 		-11.966 		24.5
v -44.842 		-12.114 		24.5
v -44.802 		-12.243 		24.5
v -44.762 		-12.359 		24.5
v -44.722 		-12.464 		24.5
v -44.682 		-12.562 		24.5
v -44.642 		-12.653 		24.5
v -44.602 		-12.739 		24.5
v -44.562 		-12.819 		24.5
v 33.367 		36.643 		17.093
v 33.6815 		36.3285 		17.322
v 9.712 		27.931 		4.957
v -43.881 		-13.772 		24.5
v -43.841 		-13.813 		24.5
v -43.801 		-13.853 		24.5
v -44.962 		-11.557 		24.5
v -44.922 		-11.789 		24.5
v -3.53 		10.077 		23.543
v -3.548 		10.264 		24.021
v -5 		10.005 		23.543
v -24.4231 		-12.944 		0
v -43.28 		-14.284 		20.5
v -5 		10.193 		24.021
v -43.32 		-14.255 		20.5
v -12.7924 		65.005 		24.5
v -2.11 		10.477 		24.021
v -42.96 		-14.484 		20.5
v -43.04 		-14.438 		20.5
v -43.08 		-14.414 		20.5
v -43.16 		-14.364 		20.5
v -43.2 		-14.338 		20.5
v -43.36 		-14.227 		20.5
v -43.441 		-14.166 		20.5
v -43.521 		-14.102 		20.5
v -43.601 		-14.036 		20.5
v -3.598 		10.774 		24.372
v -5 		10.705 		24.372
v 33.6815 		36.3285 		7.178
v 33.367 		36.643 		7.407
v -2.21 		10.98 		24.372
v 27.244 		-8.639 		20.5
v 33.2133 		36.7967 		7.5
v 33.2133 		36.7967 		17
v -43.641 		-14.001 		20.5
v -43.721 		-13.929 		20.5
v -39.04 		-10.191 		20.5
v -42.88 		-14.528 		20.5
v -38.952 		-10.747 		20.5
v -39.04 		-11.304 		20.5
v 27.244 		-8.639 		4
v -43.921 		-13.73 		20.5
v -44.001 		-13.642 		20.5
v -44.041 		-13.596 		20.5
v -44.081 		-13.548 		20.5
v -44.121 		-13.499 		20.5
v -15 		65.01 		18.2856
v -44.161 		-13.448 		20.5
v -44.201 		-13.396 		20.5
v -44.242 		-13.341 		20.5
v -44.282 		-13.284 		20.5
v -44.322 		-13.226 		20.5
v -44.362 		-13.165 		20.5
v -44.402 		-13.102 		20.5
v -44.442 		-13.036 		20.5
v -44.482 		-12.967 		20.5
v -44.522 		-12.895 		20.5
v -3.667 		11.471 		24.5
v -44.562 		-12.819 		20.5
v -44.602 		-12.739 		20.5
v -44.642 		-12.653 		20.5
v -44.682 		-12.562 		20.5
v -44.722 		-12.464 		20.5
v -44.762 		-12.359 		20.5
v -44.802 		-12.243 		20.5
v -44.842 		-12.114 		20.5
v -44.882 		-11.966 		20.5
v 26.255 		-8.23 		20.5
v 26.422 		-8.372 		20.5
v -43.801 		-13.853 		20.5
v -43.841 		-13.813 		20.5
v -43.881 		-13.772 		20.5
v 26.609 		-8.487 		20.5
v -44.922 		-11.789 		20.5
v -44.962 		-11.557 		20.5
v -5 		11.406 		24.5
v -15 		65.01 		6.2144
v 26.812 		-8.571 		20.5
v -2.347 		11.667 		24.5
v 27.025 		-8.622 		20.5
v -1.052 		11.991 		24.5
v -39.04 		-10.191 		4
v 27.463 		-8.622 		20.5
v -38.952 		-10.747 		4
v -39.04 		-11.304 		4
v 27.676 		-8.571 		20.5
v -5 		11.305 		23.5
v -3.657 		11.371 		23.5
v -2.327 		11.568 		23.5
v -1.023 		11.895 		23.5
v -39.04 		-10.191 		0
v -38.952 		-10.747 		0
v -39.04 		-11.304 		0
v -0.993 		11.797 		23.503
v 8.4383 		28.0922 		4.0371
v -2.307 		11.468 		23.503
v 8.736 		26.358 		4.0371
v 8.6763 		26.7602 		4.0371
v 33.2133 		13.2133 		7.5
v -3.647 		11.269 		23.503
v 33.2133 		13.2133 		17
v 33.367 		13.367 		17.093
v 33.3099 		13.3099 		17.0584
v -13.362 		62.116 		21.946
v -37.879 		-8.487 		20.5
v 8.736 		26.358 		4.0371
v 8.7828 		25.4128 		4.0372
v -5.7668 		39.9674 		21.6401
v -5.0747 		40.0013 		21.3708
v -5 		40.005 		21.3417
v -38.066 		-8.372 		20.5
v 33.3099 		13.3099 		7.4416
v 33.367 		13.367 		7.407
v -5 		11.202 		23.503
v -38.233 		-8.23 		20.5
v -6.4108 		39.9359 		21.841
v -6.47 		39.933 		21.8595
v -38.235 		-8.228 		20.5
v -38.377 		-8.061 		20.5
v -38.492 		-7.874 		20.5
v 22.596 		-8.621 		20.5
v -6.3432 		39.9392 		20.7269
v -6.47 		39.933 		20.7665
v -5.1279 		39.9987 		20.2542
v -5.634 		39.974 		20.4514
v 9.9205 		23.2551 		14.003
v 9.8828 		23.2303 		14.0135
v 9.882 		23.2249 		14.003
v -5 		40.005 		20.1937
v 9.928 		23.535 		14.4501
v -6.47 		39.933 		23.543
v 9.928 		23.535 		14.003
v -5 		40.005 		23.543
v 35 		42.0516 		20.5
v 9.928 		23.535 		16.384
v 33.068 		21.256 		24.5
v 33.253 		25.005 		24.5
v -37.879 		-8.487 		4
v 33.068 		28.754 		24.5
v -38.066 		-8.372 		4
v 35 		46.0197 		24.5
v -38.233 		-8.23 		4
v -13.6122 		61.1348 		21.019
v -13.6123 		61.1348 		21.019
v 33.364 		45.511 		20.5
v -13.612 		61.1349 		21.0188
v -38.235 		-8.228 		4
v 33.364 		45.511 		4
v -7.1294 		39.8352 		22.071
v -38.377 		-8.061 		4
v -7.7695 		39.7402 		22.2289
v -38.492 		-7.874 		4
v 9.9303 		23.582 		14.5237
v -7.926 		39.717 		22.2677
v 9.9448 		23.877 		14.9873
v 9.9645 		24.2812 		15.4806
v 9.982 		24.6367 		15.9143
v -42.464 		61.314 		24.5
v -42.209 		61.815 		24.5
v 10 		25.005 		16.2734
v -7.5842 		39.7677 		21.1244
v -7.926 		39.717 		21.2091
v 10 		25.005 		14.003
v -6.8558 		39.8758 		20.8903
v -7.926 		39.717 		23.543
v 32.209 		61.815 		24.5
v 32.464 		61.314 		24.5
v 31.718 		64.942 		24.5
v 31.678 		64.949 		24.5
v 31.638 		64.955 		24.5
v 31.309 		62.469 		24.5
v -41.919 		64.9 		24.5
v -41.999 		64.88 		24.5
v 31.81 		62.214 		24.5
v -42.119 		64.847 		24.5
v -42.199 		64.823 		24.5
v -42.279 		64.797 		24.5
v -42.359 		64.769 		24.5
v -21.384 		16.6417 		19.1937
v -42.439 		64.739 		24.5
v -42.519 		64.707 		24.5
v -42.599 		64.673 		24.5
v -42.68 		64.637 		24.5
v -42.76 		64.599 		24.5
v -42.84 		64.559 		24.5
v -41.678 		64.949 		24.5
v -41.718 		64.942 		24.5
v -41.638 		64.955 		24.5
v -41.81 		62.214 		24.5
v -8.5041 		39.5721 		22.4149
v -41.309 		62.469 		24.5
v 31.839 		64.918 		24.5
v -8.8374 		39.4885 		21.441
v -41.128 		65.005 		24.5
v -41.158 		65.004 		24.5
v -41.238 		65 		24.5
v -41.358 		64.991 		24.5
v -41.438 		64.983 		24.5
v -41.558 		64.968 		24.5
v -41.598 		64.962 		24.5
v -41.839 		64.918 		24.5
v -8.1004 		39.6733 		21.2534
v -42.209 		59.699 		24.5
v -42.464 		60.201 		24.5
v -20 		25.005 		16.2734
v -42.553 		60.757 		24.5
v -41.309 		59.045 		24.5
v -41.81 		59.301 		24.5
v -20 		10.0159 		0
v -20 		10.0159 		4
v -20 		14.3459 		0
v 31.598 		64.962 		24.5
v 31.558 		64.968 		24.5
v 31.438 		64.983 		24.5
v -20 		14.3459 		4
v 31.358 		64.991 		24.5
v 31.238 		65 		24.5
v 31.158 		65.004 		24.5
v 31.128 		65.005 		24.5
v -40.752 		58.957 		24.5
v -39.296 		61.815 		24.5
v -39.296 		59.699 		24.5
v -39.694 		59.301 		24.5
v -40.196 		59.045 		24.5
v 32.84 		64.559 		24.5
v 32.76 		64.599 		24.5
v 32.68 		64.637 		24.5
v 32.599 		64.673 		24.5
v 32.519 		64.707 		24.5
v 32.439 		64.739 		24.5
v 32.359 		64.769 		24.5
v -40.752 		62.558 		24.5
v 32.279 		64.797 		24.5
v 32.199 		64.823 		24.5
v 32.119 		64.847 		24.5
v 31.999 		64.88 		24.5
v 31.919 		64.9 		24.5
v -40.196 		62.469 		24.5
v -6.452 		39.746 		24.021
v -39.694 		62.214 		24.5
v 26.422 		-8.372 		4
v 26.255 		-8.23 		4
v 31.81 		59.301 		24.5
v -5 		39.817 		24.021
v 31.309 		59.045 		24.5
v -7.89 		39.533 		24.021
v 32.552 		60.757 		24.5
v 32.464 		60.201 		24.5
v 32.209 		59.699 		24.5
v 26.609 		-8.487 		4
v -6.402 		39.236 		24.372
v -5 		39.305 		24.372
v 26.812 		-8.571 		4
v -41.169 		49.172 		20.5
v 30.752 		58.957 		24.5
v 30.196 		59.045 		24.5
v -20 		25.005 		14.003
v 29.694 		59.301 		24.5
v 27.025 		-8.622 		4
v 29.296 		59.699 		24.5
v -7.79 		39.03 		24.372
v 29.296 		61.815 		24.5
v -41.169 		49.172 		4
v 29.694 		62.214 		24.5
v 27.463 		-8.622 		4
v 30.196 		62.469 		24.5
v 30.752 		62.558 		24.5
v 27.676 		-8.571 		4
v 31.169 		49.172 		20.5
v -42.464 		61.314 		20.5
v -42.209 		61.815 		20.5
v 31.169 		49.172 		4
v -6.333 		38.539 		24.5
v 22.596 		-8.621 		4
v -5 		38.604 		24.5
v 8.11 		21.028 		4
v -7.653 		38.343 		24.5
v 8.208 		20.998 		4.0371
v 8.2081 		20.9982 		4.0371
v 32.209 		61.815 		20.5
v 32.464 		61.314 		20.5
v -8.948 		38.019 		24.5
v -42.84 		64.559 		20.5
v -42.76 		64.599 		20.5
v -42.68 		64.637 		20.5
v -42.599 		64.673 		20.5
v -42.519 		64.707 		20.5
v -42.439 		64.739 		20.5
v -42.359 		64.769 		20.5
v -42.279 		64.797 		20.5
v -42.199 		64.823 		20.5
v -42.119 		64.847 		20.5
v -41.999 		64.88 		20.5
v -41.919 		64.9 		20.5
v 31.678 		64.949 		20.5
v 31.718 		64.942 		20.5
v 31.638 		64.955 		20.5
v -41.718 		64.942 		20.5
v -41.678 		64.949 		20.5
v -41.638 		64.955 		20.5
v 31.309 		62.469 		20.5
v -41.81 		62.214 		20.5
v 31.81 		62.214 		20.5
v -41.309 		62.469 		20.5
v 8.437 		22.332 		4
v -6.343 		38.639 		23.5
v -7.673 		38.442 		23.5
v -8.977 		38.115 		23.5
v 31.128 		65.005 		20.5
v 31.158 		65.004 		20.5
v 31.238 		65 		20.5
v 31.358 		64.991 		20.5
v 31.438 		64.983 		20.5
v 31.558 		64.968 		20.5
v 31.598 		64.962 		20.5
v 31.839 		64.918 		20.5
v -41.839 		64.918 		20.5
v -41.598 		64.962 		20.5
v 8.5371 		22.3123 		4.0371
v -41.558 		64.968 		20.5
v -41.438 		64.983 		20.5
v -41.358 		64.991 		20.5
v -41.238 		65 		20.5
v -41.158 		65.004 		20.5
v -41.128 		65.005 		20.5
v -42.209 		59.699 		20.5
v -42.464 		60.201 		20.5
v 9.025 		22.215 		4.128
v -42.553 		60.757 		20.5
v 31.919 		64.9 		20.5
v -5 		38.705 		23.5
v 31.999 		64.88 		20.5
v 32.119 		64.847 		20.5
v 32.199 		64.823 		20.5
v 32.279 		64.797 		20.5
v 32.359 		64.769 		20.5
v 32.439 		64.739 		20.5
v 32.519 		64.707 		20.5
v 32.599 		64.673 		20.5
v 32.68 		64.637 		20.5
v 32.76 		64.599 		20.5
v -41.309 		59.045 		20.5
v 32.84 		64.559 		20.5
v -41.81 		59.301 		20.5
v 31.81 		59.301 		20.5
v 8.537 		22.312 		4.0371
v 31.309 		59.045 		20.5
v -9.007 		38.213 		23.503
v 32.552 		60.757 		20.5
v 8.3067 		21.3923 		4.0371
v 32.464 		60.201 		20.5
v 32.209 		59.699 		20.5
v -7.693 		38.542 		23.503
v -6.353 		38.741 		23.503
v 13.856 		-10.272 		17
v 30.752 		58.957 		20.5
v 30.196 		59.045 		20.5
v 13.856 		-10.272 		7.5
v 29.694 		59.301 		20.5
v 29.296 		59.699 		20.5
v -5 		38.808 		23.503
v 29.296 		61.815 		20.5
v 29.694 		62.214 		20.5
v 30.196 		62.469 		20.5
v 30.752 		62.558 		20.5
v 8.634 		23.662 		4
v -9.354 		39.359 		22.5703
v -9.1324 		39.4146 		22.5299
v 8.5968 		22.7145 		4.0371
v 13.032 		-8.731 		0
v 9.231 		23.603 		4.128
v -40.752 		58.957 		20.5
v -39.296 		61.815 		20.5
v 13.798 		-12.944 		0
v -39.296 		59.699 		20.5
v -24.0315 		23.351 		14.003
v -39.694 		59.301 		20.5
v -29.3272 		18.7456 		14.003
v -40.196 		59.045 		20.5
v -25.4992 		22.0747 		14.003
v -40.752 		62.558 		20.5
v 13.3428 		-8.5447 		4
v 8.736 		23.652 		4.0371
v -40.196 		62.469 		20.5
v 8.736 		23.652 		4.0371
v 13.3428 		-8.5447 		0
v -39.694 		62.214 		20.5
v -30.3756 		17.7919 		14.003
v -39.16 		65.005 		20.5
v -36.4003 		12.3135 		14.003
v -36.7181 		12.0128 		14.003
v -37.5577 		9.0322 		14.003
v -9.6109 		40.005 		21.5556
v -9.3516 		39.3596 		21.5346
v -9.354 		39.359 		21.535
v 8.7 		25.005 		4
v 8.7561 		24.0586 		4.0371
v 8.803 		25.005 		4.0372
v 9.3 		25.005 		4.128
v -9.354 		39.359 		23.543
v 9.528 		22.115 		4.479
v -33.2005 		13.1574 		14.003
v -32.6836 		13.6469 		14.003
v -27.5195 		18.3421 		14.003
v -26.4745 		19.2921 		14.003
v 9.741 		23.553 		4.479
v -9.8696 		39.1745 		22.6662
v -10.4808 		38.9558 		22.7357
v -10.74 		38.863 		22.7652
v -23.1653 		22.1707 		14.003
v -21.8297 		23.3329 		14.003
v -43.32 		-14.255 		4
v -43.28 		-14.284 		4
v 9.712 		22.079 		4.957
v -43.721 		-13.929 		4
v -43.641 		-14.001 		4
v -43.601 		-14.036 		4
v -43.521 		-14.102 		4
v -43.441 		-14.166 		4
v -43.36 		-14.227 		4
v -43.2 		-14.338 		4
v -43.16 		-14.364 		4
v -43.08 		-14.414 		4
v -43.04 		-14.438 		4
v -42.96 		-14.484 		4
v 9.928 		23.535 		4.957
v -42.88 		-14.528 		4
v -44.201 		-13.396 		4
v -44.161 		-13.448 		4
v -44.121 		-13.499 		4
v -44.081 		-13.548 		4
v -44.041 		-13.596 		4
v -44.001 		-13.642 		4
v -43.921 		-13.73 		4
v -44.522 		-12.895 		4
v -44.482 		-12.967 		4
v -44.442 		-13.036 		4
v -44.402 		-13.102 		4
v -44.362 		-13.165 		4
v -44.322 		-13.226 		4
v -44.282 		-13.284 		4
v -44.242 		-13.341 		4
v 17.223 		-8.254 		17
v -44.882 		-11.966 		4
v -44.842 		-12.114 		4
v -44.802 		-12.243 		4
v -44.762 		-12.359 		4
v -44.722 		-12.464 		4
v -44.682 		-12.562 		4
v -44.642 		-12.653 		4
v -44.602 		-12.739 		4
v -44.562 		-12.819 		4
v -43.881 		-13.772 		4
v -43.841 		-13.813 		4
v -43.801 		-13.853 		4
v -15.9482 		40.6603 		14.003
v -44.962 		-11.557 		4
v -44.922 		-11.789 		4
v -17.7871 		41.293 		14.003
v -43.28 		-14.284 		0
v -43.32 		-14.255 		0
v -10.5857 		38.9182 		21.7274
v -10.74 		38.863 		21.7449
v -42.96 		-14.484 		0
v -10.0852 		39.0973 		21.671
v -43.04 		-14.438 		0
v -43.08 		-14.414 		0
v -43.16 		-14.364 		0
v -43.2 		-14.338 		0
v -43.36 		-14.227 		0
v -43.441 		-14.166 		0
v -43.521 		-14.102 		0
v -43.601 		-14.036 		0
v -43.641 		-14.001 		0
v -43.721 		-13.929 		0
v -42.88 		-14.528 		0
v -43.921 		-13.73 		0
v -44.001 		-13.642 		0
v -44.041 		-13.596 		0
v -44.081 		-13.548 		0
v -44.121 		-13.499 		0
v -44.161 		-13.448 		0
v -44.201 		-13.396 		0
v -44.242 		-13.341 		0
v -44.282 		-13.284 		0
v -44.322 		-13.226 		0
v -44.362 		-13.165 		0
v -44.402 		-13.102 		0
v -44.442 		-13.036 		0
v -44.482 		-12.967 		0
v -44.522 		-12.895 		0
v -44.562 		-12.819 		0
v -44.602 		-12.739 		0
v -44.642 		-12.653 		0
v -44.682 		-12.562 		0
v -44.722 		-12.464 		0
v -44.762 		-12.359 		0
v -44.802 		-12.243 		0
v -44.842 		-12.114 		0
v -44.882 		-11.966 		0
v -10.74 		38.863 		23.543
v -43.801 		-13.853 		0
v -43.841 		-13.813 		0
v -43.881 		-13.772 		0
v -44.922 		-11.789 		0
v -44.962 		-11.557 		0
v 7.611 		18.264 		4.128
v 17.223 		-8.254 		7.5
v -11.2066 		38.6425 		22.8186
v -11.7927 		38.3655 		22.842
v -12.071 		38.234 		22.8534
v -11.31 		38.5937 		21.8102
v -11.79 		38.3668 		21.8301
v -12.071 		38.234 		21.8415
v 7.657 		19.762 		4
v 7.1349 		65.01 		18.8049
v 7.3471 		18.867 		4.0372
v 8.211 		19.533 		4.128
v 7.1349 		65.01 		5.6951
v -37.599 		5.646 		17.781
v 16.203 		-12.944 		0
v 7.752 		19.723 		4.0372
v 7.752 		19.7231 		4.0372
v 13.798 		-8.075 		1.603
v 13.798 		-8.075 		0
v 11.5866 		-8.1342 		22.806
v 11.5866 		-8.1342 		22.806
v -36.708 		4.027 		19.005
v 11.5867 		-8.1341 		22.806
v -12.071 		38.234 		23.543
v -35.63 		2.404 		20.113
v -12.4909 		37.9823 		22.8693
v -12.4909 		37.9823 		21.8574
v 7.8893 		20.1068 		4.0372
v 6.7917 		63.2183 		7.5
v -4.534 		-12.906 		17.781
v 6.7917 		63.2183 		17
v 6.638 		63.372 		17.093
v 6.6951 		63.3149 		17.0584
v 8.684 		20.854 		4.128
v 6.6951 		63.3149 		7.4416
v 6.638 		63.372 		7.407
v -2.686 		-12.944 		19.005
v 9.639 		60.346 		24.5
v -0.741 		-12.822 		20.113
v 6.104 		61.61 		24.5
v 8.063 		18.023 		4.479
v 8.685 		19.337 		4.479
v -42.464 		61.314 		4
v -42.209 		61.815 		4
v 9.175 		20.705 		4.479
v 1.281 		-12.542 		21.097
v -9.3 		39.18 		24.021
v -41.919 		64.9 		4
v -41.999 		64.88 		4
v -42.119 		64.847 		4
v -42.199 		64.823 		4
v -42.279 		64.797 		4
v -10.668 		38.69 		24.021
v -42.359 		64.769 		4
v -42.439 		64.739 		4
v -42.519 		64.707 		4
v -42.599 		64.673 		4
v -42.68 		64.637 		4
v -42.76 		64.599 		4
v -42.84 		64.559 		4
v -41.678 		64.949 		4
v -41.718 		64.942 		4
v -41.638 		64.955 		4
v 8.229 		17.934 		4.957
v -41.81 		62.214 		4
v -41.309 		62.469 		4
v 3.362 		-12.106 		21.946
v -11.982 		38.068 		24.021
v -41.128 		65.005 		4
v -41.158 		65.004 		4
v -41.238 		65 		4
v -41.358 		64.991 		4
v -41.438 		64.983 		4
v -41.558 		64.968 		4
v -41.598 		64.962 		4
v -41.839 		64.918 		4
v 8.858 		19.265 		4.957
v -42.209 		59.699 		4
v -42.464 		60.201 		4
v -42.553 		60.757 		4
v -9.151 		38.689 		24.372
v 9.354 		20.651 		4.957
v -41.309 		59.045 		4
v -41.81 		59.301 		4
v -10.472 		38.216 		24.372
v 5.482 		-11.519 		22.651
v 12.0466 		65.005 		20.5
v 11.5708 		65.01 		20.3009
v 12.0361 		65.01 		20.5
v 11.1621 		65.01 		20.163
v -11.741 		37.616 		24.372
v 12.0361 		65.01 		4
v 11.5708 		65.01 		4.1991
v 12.0466 		65.005 		4
v 11.1621 		65.01 		4.337
v 15.506 		63.369 		20.5
v 15.506 		63.369 		4
v -10.204 		37.569 		24.5
v 6.391 		17.394 		4
v -10.243 		37.662 		23.5
v 6.89 		17.061 		4.128
v -40.752 		58.957 		4
v -10.282 		37.757 		23.503
v 6.476 		17.337 		4.0371
v 6.4761 		17.3372 		4.0371
v -39.296 		61.815 		4
v 7.62 		-10.787 		23.208
v -39.296 		59.699 		4
v -39.694 		59.301 		4
v -40.196 		59.045 		4
v 6.5768 		40.005 		21.88
v -40.752 		62.558 		4
v -40.196 		62.469 		4
v -12.944 		36.895 		24.372
v -39.694 		62.214 		4
v 7.082 		18.547 		4
v -11.411 		36.998 		24.5
v -12.555 		36.312 		24.5
v -8.749 		63.073 		24.5
v -5 		63.258 		24.5
v -1.251 		63.073 		24.5
v 6.6855 		17.6863 		4.0371
v -11.458 		37.087 		23.5
v -12.611 		36.396 		23.5
v 9.755 		-9.916 		23.609
v -12.668 		36.481 		23.503
v -35.4993 		3.9997 		18.262
v -35.4992 		3.9997 		18.262
v 5 		65.01 		18.2858
v -34.49 		2.4783 		19.3015
v 17.6044 		65.005 		20.5
v -11.506 		37.178 		23.503
v -35.4994 		4 		18.2618
v 7.1725 		18.4982 		4.0372
v -42.464 		61.314 		0
v -42.209 		61.815 		0
v 29.04 		60.201 		24.5
v 28.952 		60.757 		24.5
v 29.04 		61.314 		24.5
v -10.74 		38.863 		16.384
v -34.4895 		2.4775 		19.302
v -34.4895 		2.4775 		19.302
v 7.173 		18.499 		4.0372
v 28.644 		58.5739 		24.5
v -42.84 		64.559 		0
v -42.76 		64.599 		0
v -42.68 		64.637 		0
v -42.599 		64.673 		0
v -42.519 		64.707 		0
v -42.439 		64.739 		0
v -42.359 		64.769 		0
v -42.279 		64.797 		0
v -42.199 		64.823 		0
v -12.914 		37.7288 		16.7978
v -42.119 		64.847 		0
v -41.999 		64.88 		0
v -41.919 		64.9 		0
v -41.718 		64.942 		0
v -41.678 		64.949 		0
v -41.638 		64.955 		0
v 13.032 		58.741 		24.5
v -41.81 		62.214 		0
v -41.309 		62.469 		0
v 10.307 		-11.95 		17
v -41.839 		64.918 		0
v -41.598 		64.962 		0
v -41.558 		64.968 		0
v -41.438 		64.983 		0
v -41.358 		64.991 		0
v -41.238 		65 		0
v -41.158 		65.004 		0
v -41.128 		65.005 		0
v -42.209 		59.699 		0
v -42.464 		60.201 		0
v -36.3354 		5.5175 		17.115
v -36.3354 		5.5175 		17.1151
v -42.553 		60.757 		0
v -41.309 		59.045 		0
v -41.81 		59.301 		0
v -36.3355 		5.5179 		17.1147
v 16.252 		56.811 		24.5
v 19.267 		54.575 		24.5
v 22.049 		52.054 		24.5
v 24.57 		49.272 		24.5
v -40.752 		58.957 		0
v -39.296 		61.815 		0
v -39.296 		59.699 		0
v -39.694 		59.301 		0
v -40.196 		59.045 		0
v -40.752 		62.558 		0
v -40.196 		62.469 		0
v -39.694 		62.214 		0
v 5 		65.01 		6.2142
v -13.334 		37.477 		23.543
v -2.0582 		-11.9109 		18.262
v -2.0582 		-11.9109 		18.262
v -0.2355 		-11.7978 		19.3017
v -2.0584 		-11.9109 		18.2619
v 29.04 		60.201 		20.5
v 28.952 		60.757 		20.5
v -13.334 		37.477 		20.48
v 29.04 		61.314 		20.5
v -0.2351 		-11.7978 		19.302
v -0.2351 		-11.7978 		19.302
v 6.5376 		10.6898 		14.003
v 4.8631 		11.266 		14.003
v -13.229 		37.321 		24.021
v 3.334 		12.533 		15.1862
v -14.516 		36.6 		23.543
v 4.0273 		13.0474 		16.1839
v -3.7912 		-11.876 		17.1151
v -3.7912 		-11.876 		17.1151
v 27.879 		58.497 		20.5
v 3.4206 		12.5973 		15.3363
v 3.6922 		12.7988 		15.7159
v -3.7915 		-11.876 		17.1149
v 28.066 		58.382 		20.5
v -15.607 		35.612 		23.543
v 28.233 		58.24 		20.5
v 5.5993 		-10.5756 		21.6809
v 28.235 		58.238 		20.5
v 28.377 		58.071 		20.5
v -14.397 		36.455 		24.021
v 28.492 		57.884 		20.5
v -15.474 		35.479 		24.021
v 2.463 		62.522 		24.5
v 9.6056 		-9.0726 		22.579
v -12.463 		62.522 		24.5
v -14.072 		36.059 		24.372
v 9.6054 		-9.0727 		22.5789
v 9.6054 		-9.0727 		22.5789
v 7.6039 		-9.8892 		22.203
v -13.627 		35.517 		24.5
v 7.6037 		-9.8893 		22.203
v 7.6037 		-9.8893 		22.203
v -36.41 		3.2191 		4
v 5.5995 		-10.5756 		21.681
v 27.879 		58.497 		4
v 5.5995 		-10.5756 		21.681
v -36.41 		3.2191 		0
v 28.066 		58.382 		4
v 28.233 		58.24 		4
v -13.691 		35.595 		23.5
v 28.235 		58.238 		4
v 28.377 		58.071 		4
v -37.768 		6.986 		0
v 28.492 		57.884 		4
v -36.806 		3.753 		4
v 13.9374 		57.8031 		23.9319
v 7.316 		16.776 		4.479
v -13.756 		35.674 		23.503
v -37.4528 		8.4834 		14.5438
v -37.4527 		8.483 		14.5442
v -37.4527 		8.483 		14.5442
v 7.472 		16.671 		4.957
v -45.005 		42.0411 		4
v -36.9893 		7.0171 		15.8717
v -45 		42.0516 		4
v -36.9892 		7.0167 		15.8721
v -36.9892 		7.0167 		15.8721
v -45 		7.9584 		4
v -45.005 		7.9689 		4
v 19.167 		61.174 		20.5
v -45 		42.0516 		20.5
v -45.005 		42.0411 		20.5
v 19.167 		61.174 		4
v -45.005 		7.9689 		20.5
v -45 		7.9584 		20.5
v 1.6606 		-11.5347 		20.2238
v -45.005 		41.5758 		20.3009
v 3.6122 		-11.1248 		21.019
v -45.005 		37.1399 		18.8049
v -45.005 		41.1671 		20.163
v -0.291 		58.544 		14.003
v 3.6123 		-11.1248 		21.019
v -2.131 		62.367 		15.039
v 3.612 		-11.1249 		21.0189
v -45.005 		35.005 		18.2858
v -1.12 		62.015 		14.003
v -0.3926 		58.9696 		14.003
v -16.595 		34.521 		23.543
v -16.9535 		34.0378 		20.5453
v -3.733 		62.72 		16.455
v 5.111 		14.894 		4.128
v 6.054 		15.933 		4.128
v -45.005 		12.8701 		18.8049
v -45.005 		14.6245 		18.3781
v -45.005 		15.005 		18.2856
v -45.005 		11.4476 		19.2849
v -45.005 		8.4342 		20.3009
v -45.005 		8.2753 		20.3689
v -16.45 		34.402 		24.021
v 6.45 		15.608 		4.479
v -3.0818 		61.3712 		14.544
v -45.005 		41.5758 		4.1991
v -15.111 		35.116 		24.372
v -3.0819 		61.3712 		14.5441
v -3.0819 		61.3713 		14.5441
v -45.005 		37.1399 		5.6951
v 6.595 		15.489 		4.957
v -16.054 		34.077 		24.372
v 1.6609 		-11.5347 		20.224
v 1.6609 		-11.5347 		20.224
v -45.005 		41.1671 		4.337
v -45.005 		35.005 		6.2142
v -2.5543 		61.1872 		14.003
v -14.616 		34.621 		24.5
v 13.856 		60.282 		17
v -38.644 		65.005 		4
v -15.512 		33.632 		24.5
v 13.856 		60.282 		7.5
v -38.791 		8.809 		15.039
v -14.687 		34.692 		23.5
v -15.59 		33.696 		23.5
v -45.005 		12.8701 		5.6951
v -4.5836 		61.7024 		15.8717
v -45.005 		14.6245 		6.1219
v -21.5708 		65.01 		20.3009
v -45.005 		15.005 		6.2144
v -22.0361 		65.01 		20.5
v -21.7297 		65.01 		20.3689
v -22.0466 		65.005 		20.5
v -4.5839 		61.7025 		15.872
v -4.5839 		61.7025 		15.872
v 4.072 		13.951 		4.128
v -45.005 		11.4476 		5.2151
v -15.669 		33.761 		23.503
v -45.005 		8.4342 		4.1991
v -21.5708 		65.01 		4.1991
v -45.005 		8.2753 		4.1311
v -21.7297 		65.01 		4.1311
v -22.0361 		65.01 		4
v -22.0466 		65.005 		4
v -14.76 		34.765 		23.503
v -20 		65.01 		4
v -45 		61.0443 		20.5
v -38.9917 		9.8603 		14.003
v -45 		61.0443 		24.5
v 4.397 		13.555 		4.479
v -45 		3.9903 		24.5
v 5.474 		14.531 		4.479
v -17.3284 		33.5325 		20.8264
v 4.516 		13.41 		4.957
v -17.472 		33.339 		20.9342
v -45 		61.0443 		0
v -45 		61.0443 		4
v -17.472 		33.339 		23.543
v 5.607 		14.398 		4.957
v -38.296 		7.245 		16.455
v -20 		65.005 		4
v 27.244 		58.649 		20.5
v -17.316 		33.234 		24.021
v 26.255 		58.24 		20.5
v -25.506 		63.369 		20.5
v 26.422 		58.382 		20.5
v 26.609 		58.497 		20.5
v -25.506 		63.369 		4
v 26.812 		58.581 		20.5
v 27.025 		58.632 		20.5
v -44.922 		61.799 		24.5
v -44.962 		61.567 		24.5
v -44.642 		62.663 		24.5
v -44.682 		62.572 		24.5
v -44.722 		62.474 		24.5
v -44.762 		62.369 		24.5
v -44.802 		62.253 		24.5
v -44.842 		62.124 		24.5
v -44.882 		61.976 		24.5
v -44.562 		62.829 		24.5
v -44.602 		62.749 		24.5
v 27.463 		58.632 		20.5
v 10.307 		-11.95 		7.5
v -44.242 		63.351 		24.5
v -44.282 		63.294 		24.5
v -44.322 		63.236 		24.5
v -44.362 		63.175 		24.5
v -44.402 		63.112 		24.5
v -44.442 		63.046 		24.5
v 27.676 		58.581 		20.5
v -13.334 		37.477 		17.2136
v -44.482 		62.977 		24.5
v -44.522 		62.905 		24.5
v -43.921 		63.74 		24.5
v -44.001 		63.652 		24.5
v -44.041 		63.606 		24.5
v -44.081 		63.558 		24.5
v -44.121 		63.509 		24.5
v -44.161 		63.458 		24.5
v -44.201 		63.406 		24.5
v -43.801 		63.863 		24.5
v -43.841 		63.823 		24.5
v -43.881 		63.782 		24.5
v -43.28 		64.294 		24.5
v -43.32 		64.265 		24.5
v -42.96 		64.494 		24.5
v -43.04 		64.448 		24.5
v -43.08 		64.424 		24.5
v -43.16 		64.374 		24.5
v -39.04 		61.314 		24.5
v -43.2 		64.348 		24.5
v -43.36 		64.237 		24.5
v -43.441 		64.176 		24.5
v -43.521 		64.112 		24.5
v -43.601 		64.046 		24.5
v -43.641 		64.011 		24.5
v -43.721 		63.939 		24.5
v -38.952 		60.757 		24.5
v -39.04 		60.201 		24.5
v -42.88 		64.538 		24.5
v -43.068 		21.256 		24.5
v -43.253 		25.005 		24.5
v -43.068 		28.754 		24.5
v 3.691 		14.415 		4
v -38.644 		51.356 		24.5
v 22.596 		58.631 		20.5
v -34.57 		49.272 		24.5
v -32.049 		52.054 		24.5
v -29.267 		54.575 		24.5
v 9.639 		-10.336 		0
v 6.104 		-11.6 		0
v 2.463 		-12.512 		0
v -0.4489 		-12.944 		0
v -43.364 		45.511 		20.5
v -43.364 		45.511 		4
v 27.768 		-7.763 		0
v 3.7559 		14.336 		4.0371
v -38.736 		6.973 		0
v -13.7062 		37.2008 		17.6399
v -38.5497 		6.6622 		0
v -23.032 		58.741 		24.5
v -13.3548 		37.4616 		17.2374
v -14.1424 		36.8772 		18.0545
v -14.516 		36.6 		18.4098
v -38.5497 		6.6622 		4
v 4.687 		15.318 		4
v 3.756 		14.336 		4.0371
v 17.223 		58.264 		17
v 4.0581 		14.6095 		4.0372
v -26.252 		56.811 		24.5
v 4.76 		15.245 		4.0372
v 5.59 		16.314 		4
v -38.259 		2.782 		17
v 5.669 		16.249 		4.0371
v 5.6691 		16.2491 		4.0371
v -14.3382 		36.7319 		16.5395
v -14.516 		36.6 		16.7432
v 5.0333 		15.5469 		4.0371
v -20.307 		61.96 		17
v 5.9116 		16.5761 		4.0371
v -14.5419 		36.5766 		18.4383
v -15.3588 		35.8368 		19.1942
v -14.9596 		36.1983 		18.8251
v -43.2133 		36.7967 		7.5
v -43.2133 		36.7967 		17
v -15.607 		35.612 		19.3865
v -43.367 		36.643 		17.093
v -43.3099 		36.7001 		17.0584
v 26.255 		58.24 		4
v 26.422 		58.382 		4
v -43.3099 		36.7001 		7.4416
v 26.609 		58.497 		4
v -43.367 		36.643 		7.407
v -11.7424 		0.8072 		14.003
v -20.307 		61.96 		7.5
v 26.812 		58.581 		4
v -11.4405 		-0.5774 		14.003
v 27.025 		58.632 		4
v 27.244 		58.649 		4
v 27.463 		58.632 		4
v 27.676 		58.581 		4
v -38.259 		2.782 		7.5
v -20 		60.1752 		0
v 22.596 		58.631 		4
v -15.383 		35.8149 		17.7408
v -15.607 		35.612 		17.9481
v -21.868 		58.925 		23.851
v -14.6971 		36.436 		16.9834
v -15.0022 		36.1597 		17.3204
v 3.0834 		42.3137 		14.003
v 1.7424 		49.2028 		14.003
v 2.7121 		44.2233 		14.003
v 1.4405 		50.5874 		14.003
v -8.8391 		-5.3411 		14.003
v 17.223 		58.264 		7.5
v 3.229 		12.689 		4.479
v -9.0047 		-4.6485 		14.003
v 3.334 		12.533 		4.957
v -23.9354 		57.8043 		23.932
v -29.167 		61.174 		20.5
v -29.167 		61.174 		4
v -15.7828 		35.4179 		19.5462
v -16.1698 		34.9906 		19.8982
v -16.5858 		34.5312 		20.2155
v -16.595 		34.521 		20.2225
v -20 		10.005 		0
v -20 		10.005 		4
v -20 		25.005 		4
v -20 		40.005 		4
v -20 		40.005 		0
v 3.0192 		10.4381 		14.003
v -16.3863 		34.7515 		18.7369
v -16.595 		34.521 		18.9267
v -16.0722 		35.0984 		18.4513
v -15.7033 		35.5056 		18.0523
v -1.1609 		55.3511 		14.003
v -9.709 		-8.534 		14.003
v -7.869 		-12.357 		15.039
v -0.9953 		54.6585 		14.003
v -8.88 		-12.0049 		14.003
v -37.244 		58.649 		20.5
v 0.4896 		47.8386 		14.003
v 0.7897 		46.4586 		14.003
v -9.6074 		-8.9596 		14.003
v 10.307 		61.96 		17
v -6.267 		-12.71 		16.455
v 10.307 		61.96 		7.5
v -37.244 		58.649 		4
v -17.1349 		-15 		18.8049
v -17.4352 		33.3886 		19.7132
v -17.472 		33.339 		19.7408
v -16.7657 		34.291 		19.1099
v -17.0527 		33.9041 		19.3687
v 1.6282 		42.1535 		14.003
v 0.945 		11.2092 		14.003
v -32.596 		58.631 		20.5
v 28.644 		57.249 		20.5
v -43.367 		13.367 		17.093
v -43.6815 		13.6815 		17.322
v -12.463 		-12.512 		0
v 28.576 		57.681 		20.5
v 28.627 		57.468 		20.5
v -6.9182 		-11.3612 		14.544
v 28.627 		57.03 		20.5
v -43.6815 		13.6815 		7.178
v -43.367 		13.367 		7.407
v 28.576 		56.817 		20.5
v -6.9181 		-11.3612 		14.5441
v -6.9181 		-11.3612 		14.5441
v 28.492 		56.614 		20.5
v -36.255 		58.24 		20.5
v 28.377 		56.427 		20.5
v -15 		-15 		18.2858
v 28.235 		56.26 		20.5
v -43.2133 		13.2133 		7.5
v -43.2133 		13.2133 		17
v -7.4457 		-11.1771 		14.003
v -36.422 		58.382 		20.5
v 0.9094 		11.2271 		14.0123
v 0.9053 		11.2251 		14.003
v -36.609 		58.497 		20.5
v 1.2159 		11.3719 		14.5287
v 1.4892 		11.5011 		14.9887
v -5.4164 		-11.6924 		15.8717
v -36.812 		58.581 		20.5
v -44.962 		61.567 		20.5
v 1.8646 		11.6785 		15.4782
v -44.922 		61.799 		20.5
v 2.071 		11.776 		15.7471
v -16.89 		32.949 		24.372
v -37.025 		58.632 		20.5
v -5.4161 		-11.6925 		15.872
v -5.4161 		-11.6925 		15.8721
v -17.1349 		-15 		5.6951
v -44.882 		61.976 		20.5
v -44.842 		62.124 		20.5
v -44.802 		62.253 		20.5
v -44.762 		62.369 		20.5
v -44.722 		62.474 		20.5
v -44.682 		62.572 		20.5
v -44.642 		62.663 		20.5
v -44.602 		62.749 		20.5
v -44.562 		62.829 		20.5
v -16.307 		32.56 		24.5
v -37.463 		58.632 		20.5
v -16.993 		31.416 		24.5
v -44.402 		63.112 		20.5
v -44.362 		63.175 		20.5
v -44.322 		63.236 		20.5
v -44.282 		63.294 		20.5
v -44.242 		63.351 		20.5
v -44.201 		63.406 		20.5
v -44.161 		63.458 		20.5
v -37.676 		58.581 		20.5
v -44.121 		63.509 		20.5
v -44.081 		63.558 		20.5
v -44.041 		63.606 		20.5
v -44.001 		63.652 		20.5
v -43.921 		63.74 		20.5
v -15 		-15 		6.2142
v 2.071 		11.776 		14.003
v -17.082 		31.463 		23.5
v -44.522 		62.905 		20.5
v -44.482 		62.977 		20.5
v -44.442 		63.046 		20.5
v -43.881 		63.782 		20.5
v -43.841 		63.823 		20.5
v -43.801 		63.863 		20.5
v -43.32 		64.265 		20.5
v -16.391 		32.616 		23.5
v -43.28 		64.294 		20.5
v -43.721 		63.939 		20.5
v -43.641 		64.011 		20.5
v -43.601 		64.046 		20.5
v -43.521 		64.112 		20.5
v -43.441 		64.176 		20.5
v -43.36 		64.237 		20.5
v -43.2 		64.348 		20.5
v -43.16 		64.374 		20.5
v -43.08 		64.424 		20.5
v -43.04 		64.448 		20.5
v -42.96 		64.494 		20.5
v -17.173 		31.511 		23.503
v -42.88 		64.538 		20.5
v -16.476 		32.673 		23.503
v 28.626 		52.601 		20.5
v 2.181 		11.8419 		15.9126
v 2.5704 		12.0753 		16.3821
v 2.8449 		12.2398 		14.4491
v 3.1061 		12.3964 		14.843
v 2.6143 		12.1016 		14.003
v -17.6873 		32.9798 		21.1287
v -18.0133 		32.4358 		21.3709
v -18.229 		32.076 		21.5308
v 35 		1.005 		0
v 35.005 		7.9689 		4
v 35 		7.9584 		4
v 35 		7.9584 		20.5
v -16.7917 		-13.2083 		7.5
v -16.7917 		-13.2083 		17
v -16.638 		-13.362 		17.093
v -16.6951 		-13.3049 		17.0584
v -16.6951 		-13.3049 		7.4416
v -16.638 		-13.362 		7.407
v 35.005 		7.9689 		20.5
v 35.005 		8.4342 		20.3009
v 35.005 		8.8429 		20.163
v -20 		-14.995 		0
v 35.005 		8.4342 		4.1991
v -19.639 		-10.336 		24.5
v 35.005 		8.8429 		4.337
v -18.229 		32.076 		23.543
v -18.3483 		31.8235 		21.6402
v 35 		10.005 		24.5
v -16.104 		-11.6 		24.5
v -18.6215 		31.2454 		21.841
v -18.858 		30.745 		22.0146
v 1.9663 		40.4156 		14.003
v 33.364 		4.499 		20.5
v -32.596 		58.631 		4
v 33.364 		4.499 		4
v -18.8152 		30.8357 		20.8904
v -18.858 		30.745 		20.9219
v -36.255 		58.24 		4
v -18.5925 		31.3068 		20.7267
v 1.458 		12.923 		4
v -5.466 		62.916 		17.781
v 1.506 		12.832 		4.0372
v 1.5069 		12.8325 		4.0372
v -36.422 		58.382 		4
v -36.609 		58.497 		4
v -15.3441 		10.005 		21.9564
v 2.611 		13.614 		4
v -36.812 		58.581 		4
v 1.8559 		13.0419 		4.0371
v -37.025 		58.632 		4
v 2.6678 		13.5289 		4.0371
v -7.314 		62.954 		19.005
v 2.944 		13.115 		4.128
v -37.463 		58.632 		4
v -37.676 		58.581 		4
v -9.259 		62.832 		20.113
v 2.9947 		13.7713 		4.0371
v 2.668 		13.529 		4.0371
v -18.858 		30.745 		23.543
v -11.281 		62.552 		21.097
v -18.9179 		30.5777 		22.0712
v -19.1345 		29.9723 		22.2287
v -19.354 		29.359 		22.3891
v -19.2488 		29.6529 		21.2533
v -19.354 		29.359 		21.3301
v -19.0718 		30.1477 		21.1243
v -23.856 		60.282 		17
v -19.354 		29.359 		23.543
v -23.856 		60.282 		7.5
v 28.576 		57.681 		4
v 28.627 		57.468 		4
v 28.644 		57.249 		4
v 28.627 		57.03 		4
v 28.576 		56.817 		4
v 28.492 		56.614 		4
v -7.9418 		61.9209 		18.262
v -7.9418 		61.9209 		18.262
v -9.7645 		61.8078 		19.3017
v -7.9416 		61.9209 		18.2619
v 28.377 		56.427 		4
v 28.235 		56.26 		4
v -0.849 		11.321 		4.128
v -9.7649 		61.8078 		19.302
v -9.7649 		61.8078 		19.302
v 28.626 		52.601 		4
v -19.3799 		29.2558 		22.4153
v 0.243 		12.348 		4
v -23.032 		58.741 		0
v -0.6102 		11.9339 		4.0371
v -6.2088 		61.886 		17.1151
v -6.2088 		61.886 		17.1151
v -6.2085 		61.886 		17.1149
v 0.2819 		12.253 		4.0372
v -11.6606 		61.5447 		20.2238
v -23.3428 		58.5547 		4
v 28.736 		6.973 		24.5
v -11.6609 		61.5447 		20.224
v -11.6609 		61.5447 		20.224
v 0.472 		11.794 		4.128
v -23.3428 		58.5547 		0
v -18.063 		31.987 		24.021
v -18.685 		30.673 		24.021
v -13.0834 		7.6963 		14.003
v -19.175 		29.305 		24.021
v 0.6506 		12.4273 		4.0372
v 1.741 		12.394 		4.128
v 26.806 		3.753 		24.5
v -17.611 		31.746 		24.372
v 0.282 		12.253 		4.0372
v -18.211 		30.477 		24.372
v -18.684 		29.156 		24.372
v 22.958 		50.803 		21.946
v -0.7 		10.83 		4.479
v 0.668 		11.32 		4.479
v -17.564 		30.209 		24.5
v -16.104 		-11.6 		0
v 21.39 		52.345 		22.651
v -19.639 		-10.336 		0
v 31.678 		-14.939 		24.5
v 31.718 		-14.932 		24.5
v 31.638 		-14.945 		24.5
v -17.657 		30.248 		23.5
v -27.223 		58.264 		17
v 31.128 		-14.995 		24.5
v 31.158 		-14.994 		24.5
v 31.238 		-14.99 		24.5
v 31.358 		-14.981 		24.5
v 31.438 		-14.973 		24.5
v 31.558 		-14.958 		24.5
v 31.598 		-14.952 		24.5
v 31.839 		-14.908 		24.5
v 1.982 		11.942 		4.479
v -17.752 		30.287 		23.503
v 31.919 		-14.89 		24.5
v 31.999 		-14.87 		24.5
v 32.119 		-14.837 		24.5
v 32.199 		-14.813 		24.5
v 32.279 		-14.787 		24.5
v 32.359 		-14.759 		24.5
v 32.439 		-14.729 		24.5
v 32.519 		-14.697 		24.5
v 32.599 		-14.663 		24.5
v 32.68 		-14.627 		24.5
v 32.76 		-14.589 		24.5
v 32.84 		-14.549 		24.5
v 32.88 		-14.528 		24.5
v 33.28 		-14.284 		24.5
v 33.32 		-14.255 		24.5
v 32.96 		-14.484 		24.5
v 33.04 		-14.438 		24.5
v 33.08 		-14.414 		24.5
v 33.16 		-14.364 		24.5
v 33.2 		-14.338 		24.5
v 33.36 		-14.227 		24.5
v 33.441 		-14.166 		24.5
v 33.521 		-14.102 		24.5
v 33.601 		-14.036 		24.5
v 33.641 		-14.001 		24.5
v 33.721 		-13.929 		24.5
v 33.801 		-13.853 		24.5
v 33.841 		-13.813 		24.5
v 33.881 		-13.772 		24.5
v -0.646 		10.651 		4.957
v 33.921 		-13.73 		24.5
v 34.001 		-13.642 		24.5
v 34.041 		-13.596 		24.5
v 34.081 		-13.548 		24.5
v 34.121 		-13.499 		24.5
v 34.161 		-13.448 		24.5
v 34.201 		-13.396 		24.5
v -18.0409 		32.3898 		20.2543
v -18.229 		32.076 		20.3938
v 34.242 		-13.341 		24.5
v 34.282 		-13.284 		24.5
v 34.322 		-13.226 		24.5
v 34.362 		-13.165 		24.5
v 34.402 		-13.102 		24.5
v 34.442 		-13.036 		24.5
v 34.482 		-12.967 		24.5
v -8.0334 		49.581 		20.2408
v -27.223 		58.264 		7.5
v -17.6947 		32.9674 		19.9417
v 0.74 		11.147 		4.957
v 31.718 		-14.932 		20.5
v 31.678 		-14.939 		20.5
v 31.638 		-14.945 		20.5
v 2.071 		11.776 		4.957
v 31.839 		-14.908 		20.5
v 31.598 		-14.952 		20.5
v 31.558 		-14.958 		20.5
v 31.438 		-14.973 		20.5
v 31.358 		-14.981 		20.5
v 31.238 		-14.99 		20.5
v 31.158 		-14.994 		20.5
v 31.128 		-14.995 		20.5
v -18.2916 		31.9435 		20.4513
v 32.88 		-14.528 		20.5
v 32.84 		-14.549 		20.5
v 32.76 		-14.589 		20.5
v 32.68 		-14.627 		20.5
v 32.599 		-14.663 		20.5
v 32.519 		-14.697 		20.5
v 32.439 		-14.729 		20.5
v 32.359 		-14.759 		20.5
v 32.279 		-14.787 		20.5
v 32.199 		-14.813 		20.5
v 32.119 		-14.837 		20.5
v 31.999 		-14.87 		20.5
v 31.919 		-14.89 		20.5
v 33.32 		-14.255 		20.5
v 33.28 		-14.284 		20.5
v 33.721 		-13.929 		20.5
v 33.641 		-14.001 		20.5
v 33.601 		-14.036 		20.5
v 33.521 		-14.102 		20.5
v 33.441 		-14.166 		20.5
v 33.36 		-14.227 		20.5
v 33.2 		-14.338 		20.5
v 33.16 		-14.364 		20.5
v 33.08 		-14.414 		20.5
v 33.04 		-14.438 		20.5
v 32.96 		-14.484 		20.5
v -21.5866 		58.1442 		22.806
v -21.5866 		58.1442 		22.806
v 33.881 		-13.772 		20.5
v 33.841 		-13.813 		20.5
v 33.801 		-13.853 		20.5
v 28.259 		2.782 		17
v -21.5867 		58.1441 		22.806
v 19.687 		53.83 		23.208
v 34.482 		-12.967 		20.5
v 34.442 		-13.036 		20.5
v 34.402 		-13.102 		20.5
v 34.362 		-13.165 		20.5
v 34.322 		-13.226 		20.5
v 34.282 		-13.284 		20.5
v 34.242 		-13.341 		20.5
v 34.201 		-13.396 		20.5
v 34.161 		-13.448 		20.5
v 34.121 		-13.499 		20.5
v 34.081 		-13.548 		20.5
v 34.041 		-13.596 		20.5
v 34.001 		-13.642 		20.5
v 33.921 		-13.73 		20.5
v 20.3437 		-14.995 		20.5
v 28.065 		6.453 		17.781
v 17.865 		55.244 		23.609
v -20 		61.4038 		0
v -37.768 		58.649 		0
v -19.712 		27.931 		22.6566
v -19.5368 		28.6297 		22.5297
v 15.942 		56.573 		23.851
v -3.657 		11.371 		4
v -5 		11.305 		4
v -44.922 		61.799 		4
v -44.962 		61.567 		4
v -5 		11.202 		4.0372
v -4.5922 		11.2222 		4.0372
v -3.598 		10.774 		4.128
v -44.642 		62.663 		4
v -44.682 		62.572 		4
v -44.722 		62.474 		4
v -5 		10.705 		4.128
v -44.762 		62.369 		4
v -44.802 		62.253 		4
v -44.842 		62.124 		4
v -44.882 		61.976 		4
v -44.562 		62.829 		4
v -44.602 		62.749 		4
v -19.5916 		28.4111 		21.5341
v -19.712 		27.931 		21.6213
v -39.04 		61.314 		20.5
v 29.021 		8.035 		19.005
v -38.952 		60.757 		20.5
v -44.242 		63.351 		4
v -39.04 		60.201 		20.5
v -44.282 		63.294 		4
v -44.322 		63.236 		4
v -44.362 		63.175 		4
v -44.402 		63.112 		4
v -19.4633 		28.9232 		21.441
v -44.442 		63.046 		4
v -44.482 		62.977 		4
v -44.522 		62.905 		4
v -3.647 		11.269 		4.0371
v -2.327 		11.568 		4
v -43.921 		63.74 		4
v -44.001 		63.652 		4
v -44.041 		63.606 		4
v -44.081 		63.558 		4
v -44.121 		63.509 		4
v -44.161 		63.458 		4
v -44.201 		63.406 		4
v -43.801 		63.863 		4
v -43.841 		63.823 		4
v -43.881 		63.782 		4
v -2.3073 		11.468 		4.0371
v -19.712 		27.931 		23.543
v -43.28 		64.294 		4
v -43.32 		64.265 		4
v -2.21 		10.98 		4.128
v -42.96 		64.494 		4
v -43.04 		64.448 		4
v -43.08 		64.424 		4
v 29.888 		9.78 		20.113
v -43.16 		64.374 		4
v -43.2 		64.348 		4
v -43.36 		64.237 		4
v -43.441 		64.176 		4
v -43.521 		64.112 		4
v -3.2448 		11.3287 		4.0371
v -43.601 		64.046 		4
v -43.641 		64.011 		4
v -43.721 		63.939 		4
v -42.88 		64.538 		4
v -39.04 		61.314 		4
v -38.952 		60.757 		4
v -39.04 		60.201 		4
v -3.647 		11.269 		4.0371
v -19.7205 		27.8736 		22.6667
v -19.8155 		27.2334 		22.7354
v -19.928 		26.475 		22.8167
v -1.023 		11.895 		4
v -39.04 		61.314 		0
v -38.952 		60.757 		0
v -2.307 		11.468 		4.0371
v -1.9128 		11.5667 		4.0371
v -39.04 		60.201 		0
v -19.8318 		27.1232 		21.727
v -19.928 		26.475 		21.7965
v 24.7204 		56.7054 		20.5
v -19.7541 		27.6474 		21.6713
v -19.928 		26.475 		23.543
v -0.9932 		11.797 		4.0371
v -44.962 		61.567 		0
v -44.922 		61.799 		0
v 28.736 		6.973 		0
v -19.928 		26.475 		16.384
v -44.882 		61.976 		0
v -44.842 		62.124 		0
v -44.802 		62.253 		0
v -44.762 		62.369 		0
v -44.722 		62.474 		0
v -44.682 		62.572 		0
v -44.642 		62.663 		0
v -44.602 		62.749 		0
v -44.562 		62.829 		0
v -0.993 		11.797 		4.0371
v -19.9292 		26.4496 		22.8193
v -44.522 		62.905 		0
v 27.768 		5.358 		0
v -19.9609 		25.8025 		22.8418
v -44.482 		62.977 		0
v -44.442 		63.046 		0
v -44.402 		63.112 		0
v -44.362 		63.175 		0
v -44.322 		63.236 		0
v -44.282 		63.294 		0
v -44.242 		63.351 		0
v -19.9999 		25.008 		22.8699
v -44.201 		63.406 		0
v -44.161 		63.458 		0
v -44.121 		63.509 		0
v -44.081 		63.558 		0
v -19.9348 		26.3357 		21.8108
v -44.041 		63.606 		0
v -44.001 		63.652 		0
v -19.9608 		25.8053 		21.8298
v -43.921 		63.74 		0
v -37.879 		58.497 		20.5
v -3.548 		10.264 		4.479
v -19.9999 		25.008 		21.8581
v -43.881 		63.782 		0
v -43.841 		63.823 		0
v -43.801 		63.863 		0
v -38.066 		58.382 		20.5
v -5 		10.193 		4.479
v -43.32 		64.265 		0
v -43.28 		64.294 		0
v -38.233 		58.24 		20.5
v -2.11 		10.477 		4.479
v -38.235 		58.238 		20.5
v -43.721 		63.939 		0
v -43.641 		64.011 		0
v -43.601 		64.046 		0
v -43.521 		64.112 		0
v -43.441 		64.176 		0
v -43.36 		64.237 		0
v -43.2 		64.348 		0
v -43.16 		64.374 		0
v -43.08 		64.424 		0
v -43.04 		64.448 		0
v -42.96 		64.494 		0
v -42.88 		64.538 		0
v -43.068 		21.256 		0
v -3.53 		10.077 		4.957
v -43.253 		25.005 		0
v -5 		10.005 		4.957
v 26.7004 		54.7254 		20.5
v -43.068 		28.754 		0
v -38.377 		58.071 		20.5
v -38.492 		57.884 		20.5
v -2.074 		10.293 		4.957
v -20 		25.005 		23.543
v 23.8365 		55.8215 		19.25
v -44.629 		4.144 		0
v -37.879 		58.497 		4
v -38.066 		58.382 		4
v -38.233 		58.24 		4
v -38.235 		58.238 		4
v -19.528 		27.895 		24.021
v -38.377 		58.071 		4
v -38.492 		57.884 		4
v -19.741 		26.457 		24.021
v 30.277 		6.149 		17
v 30.277 		6.149 		7.5
v -19.9759 		24.5135 		16.7979
v -19.9289 		23.5527 		17.638
v -19.9512 		24.0083 		17.2401
v -20 		50.4846 		0
v -20 		50.4846 		4
v -19.928 		23.535 		17.6508
v -19.812 		25.005 		24.021
v 31.955 		9.698 		17
v 31.955 		9.698 		7.5
v -19.025 		27.795 		24.372
v -19.231 		26.407 		24.372
v -19.3 		25.005 		24.372
v 3.627 		35.517 		24.5
v -19.928 		23.535 		23.543
v 5.512 		33.632 		24.5
v 4.616 		34.621 		24.5
v -18.014 		28.953 		24.5
v 0.204 		37.569 		24.5
v 2.555 		36.312 		24.5
v 1.411 		36.998 		24.5
v -1.052 		38.019 		24.5
v -2.347 		38.343 		24.5
v -18.338 		27.658 		24.5
v -3.667 		38.539 		24.5
v -18.534 		26.338 		24.5
v 7.564 		30.209 		24.5
v -19.8522 		23.0241 		18.0546
v -19.78 		22.5376 		18.4396
v 20.376 		55.925 		17
v 6.993 		31.416 		24.5
v 6.307 		32.56 		24.5
v -19.712 		22.079 		18.7436
v -18.599 		25.005 		24.5
v 8.534 		26.338 		24.5
v 8.338 		27.658 		24.5
v -19.748 		22.3218 		16.9834
v -19.712 		22.079 		17.1758
v 8.599 		25.005 		24.5
v 8.014 		28.953 		24.5
v -19.817 		22.7867 		16.5409
v -18.634 		26.348 		23.5
v -18.7 		25.005 		23.5
v -18.11 		28.982 		23.5
v -18.437 		27.678 		23.5
v 28.259 		2.782 		7.5
v -19.712 		22.079 		23.543
v -19.5553 		21.4541 		19.1945
v -19.6842 		21.9681 		18.8237
v -18.736 		26.358 		23.503
v -18.803 		25.005 		23.503
v -19.5474 		21.4223 		17.7414
v -19.439 		20.9902 		18.0531
v -18.537 		27.698 		23.503
v -19.6703 		21.9129 		17.319
v 28.4407 		9.0942 		18.2625
v -18.208 		29.012 		23.503
v 28.4403 		9.0935 		18.2621
v 28.4403 		9.0936 		18.2621
v 8.014 		21.057 		24.5
v 8.338 		22.352 		24.5
v 8.534 		23.672 		24.5
v -19.741 		23.553 		24.021
v -19.528 		22.115 		24.021
v -19.231 		23.603 		24.372
v -13.0192 		39.5719 		14.003
v -19.025 		22.215 		24.372
v 22.2454 		54.2304 		17
v 7.564 		19.801 		24.5
v 6.307 		17.45 		24.5
v 6.993 		18.594 		24.5
v 4.616 		15.389 		24.5
v 5.512 		16.378 		24.5
v -18.534 		23.672 		24.5
v 3.627 		14.493 		24.5
v 1.411 		13.012 		24.5
v -18.338 		22.352 		24.5
v 2.555 		13.698 		24.5
v -18.014 		21.057 		24.5
v 0.204 		12.441 		24.5
v 12.0299 		8.8334 		14.003
v -18.634 		23.662 		23.5
v -18.437 		22.332 		23.5
v -18.11 		21.028 		23.5
v -16.993 		18.594 		24.5
v -16.307 		17.45 		24.5
v -10.945 		38.8009 		14.003
v -17.564 		19.801 		24.5
v -8.948 		11.991 		24.5
v -7.653 		11.667 		24.5
v -18.208 		20.998 		23.503
v -6.333 		11.471 		24.5
v -18.537 		22.312 		23.503
v -12.555 		13.698 		24.5
v -11.411 		13.012 		24.5
v -18.736 		23.652 		23.503
v -10.204 		12.441 		24.5
v -15.512 		16.378 		24.5
v -14.616 		15.389 		24.5
v -13.627 		14.493 		24.5
v 31.678 		-14.939 		4
v 31.718 		-14.932 		4
v 31.638 		-14.945 		4
v 31.128 		-14.995 		4
v 31.158 		-14.994 		4
v 31.238 		-14.99 		4
v 31.358 		-14.981 		4
v 31.438 		-14.973 		4
v 31.558 		-14.958 		4
v 31.598 		-14.952 		4
v 31.839 		-14.908 		4
v -16.89 		17.061 		24.372
v 31.919 		-14.89 		4
v 31.999 		-14.87 		4
v 32.119 		-14.837 		4
v 32.199 		-14.813 		4
v 32.279 		-14.787 		4
v 32.359 		-14.759 		4
v 32.439 		-14.729 		4
v 32.519 		-14.697 		4
v 32.599 		-14.663 		4
v 32.68 		-14.627 		4
v 32.76 		-14.589 		4
v 32.84 		-14.549 		4
v 32.88 		-14.528 		4
v 33.28 		-14.284 		4
v 33.32 		-14.255 		4
v 32.96 		-14.484 		4
v 33.04 		-14.438 		4
v 33.08 		-14.414 		4
v 33.16 		-14.364 		4
v 33.2 		-14.338 		4
v 33.36 		-14.227 		4
v 33.441 		-14.166 		4
v 33.521 		-14.102 		4
v 33.601 		-14.036 		4
v 33.641 		-14.001 		4
v 33.721 		-13.929 		4
v -10.9094 		38.7829 		14.0123
v -10.9053 		38.7849 		14.003
v 33.801 		-13.853 		4
v 33.841 		-13.813 		4
v 33.881 		-13.772 		4
v -11.2159 		38.6381 		14.5287
v -11.4892 		38.5089 		14.9887
v -17.082 		18.547 		23.5
v -16.391 		17.394 		23.5
v 33.921 		-13.73 		4
v 34.001 		-13.642 		4
v 34.041 		-13.596 		4
v 34.081 		-13.548 		4
v 34.121 		-13.499 		4
v 34.161 		-13.448 		4
v 34.201 		-13.396 		4
v -11.8646 		38.3316 		15.4782
v -12.071 		38.234 		15.7471
v 34.242 		-13.341 		4
v 34.282 		-13.284 		4
v 34.322 		-13.226 		4
v 34.362 		-13.165 		4
v 34.402 		-13.102 		4
v 34.442 		-13.036 		4
v 34.482 		-12.967 		4
v -16.476 		17.337 		23.503
v 31.718 		-14.932 		0
v 31.678 		-14.939 		0
v 31.638 		-14.945 		0
v -17.173 		18.499 		23.503
v -12.071 		38.234 		14.003
v 31.839 		-14.908 		0
v 31.598 		-14.952 		0
v 31.558 		-14.958 		0
v 31.438 		-14.973 		0
v 31.358 		-14.981 		0
v 31.238 		-14.99 		0
v 31.158 		-14.994 		0
v 31.128 		-14.995 		0
v 6.308 		37.293 		21.5861
v 32.88 		-14.528 		0
v 32.84 		-14.549 		0
v 32.76 		-14.589 		0
v 32.68 		-14.627 		0
v 32.599 		-14.663 		0
v 32.519 		-14.697 		0
v 32.439 		-14.729 		0
v 32.359 		-14.759 		0
v 32.279 		-14.787 		0
v 32.199 		-14.813 		0
v 32.119 		-14.837 		0
v 31.999 		-14.87 		0
v 31.919 		-14.89 		0
v 27.029 		5.05 		16.455
v 33.32 		-14.255 		0
v 33.28 		-14.284 		0
v 33.721 		-13.929 		0
v 33.641 		-14.001 		0
v 33.601 		-14.036 		0
v 33.521 		-14.102 		0
v 33.441 		-14.166 		0
v 33.36 		-14.227 		0
v 33.2 		-14.338 		0
v 33.16 		-14.364 		0
v 33.08 		-14.414 		0
v 33.04 		-14.438 		0
v 32.96 		-14.484 		0
v 33.881 		-13.772 		0
v 33.841 		-13.813 		0
v 33.801 		-13.853 		0
v 34.201 		-13.396 		0
v 34.161 		-13.448 		0
v 34.121 		-13.499 		0
v 34.081 		-13.548 		0
v 34.041 		-13.596 		0
v 34.001 		-13.642 		0
v 33.921 		-13.73 		0
v -19.354 		20.651 		23.543
v 34.482 		-12.967 		0
v 34.442 		-13.036 		0
v 34.402 		-13.102 		0
v 34.362 		-13.165 		0
v 34.322 		-13.226 		0
v 34.282 		-13.284 		0
v 34.242 		-13.341 		0
v -18.858 		19.265 		20.482
v -12.8449 		37.7702 		14.4491
v -13.1061 		37.6136 		14.843
v 3.334 		37.477 		22.8361
v 25.92 		50.381 		17
v -12.181 		38.1681 		15.9126
v -12.5704 		37.9347 		16.3821
v -18.858 		19.265 		23.543
v 27.5445 		7.6105 		17.1151
v 27.5445 		7.6105 		17.1151
v 27.5445 		7.6106 		17.1151
v -12.6143 		37.9084 		14.003
v 3.334 		37.477 		21.824
v -30.376 		55.925 		17
v 3.334 		37.477 		23.543
v 12.5842 		7.0673 		14.003
v 13.9344 		6.6363 		14.003
v -18.8084 		19.1601 		20.5451
v 21.6913 		4.1575 		14.003
v -18.543 		18.5985 		20.8267
v -18.2584 		17.9962 		21.1287
v -18.229 		17.934 		21.1543
v 25.922 		3.839 		15.039
v 25.0381 		53.0631 		18.1492
v 25.1117 		3.1398 		14.003
v 24.2254 		52.2504 		17
v 22.1107 		4.0326 		14.003
v 3.229 		37.321 		24.021
v -6.343 		38.639 		4
v -5 		38.705 		4
v -5 		38.808 		4.0372
v -5.4078 		38.7878 		4.0372
v -6.402 		39.236 		4.128
v -5 		39.305 		4.128
v -6.353 		38.741 		4.0371
v -7.673 		38.442 		4
v -33.0581 		55.0431 		18.1492
v -7.6927 		38.5421 		4.0371
v -32.2454 		54.2304 		17
v -7.79 		39.03 		4.128
v -43.364 		4.499 		20.5
v -6.7552 		38.6813 		4.0371
v -43.364 		4.499 		4
v 25.535 		5.1603 		14.544
v -18.229 		17.934 		23.543
v 25.5351 		5.1604 		14.5441
v 25.5351 		5.1604 		14.5441
v -6.353 		38.741 		4.0371
v 26.5731 		6.2951 		15.8719
v 26.5733 		6.2953 		15.8721
v 26.5733 		6.2953 		15.8721
v -8.977 		38.115 		4
v -7.693 		38.542 		4.0371
v -8.0872 		38.4433 		4.0371
v -42.84 		-14.549 		24.5
v -42.76 		-14.589 		24.5
v -42.68 		-14.627 		24.5
v -42.599 		-14.663 		24.5
v -42.519 		-14.697 		24.5
v -42.439 		-14.729 		24.5
v -42.359 		-14.759 		24.5
v -42.279 		-14.787 		24.5
v -42.199 		-14.813 		24.5
v -42.119 		-14.837 		24.5
v -41.999 		-14.87 		24.5
v -41.919 		-14.89 		24.5
v -17.5806 		16.8522 		21.6402
v -17.94 		17.4519 		21.3709
v -41.718 		-14.932 		24.5
v -41.678 		-14.939 		24.5
v -41.638 		-14.945 		24.5
v -41.309 		-12.459 		24.5
v -41.81 		-12.204 		24.5
v 25.1119 		4.7954 		14.003
v -41.839 		-14.908 		24.5
v -41.598 		-14.952 		24.5
v -41.558 		-14.958 		24.5
v -41.438 		-14.973 		24.5
v -41.358 		-14.981 		24.5
v -41.238 		-14.99 		24.5
v -41.158 		-14.994 		24.5
v -41.128 		-14.995 		24.5
v -42.209 		-11.805 		24.5
v -42.464 		-11.304 		24.5
v -9.0068 		38.2131 		4.0371
v -42.553 		-10.747 		24.5
v -42.464 		-10.191 		24.5
v 7.472 		33.339 		21.7055
v -42.209 		-9.689 		24.5
v -41.81 		-9.291 		24.5
v -41.309 		-9.035 		24.5
v -40.752 		-12.547 		24.5
v -9.007 		38.213 		4.0371
v -39.694 		-12.204 		24.5
v -40.196 		-12.459 		24.5
v -40.752 		-8.947 		24.5
v -40.196 		-9.035 		24.5
v -39.694 		-9.291 		24.5
v 7.472 		33.339 		20.5843
v -39.296 		-9.689 		24.5
v 7.472 		33.339 		23.543
v -34.7204 		56.7054 		20.5
v -39.296 		-11.805 		24.5
v -6.452 		39.746 		4.479
v -5 		39.817 		4.479
v -41.169 		0.838 		20.5
v -7.89 		39.533 		4.479
v -19.175 		20.705 		24.021
v -41.169 		0.838 		4
v -18.685 		19.337 		24.021
v -6.47 		39.933 		4.957
v -5 		40.005 		4.957
v -7.926 		39.717 		4.957
v -18.063 		18.023 		24.021
v 19.3614 		6.5065 		14.003
v -41.919 		-14.89 		20.5
v -41.999 		-14.87 		20.5
v -42.119 		-14.837 		20.5
v -42.199 		-14.813 		20.5
v -42.279 		-14.787 		20.5
v -42.359 		-14.759 		20.5
v -42.439 		-14.729 		20.5
v -42.519 		-14.697 		20.5
v -42.599 		-14.663 		20.5
v 18.6789 		6.7094 		14.003
v -42.68 		-14.627 		20.5
v -42.76 		-14.589 		20.5
v -42.84 		-14.549 		20.5
v 7.316 		33.234 		24.021
v -41.678 		-14.939 		20.5
v -41.718 		-14.932 		20.5
v -41.638 		-14.945 		20.5
v -18.684 		20.854 		24.372
v -41.309 		-12.459 		20.5
v -41.81 		-12.204 		20.5
v 5.8659 		35.3261 		22.415
v -41.128 		-14.995 		20.5
v -41.158 		-14.994 		20.5
v -41.238 		-14.99 		20.5
v -41.358 		-14.981 		20.5
v -41.438 		-14.973 		20.5
v -41.558 		-14.958 		20.5
v -41.598 		-14.952 		20.5
v -41.839 		-14.908 		20.5
v 5.607 		35.612 		22.4836
v -18.211 		19.533 		24.372
v -42.209 		-11.805 		20.5
v -36.7004 		54.7254 		20.5
v -42.464 		-11.304 		20.5
v -42.553 		-10.747 		20.5
v -17.611 		18.264 		24.372
v -42.464 		-10.191 		20.5
v -42.209 		-9.689 		20.5
v -41.81 		-9.291 		20.5
v 26.806 		3.753 		0
v -41.309 		-9.035 		20.5
v 21.9836 		50.5289 		21.0191
v 20.5144 		51.9749 		21.6809
v -40.752 		-12.547 		20.5
v 20.5142 		51.9751 		21.681
v 20.5142 		51.9751 		21.681
v -39.694 		-12.204 		20.5
v -5 		10.005 		21.3417
v -40.196 		-12.459 		20.5
v -40.752 		-8.947 		20.5
v -40.196 		-9.035 		20.5
v -9.151 		38.689 		4.128
v -39.694 		-9.291 		20.5
v 21.9839 		50.5287 		21.019
v 21.9838 		50.5287 		21.019
v -39.296 		-9.689 		20.5
v -10.243 		37.662 		4
v -39.296 		-11.805 		20.5
v 5.6338 		35.5824 		21.4415
v 5.607 		35.612 		21.4486
v -17.657 		19.762 		23.5
v -9.3898 		38.0761 		4.0371
v -10.2819 		37.757 		4.0372
v -17.752 		19.723 		23.503
v -10.472 		38.216 		4.128
v 17.2092 		54.6929 		22.5789
v 17.2092 		54.6929 		22.5789
v 15.4064 		55.939 		22.8059
v -19.4096 		20.8728 		19.5462
v 17.2093 		54.6929 		22.5789
v -19.354 		20.651 		19.6807
v 15.4064 		55.939 		22.8059
v 15.4063 		55.939 		22.8059
v -10.6506 		37.5827 		4.0372
v -11.741 		37.616 		4.128
v -10.282 		37.757 		4.0372
v -35.8165 		53.8415 		19.25
v 18.9174 		53.3672 		22.203
v 18.9174 		53.3672 		22.203
v 18.9175 		53.3671 		22.2029
v -19.354 		20.651 		18.2977
v 13.527 		57.0923 		22.8819
v -5 		10.005 		20.1937
v -9.3 		39.18 		4.479
v 4.4578 		8.621 		22.04
v -19.2361 		20.3215 		19.8981
v -19.03 		19.7456 		20.2164
v -10.668 		38.69 		4.479
v 5.9482 		9.3497 		14.003
v -18.9263 		19.4559 		19.1098
v -18.858 		19.265 		19.2155
v -11.982 		38.068 		4.479
v 7.7871 		8.717 		14.003
v -19.1285 		20.0209 		18.7373
v -19.2841 		20.4557 		18.4507
v 10.6847 		9.2633 		14.003
v -9.354 		39.359 		4.957
v -10.74 		38.863 		4.957
v -12.071 		38.234 		4.957
v -18.252 		17.9826 		19.9413
v -18.229 		17.934 		19.9657
v -18.4672 		18.4381 		19.7135
v -18.7381 		19.0114 		19.3683
v 9.9887 		10.005 		4
v 9.9887 		10.005 		0
v 5.6591 		10.005 		0
v 5.6591 		10.005 		4
v -17.9124 		17.4058 		20.2543
v -17.6498 		16.9676 		20.4513
v 6.3073 		10.005 		1.603
v 9.3392 		10.005 		1.603
v 6.3073 		10.005 		0
v 9.3392 		10.005 		0
v -35.92 		50.381 		17
v 5.607 		35.612 		23.543
v 5.4125 		35.7882 		22.5299
v 5.2459 		35.9391 		21.5341
v 4.8375 		36.3089 		22.6663
v 4.516 		36.6 		22.7132
v 4.6668 		36.4635 		21.6714
v 4.516 		36.6 		21.6932
v -11.458 		37.087 		4
v -11.506 		37.178 		4.0372
v -11.5069 		37.1775 		4.0372
v 24.376 		49.218 		21.097
v -12.611 		36.396 		4
v 16.0147 		-14.995 		24.5
v -42.84 		-14.549 		4
v -42.76 		-14.589 		4
v -11.8559 		36.9681 		4.0371
v -42.68 		-14.627 		4
v -42.599 		-14.663 		4
v -42.519 		-14.697 		4
v -42.439 		-14.729 		4
v -42.359 		-14.759 		4
v -42.279 		-14.787 		4
v -42.199 		-14.813 		4
v -42.119 		-14.837 		4
v -41.999 		-14.87 		4
v -12.6678 		36.4811 		4.0371
v -41.919 		-14.89 		4
v 11.5708 		-15 		20.3009
v 12.0361 		-15 		20.5
v 11.7297 		-15 		20.3689
v 12.0466 		-14.995 		20.5
v -12.944 		36.895 		4.128
v 11.5708 		-15 		4.1991
v 11.7297 		-15 		4.1311
v 12.0361 		-15 		4
v 12.0466 		-14.995 		4
v -12.9947 		36.2387 		4.0371
v -12.668 		36.481 		4.0371
v -41.718 		-14.932 		4
v -41.678 		-14.939 		4
v -41.638 		-14.945 		4
v -41.309 		-12.459 		4
v -41.81 		-12.204 		4
v -34.2254 		52.2504 		17
v -41.839 		-14.908 		4
v -41.598 		-14.952 		4
v -41.558 		-14.958 		4
v -41.438 		-14.973 		4
v -41.358 		-14.981 		4
v -41.238 		-14.99 		4
v -41.158 		-14.994 		4
v -41.128 		-14.995 		4
v -42.209 		-11.805 		4
v -42.464 		-11.304 		4
v 4.516 		36.6 		23.543
v -42.553 		-10.747 		4
v -42.464 		-10.191 		4
v 3.7081 		37.1994 		22.8187
v -8.6274 		10.4689 		19.5469
v 4.3429 		36.7284 		22.7358
v -8.0597 		10.3265 		19.8978
v 3.6157 		37.268 		21.8105
v 4.2532 		36.795 		21.7272
v -7.926 		10.293 		19.967
v -42.209 		-9.689 		4
v -41.81 		-9.291 		4
v -41.309 		-9.035 		4
v -8.2033 		10.3625 		18.4509
v -7.926 		10.293 		18.622
v -8.7438 		10.498 		18.0535
v -7.926 		10.293 		23.543
v 13.798 		-14.995 		0
v 13.798 		-14.995 		1.603
v -40.752 		-12.547 		4
v -39.694 		-12.204 		4
v -40.196 		-12.459 		4
v 5.474 		35.479 		24.021
v -40.752 		-8.947 		4
v -40.196 		-9.035 		4
v -5 		-13.248 		24.5
v -8.749 		-13.063 		24.5
v 4.397 		36.455 		24.021
v -39.694 		-9.291 		4
v -39.296 		-9.689 		4
v -16.5376 		39.3202 		14.003
v -14.8631 		38.744 		14.003
v -6.8444 		10.1325 		20.5452
v -39.296 		-11.805 		4
v -7.4599 		10.2239 		20.2163
v -13.334 		37.477 		15.1862
v -23.525 		57.0934 		22.8819
v -6.47 		10.077 		20.712
v 4.072 		36.059 		24.372
v -1.251 		-13.063 		24.5
v -6.6773 		10.1078 		19.3682
v -6.47 		10.077 		19.4791
v -14.0273 		36.9626 		16.1839
v -13.4206 		37.4128 		15.3363
v -13.6922 		37.2112 		15.7159
v -7.1598 		10.1793 		19.1102
v -7.7461 		10.2663 		18.7365
v -41.919 		-14.89 		0
v -41.999 		-14.87 		0
v -42.119 		-14.837 		0
v -42.199 		-14.813 		0
v -42.279 		-14.787 		0
v -42.359 		-14.759 		0
v -42.439 		-14.729 		0
v -42.519 		-14.697 		0
v -42.599 		-14.663 		0
v -42.68 		-14.627 		0
v -42.76 		-14.589 		0
v -42.84 		-14.549 		0
v -6.47 		10.077 		23.543
v 23.3135 		49.0435 		20.224
v 23.3135 		49.0435 		20.224
v -41.678 		-14.939 		0
v -41.718 		-14.932 		0
v 3.691 		35.595 		23.5
v -41.638 		-14.945 		0
v 23.3138 		49.0431 		20.2238
v -41.309 		-12.459 		0
v -41.81 		-12.204 		0
v -41.128 		-14.995 		0
v -41.158 		-14.994 		0
v -41.238 		-14.99 		0
v -41.358 		-14.981 		0
v -41.438 		-14.973 		0
v -41.558 		-14.958 		0
v 3.756 		35.674 		23.503
v -41.598 		-14.952 		0
v -41.839 		-14.908 		0
v 7.1349 		-15 		18.8049
v -42.209 		-11.805 		0
v -42.464 		-11.304 		0
v 5.3805 		-15 		18.3781
v 5 		-15 		18.2856
v -42.553 		-10.747 		0
v -6.221 		10.0648 		20.8264
v -42.464 		-10.191 		0
v -42.209 		-9.689 		0
v -5.5636 		10.0326 		21.1287
v 8.5574 		-15 		19.2849
v -41.81 		-9.291 		0
v -41.309 		-9.035 		0
v 6.7824 		34.2684 		22.0711
v 7.2168 		33.683 		21.841
v -40.752 		-12.547 		0
v -5.5482 		10.0319 		19.9418
v 6.595 		34.521 		22.1476
v -6.0453 		10.0562 		19.7135
v -39.694 		-12.204 		0
v -40.196 		-12.459 		0
v -40.752 		-8.947 		0
v -40.196 		-9.035 		0
v -39.694 		-9.291 		0
v -39.296 		-9.689 		0
v -13.229 		37.321 		4.479
v -39.296 		-11.805 		0
v -13.334 		37.477 		4.957
v 7.1349 		-15 		5.6951
v 5.3805 		-15 		6.1219
v 5 		-15 		6.2144
v 8.5574 		-15 		5.2151
v -7.89 		10.477 		24.021
v -6.452 		10.264 		24.021
v 7.2564 		33.6295 		20.7268
v 6.9484 		34.0448 		20.8903
v 6.595 		34.521 		21.0778
v -7.79 		10.98 		24.372
v -6.402 		10.774 		24.372
v -14.072 		36.059 		4.128
v 6.595 		34.521 		23.543
v 6.3727 		34.7665 		22.2288
v 6.1464 		35.0163 		21.2532
v 6.497 		34.6293 		21.1246
v -14.397 		36.455 		4.479
v -15.474 		35.479 		4.479
v -14.516 		36.6 		4.957
v -6.343 		11.371 		23.5
v -8.977 		11.895 		23.5
v -7.673 		11.568 		23.5
v -15.607 		35.612 		4.957
v -26.7859 		56.415 		4
v -29.267 		54.575 		0
v -26.7859 		56.415 		0
v 6.45 		34.402 		24.021
v 23.8365 		55.8215 		5.25
v -6.353 		11.269 		23.503
v -7.693 		11.468 		23.503
v 6.054 		34.077 		24.372
v 20.376 		55.925 		7.5
v 22.2454 		54.2304 		7.5
v -9.007 		11.797 		23.503
v -33.0581 		55.0431 		6.3507
v 5.111 		35.116 		24.372
v -30.376 		55.925 		7.5
v -32.2454 		54.2304 		7.5
v -15.111 		35.116 		4.128
v -12.944 		13.115 		24.372
v -16.054 		34.077 		4.128
v 5.59 		33.696 		23.5
v 4.687 		34.692 		23.5
v -11.458 		12.923 		23.5
v -16.45 		34.402 		4.479
v 4.76 		34.765 		23.503
v 5.669 		33.761 		23.503
v -12.611 		13.614 		23.5
v -11.9663 		9.5944 		14.003
v -11.506 		12.832 		23.503
v -16.595 		34.521 		4.957
v -12.668 		13.529 		23.503
v -35.8165 		53.8415 		5.25
v -13.1767 		12.4387 		22.8422
v -12.4932 		12.029 		22.8693
v -13.1788 		12.44 		21.8302
v 6.638 		-13.362 		17.093
v 6.3235 		-13.6765 		17.322
v -12.4932 		12.029 		21.8574
v 4.516 		36.6 		16.384
v -35.92 		50.381 		7.5
v -34.2254 		52.2504 		7.5
v -13.691 		35.595 		4
v 6.3235 		-13.6765 		7.178
v 6.638 		-13.362 		7.407
v -13.7559 		35.6741 		4.0371
v 6.7917 		-13.2083 		7.5
v 6.7917 		-13.2083 		17
v -21.5708 		-15 		20.3009
v -22.0361 		-15 		20.5
v -22.0466 		-14.995 		20.5
v -21.1621 		-15 		20.163
v -12.7121 		5.7867 		14.003
v -22.0361 		-15 		4
v -21.5708 		-15 		4.1991
v -22.0466 		-14.995 		4
v -14.687 		34.692 		4
v -21.1621 		-15 		4.337
v -13.756 		35.674 		4.0371
v -14.0581 		35.4005 		4.0372
v 3.1767 		37.5713 		22.8422
v -25.506 		-13.359 		20.5
v 2.4932 		37.981 		22.8693
v 3.1788 		37.57 		21.8302
v -25.506 		-13.359 		4
v -12.071 		11.776 		23.543
v 2.4932 		37.981 		21.8574
v -10.4896 		2.1715 		14.003
v -10.7897 		3.5514 		14.003
v -8.749 		-13.063 		0
v -5 		-13.248 		0
v -10.74 		11.147 		23.543
v -1.251 		-13.063 		0
v -9.354 		10.651 		23.543
v -14.76 		34.765 		4.0372
v -11.6282 		7.8565 		14.003
v -11.982 		11.942 		24.021
v -15.59 		33.696 		4
v -15.669 		33.761 		4.0371
v -15.6691 		33.7609 		4.0371
v -10.668 		11.32 		24.021
v 15.506 		-13.359 		20.5
v 10 		10.005 		0
v 10 		10.005 		4
v -9.3 		10.83 		24.021
v 15.506 		-13.359 		4
v -5 		10.005 		4
v -15.0333 		34.4631 		4.0371
v 32.209 		61.815 		0
v 32.464 		61.314 		0
v -34.7204 		56.7054 		4
v -11.741 		12.394 		24.372
v 34.922 		61.799 		0
v 34.962 		61.567 		0
v 35 		61.0443 		0
v 31.678 		64.949 		0
v 31.718 		64.942 		0
v 31.638 		64.955 		0
v 31.309 		62.469 		0
v 31.81 		62.214 		0
v -27.6044 		-14.995 		20.5
v -10.472 		11.794 		24.372
v -15.9116 		33.434 		4.0371
v 31.128 		65.005 		0
v 31.158 		65.004 		0
v 31.238 		65 		0
v 31.358 		64.991 		0
v 31.438 		64.983 		0
v 2.071 		38.234 		23.543
v 31.558 		64.968 		0
v 31.598 		64.962 		0
v 31.839 		64.918 		0
v 16.203 		-14.995 		0
v -36.7004 		54.7254 		4
v 16.203 		-14.995 		1.603
v -9.151 		11.321 		24.372
v 33.801 		63.863 		0
v 33.841 		63.823 		0
v 33.881 		63.782 		0
v 35 		-11.0343 		20.5
v 35 		-11.0343 		24.5
v 34.642 		62.663 		0
v 34.682 		62.572 		0
v 35 		-11.0343 		0
v 34.722 		62.474 		0
v 35 		-11.0343 		4
v 34.762 		62.369 		0
v 34.802 		62.253 		0
v 34.842 		62.124 		0
v 34.882 		61.976 		0
v 34.562 		62.829 		0
v -36.8354 		-14.995 		4
v 34.602 		62.749 		0
v 25.0381 		53.0631 		6.3507
v 31.81 		-12.204 		24.5
v 31.309 		-12.459 		24.5
v 25.92 		50.381 		7.5
v 34.242 		63.351 		0
v 34.282 		63.294 		0
v 34.322 		63.236 		0
v 34.362 		63.175 		0
v 34.402 		63.112 		0
v 34.442 		63.046 		0
v 34.482 		62.977 		0
v 34.522 		62.905 		0
v -32.049 		52.054 		0
v 33.921 		63.74 		0
v 0.74 		38.863 		23.543
v 34.001 		63.652 		0
v 34.041 		63.606 		0
v 34.081 		63.558 		0
v 34.121 		63.509 		0
v 34.161 		63.458 		0
v 34.201 		63.406 		0
v -0.646 		39.359 		23.543
v 34.522 		-12.895 		24.5
v 1.982 		38.068 		24.021
v 31.919 		64.9 		0
v 31.999 		64.88 		0
v 32.119 		64.847 		0
v 32.199 		64.823 		0
v 32.279 		64.797 		0
v 32.359 		64.769 		0
v 32.439 		64.739 		0
v 32.519 		64.707 		0
v 32.599 		64.673 		0
v 32.68 		64.637 		0
v 34.642 		-12.653 		24.5
v 34.682 		-12.562 		24.5
v 32.76 		64.599 		0
v 34.722 		-12.464 		24.5
v 32.84 		64.559 		0
v 34.762 		-12.359 		24.5
v 32.88 		64.538 		0
v 34.802 		-12.243 		24.5
v 34.842 		-12.114 		24.5
v 34.882 		-11.966 		24.5
v 33.28 		64.294 		0
v 33.32 		64.265 		0
v 34.562 		-12.819 		24.5
v 34.602 		-12.739 		24.5
v 0.668 		38.69 		24.021
v 32.464 		-11.304 		24.5
v -10.243 		12.348 		23.5
v 32.209 		-11.805 		24.5
v 32.96 		64.494 		0
v 33.04 		64.448 		0
v -0.7 		39.18 		24.021
v 33.08 		64.424 		0
v 33.16 		64.374 		0
v 33.2 		64.348 		0
v 33.36 		64.237 		0
v 33.441 		64.176 		0
v 33.521 		64.112 		0
v 33.601 		64.046 		0
v 33.641 		64.011 		0
v 33.721 		63.939 		0
v -39.04 		-10.191 		24.5
v 34.922 		-11.789 		24.5
v 34.962 		-11.557 		24.5
v 31.81 		59.301 		0
v -38.952 		-10.747 		24.5
v 31.309 		-9.035 		24.5
v 31.309 		59.045 		0
v -39.04 		-11.304 		24.5
v 31.81 		-9.291 		24.5
v -34.57 		49.272 		0
v 32.552 		60.757 		0
v 32.209 		-9.689 		24.5
v 32.464 		60.201 		0
v -10.282 		12.253 		23.503
v 32.464 		-10.191 		24.5
v 32.209 		59.699 		0
v 32.552 		-10.747 		24.5
v -17.316 		33.234 		4.479
v 30.196 		59.045 		0
v 30.752 		58.957 		0
v -17.472 		33.339 		4.957
v 29.694 		59.301 		0
v 30.752 		-12.547 		24.5
v 30.196 		-12.459 		24.5
v 1.741 		37.616 		24.372
v 29.296 		59.699 		0
v 29.694 		-12.204 		24.5
v 29.04 		60.201 		0
v -23.032 		-8.731 		24.5
v -26.252 		56.811 		4
v 28.952 		60.757 		0
v 29.04 		61.314 		0
v 29.296 		61.815 		0
v 29.296 		-11.805 		24.5
v 29.296 		-9.689 		24.5
v 29.694 		62.214 		0
v 0.472 		38.216 		24.372
v 29.694 		-9.291 		24.5
v 30.196 		62.469 		0
v 30.752 		62.558 		0
v 30.196 		-9.035 		24.5
v -12.071 		11.776 		16.782
v 30.752 		-8.947 		24.5
v 31.81 		-12.204 		20.5
v -0.849 		38.689 		24.372
v 31.309 		-12.459 		20.5
v 13.032 		58.741 		0
v -26.252 		-6.801 		24.5
v -29.267 		-4.565 		24.5
v -32.049 		-2.044 		24.5
v -34.57 		0.738 		24.5
v -19.9205 		26.7549 		14.003
v -19.8828 		26.7797 		14.0135
v -19.882 		26.7851 		14.003
v -19.928 		26.475 		14.4501
v 34.522 		-12.895 		20.5
v 34.882 		-11.966 		20.5
v 34.842 		-12.114 		20.5
v 34.802 		-12.243 		20.5
v 34.762 		-12.359 		20.5
v 34.722 		-12.464 		20.5
v 34.682 		-12.562 		20.5
v 34.642 		-12.653 		20.5
v 34.602 		-12.739 		20.5
v 34.562 		-12.819 		20.5
v -19.928 		26.475 		14.003
v 32.464 		-11.304 		20.5
v 32.209 		-11.805 		20.5
v -12.0601 		11.7708 		16.7952
v -11.6121 		11.5591 		17.2401
v -11.2089 		11.3686 		17.64
v 34.962 		-11.557 		20.5
v 34.922 		-11.789 		20.5
v 31.309 		-9.035 		20.5
v 31.81 		-9.291 		20.5
v 32.209 		-9.689 		20.5
v -10.74 		11.147 		18.0261
v 32.464 		-10.191 		20.5
v 32.552 		-10.747 		20.5
v 0.243 		37.662 		23.5
v 30.196 		-12.459 		20.5
v 30.752 		-12.547 		20.5
v 29.694 		-12.204 		20.5
v 0.282 		37.757 		23.503
v 24.2254 		52.2504 		7.5
v 29.296 		-11.805 		20.5
v -19.9303 		26.428 		14.5237
v -19.9447 		26.133 		14.9873
v 29.296 		-9.689 		20.5
v 29.694 		-9.291 		20.5
v 30.196 		-9.035 		20.5
v 30.752 		-8.947 		20.5
v 22.049 		52.054 		0
v 16.252 		56.811 		0
v 19.267 		54.575 		0
v -38.644 		57.249 		20.5
v 24.57 		49.272 		0
v 2.944 		36.895 		24.372
v 26.41 		46.7909 		0
v -19.9645 		25.7288 		15.4806
v -19.982 		25.3733 		15.9143
v 35 		61.0443 		4
v -38.644 		57.249 		4
v -10.2538 		10.973 		18.4397
v 31.128 		65.005 		4
v 1.458 		37.087 		23.5
v -10.7091 		11.1359 		18.0525
v -9.713 		10.7795 		18.8247
v -9.354 		10.651 		19.0804
v 2.611 		36.396 		23.5
v -10.0517 		10.9007 		16.9845
v -9.6583 		10.7599 		17.3197
v -38.576 		57.681 		20.5
v -9.354 		10.651 		17.5787
v -10.4863 		11.0562 		16.5398
v -38.627 		57.468 		20.5
v 1.506 		37.178 		23.503
v -38.627 		57.03 		20.5
v 2.668 		36.481 		23.503
v -9.1997 		10.6123 		19.1938
v -38.576 		56.817 		20.5
v -38.492 		56.614 		20.5
v -9.1694 		10.6047 		17.7405
v -34.376 		0.792 		21.097
v -38.377 		56.427 		20.5
v -38.235 		56.26 		20.5
v 2.071 		38.234 		16.782
v -16.391 		32.616 		4
v -16.89 		32.949 		4.128
v -38.626 		52.601 		20.5
v -16.476 		32.673 		4.0371
v -16.4761 		32.6728 		4.0371
v 24.7204 		56.7054 		4
v -16.7824 		15.7416 		22.0711
v -17.2168 		16.327 		21.841
v -17.082 		31.463 		4
v 2.0601 		38.2392 		16.7952
v 1.6121 		38.4509 		17.2401
v -16.595 		15.489 		22.1476
v 1.2089 		38.6414 		17.64
v 26.7004 		54.7254 		4
v 0.74 		38.863 		18.0261
v -16.6855 		32.3237 		4.0371
v -17.2564 		16.3805 		20.7268
v -16.9484 		15.9653 		20.8903
v -16.595 		15.489 		21.0778
v -17.1725 		31.5119 		4.0372
v -16.595 		15.489 		23.543
v -16.3727 		15.2435 		22.2288
v -16.1464 		14.9937 		21.2532
v -16.497 		15.3807 		21.1246
v 31.81 		-12.204 		4
v 31.309 		-12.459 		4
v -17.173 		31.511 		4.0372
v -38.576 		57.681 		4
v -33.3135 		0.9665 		20.224
v -33.3135 		0.9665 		20.224
v 34.522 		-12.895 		4
v -38.627 		57.468 		4
v -33.3138 		0.9669 		20.2238
v 34.642 		-12.653 		4
v 34.682 		-12.562 		4
v 34.722 		-12.464 		4
v 34.762 		-12.359 		4
v 34.802 		-12.243 		4
v 34.842 		-12.114 		4
v 34.882 		-11.966 		4
v 34.562 		-12.819 		4
v 34.602 		-12.739 		4
v 32.464 		-11.304 		4
v -38.627 		57.03 		4
v 32.209 		-11.805 		4
v -38.576 		56.817 		4
v 34.922 		-11.789 		4
v 34.962 		-11.557 		4
v 31.309 		-9.035 		4
v -38.492 		56.614 		4
v 31.81 		-9.291 		4
v 32.209 		-9.689 		4
v -38.377 		56.427 		4
v 32.464 		-10.191 		4
v 32.552 		-10.747 		4
v 0.2538 		39.037 		18.4397
v -38.235 		56.26 		4
v 0.7091 		38.8741 		18.0525
v 32.517 		17.542 		24.5
v 31.605 		13.901 		24.5
v -0.287 		39.2305 		18.8247
v 30.752 		-12.547 		4
v 30.196 		-12.459 		4
v 29.694 		-12.204 		4
v -38.626 		52.601 		4
v -16.45 		15.608 		24.021
v 31.605 		36.109 		24.5
v 29.296 		-11.805 		4
v 32.517 		32.468 		24.5
v 29.296 		-9.689 		4
v 29.694 		-9.291 		4
v 30.196 		-9.035 		4
v -0.646 		39.359 		19.0804
v -17.611 		31.746 		4.128
v 0.0517 		39.1093 		16.9845
v -0.3417 		39.2501 		17.3197
v 30.341 		10.366 		24.5
v -0.646 		39.359 		17.5787
v -16.054 		15.933 		24.372
v 0.4863 		38.9538 		16.5398
v 30.341 		39.644 		24.5
v -15.111 		14.894 		24.372
v 28.736 		43.037 		24.5
v -41.605 		13.901 		24.5
v -42.517 		17.542 		24.5
v -42.517 		32.468 		24.5
v -17.657 		30.248 		4
v 30.752 		-8.947 		4
v -41.605 		36.109 		24.5
v -0.8003 		39.3977 		19.1938
v 31.81 		-12.204 		0
v -17.3471 		31.143 		4.0372
v 31.309 		-12.459 		0
v -15.59 		16.314 		23.5
v -18.211 		30.477 		4.128
v -0.8306 		39.4053 		17.7405
v 34.522 		-12.895 		0
v -14.687 		15.318 		23.5
v 26.806 		46.257 		24.5
v 34.882 		-11.966 		0
v 34.842 		-12.114 		0
v 34.802 		-12.243 		0
v 34.762 		-12.359 		0
v 34.722 		-12.464 		0
v 34.682 		-12.562 		0
v 34.642 		-12.653 		0
v 34.602 		-12.739 		0
v 34.562 		-12.819 		0
v 32.464 		-11.304 		0
v 32.209 		-11.805 		0
v -14.76 		15.245 		23.503
v 34.962 		-11.557 		0
v -40.341 		10.366 		24.5
v 34.922 		-11.789 		0
v -17.752 		30.287 		4.0372
v -17.752 		30.2869 		4.0372
v 31.309 		-9.035 		0
v -15.669 		16.249 		23.503
v 31.81 		-9.291 		0
v -40.341 		39.644 		24.5
v 32.209 		-9.689 		0
v 32.464 		-10.191 		0
v 32.552 		-10.747 		0
v 30.196 		-12.459 		0
v 30.752 		-12.547 		0
v -38.736 		6.973 		24.5
v 29.694 		-12.204 		0
v -38.736 		43.037 		24.5
v 29.296 		-11.805 		0
v -32.958 		-0.793 		21.946
v 29.296 		-9.689 		0
v 29.694 		-9.291 		0
v 30.196 		-9.035 		0
v 30.752 		-8.947 		0
v -15.8659 		14.6839 		22.415
v -15.607 		14.398 		22.4836
v -31.39 		-2.335 		22.651
v -17.8893 		29.9032 		4.0372
v -16.308 		12.717 		21.5861
v -36.806 		46.257 		24.5
v -15.6338 		14.4276 		21.4415
v -15.607 		14.398 		21.4486
v -18.684 		29.156 		4.128
v 31.955 		40.312 		17
v -17.288 		14.4019 		21.156
v 31.955 		40.312 		7.5
v -36.806 		3.753 		24.5
v -29.687 		-3.82 		23.208
v -18.063 		31.987 		4.479
v -1.3726 		39.5412 		19.5469
v -15.607 		14.398 		23.543
v -1.9403 		39.6835 		19.8978
v -27.865 		-5.234 		23.609
v -14.8375 		13.7011 		22.6663
v -15.4125 		14.2218 		22.5299
v -18.685 		30.673 		4.479
v 30.277 		43.861 		17
v -2.074 		39.717 		19.967
v -14.516 		13.41 		22.7132
v 30.277 		43.861 		7.5
v -19.175 		29.305 		4.479
v -14.6668 		13.5466 		21.6714
v -14.516 		13.41 		21.6932
v -15.2459 		14.071 		21.5341
v -1.7967 		39.6475 		18.4509
v -2.074 		39.717 		18.622
v -25.942 		-6.563 		23.851
v -1.2562 		39.512 		18.0535
v -18.229 		32.076 		4.957
v -2.074 		39.717 		23.543
v 34.962 		61.567 		4
v 34.922 		61.799 		4
v -18.858 		30.745 		4.957
v 32.209 		61.815 		4
v 32.464 		61.314 		4
v -3.1556 		39.8775 		20.5452
v 31.158 		65.004 		4
v -2.5401 		39.7861 		20.2163
v 31.678 		64.949 		4
v 31.638 		64.955 		4
v -14.516 		13.41 		23.543
v 31.718 		64.942 		4
v -13.7081 		12.8106 		22.8187
v -14.3429 		13.2816 		22.7358
v -3.53 		39.933 		20.712
v -13.6157 		12.742 		21.8105
v -14.2532 		13.215 		21.7272
v -3.3227 		39.9022 		19.3682
v -3.53 		39.933 		19.4791
v -21.384 		34.4548 		19.6388
v -19.354 		29.359 		4.957
v -2.8402 		39.8307 		19.1102
v -2.2539 		39.7437 		18.7365
v -21.384 		36.558 		18.3538
v 31.598 		64.962 		4
v -3.53 		39.933 		23.543
v 31.558 		64.968 		4
v 31.358 		64.991 		4
v 31.238 		65 		4
v 31.438 		64.983 		4
v 31.839 		64.918 		4
v 31.309 		62.469 		4
v 31.81 		62.214 		4
v 33.841 		63.823 		4
v 33.881 		63.782 		4
v -15.474 		14.531 		24.021
v 33.801 		63.863 		4
v -3.779 		39.9452 		20.8264
v -14.397 		13.555 		24.021
v -4.4364 		39.9774 		21.1287
v -18.11 		28.982 		4
v -18.208 		29.012 		4.0371
v -18.2081 		29.0118 		4.0371
v -14.072 		13.951 		24.372
v -4.4518 		39.9782 		19.9418
v 35 		0.578 		20.5
v -18.437 		27.678 		4
v -3.9547 		39.9538 		19.7135
v 35 		-0.2749 		4
v -18.5371 		27.6977 		4.0371
v 31.169 		0.838 		20.5
v -19.025 		27.795 		4.128
v -18.537 		27.698 		4.0371
v 31.169 		0.838 		4
v -18.3067 		28.6177 		4.0371
v -13.691 		14.415 		23.5
v -13.756 		14.336 		23.503
v 28.791 		41.201 		15.039
v 28.9917 		40.1497 		14.003
v -2.11 		39.533 		24.021
v -3.548 		39.746 		24.021
v -17.472 		16.671 		21.7055
v -2.21 		39.03 		24.372
v 28.296 		42.765 		16.455
v -3.598 		39.236 		24.372
v 34.602 		62.749 		4
v 34.642 		62.663 		4
v 34.682 		62.572 		4
v 34.842 		62.124 		4
v 34.882 		61.976 		4
v -18.634 		26.348 		4
v 34.562 		62.829 		4
v -17.472 		16.671 		20.5843
v 34.722 		62.474 		4
v 34.762 		62.369 		4
v -17.472 		16.671 		23.543
v 29.04 		-11.304 		24.5
v 34.802 		62.253 		4
v 28.952 		-10.747 		24.5
v 29.04 		-10.191 		24.5
v -1.023 		38.115 		23.5
v -20.6847 		40.7467 		14.003
v 24.57 		0.738 		24.5
v -18.5968 		27.2955 		4.0371
v 22.049 		-2.044 		24.5
v 19.267 		-4.565 		24.5
v -19.231 		26.407 		4.128
v -3.657 		38.639 		23.5
v -17.316 		16.776 		24.021
v -2.327 		38.442 		23.5
v 34.242 		63.351 		4
v 34.282 		63.294 		4
v -18.736 		26.358 		4.0371
v -18.736 		26.358 		4.0371
v 34.442 		63.046 		4
v 34.482 		62.977 		4
v 34.522 		62.905 		4
v -3.647 		38.741 		23.503
v -35.92 		-0.371 		17
v 34.402 		63.112 		4
v 34.362 		63.175 		4
v -2.307 		38.542 		23.503
v 34.322 		63.236 		4
v 13.032 		-8.731 		24.5
v 34.081 		63.558 		4
v 34.041 		63.606 		4
v 34.121 		63.509 		4
v -0.993 		38.213 		23.503
v -18.7 		25.005 		4
v 34.161 		63.458 		4
v -18.7561 		25.9514 		4.0371
v -18.803 		25.005 		4.0372
v 34.201 		63.406 		4
v -19.3 		25.005 		4.128
v 34.001 		63.652 		4
v 33.921 		63.74 		4
v -19.528 		27.895 		4.479
v -20 		40.0313 		4
v -20 		40.0313 		0
v -12.463 		-12.512 		24.5
v 9.639 		-10.336 		24.5
v 6.104 		-11.6 		24.5
v 2.463 		-12.512 		24.5
v -19.741 		26.457 		4.479
v 28.5497 		43.3478 		4
v -13.334 		12.533 		22.8361
v -19.812 		25.005 		4.479
v 16.252 		-6.801 		24.5
v -13.334 		12.533 		21.824
v 9.354 		29.359 		23.543
v -19.712 		27.931 		4.957
v -19.928 		26.475 		4.957
v -20 		25.005 		4.957
v 8.858 		30.745 		20.482
v 28.259 		47.228 		17
v -35.0381 		-3.0531 		18.1492
v 8.858 		30.745 		23.543
v -34.2254 		-2.2404 		17
v 28.644 		-7.239 		20.5
v 28.644 		-7.239 		4
v -13.334 		12.533 		23.543
v 28.259 		47.228 		7.5
v -37.029 		44.96 		16.455
v 28.626 		-2.591 		20.5
v 9.712 		22.079 		22.6566
v 9.5368 		21.3803 		22.5297
v 32.599 		64.673 		4
v 32.519 		64.707 		4
v 32.88 		64.538 		4
v 32.84 		64.559 		4
v 32.68 		64.637 		4
v 31.999 		64.88 		4
v 31.919 		64.9 		4
v 8.8084 		30.8499 		20.5451
v -13.229 		12.689 		24.021
v 8.543 		31.4115 		20.8267
v 8.2584 		32.0138 		21.1287
v 32.279 		64.797 		4
v 32.199 		64.823 		4
v 32.359 		64.769 		4
v 9.5916 		21.5989 		21.5341
v 9.712 		22.079 		21.6213
v 32.439 		64.739 		4
v 8.229 		32.076 		21.1543
v 28.576 		-7.671 		20.5
v 9.4633 		21.0868 		21.441
v 32.119 		64.847 		4
v 28.627 		-7.458 		20.5
v -37.5445 		42.3995 		17.1151
v -37.5445 		42.3995 		17.1151
v -37.5445 		42.3995 		17.1151
v 32.76 		64.599 		4
v 28.627 		-7.02 		20.5
v 33.16 		64.374 		4
v 9.712 		22.079 		23.543
v 33.08 		64.424 		4
v 28.576 		-6.807 		20.5
v 33.2 		64.348 		4
v 33.441 		64.176 		4
v 28.492 		-6.604 		20.5
v 33.36 		64.237 		4
v 33.28 		64.294 		4
v 28.377 		-6.417 		20.5
v 33.32 		64.265 		4
v 28.235 		-6.25 		20.5
v 33.641 		64.011 		4
v 33.601 		64.046 		4
v 33.521 		64.112 		4
v 9.7205 		22.1365 		22.6667
v -14.516 		13.41 		16.384
v 33.721 		63.939 		4
v 9.8155 		22.7766 		22.7354
v 9.928 		23.535 		22.8167
v 33.04 		64.448 		4
v 32.96 		64.494 		4
v 8.229 		32.076 		23.543
v 9.8318 		22.8868 		21.727
v 9.928 		23.535 		21.7965
v 9.7541 		22.3626 		21.6713
v -22.5842 		42.9428 		14.003
v 9.928 		23.535 		23.543
v 31.81 		59.301 		4
v 27.599 		44.364 		17.781
v 31.309 		59.045 		4
v 32.552 		60.757 		4
v -23.9344 		43.3737 		14.003
v -31.6913 		45.8525 		14.003
v 9.9292 		23.5604 		22.8193
v 9.9609 		24.2075 		22.8418
v 7.5806 		33.1578 		21.6402
v 7.94 		32.5581 		21.3709
v -35.922 		46.171 		15.039
v 9.9999 		25.002 		22.8699
v 9.9348 		23.6744 		21.8108
v 9.9608 		24.2047 		21.8298
v -35.1117 		46.8702 		14.003
v 26.708 		45.983 		19.005
v 9.9999 		25.002 		21.8581
v 32.464 		60.201 		4
v 32.209 		59.699 		4
v -19.9951 		24.9056 		16.3794
v -32.1107 		45.9774 		14.003
v -19.947 		23.9218 		15.3379
v -19.9298 		23.571 		15.713
v 25.63 		47.606 		20.113
v -19.928 		23.535 		15.7514
v -30.376 		-5.915 		17
v -19.9651 		24.2934 		14.8447
v -19.9798 		24.5922 		14.4486
v 10 		25.005 		23.543
v 30.196 		59.045 		4
v 30.752 		58.957 		4
v -19.9926 		24.8535 		14.003
v 29.694 		59.301 		4
v 29.296 		59.699 		4
v 29.04 		60.201 		4
v 28.952 		60.757 		4
v 29.04 		61.314 		4
v 29.296 		61.815 		4
v 28.626 		-2.591 		4
v 29.694 		62.214 		4
v 30.196 		62.469 		4
v 30.752 		62.558 		4
v 26.8354 		65.005 		4
v 28.576 		-7.671 		4
v 28.627 		-7.458 		4
v 9.528 		22.115 		24.021
v 28.627 		-7.02 		4
v 26.41 		46.7909 		4
v 28.576 		-6.807 		4
v -19.8728 		23.163 		16.1833
v 10 		39.9941 		0
v 10 		40.005 		0
v 10 		40.005 		4
v 10 		39.9941 		4
v -8.749 		63.073 		0
v -5 		63.258 		0
v -1.251 		63.073 		0
v 9.741 		23.553 		24.021
v 2.463 		62.522 		0
v 6.104 		61.61 		0
v 28.492 		-6.604 		4
v 9.639 		60.346 		0
v 28.377 		-6.417 		4
v 9.812 		25.005 		24.021
v 28.235 		-6.25 		4
v 9.175 		29.305 		24.021
v -35.535 		44.8497 		14.544
v 9.025 		22.215 		24.372
v 8.685 		30.673 		24.021
v -35.5351 		44.8497 		14.5441
v -35.5351 		44.8496 		14.5441
v -36.5731 		43.7149 		15.8719
v 9.231 		23.603 		24.372
v -12.7924 		65.005 		0
v 9.3 		25.005 		24.372
v -36.5733 		43.7147 		15.8721
v -36.5733 		43.7147 		15.8721
v 8.063 		31.987 		24.021
v -35.1119 		45.2146 		14.003
v -32.2454 		-4.2204 		17
v 8.634 		23.662 		23.5
v 8.7 		25.005 		23.5
v 8.11 		21.028 		23.5
v 8.437 		22.332 		23.5
v 32.517 		17.542 		0
v 31.605 		13.901 		0
v 8.736 		23.652 		23.503
v 8.803 		25.005 		23.503
v 31.605 		36.109 		0
v 32.517 		32.468 		0
v 33.068 		21.256 		0
v -18.634 		23.662 		4
v 33.253 		25.005 		0
v 8.684 		29.156 		24.372
v -18.7828 		24.5973 		4.0372
v -19.231 		23.603 		4.128
v 8.211 		30.477 		24.372
v 33.068 		28.754 		0
v -29.3614 		43.5035 		14.003
v 35 		46.0197 		0
v -18.736 		23.652 		4.0371
v -28.6789 		43.3006 		14.003
v 30.341 		10.366 		0
v 7.611 		31.746 		24.372
v -18.437 		22.332 		4
v 25.4992 		46.0103 		18.262
v 25.4992 		46.0103 		18.262
v 24.49 		47.5317 		19.3015
v 30.341 		39.644 		0
v -18.5371 		22.3123 		4.0371
v 28.736 		43.037 		0
v 25.4994 		46.0101 		18.2618
v 28.5497 		43.3478 		0
v -19.025 		22.215 		4.128
v 35 		42.0516 		4
v -18.6763 		23.2498 		4.0371
v 8.537 		22.312 		23.503
v 24.4895 		47.5325 		19.302
v 24.4895 		47.5325 		19.302
v 8.208 		20.998 		23.503
v -18.736 		23.652 		4.0371
v -36.7004 		-4.7154 		20.5
v 7.657 		30.248 		23.5
v -36.806 		46.257 		0
v -37.768 		44.652 		0
v 10 		35.6641 		4
v 26.3354 		44.4925 		17.115
v 26.3354 		44.4925 		17.1151
v 10 		35.6641 		0
v 7.752 		30.287 		23.503
v -18.11 		21.028 		4
v 7.6873 		17.0302 		21.1287
v 26.3356 		44.4921 		17.1147
v 8.0133 		17.5742 		21.3709
v 8.229 		17.934 		21.5308
v -18.537 		22.312 		4.0371
v -18.4383 		21.9178 		4.0371
v -19.9891 		40.005 		0
v -19.9891 		40.005 		4
v 6.89 		32.949 		24.372
v -34.7204 		-6.6954 		20.5
v 7.082 		31.463 		23.5
v 6.391 		32.616 		23.5
v -18.2081 		20.9982 		4.0371
v -19.639 		60.346 		0
v -16.104 		61.61 		0
v -15.6591 		40.005 		0
v 6.476 		32.673 		23.503
v -18.208 		20.998 		4.0371
v 7.173 		31.511 		23.503
v -15.6591 		40.005 		4
v -19.741 		23.553 		4.479
v -19.528 		22.115 		4.479
v -12.463 		62.522 		0
v 8.229 		17.934 		23.543
v 8.3483 		18.1865 		21.6402
v 8.6215 		18.7646 		21.841
v 8.858 		19.265 		22.0146
v -19.928 		23.535 		4.957
v -19.712 		22.079 		4.957
v -33.8365 		-5.8115 		19.25
v 8.8152 		19.1743 		20.8904
v 8.858 		19.265 		20.9219
v 8.5925 		18.7032 		20.7267
v 25.92 		-0.371 		17
v 35.005 		42.0411 		4
v 26.806 		46.257 		4
v -31.9836 		-0.5189 		21.0191
v -30.5144 		-1.9649 		21.6809
v 27.4528 		41.5267 		14.5438
v -30.5142 		-1.965 		21.681
v -30.5142 		-1.9651 		21.681
v 27.4527 		41.527 		14.5442
v 27.4527 		41.527 		14.5442
v 26.9893 		42.9929 		15.8717
v 26.9892 		42.9933 		15.8721
v 26.9892 		42.9934 		15.8721
v -31.9839 		-0.5187 		21.019
v -31.9838 		-0.5187 		21.019
v 8.858 		19.265 		23.543
v -17.082 		18.547 		4
v -17.173 		18.499 		4.0372
v -17.1725 		18.4982 		4.0372
v -27.2092 		-4.6829 		22.5789
v -27.2092 		-4.6829 		22.5789
v -25.4064 		-5.929 		22.8059
v 8.9179 		19.4323 		22.0712
v -27.2093 		-4.6829 		22.5789
v 9.1345 		20.0377 		22.2287
v -16.391 		17.394 		4
v 9.354 		20.651 		22.3891
v -25.4064 		-5.929 		22.8059
v -25.4063 		-5.929 		22.8059
v 9.2488 		20.3571 		21.2533
v 9.354 		20.651 		21.3301
v 9.0718 		19.8624 		21.1243
v 9.4096 		29.1372 		19.5462
v 9.354 		29.359 		19.6807
v 9.354 		20.651 		23.543
v -16.9631 		18.1491 		4.0371
v -28.9174 		-3.3572 		22.203
v -28.9174 		-3.3572 		22.203
v -16.4761 		17.3372 		4.0371
v -28.9175 		-3.3571 		22.2029
v 9.3799 		20.7542 		22.4153
v -23.527 		-7.0823 		22.8819
v 24.2254 		-2.2404 		17
v -21.6245 		25.3436 		14.003
v 9.354 		29.359 		18.2977
v 8.063 		18.023 		24.021
v -22.0299 		41.1766 		14.003
v 8.685 		19.337 		24.021
v 9.2361 		29.6885 		19.8981
v 9.03 		30.2644 		20.2164
v 9.175 		20.705 		24.021
v 8.9263 		30.5541 		19.1098
v 8.858 		30.745 		19.2155
v 9.1285 		29.9891 		18.7373
v 7.611 		18.264 		24.372
v 9.2841 		29.5543 		18.4507
v 8.211 		19.533 		24.372
v 8.684 		20.854 		24.372
v 8.252 		32.0274 		19.9413
v 8.229 		32.076 		19.9657
v 8.4672 		31.5719 		19.7135
v 8.7381 		30.9986 		19.3683
v -16.89 		17.061 		4.128
v 26.7004 		-4.7154 		20.5
v 11.384 		40.6768 		21.3186
v -16.2337 		17.0103 		4.0371
v 7.657 		19.762 		23.5
v -16.476 		17.337 		4.0371
v 7.752 		19.723 		23.503
v 6.89 		17.061 		24.372
v -38.259 		47.228 		17
v 7.082 		18.547 		23.5
v 7.9124 		32.6042 		20.2543
v 7.6498 		33.0424 		20.4513
v 14.0315 		26.659 		14.003
v 6.391 		17.394 		23.5
v 19.3272 		31.2644 		14.003
v 24.7204 		-6.6954 		20.5
v 7.173 		18.499 		23.503
v -34.57 		0.738 		0
v 15.4992 		27.9353 		14.003
v -38.065 		43.557 		17.781
v 6.476 		17.337 		23.503
v 20.3756 		32.2181 		14.003
v 25.8165 		-3.8315 		19.25
v 26.4003 		37.6965 		14.003
v 26.7181 		37.9972 		14.003
v 9.9759 		25.4965 		16.7979
v 8.0409 		17.6202 		20.2543
v 8.229 		17.934 		20.3938
v 9.9289 		26.4573 		17.638
v 9.9512 		26.0017 		17.2401
v 7.6948 		17.0426 		19.9417
v 9.928 		26.475 		17.6508
v 27.5577 		40.9778 		14.003
v -39.021 		41.975 		19.005
v -18.684 		20.854 		4.128
v 8.2916 		18.0665 		20.4513
v -17.657 		19.762 		4
v -39.888 		40.23 		20.113
v -18.0711 		20.6152 		4.0371
v -17.752 		19.7231 		4.0372
v 23.2005 		36.8526 		14.003
v 22.6836 		36.3631 		14.003
v -26.252 		-6.801 		0
v -29.267 		-4.565 		0
v 17.5195 		31.668 		14.003
v 16.4745 		30.7179 		14.003
v -40.657 		38.339 		21.097
v 13.1653 		27.8393 		14.003
v 9.928 		26.475 		23.543
v 11.8297 		26.6771 		14.003
v -35.0381 		-3.0531 		6.3508
v -35.92 		-0.371 		7.5
v 9.8522 		26.9859 		18.0546
v 9.78 		27.4724 		18.4396
v 9.712 		27.931 		18.7436
v -34.2254 		-2.2404 		7.5
v -41.32 		36.318 		21.946
v 7.3284 		16.4775 		20.8264
v 9.748 		27.6882 		16.9834
v 9.712 		27.931 		17.1758
v 7.472 		16.671 		20.9342
v 9.817 		27.2233 		16.5409
v 9.712 		27.931 		23.543
v 7.472 		16.671 		23.543
v -18.211 		19.533 		4.128
v 9.5553 		28.5559 		19.1945
v 9.6842 		28.0419 		18.8237
v 9.5474 		28.5877 		17.7414
v 9.439 		29.0198 		18.0531
v -41.872 		34.189 		22.651
v 7.316 		16.776 		24.021
v 9.6703 		28.0971 		17.319
v 5.59 		33.696 		4
v 20.376 		-5.915 		17
v 4.687 		34.692 		4
v 9.741 		26.457 		24.021
v 3.691 		35.595 		4
v -33.8365 		-5.8115 		5.25
v 9.528 		27.895 		24.021
v 9.231 		26.407 		24.372
v 9.025 		27.795 		24.372
v -30.376 		-5.915 		7.5
v 0.243 		37.662 		4
v -32.2454 		-4.2204 		7.5
v 6.595 		15.489 		23.543
v -17.5777 		19.3544 		4.0372
v 6.9535 		15.9722 		20.5453
v -42.307 		31.972 		23.208
v -17.611 		18.264 		4.128
v 2.611 		36.396 		4
v -17.752 		19.723 		4.0372
v 1.458 		37.087 		4
v -1.023 		38.115 		4
v -19.175 		20.705 		4.479
v -2.327 		38.442 		4
v -3.657 		38.639 		4
v 8.634 		26.348 		23.5
v 8.437 		27.678 		23.5
v 8.11 		28.982 		23.5
v -18.685 		19.337 		4.479
v 7.657 		30.248 		4
v 6.45 		15.608 		24.021
v 23.0581 		-5.0331 		18.1492
v -18.063 		18.023 		4.479
v -42.62 		29.687 		23.609
v 8.208 		29.012 		23.503
v 7.082 		31.463 		4
v 22.2454 		-4.2204 		17
v 6.391 		32.616 		4
v 8.537 		27.698 		23.503
v 9.4285 		25.005 		4
v 8.634 		26.348 		4
v 5.111 		14.894 		24.372
v 8.437 		27.678 		4
v 8.736 		26.358 		23.503
v 8.11 		28.982 		4
v -19.354 		20.651 		4.957
v 6.054 		15.933 		24.372
v -32.049 		-2.044 		0
v -18.858 		19.265 		4.957
v -18.229 		17.934 		4.957
v -42.81 		27.357 		23.851
v -36.7004 		-4.7154 		4
v -34.7204 		-6.6954 		4
v 4.687 		15.318 		23.5
v 5.59 		16.314 		23.5
v 3.6053 		39.2327 		14.003
v -42.8729 		25.008 		23.9319
v 5.669 		16.249 		23.503
v 4.76 		15.245 		23.503
v -37.768 		0.429 		0
v 4.516 		13.41 		23.543
v 5.607 		14.398 		23.543
v -12.8105 		12.2192 		15.9151
v -13.1089 		12.3981 		15.4786
v 4.397 		13.555 		24.021
v -12.4121 		11.9804 		16.3815
v 5.474 		14.531 		24.021
v -38.644 		-7.239 		20.5
v -12.1308 		11.8119 		14.4457
v -12.071 		11.776 		14.5334
v 4.072 		13.951 		24.372
v -12.3659 		11.9528 		14.003
v -38.644 		-7.239 		4
v -40.277 		43.861 		17
v -38.626 		-2.591 		20.5
v -40.277 		43.861 		7.5
v 13.525 		-7.0834 		22.8819
v 3.691 		14.415 		23.5
v -38.576 		-7.671 		20.5
v -41.955 		40.312 		17
v -38.627 		-7.458 		20.5
v 3.756 		14.336 		23.503
v -41.955 		40.312 		7.5
v -38.627 		-7.02 		20.5
v -10.8399 		11.1942 		16.1819
v -10.74 		11.147 		16.2809
v -11.5358 		11.5231 		15.3386
v -11.2245 		11.376 		15.7162
v -38.576 		-6.807 		20.5
v -11.8657 		11.679 		14.8425
v -38.492 		-6.604 		20.5
v -38.377 		-6.417 		20.5
v -38.235 		-6.25 		20.5
v 30.657 		11.671 		21.097
v 3.334 		12.533 		23.543
v 3.9755 		37.0517 		14.003
v 3.9786 		36.9988 		14.0154
v 3.9835 		36.9951 		14.003
v 3.6982 		37.2068 		14.5279
v 3.4485 		37.392 		14.9855
v 3.334 		37.477 		15.1483
v 3.229 		12.689 		24.021
v 3.334 		37.477 		14.003
v 31.32 		13.692 		21.946
v 3.334 		12.533 		17.2136
v -42.517 		32.468 		0
v -41.605 		36.109 		0
v 24.57 		0.738 		0
v 31.872 		15.821 		22.651
v 25.8165 		-3.8315 		5.25
v -8.977 		11.895 		4
v -9.007 		11.797 		4.0371
v -9.0068 		11.797 		4.0371
v -40.341 		39.644 		0
v -38.626 		-2.591 		4
v 25.92 		-0.371 		7.5
v 24.2254 		-2.2404 		7.5
v -38.576 		-7.671 		4
v -38.736 		43.037 		0
v -38.627 		-7.458 		4
v -38.627 		-7.02 		4
v 3.334 		12.533 		17.6477
v -38.576 		-6.807 		4
v -38.492 		-6.604 		4
v -7.673 		11.568 		4
v 3.7062 		12.8092 		17.6399
v 3.3548 		12.5484 		17.2374
v 4.1424 		13.1328 		18.0545
v -7.6927 		11.468 		4.0371
v 4.516 		13.41 		18.4098
v 32.307 		18.038 		23.208
v -7.79 		10.98 		4.128
v -7.693 		11.468 		4.0371
v -8.6127 		11.6983 		4.0371
v -38.377 		-6.417 		4
v -38.235 		-6.25 		4
v 3.229 		37.321 		4.479
v -6.343 		11.371 		4
v 3.334 		37.477 		4.957
v -20.307 		-11.95 		17
v -20.307 		-11.95 		7.5
v 7.316 		33.234 		4.479
v -38.259 		47.228 		7.5
v -12.611 		13.614 		4
v 4.3382 		13.2781 		16.5395
v 4.516 		13.41 		16.7432
v -11.458 		12.923 		4
v 32.62 		20.323 		23.609
v -10.243 		12.348 		4
v 23.0581 		-5.0331 		6.3508
v -39.2538 		39.2802 		19.3017
v 4.5419 		13.4334 		18.4383
v 20.376 		-5.915 		7.5
v 5.3588 		14.1732 		19.1942
v 4.9596 		13.8117 		18.8251
v 7.472 		33.339 		4.957
v -29.167 		-11.164 		20.5
v 5.607 		14.398 		19.3865
v -41.1137 		33.6158 		21.681
v -15.59 		16.314 		4
v -41.1137 		33.6158 		21.681
v -29.167 		-11.164 		4
v 22.2454 		-4.2204 		7.5
v -41.9931 		27.211 		22.806
v -41.9931 		27.2109 		22.806
v -7.2905 		11.4082 		4.0371
v -41.9931 		27.2102 		22.806
v 7.9182 		16.491 		19.7041
v 32.81 		22.653 		23.851
v -14.687 		15.318 		4
v -13.691 		14.415 		4
v -42.0521 		25.008 		22.8818
v 5.383 		14.1951 		17.7408
v 5.607 		14.398 		17.9481
v 35 		61.0443 		20.5
v 35 		61.0443 		24.5
v 4.6971 		13.574 		16.9834
v 34.962 		61.567 		24.5
v 5.0022 		13.8503 		17.3204
v 34.922 		61.799 		24.5
v 33.881 		63.782 		24.5
v 33.841 		63.823 		24.5
v 33.801 		63.863 		24.5
v 32.8729 		25.002 		23.9319
v 34.882 		61.976 		24.5
v 34.842 		62.124 		24.5
v 34.802 		62.253 		24.5
v 34.762 		62.369 		24.5
v -6.402 		10.774 		4.128
v 34.722 		62.474 		24.5
v 34.682 		62.572 		24.5
v 34.642 		62.663 		24.5
v 34.602 		62.749 		24.5
v 34.562 		62.829 		24.5
v -41.1137 		33.6158 		21.681
v -41.5213 		31.537 		22.2029
v 34.522 		62.905 		24.5
v 34.482 		62.977 		24.5
v 34.442 		63.046 		24.5
v 34.402 		63.112 		24.5
v 34.362 		63.175 		24.5
v 34.322 		63.236 		24.5
v 34.282 		63.294 		24.5
v 34.242 		63.351 		24.5
v 34.201 		63.406 		24.5
v 34.161 		63.458 		24.5
v 34.121 		63.509 		24.5
v 34.081 		63.558 		24.5
v 34.041 		63.606 		24.5
v 34.001 		63.652 		24.5
v 33.921 		63.74 		24.5
v 32.88 		64.538 		24.5
v 33.32 		64.265 		24.5
v 33.28 		64.294 		24.5
v -41.8148 		29.3947 		22.5789
v 33.721 		63.939 		24.5
v 33.641 		64.011 		24.5
v 33.601 		64.046 		24.5
v 33.521 		64.112 		24.5
v 33.441 		64.176 		24.5
v 33.36 		64.237 		24.5
v 33.2 		64.348 		24.5
v 33.16 		64.374 		24.5
v 33.08 		64.424 		24.5
v 33.04 		64.448 		24.5
v 32.96 		64.494 		24.5
v 34.922 		61.799 		20.5
v 34.962 		61.567 		20.5
v 5.7828 		14.5922 		19.5462
v 33.801 		63.863 		20.5
v 33.841 		63.823 		20.5
v 33.881 		63.782 		20.5
v 6.1698 		15.0194 		19.8982
v 6.5858 		15.4788 		20.2155
v -6.353 		11.269 		4.0371
v -6.353 		11.269 		4.0371
v -41.8148 		29.3948 		22.5789
v -41.8148 		29.3948 		22.5789
v 4.072 		36.059 		4.128
v 6.595 		15.489 		20.2225
v -41.5214 		31.5368 		22.2029
v -41.5214 		31.5368 		22.2029
v 34.642 		62.663 		20.5
v 34.682 		62.572 		20.5
v 34.722 		62.474 		20.5
v 34.762 		62.369 		20.5
v 34.802 		62.253 		20.5
v 34.842 		62.124 		20.5
v 34.882 		61.976 		20.5
v 34.562 		62.829 		20.5
v 34.602 		62.749 		20.5
v 6.3863 		15.2585 		18.7369
v 6.595 		15.489 		18.9267
v 33.921 		63.74 		20.5
v 34.001 		63.652 		20.5
v 5.474 		35.479 		4.479
v 34.041 		63.606 		20.5
v 34.081 		63.558 		20.5
v 34.121 		63.509 		20.5
v 34.161 		63.458 		20.5
v 6.0722 		14.9116 		18.4513
v 34.201 		63.406 		20.5
v 34.242 		63.351 		20.5
v 34.282 		63.294 		20.5
v 34.322 		63.236 		20.5
v 34.362 		63.175 		20.5
v 34.402 		63.112 		20.5
v 34.442 		63.046 		20.5
v 34.482 		62.977 		20.5
v 34.522 		62.905 		20.5
v 5.7033 		14.5044 		18.0523
v 32.88 		64.538 		20.5
v -5.9464 		11.2489 		4.0371
v 33.28 		64.294 		20.5
v 33.32 		64.265 		20.5
v 29.2538 		10.7298 		19.3017
v 4.397 		36.455 		4.479
v 32.96 		64.494 		20.5
v 33.04 		64.448 		20.5
v 33.08 		64.424 		20.5
v 33.16 		64.374 		20.5
v 33.2 		64.348 		20.5
v 33.36 		64.237 		20.5
v 33.441 		64.176 		20.5
v 33.521 		64.112 		20.5
v 33.601 		64.046 		20.5
v 33.641 		64.011 		20.5
v 33.721 		63.939 		20.5
v 31.1137 		16.3942 		21.681
v 31.1137 		16.3942 		21.681
v -23.856 		-10.272 		17
v -7.89 		10.477 		4.479
v 22.049 		-2.044 		0
v 31.9931 		22.799 		22.806
v 31.9931 		22.7991 		22.806
v -39.2541 		39.2798 		19.302
v -39.2541 		39.2797 		19.302
v -39.9746 		37.5068 		20.2239
v 26.7004 		-4.7154 		4
v -23.856 		-10.272 		7.5
v 31.9931 		22.7998 		22.806
v -6.452 		10.264 		4.479
v -40.5957 		35.6114 		21.0193
v 5.607 		35.612 		4.957
v 32.0521 		25.002 		22.8818
v 4.516 		36.6 		4.957
v 24.7204 		-6.6954 		4
v 7.4352 		16.6214 		19.7132
v 7.472 		16.671 		19.7408
v 31.1137 		16.3942 		21.681
v 31.5213 		18.473 		22.2029
v 6.7657 		15.719 		19.1099
v 7.0527 		16.1059 		19.3687
v 31.8148 		20.6153 		22.5789
v -7.926 		10.293 		4.957
v -6.47 		10.077 		4.957
v -40.5954 		35.6125 		21.019
v -40.5954 		35.6124 		21.019
v -39.9746 		37.5067 		20.224
v -39.9746 		37.5066 		20.224
v 31.8148 		20.6152 		22.5789
v 31.8148 		20.6152 		22.5789
v 16.7858 		-6.4051 		4
v 6.054 		34.077 		4.128
v 31.5214 		18.4732 		22.2029
v 19.267 		-4.565 		0
v 31.5214 		18.4732 		22.2029
v 16.7858 		-6.4051 		0
v 5.111 		35.116 		4.128
v 16.252 		-6.801 		4
v 16.252 		-6.801 		0
v 16.252 		-6.801 		1.603
v 16.2898 		-6.7729 		1.603
v 16.2898 		-6.7729 		0
v 16.203 		-6.8304 		0
v 16.203 		-6.8304 		1.603
v 6.45 		34.402 		4.479
v 29.2541 		10.7303 		19.302
v 29.2541 		10.7303 		19.302
v 29.9746 		12.5032 		20.2239
v 2.944 		13.115 		24.372
v 30.5957 		14.3986 		21.0193
v -12.944 		13.115 		4.128
v -37.244 		-8.639 		20.5
v 6.595 		34.521 		4.957
v -12.668 		13.529 		4.0371
v -12.6678 		13.5289 		4.0371
v -38.4407 		40.9158 		18.2625
v 1.458 		12.923 		23.5
v 2.611 		13.614 		23.5
v 2.668 		13.529 		23.503
v -12.3187 		13.3195 		4.0371
v 1.506 		12.832 		23.503
v 30.5954 		14.3975 		21.019
v 30.5954 		14.3976 		21.019
v -41.11 		33.6151 		21.6809
v 29.9746 		12.5033 		20.224
v 29.9746 		12.5034 		20.224
v -0.646 		10.651 		22.5703
v -0.8676 		10.5955 		22.5299
v 5.6691 		33.7609 		4.0371
v -11.5069 		12.8325 		4.0372
v -38.4403 		40.9165 		18.2621
v -38.4403 		40.9165 		18.2621
v -11.506 		12.832 		4.0372
v 5.669 		33.761 		4.0371
v 5.3955 		34.0631 		4.0372
v -27.223 		-8.254 		17
v -0.6484 		10.6504 		21.5346
v -0.646 		10.651 		21.535
v 4.76 		34.765 		4.0372
v 3.756 		35.674 		4.0371
v 3.7559 		35.6741 		4.0371
v -32.596 		-8.621 		20.5
v -0.646 		10.651 		23.543
v 4.4581 		35.0383 		4.0371
v -11.741 		12.394 		4.128
v -0.1304 		10.8355 		22.6662
v 0.4808 		11.0542 		22.7357
v 3.429 		35.9166 		4.0371
v 0.74 		11.147 		22.7652
v -36.422 		-8.372 		20.5
v -36.255 		-8.23 		20.5
v -36.609 		-8.487 		20.5
v -36.812 		-8.571 		20.5
v -37.025 		-8.622 		20.5
v -11.138 		12.6579 		4.0372
v 0.5857 		11.0918 		21.7274
v 0.74 		11.147 		21.7449
v 0.0852 		10.9127 		21.671
v -10.472 		11.794 		4.128
v -10.282 		12.253 		4.0372
v -10.2819 		12.253 		4.0372
v 0.74 		11.147 		23.543
v 0.74 		11.147 		20.48
v 2.8105 		37.7908 		15.9151
v 3.1089 		37.612 		15.4786
v 1.2066 		11.3675 		22.8186
v -37.463 		-8.622 		20.5
v 2.4121 		38.0296 		16.3815
v 1.7927 		11.6445 		22.842
v -9.8982 		12.1157 		4.0372
v -37.676 		-8.571 		20.5
v 2.071 		11.776 		22.8534
v 1.3099 		11.4163 		21.8102
v 1.79 		11.6432 		21.8301
v -9.151 		11.321 		4.128
v 2.071 		11.776 		21.8415
v 2.1308 		38.1981 		14.4457
v 2.071 		38.234 		14.5334
v 2.3659 		38.0572 		14.003
v 35.005 		42.0411 		20.5
v -11.982 		11.942 		4.479
v -10.668 		11.32 		4.479
v 35.005 		37.1399 		18.8049
v 2.071 		11.776 		23.543
v 35.005 		35.3855 		18.3781
v 35.005 		35.005 		18.2856
v -9.3 		10.83 		4.479
v 35.005 		38.5624 		19.2849
v 0.8399 		38.8158 		16.1819
v 0.74 		38.863 		16.2809
v 1.5358 		38.4869 		15.3386
v 1.2245 		38.634 		15.7162
v 35.005 		41.5758 		20.3009
v 35.005 		41.7348 		20.3689
v 1.8657 		38.331 		14.8425
v 2.4909 		12.0277 		22.8693
v 2.4909 		12.0277 		21.8574
v 35.005 		12.8701 		18.8049
v -12.071 		11.776 		4.957
v 35.005 		15.005 		18.2858
v -41.955 		9.698 		17
v -10.74 		11.147 		4.957
v -41.955 		9.698 		7.5
v -9.354 		10.651 		4.957
v -27.223 		-8.254 		7.5
v 35.005 		37.1399 		5.6951
v 35.005 		35.3855 		6.1219
v 35.005 		35.005 		6.2144
v 35.005 		38.5624 		5.2151
v 35.005 		41.5758 		4.1991
v 11.384 		22.7264 		21.7872
v 35.005 		41.7348 		4.1311
v 35.005 		12.8701 		5.6951
v 35.005 		15.005 		6.2142
v 11.384 		19.4985 		21.1827
v -0.7 		10.83 		24.021
v 0.668 		11.32 		24.021
v -13.6053 		10.7773 		14.003
v -32.596 		-8.621 		4
v 1.982 		11.942 		24.021
v -40.277 		6.149 		17
v -40.277 		6.149 		7.5
v 1.741 		37.616 		4.128
v -36.422 		-8.372 		4
v 29.04 		-11.304 		20.5
v 28.952 		-10.747 		20.5
v 29.04 		-10.191 		20.5
v -36.609 		-8.487 		4
v -36.812 		-8.571 		4
v 28.952 		-8.947 		20.5
v -0.849 		11.321 		24.372
v 1.138 		37.3521 		4.0372
v 0.472 		38.216 		4.128
v 0.472 		11.794 		24.372
v 0.282 		37.757 		4.0372
v 0.2819 		37.757 		4.0372
v 1.741 		12.394 		24.372
v 29.04 		-11.304 		4
v 28.952 		-10.747 		4
v 29.04 		-10.191 		4
v 11.384 		14.3073 		18.9293
v -0.1018 		37.8943 		4.0372
v 28.644 		-8.639 		4
v 29.04 		-11.304 		0
v 11.6245 		24.6665 		14.003
v 28.952 		-10.747 		0
v 29.04 		-10.191 		0
v -0.849 		38.689 		4.128
v 0.243 		12.348 		23.5
v 27.879 		-8.487 		20.5
v 28.066 		-8.372 		20.5
v 0.282 		12.253 		23.503
v 28.233 		-8.23 		20.5
v 28.235 		-8.228 		20.5
v 28.377 		-8.061 		20.5
v 28.492 		-7.874 		20.5
v -13.9755 		12.9583 		14.003
v -13.9786 		13.0112 		14.0154
v -13.9835 		13.0149 		14.003
v -13.6982 		12.8032 		14.5279
v 1.982 		38.068 		4.479
v -13.4485 		12.618 		14.9855
v -13.334 		12.533 		15.1483
v -13.334 		12.533 		14.003
v 27.879 		-8.487 		4
v 28.066 		-8.372 		4
v 28.233 		-8.23 		4
v 0.668 		38.69 		4.479
v 28.235 		-8.228 		4
v 28.377 		-8.061 		4
v 28.492 		-7.874 		4
v -0.7 		39.18 		4.479
v 2.914 		12.2813 		16.7978
v 2.071 		38.234 		4.957
v 0.74 		38.863 		4.957
v -0.646 		39.359 		4.957
v -4.2332 		10.0426 		21.6401
v -4.9253 		10.0087 		21.3708
v -3.5892 		10.0741 		21.841
v -3.6568 		10.0708 		20.7269
v -4.8721 		10.0113 		20.2542
v -4.366 		10.0361 		20.4514
v 2.944 		36.895 		4.128
v 2.668 		36.481 		4.0371
v 2.6678 		36.4811 		4.0371
v -16.054 		15.933 		4.128
v -15.111 		14.894 		4.128
v 2.3187 		36.6905 		4.0371
v -16.45 		15.608 		4.479
v -16.595 		15.489 		4.957
v 1.5069 		37.1775 		4.0372
v -14.072 		13.951 		4.128
v 1.506 		37.178 		4.0372
v -15.474 		14.531 		4.479
v -14.397 		13.555 		4.479
v -15.607 		14.398 		4.957
v -17.1349 		65.01 		18.8049
v -14.516 		13.41 		4.957
v -18.5574 		65.01 		19.2849
v -17.1349 		65.01 		5.6951
v -18.5574 		65.01 		5.2151
v -0.993 		38.213 		4.0371
v -0.9932 		38.2131 		4.0371
v -15.6691 		16.2491 		4.0371
v -15.669 		16.249 		4.0371
v -15.3955 		15.9469 		4.0372
v -16.638 		63.372 		17.093
v -2.3073 		38.5421 		4.0371
v -16.638 		63.372 		7.407
v -2.21 		39.03 		4.128
v -14.76 		15.245 		4.0372
v -2.307 		38.542 		4.0371
v -1.3873 		38.3117 		4.0371
v -13.756 		14.336 		4.0371
v -13.7559 		14.336 		4.0371
v -16.7917 		63.2183 		7.5
v -16.7917 		63.2183 		17
v -14.4581 		14.9717 		4.0371
v -13.429 		14.0934 		4.0371
v -15.3805 		65.01 		18.3781
v -15.3805 		65.01 		6.1219
v -17.316 		16.776 		4.479
v -17.472 		16.671 		4.957
v -2.7095 		38.6018 		4.0371
v -13.229 		12.689 		4.479
v -13.334 		12.533 		4.957
v -3.598 		39.236 		4.128
v -16.3235 		63.6865 		17.322
v -3.647 		38.741 		4.0371
v -3.647 		38.741 		4.0371
v -16.3235 		63.6865 		7.178
v -19.639 		60.346 		24.5
v -4.0536 		38.7611 		4.0371
v -16.104 		61.61 		24.5
v -2.11 		39.533 		4.479
v -3.548 		39.746 		4.479
v -15.482 		61.529 		22.651
v -2.074 		39.717 		4.957
v -3.53 		39.933 		4.957
v -17.62 		60.797 		23.208
v -19.755 		59.926 		23.609
v 9.9951 		25.1044 		16.3794
v 9.9469 		26.0882 		15.3379
v 9.9298 		26.4391 		15.713
v 9.928 		26.475 		15.7514
v 9.9651 		25.7166 		14.8447
v 9.9798 		25.4178 		14.4486
v 9.9926 		25.1565 		14.003
v 9.8728 		26.847 		16.1833
v -15.5993 		60.5856 		21.6809
v -19.6056 		59.0826 		22.579
v -19.6054 		59.0827 		22.5789
v -19.6054 		59.0827 		22.5789
v -17.6039 		59.8992 		22.203
v -17.6037 		59.8993 		22.203
v -17.6037 		59.8993 		22.203
v -15.5995 		60.5856 		21.681
v -15.5995 		60.5856 		21.681
v 8.684 		29.156 		4.128
v 8.0711 		29.3948 		4.0371
v 7.752 		30.2869 		4.0372
v 8.211 		30.477 		4.128
v 7.5777 		30.6556 		4.0372
v 7.611 		31.746 		4.128
v 7.752 		30.287 		4.0372
v 9.175 		29.305 		4.479
v 8.685 		30.673 		4.479
v 8.063 		31.987 		4.479
v 9.354 		29.359 		4.957
v 8.858 		30.745 		4.957
v 8.229 		32.076 		4.957
v 7.173 		31.511 		4.0372
v 7.1725 		31.5119 		4.0372
v 6.9631 		31.8609 		4.0371
v 6.4761 		32.6728 		4.0371
v 6.89 		32.949 		4.128
v 6.2337 		32.9997 		4.0371
v 6.476 		32.673 		4.0371
v 8.5371 		27.6977 		4.0371
v 9.025 		27.795 		4.128
v 8.537 		27.698 		4.0371
# 3850 vertices

g group_0_10988977

usemtl color_10988977
s 0

f 10 	15 	86
f 11 	57 	15
f 161 	2377 	13
f 12 	14 	3828
f 22 	159 	13
f 9 	18 	1604
f 1594 	1601 	37
f 34 	27 	1601
f 27 	37 	1601
f 26 	28 	1909
f 29 	1909 	28
f 31 	1909 	29
f 32 	1909 	31
f 19 	1909 	32
f 20 	1909 	19
f 35 	1909 	20
f 36 	1909 	35
f 38 	1909 	36
f 39 	1909 	38
f 40 	1909 	39
f 42 	24 	23
f 53 	1919 	52
f 54 	1919 	53
f 52 	1919 	51
f 51 	1919 	50
f 55 	1919 	54
f 11 	41 	57
f 62 	1919 	61
f 60 	61 	1919
f 59 	60 	1919
f 63 	1919 	62
f 65 	1919 	63
f 49 	1919 	66
f 66 	1919 	65
f 50 	1919 	49
f 64 	67 	30
f 24 	64 	30
f 72 	1920 	71
f 73 	1920 	72
f 74 	1920 	73
f 75 	1919 	74
f 75 	76 	1919
f 76 	77 	1919
f 77 	58 	1919
f 71 	1920 	70
f 80 	64 	24
f 47 	1361 	46
f 58 	59 	1919
f 81 	1919 	55
f 82 	1919 	81
f 83 	25 	1909
f 25 	26 	1909
f 70 	1920 	69
f 69 	1920 	85
f 85 	1920 	84
f 89 	68 	56
f 42 	80 	24
f 86 	87 	88
f 84 	1920 	2
f 87 	91 	88
f 57 	94 	86
f 3838 	80 	42
f 94 	87 	86
f 2713 	3652 	111
f 104 	105 	91
f 106 	3675 	107
f 87 	104 	91
f 87 	108 	104
f 21 	198 	1443
f 94 	108 	87
f 78 	107 	110
f 3700 	108 	94
f 102 	1971 	101
f 92 	100 	1971
f 98 	99 	1971
f 99 	90 	1971
f 92 	1971 	90
f 101 	1971 	100
f 97 	98 	1971
f 103 	1971 	102
f 112 	1971 	103
f 113 	1971 	112
f 78 	110 	111
f 96 	97 	1971
f 95 	96 	1971
f 3700 	158 	108
f 319 	351 	318
f 107 	3675 	110
f 1717 	2633 	44
f 2715 	111 	110
f 121 	122 	1983
f 122 	123 	1983
f 123 	125 	1983
f 125 	126 	1983
f 126 	127 	1983
f 127 	128 	1983
f 128 	129 	1983
f 129 	130 	1983
f 130 	131 	1983
f 131 	132 	1983
f 132 	133 	1983
f 133 	134 	1983
f 134 	136 	1983
f 3789 	3766 	712
f 141 	142 	1985
f 142 	143 	1985
f 143 	144 	1985
f 144 	151 	1985
f 151 	152 	1985
f 192 	188 	2007
f 188 	182 	2007
f 114 	2007 	182
f 1443 	145 	146
f 146 	150 	1443
f 135 	105 	104
f 147 	1971 	113
f 148 	1971 	147
f 120 	121 	1983
f 136 	137 	1983
f 137 	138 	1983
f 157 	1443 	155
f 116 	2447 	114
f 152 	1 	1985
f 1986 	1985 	1
f 1988 	1986 	1
f 2447 	116 	117
f 155 	1443 	150
f 135 	153 	105
f 156 	135 	104
f 156 	104 	108
f 1443 	157 	109
f 90 	19 	92
f 163 	3696 	160
f 160 	3695 	109
f 108 	158 	156
f 92 	19 	100
f 162 	2377 	161
f 161 	13 	159
f 166 	2795 	165
f 170 	89 	2224
f 2218 	2217 	2189
f 169 	161 	168
f 159 	168 	161
f 161 	169 	170
f 3276 	3272 	172
f 327 	155 	150
f 170 	162 	161
f 170 	2224 	162
f 116 	114 	3636
f 3640 	3636 	114
f 176 	189 	178
f 180 	189 	179
f 3276 	3848 	175
f 170 	169 	89
f 183 	184 	3281
f 3028 	3281 	184
f 180 	1219 	178
f 1524 	1495 	173
f 195 	192 	2007
f 178 	189 	180
f 190 	179 	189
f 109 	118 	160
f 182 	3640 	114
f 196 	195 	2004
f 137 	75 	138
f 138 	75 	139
f 74 	139 	75
f 2007 	2004 	195
f 177 	3187 	173
f 74 	140 	139
f 239 	279 	3826
f 217 	182 	188
f 192 	219 	188
f 219 	192 	195
f 81 	149 	148
f 229 	196 	197
f 221 	220 	241
f 217 	188 	219
f 205 	203 	204
f 204 	203 	207
f 176 	178 	1623
f 197 	3316 	229
f 205 	209 	203
f 212 	2901 	204
f 205 	204 	2901
f 186 	185 	210
f 185 	193 	210
f 204 	207 	212
f 187 	186 	210
f 215 	159 	22
f 217 	2149 	215
f 208 	210 	193
f 194 	208 	193
f 219 	2149 	217
f 224 	2149 	219
f 217 	215 	182
f 227 	2148 	224
f 318 	146 	319
f 181 	223 	220
f 220 	221 	181
f 202 	1947 	199
f 206 	1947 	201
f 202 	201 	1947
f 146 	318 	150
f 195 	224 	219
f 229 	2148 	227
f 224 	195 	227
f 196 	227 	195
f 118 	109 	157
f 491 	503 	205
f 229 	227 	196
f 97 	38 	98
f 100 	31 	101
f 20 	90 	99
f 3827 	3826 	279
f 236 	946 	235
f 203 	209 	3714
f 90 	20 	19
f 992 	978 	266
f 232 	212 	230
f 207 	230 	212
f 208 	228 	242
f 103 	28 	112
f 226 	228 	208
f 194 	226 	208
f 101 	31 	102
f 234 	237 	212
f 233 	234 	212
f 232 	233 	212
f 231 	242 	228
f 102 	28 	103
f 1947 	1949 	200
f 67 	240 	503
f 40 	96 	95
f 268 	258 	266
f 250 	252 	268
f 253 	268 	252
f 254 	268 	253
f 255 	268 	254
f 257 	268 	255
f 258 	268 	257
f 259 	266 	258
f 260 	266 	259
f 261 	266 	260
f 262 	266 	261
f 992 	266 	262
f 241 	200 	1949
f 264 	268 	263
f 38 	97 	96
f 209 	503 	240
f 181 	1296 	223
f 1891 	45 	1964
f 249 	250 	268
f 271 	272 	268
f 274 	268 	273
f 275 	268 	274
f 276 	268 	275
f 277 	268 	276
f 265 	268 	277
f 272 	273 	268
f 263 	268 	265
f 278 	268 	264
f 278 	249 	268
f 38 	36 	98
f 145 	319 	146
f 35 	99 	36
f 98 	36 	99
f 279 	270 	3827
f 327 	150 	318
f 100 	32 	31
f 282 	455 	2960
f 99 	35 	20
f 100 	19 	32
f 829 	292 	288
f 267 	445 	242
f 28 	26 	112
f 302 	303 	251
f 269 	245 	248
f 245 	246 	248
f 247 	248 	246
f 291 	293 	248
f 290 	291 	248
f 293 	294 	248
f 294 	295 	248
f 295 	296 	248
f 344 	248 	296
f 281 	921 	280
f 31 	29 	102
f 243 	3419 	251
f 270 	279 	2048
f 102 	29 	28
f 279 	239 	2048
f 25 	113 	26
f 112 	26 	113
f 113 	25 	147
f 305 	251 	304
f 303 	304 	251
f 306 	251 	305
f 307 	248 	306
f 308 	248 	307
f 310 	248 	308
f 311 	248 	310
f 312 	248 	311
f 313 	248 	312
f 269 	248 	314
f 314 	248 	313
f 251 	306 	248
f 208 	316 	210
f 316 	321 	210
f 40 	39 	96
f 318 	351 	327
f 242 	323 	208
f 315 	271 	309
f 268 	309 	271
f 96 	39 	38
f 323 	316 	208
f 327 	351 	3707
f 322 	218 	320
f 115 	1964 	45
f 40 	95 	45
f 95 	115 	45
f 326 	320 	218
f 328 	329 	321
f 351 	44 	3707
f 324 	3413 	244
f 218 	3413 	326
f 327 	330 	155
f 52 	51 	122
f 316 	328 	321
f 467 	1615 	465
f 330 	336 	157
f 330 	157 	155
f 316 	338 	328
f 336 	118 	157
f 54 	121 	120
f 330 	327 	3707
f 344 	296 	343
f 160 	118 	342
f 247 	289 	248
f 323 	338 	316
f 289 	290 	248
f 338 	323 	664
f 160 	342 	163
f 345 	163 	342
f 335 	727 	333
f 337 	727 	335
f 127 	66 	128
f 664 	359 	338
f 3734 	163 	345
f 1646 	1642 	932
f 61 	132 	131
f 350 	329 	328
f 350 	352 	329
f 354 	350 	328
f 52 	122 	121
f 354 	328 	338
f 1147 	1148 	347
f 123 	122 	51
f 125 	123 	51
f 363 	379 	362
f 362 	379 	361
f 364 	379 	363
f 365 	381 	364
f 366 	381 	365
f 367 	381 	366
f 368 	381 	367
f 375 	381 	394
f 369 	381 	368
f 361 	379 	360
f 373 	378 	372
f 377 	381 	376
f 338 	359 	354
f 393 	407 	378
f 1176 	1177 	348
f 379 	364 	381
f 458 	381 	402
f 826 	896 	385
f 385 	896 	384
f 389 	378 	388
f 390 	378 	389
f 391 	378 	390
f 392 	378 	391
f 374 	378 	392
f 387 	388 	378
f 372 	378 	374
f 393 	378 	373
f 386 	387 	378
f 371 	394 	381
f 370 	371 	381
f 376 	381 	375
f 395 	381 	377
f 397 	381 	395
f 398 	381 	397
f 399 	381 	398
f 400 	381 	399
f 401 	381 	400
f 402 	381 	401
f 3503 	3504 	357
f 407 	409 	378
f 409 	410 	378
f 369 	370 	381
f 412 	413 	378
f 410 	411 	378
f 411 	412 	378
f 413 	414 	378
f 414 	415 	378
f 380 	378 	415
f 415 	416 	380
f 416 	417 	380
f 417 	418 	380
f 418 	420 	380
f 420 	3509 	380
f 419 	331 	421
f 421 	331 	403
f 3465 	3412 	358
f 396 	405 	423
f 211 	222 	3412
f 427 	423 	405
f 428 	426 	3412
f 3464 	3465 	358
f 428 	3412 	429
f 1113 	807 	434
f 617 	427 	405
f 58 	134 	133
f 432 	747 	435
f 356 	427 	617
f 438 	2837 	177
f 61 	131 	130
f 129 	128 	65
f 431 	438 	177
f 714 	386 	440
f 441 	440 	386
f 442 	386 	378
f 442 	441 	386
f 445 	3809 	444
f 484 	444 	3809
f 69 	144 	70
f 143 	70 	144
f 436 	434 	807
f 433 	1114 	434
f 448 	405 	446
f 396 	446 	405
f 70 	143 	142
f 3821 	3823 	470
f 121 	53 	52
f 243 	357 	358
f 66 	127 	126
f 296 	387 	386
f 2542 	457 	2543
f 372 	374 	247
f 2843 	459 	447
f 54 	53 	121
f 245 	373 	372
f 463 	447 	459
f 247 	374 	392
f 2960 	455 	465
f 54 	120 	119
f 391 	390 	291
f 128 	66 	65
f 462 	448 	460
f 402 	466 	458
f 461 	458 	466
f 59 	133 	60
f 132 	60 	133
f 895 	1616 	468
f 449 	331 	419
f 456 	2558 	449
f 2558 	2538 	449
f 245 	393 	373
f 133 	59 	58
f 2560 	2563 	449
f 314 	407 	393
f 291 	390 	389
f 1617 	467 	468
f 60 	132 	61
f 130 	62 	61
f 63 	129 	65
f 63 	62 	129
f 130 	129 	62
f 466 	402 	271
f 125 	51 	50
f 2099 	2100 	435
f 49 	66 	126
f 407 	314 	409
f 313 	409 	314
f 125 	50 	126
f 49 	126 	50
f 266 	348 	379
f 471 	472 	470
f 54 	119 	55
f 479 	836 	835
f 446 	460 	448
f 470 	270 	471
f 2331 	44 	585
f 476 	474 	475
f 462 	474 	448
f 2156 	610 	609
f 476 	448 	474
f 137 	76 	75
f 231 	267 	242
f 2327 	520 	21
f 432 	520 	2327
f 58 	77 	134
f 136 	134 	77
f 444 	477 	445
f 137 	136 	76
f 76 	136 	77
f 478 	617 	405
f 73 	140 	74
f 477 	242 	445
f 401 	271 	402
f 2962 	2963 	482
f 140 	73 	141
f 72 	141 	73
f 483 	478 	405
f 71 	142 	141
f 71 	141 	72
f 2048 	472 	471
f 2048 	471 	270
f 2331 	585 	435
f 142 	71 	70
f 483 	503 	478
f 81 	148 	82
f 277 	395 	377
f 397 	395 	277
f 448 	483 	405
f 81 	119 	149
f 55 	119 	81
f 25 	83 	147
f 30 	483 	448
f 82 	148 	147
f 82 	147 	83
f 482 	487 	2962
f 313 	312 	409
f 84 	2 	152
f 1 	152 	2
f 151 	85 	152
f 84 	152 	85
f 151 	144 	85
f 144 	69 	85
f 435 	585 	432
f 520 	432 	585
f 476 	30 	448
f 481 	480 	465
f 2327 	21 	1443
f 243 	358 	244
f 609 	588 	1071
f 493 	494 	2108
f 495 	2108 	494
f 496 	2108 	495
f 497 	2108 	496
f 489 	2108 	497
f 490 	2108 	489
f 498 	2108 	490
f 499 	2108 	498
f 500 	2108 	499
f 501 	2108 	500
f 502 	2108 	501
f 488 	487 	453
f 482 	481 	455
f 465 	455 	481
f 244 	358 	324
f 478 	503 	491
f 295 	387 	296
f 30 	67 	483
f 246 	372 	247
f 509 	2118 	508
f 510 	2118 	509
f 508 	2118 	507
f 507 	2118 	506
f 511 	2118 	510
f 67 	503 	483
f 455 	457 	482
f 457 	453 	487
f 487 	482 	457
f 453 	3148 	488
f 372 	246 	245
f 392 	289 	247
f 289 	392 	391
f 289 	391 	290
f 516 	2118 	515
f 514 	515 	2118
f 513 	514 	2118
f 517 	2118 	516
f 518 	2118 	517
f 505 	2118 	519
f 519 	2118 	518
f 506 	2118 	505
f 293 	389 	388
f 293 	388 	294
f 209 	205 	503
f 290 	391 	291
f 387 	295 	388
f 294 	388 	295
f 266 	379 	268
f 381 	268 	379
f 269 	393 	245
f 524 	525 	2119
f 525 	526 	2119
f 2118 	2119 	526
f 526 	527 	2118
f 527 	528 	2118
f 528 	529 	2118
f 529 	512 	2118
f 522 	523 	2119
f 268 	381 	458
f 269 	314 	393
f 235 	283 	347
f 353 	3023 	592
f 235 	347 	236
f 348 	236 	347
f 389 	293 	291
f 512 	513 	2118
f 530 	2118 	511
f 531 	2118 	530
f 532 	492 	2108
f 492 	493 	2108
f 504 	2108 	502
f 378 	248 	442
f 3023 	353 	3024
f 382 	3024 	353
f 236 	348 	266
f 532 	2108 	531
f 521 	522 	2119
f 535 	2119 	534
f 248 	378 	251
f 380 	251 	378
f 2156 	1427 	591
f 363 	258 	364
f 251 	380 	357
f 534 	2119 	17
f 3024 	382 	443
f 243 	251 	357
f 305 	416 	306
f 415 	306 	416
f 589 	3820 	540
f 260 	259 	362
f 3509 	420 	302
f 370 	250 	249
f 370 	249 	371
f 549 	2188 	548
f 538 	547 	2188
f 545 	546 	2188
f 538 	2188 	546
f 546 	537 	538
f 548 	2188 	547
f 544 	545 	2188
f 550 	2188 	549
f 551 	2188 	550
f 552 	2188 	551
f 305 	417 	416
f 249 	394 	371
f 543 	544 	2188
f 541 	543 	2188
f 470 	472 	542
f 367 	254 	368
f 253 	368 	254
f 3028 	474 	3027
f 475 	474 	3028
f 462 	3027 	474
f 460 	3027 	462
f 255 	254 	366
f 367 	366 	254
f 556 	2199 	555
f 557 	2199 	556
f 558 	2199 	557
f 559 	2199 	558
f 561 	2199 	560
f 255 	366 	365
f 460 	446 	3027
f 423 	3057 	396
f 250 	370 	369
f 562 	2199 	561
f 564 	2199 	563
f 563 	2199 	562
f 565 	2199 	564
f 566 	2199 	565
f 568 	2199 	567
f 554 	2199 	581
f 396 	3057 	446
f 411 	311 	412
f 310 	412 	311
f 573 	2200 	572
f 574 	2200 	573
f 575 	2200 	574
f 576 	2200 	575
f 412 	310 	413
f 356 	3060 	427
f 355 	3060 	356
f 533 	2150 	536
f 307 	414 	413
f 444 	484 	477
f 410 	409 	312
f 579 	2188 	552
f 580 	2188 	579
f 555 	2199 	554
f 560 	2199 	559
f 567 	2199 	566
f 570 	2199 	569
f 569 	2199 	568
f 410 	312 	411
f 311 	411 	312
f 484 	578 	477
f 2203 	2200 	3
f 583 	3 	2200
f 577 	2200 	576
f 307 	306 	414
f 415 	414 	306
f 486 	578 	485
f 303 	418 	417
f 484 	485 	578
f 303 	302 	418
f 420 	418 	302
f 542 	472 	723
f 2048 	723 	472
f 486 	3810 	586
f 253 	369 	368
f 364 	258 	365
f 1059 	587 	586
f 261 	260 	361
f 362 	361 	260
f 360 	262 	361
f 261 	361 	262
f 363 	259 	258
f 360 	1196 	262
f 610 	2156 	591
f 363 	362 	259
f 394 	249 	278
f 304 	417 	305
f 2331 	1717 	44
f 547 	497 	548
f 255 	365 	257
f 490 	537 	546
f 250 	369 	252
f 252 	369 	253
f 537 	490 	538
f 257 	365 	258
f 550 	494 	551
f 678 	154 	596
f 676 	154 	678
f 271 	401 	272
f 265 	377 	376
f 265 	376 	263
f 375 	264 	376
f 263 	376 	264
f 277 	377 	265
f 599 	600 	595
f 276 	397 	277
f 502 	543 	541
f 273 	400 	399
f 273 	399 	274
f 397 	276 	398
f 275 	398 	276
f 587 	607 	586
f 553 	504 	541
f 400 	273 	401
f 272 	401 	273
f 588 	607 	587
f 278 	264 	394
f 375 	394 	264
f 601 	451 	602
f 540 	723 	589
f 398 	275 	399
f 274 	399 	275
f 606 	5 	604
f 486 	586 	578
f 308 	413 	310
f 586 	607 	578
f 307 	413 	308
f 5 	606 	16
f 3314 	16 	606
f 599 	595 	594
f 606 	604 	2036
f 3643 	2036 	604
f 303 	417 	304
f 617 	595 	611
f 619 	776 	615
f 612 	618 	614
f 614 	618 	616
f 280 	285 	403
f 593 	673 	615
f 600 	611 	595
f 280 	403 	281
f 404 	281 	403
f 406 	283 	404
f 281 	404 	283
f 283 	406 	347
f 297 	419 	284
f 421 	285 	419
f 284 	419 	285
f 616 	618 	615
f 712 	615 	776
f 285 	421 	403
f 297 	449 	419
f 599 	3173 	600
f 776 	619 	596
f 356 	617 	355
f 449 	297 	456
f 461 	315 	458
f 617 	611 	355
f 315 	461 	464
f 326 	422 	320
f 320 	422 	424
f 320 	424 	322
f 324 	358 	426
f 298 	317 	450
f 324 	426 	428
f 588 	609 	607
f 1470 	982 	450
f 298 	450 	982
f 429 	326 	428
f 571 	526 	572
f 422 	326 	429
f 299 	452 	454
f 299 	454 	300
f 456 	301 	454
f 300 	454 	301
f 623 	3000 	621
f 301 	456 	297
f 324 	428 	325
f 268 	458 	309
f 315 	309 	458
f 573 	572 	526
f 325 	428 	326
f 464 	317 	315
f 317 	464 	450
f 584 	595 	625
f 333 	433 	434
f 436 	333 	434
f 625 	624 	584
f 591 	784 	610
f 1481 	1482 	627
f 595 	617 	628
f 2566 	1857 	608
f 607 	609 	777
f 610 	777 	609
f 632 	633 	649
f 595 	628 	625
f 322 	424 	433
f 648 	1493 	627
f 1099 	678 	612
f 617 	478 	628
f 441 	343 	440
f 612 	614 	1099
f 477 	630 	242
f 478 	491 	628
f 630 	323 	242
f 636 	630 	477
f 633 	634 	649
f 635 	649 	634
f 637 	649 	635
f 638 	649 	637
f 639 	649 	638
f 640 	648 	639
f 641 	648 	640
f 642 	648 	641
f 643 	648 	642
f 1513 	648 	643
f 645 	649 	644
f 631 	632 	649
f 578 	636 	477
f 433 	333 	332
f 436 	335 	333
f 335 	436 	337
f 437 	337 	436
f 437 	782 	337
f 578 	651 	636
f 624 	660 	647
f 655 	649 	654
f 656 	649 	655
f 657 	649 	656
f 658 	649 	657
f 646 	649 	658
f 653 	654 	649
f 644 	649 	646
f 631 	649 	659
f 659 	649 	645
f 440 	341 	339
f 440 	339 	439
f 578 	607 	651
f 695 	652 	649
f 322 	433 	332
f 341 	440 	343
f 777 	790 	607
f 343 	441 	442
f 343 	442 	344
f 248 	344 	442
f 625 	660 	624
f 665 	660 	625
f 386 	714 	296
f 664 	323 	630
f 1004 	2862 	1003
f 929 	340 	661
f 662 	929 	661
f 296 	623 	621
f 339 	341 	744
f 764 	722 	744
f 621 	744 	296
f 628 	665 	625
f 670 	1097 	672
f 630 	636 	668
f 628 	491 	665
f 630 	668 	664
f 673 	903 	671
f 712 	903 	593
f 651 	674 	636
f 596 	619 	678
f 674 	668 	636
f 555 	510 	556
f 697 	674 	651
f 675 	154 	676
f 3103 	3102 	660
f 518 	562 	561
f 514 	567 	566
f 569 	568 	529
f 512 	529 	568
f 664 	681 	359
f 514 	566 	565
f 668 	681 	664
f 700 	681 	668
f 563 	562 	518
f 599 	594 	3173
f 1454 	929 	626
f 674 	700 	668
f 571 	527 	526
f 594 	726 	3183
f 577 	521 	535
f 683 	706 	385
f 671 	1097 	673
f 569 	529 	570
f 523 	575 	574
f 523 	576 	575
f 580 	531 	581
f 530 	581 	531
f 530 	554 	581
f 2545 	2601 	685
f 531 	580 	579
f 531 	579 	532
f 583 	582 	535
f 535 	582 	577
f 544 	500 	545
f 425 	430 	177
f 677 	675 	1099
f 676 	1099 	675
f 545 	498 	546
f 496 	548 	497
f 679 	1097 	670
f 652 	653 	649
f 696 	652 	695
f 698 	892 	696
f 546 	498 	490
f 490 	489 	538
f 616 	615 	673
f 2601 	2597 	693
f 701 	700 	674
f 538 	489 	497
f 538 	497 	547
f 616 	673 	614
f 697 	701 	674
f 703 	93 	702
f 697 	816 	701
f 496 	549 	548
f 618 	678 	619
f 812 	816 	697
f 494 	550 	549
f 296 	809 	623
f 618 	612 	678
f 296 	93 	704
f 703 	704 	93
f 296 	704 	809
f 584 	684 	705
f 385 	706 	707
f 385 	707 	826
f 532 	579 	552
f 618 	619 	615
f 688 	705 	684
f 502 	541 	504
f 499 	545 	500
f 584 	624 	684
f 545 	499 	498
f 713 	608 	711
f 673 	593 	903
f 687 	3187 	688
f 608 	605 	711
f 551 	494 	493
f 496 	495 	549
f 661 	340 	667
f 549 	495 	494
f 492 	552 	493
f 551 	493 	552
f 686 	425 	177
f 502 	501 	543
f 543 	501 	500
f 544 	543 	500
f 670 	296 	714
f 721 	765 	720
f 705 	717 	584
f 553 	2178 	504
f 710 	711 	605
f 716 	710 	605
f 540 	539 	723
f 539 	542 	723
f 1571 	1572 	719
f 343 	296 	341
f 724 	725 	608
f 713 	724 	608
f 726 	594 	584
f 718 	1542 	719
f 745 	719 	1572
f 590 	589 	723
f 595 	584 	594
f 717 	726 	584
f 337 	720 	727
f 722 	764 	721
f 339 	744 	722
f 725 	2566 	608
f 1758 	1768 	723
f 731 	732 	745
f 730 	731 	745
f 746 	745 	732
f 733 	746 	732
f 734 	746 	733
f 735 	746 	734
f 736 	746 	735
f 738 	746 	736
f 740 	746 	739
f 739 	746 	738
f 439 	339 	722
f 743 	746 	742
f 124 	3789 	712
f 1577 	1587 	745
f 740 	748 	746
f 750 	751 	746
f 564 	516 	565
f 741 	746 	748
f 741 	742 	746
f 743 	749 	746
f 750 	746 	749
f 754 	755 	746
f 753 	754 	746
f 773 	746 	755
f 774 	773 	755
f 517 	563 	518
f 517 	516 	563
f 564 	563 	516
f 762 	3351 	756
f 716 	605 	759
f 557 	508 	558
f 672 	671 	903
f 2095 	2093 	432
f 591 	1843 	737
f 507 	506 	558
f 605 	597 	759
f 758 	759 	597
f 763 	758 	597
f 768 	3065 	761
f 765 	721 	764
f 766 	727 	765
f 510 	555 	554
f 767 	727 	766
f 296 	744 	341
f 757 	756 	928
f 560 	505 	561
f 726 	717 	3183
f 518 	561 	519
f 717 	705 	3183
f 3187 	3183 	705
f 711 	256 	713
f 747 	2208 	2293
f 720 	765 	727
f 767 	2668 	727
f 705 	688 	3187
f 759 	2041 	716
f 2293 	2292 	747
f 687 	1032 	3187
f 1446 	775 	755
f 752 	753 	746
f 751 	752 	746
f 154 	124 	776
f 712 	776 	124
f 892 	755 	652
f 763 	597 	843
f 521 	577 	576
f 587 	1059 	588
f 1002 	2860 	2843
f 648 	719 	745
f 573 	526 	525
f 1002 	1003 	2860
f 573 	525 	574
f 574 	524 	523
f 2156 	609 	1071
f 918 	3770 	675
f 776 	596 	154
f 780 	622 	779
f 778 	779 	620
f 781 	778 	620
f 807 	805 	436
f 509 	508 	556
f 507 	558 	508
f 777 	610 	784
f 620 	779 	622
f 714 	440 	439
f 786 	787 	622
f 1201 	1202 	789
f 780 	786 	622
f 787 	629 	622
f 1113 	434 	1114
f 784 	792 	777
f 714 	439 	785
f 805 	804 	436
f 437 	436 	804
f 804 	802 	437
f 802 	800 	437
f 800 	796 	437
f 796 	962 	782
f 790 	651 	607
f 2047 	788 	797
f 797 	788 	791
f 2216 	2214 	786
f 639 	732 	731
f 806 	777 	792
f 806 	790 	777
f 615 	712 	593
f 790 	697 	651
f 785 	722 	783
f 439 	722 	785
f 789 	788 	2040
f 2044 	2040 	788
f 740 	739 	632
f 720 	337 	782
f 721 	720 	782
f 721 	782 	783
f 722 	721 	783
f 783 	782 	954
f 735 	734 	637
f 620 	795 	781
f 672 	903 	905
f 670 	672 	905
f 519 	561 	505
f 795 	613 	794
f 782 	437 	796
f 798 	926 	793
f 791 	926 	797
f 620 	613 	795
f 799 	794 	613
f 962 	954 	782
f 905 	93 	670
f 296 	670 	93
f 512 	568 	567
f 2996 	703 	702
f 704 	703 	2996
f 2041 	256 	710
f 711 	710 	256
f 803 	669 	858
f 650 	858 	669
f 805 	807 	830
f 808 	806 	792
f 637 	734 	733
f 724 	713 	256
f 604 	5 	603
f 708 	810 	5
f 603 	5 	810
f 632 	739 	738
f 710 	716 	2041
f 557 	556 	508
f 801 	808 	792
f 733 	732 	639
f 800 	802 	824
f 559 	558 	506
f 729 	642 	730
f 506 	505 	559
f 560 	559 	505
f 702 	93 	811
f 642 	729 	728
f 556 	510 	509
f 1113 	1268 	807
f 810 	708 	814
f 743 	742 	644
f 806 	812 	790
f 843 	2046 	763
f 510 	554 	511
f 813 	814 	708
f 815 	813 	708
f 800 	824 	796
f 644 	742 	741
f 790 	812 	697
f 658 	749 	743
f 2999 	3000 	809
f 657 	750 	749
f 657 	749 	658
f 513 	567 	514
f 805 	828 	804
f 879 	812 	806
f 805 	830 	828
f 654 	753 	752
f 512 	567 	513
f 750 	657 	751
f 656 	751 	657
f 879 	890 	812
f 815 	708 	690
f 754 	753 	654
f 514 	565 	515
f 879 	806 	808
f 515 	565 	516
f 802 	825 	824
f 752 	751 	656
f 527 	571 	570
f 527 	570 	528
f 746 	648 	745
f 521 	576 	522
f 815 	690 	818
f 817 	690 	822
f 817 	818 	690
f 718 	626 	760
f 812 	890 	816
f 796 	824 	821
f 626 	718 	627
f 719 	627 	718
f 570 	529 	528
f 823 	286 	819
f 287 	819 	286
f 827 	825 	804
f 802 	804 	825
f 627 	719 	648
f 524 	574 	525
f 828 	827 	804
f 803 	820 	669
f 522 	576 	523
f 728 	1592 	643
f 731 	730 	641
f 690 	669 	822
f 820 	822 	669
f 554 	530 	511
f 492 	532 	552
f 534 	17 	583
f 3 	583 	17
f 292 	1017 	287
f 819 	287 	831
f 534 	583 	535
f 736 	735 	635
f 635 	735 	637
f 895 	469 	835
f 833 	684 	624
f 637 	733 	638
f 840 	932 	837
f 836 	837 	895
f 835 	836 	895
f 845 	839 	841
f 632 	738 	633
f 624 	647 	833
f 623 	809 	3000
f 2304 	2291 	834
f 633 	738 	736
f 844 	845 	841
f 647 	838 	833
f 638 	733 	639
f 641 	730 	642
f 728 	643 	642
f 639 	731 	640
f 798 	797 	926
f 1665 	1666 	842
f 791 	1070 	926
f 715 	686 	177
f 640 	731 	641
f 631 	740 	632
f 842 	840 	1665
f 847 	848 	850
f 847 	850 	851
f 659 	740 	631
f 469 	479 	835
f 634 	736 	635
f 629 	787 	852
f 847 	3317 	848
f 736 	634 	633
f 704 	2997 	809
f 679 	846 	891
f 653 	652 	754
f 755 	754 	652
f 682 	3180 	3292
f 646 	743 	644
f 741 	645 	644
f 860 	854 	650
f 854 	858 	650
f 658 	743 	646
f 1023 	3296 	1030
f 654 	752 	655
f 862 	859 	863
f 653 	754 	654
f 748 	659 	741
f 645 	741 	659
f 659 	748 	740
f 27 	34 	858
f 655 	752 	656
f 861 	871 	855
f 856 	855 	871
f 1665 	840 	837
f 746 	649 	648
f 746 	773 	649
f 680 	894 	849
f 871 	870 	848
f 666 	768 	761
f 666 	761 	762
f 823 	829 	286
f 288 	286 	829
f 3297 	829 	823
f 667 	762 	661
f 848 	853 	871
f 661 	756 	662
f 757 	662 	756
f 662 	757 	760
f 662 	760 	663
f 626 	663 	760
f 925 	864 	865
f 666 	762 	667
f 756 	661 	762
f 876 	924 	867
f 801 	864 	875
f 875 	808 	801
f 2999 	809 	2997
f 853 	856 	871
f 870 	869 	848
f 872 	848 	869
f 872 	873 	848
f 874 	848 	873
f 850 	848 	874
f 867 	868 	876
f 770 	771 	692
f 692 	771 	772
f 868 	684 	833
f 680 	677 	1099
f 877 	859 	889
f 868 	833 	876
f 774 	696 	773
f 775 	696 	774
f 769 	689 	775
f 685 	768 	666
f 629 	886 	650
f 884 	808 	875
f 769 	1522 	689
f 860 	650 	886
f 885 	886 	629
f 852 	885 	629
f 876 	883 	924
f 691 	1516 	770
f 884 	879 	808
f 833 	838 	876
f 877 	880 	859
f 880 	881 	859
f 881 	866 	859
f 691 	770 	692
f 875 	1142 	884
f 692 	772 	693
f 838 	883 	876
f 693 	772 	768
f 693 	768 	685
f 695 	649 	773
f 887 	902 	882
f 1099 	894 	680
f 696 	695 	773
f 775 	698 	696
f 698 	775 	689
f 893 	890 	879
f 845 	913 	839
f 878 	902 	887
f 839 	902 	878
f 3291 	1018 	3292
f 879 	884 	893
f 871 	861 	888
f 1117 	1111 	902
f 1027 	3295 	1032
f 902 	871 	888
f 885 	852 	3750
f 859 	862 	889
f 897 	2268 	896
f 899 	866 	881
f 780 	2216 	786
f 2165 	2160 	778
f 795 	2165 	781
f 781 	2165 	778
f 891 	1067 	894
f 907 	866 	906
f 899 	906 	866
f 679 	891 	1097
f 844 	3691 	845
f 916 	1267 	915
f 1290 	1239 	907
f 915 	914 	918
f 914 	912 	918
f 909 	839 	911
f 913 	911 	839
f 900 	839 	898
f 909 	898 	839
f 902 	839 	900
f 888 	882 	902
f 894 	1099 	1097
f 894 	1097 	891
f 2645 	2647 	881
f 679 	714 	846
f 920 	895 	468
f 903 	1265 	905
f 834 	709 	177
f 709 	715 	177
f 670 	714 	679
f 919 	847 	921
f 923 	921 	847
f 923 	847 	851
f 923 	851 	1
f 867 	924 	908
f 877 	1088 	880
f 889 	1088 	877
f 924 	922 	908
f 714 	939 	846
f 3204 	925 	865
f 1204 	927 	3204
f 925 	3204 	927
f 864 	927 	930
f 924 	931 	922
f 864 	925 	927
f 931 	926 	922
f 931 	924 	883
f 863 	857 	889
f 862 	863 	889
f 916 	915 	933
f 918 	933 	915
f 934 	942 	783
f 954 	934 	783
f 932 	1642 	895
f 1088 	889 	857
f 714 	783 	942
f 941 	939 	714
f 938 	998 	939
f 864 	935 	875
f 933 	3014 	916
f 935 	1142 	875
f 864 	930 	935
f 866 	2625 	859
f 1299 	935 	930
f 928 	3 	844
f 844 	841 	928
f 841 	929 	928
f 941 	714 	942
f 943 	944 	235
f 944 	921 	235
f 283 	235 	921
f 905 	937 	466
f 1661 	932 	597
f 1051 	942 	934
f 947 	235 	946
f 948 	235 	947
f 949 	235 	948
f 950 	235 	949
f 943 	235 	951
f 951 	235 	950
f 952 	953 	236
f 953 	945 	236
f 945 	946 	236
f 785 	783 	714
f 466 	271 	905
f 93 	905 	271
f 959 	236 	958
f 960 	236 	959
f 961 	236 	960
f 958 	236 	957
f 964 	236 	961
f 965 	236 	964
f 963 	737 	2946
f 892 	940 	916
f 968 	236 	967
f 969 	236 	968
f 970 	236 	969
f 971 	236 	970
f 972 	236 	971
f 956 	236 	972
f 1073 	940 	892
f 955 	435 	747
f 975 	966 	236
f 966 	967 	236
f 975 	236 	974
f 957 	236 	956
f 965 	952 	236
f 266 	974 	236
f 978 	979 	266
f 974 	266 	973
f 977 	266 	976
f 936 	998 	938
f 916 	755 	892
f 1042 	1041 	938
f 980 	266 	979
f 981 	266 	980
f 983 	266 	981
f 976 	266 	983
f 984 	266 	977
f 985 	266 	984
f 986 	266 	985
f 987 	266 	986
f 988 	266 	987
f 973 	266 	989
f 299 	1001 	991
f 989 	266 	988
f 1042 	938 	1044
f 300 	301 	997
f 994 	923 	993
f 1048 	1044 	941
f 982 	1013 	298
f 271 	315 	317
f 2655 	2658 	921
f 317 	3801 	271
f 298 	3801 	317
f 990 	1022 	982
f 991 	1001 	990
f 997 	1000 	300
f 300 	1000 	299
f 1051 	934 	954
f 982 	1470 	990
f 962 	1053 	954
f 962 	796 	1053
f 2843 	447 	1002
f 991 	1474 	299
f 1001 	299 	1000
f 283 	921 	281
f 995 	2655 	921
f 2697 	997 	2689
f 923 	994 	921
f 995 	921 	994
f 18 	1010 	1604
f 591 	737 	784
f 963 	784 	737
f 18 	2695 	1010
f 908 	1255 	1009
f 451 	447 	463
f 853 	848 	3317
f 1006 	3317 	847
f 963 	2946 	1014
f 908 	1251 	1255
f 1016 	2951 	1033
f 2695 	2716 	1017
f 1035 	2882 	1034
f 3801 	3803 	271
f 1010 	2695 	1017
f 841 	839 	3320
f 878 	3320 	839
f 1020 	846 	998
f 996 	1018 	3291
f 1010 	1017 	1012
f 829 	1012 	1017
f 829 	1017 	292
f 451 	463 	602
f 1021 	908 	1019
f 1013 	982 	1022
f 1013 	3801 	298
f 1020 	891 	846
f 1002 	447 	451
f 3200 	1076 	1075
f 1022 	990 	1001
f 1009 	1019 	908
f 867 	908 	1021
f 1067 	891 	1020
f 855 	856 	1039
f 853 	3317 	856
f 1009 	3319 	1019
f 1058 	1087 	3016
f 1021 	1023 	867
f 936 	938 	1041
f 939 	1044 	938
f 939 	941 	1044
f 1030 	1026 	868
f 1048 	941 	942
f 1025 	1877 	3690
f 1003 	1002 	451
f 1005 	1004 	451
f 1004 	1003 	451
f 1027 	868 	1026
f 796 	821 	1053
f 868 	867 	1030
f 2244 	1029 	1028
f 861 	855 	1039
f 1025 	3690 	3691
f 1023 	1030 	867
f 861 	1039 	888
f 1011 	1015 	784
f 1015 	1016 	784
f 792 	784 	1016
f 1014 	1011 	784
f 963 	1014 	784
f 684 	868 	1032
f 888 	1045 	882
f 1033 	2882 	1035
f 1032 	868 	1027
f 1034 	3186 	1038
f 1040 	1037 	1043
f 1039 	1040 	1043
f 856 	1040 	1039
f 1036 	1043 	1037
f 856 	1037 	1040
f 1032 	687 	684
f 688 	684 	687
f 942 	1050 	1048
f 1051 	1050 	942
f 1024 	3292 	1018
f 954 	1052 	1051
f 1024 	682 	3292
f 954 	1053 	1052
f 1026 	3295 	1027
f 3017 	3016 	1087
f 1054 	1025 	3691
f 3319 	3296 	1021
f 1019 	3319 	1021
f 1025 	1054 	3218
f 1056 	849 	1067
f 849 	894 	1067
f 831 	287 	1017
f 801 	792 	1038
f 882 	1045 	887
f 1043 	887 	1045
f 1010 	1012 	1604
f 829 	3297 	1012
f 1043 	1045 	1039
f 1038 	792 	1034
f 469 	895 	920
f 1043 	1036 	887
f 1060 	1029 	2248
f 895 	837 	932
f 1045 	888 	1039
f 1035 	1034 	792
f 1016 	1033 	792
f 597 	932 	843
f 842 	843 	932
f 840 	842 	932
f 1033 	1035 	792
f 1070 	1068 	926
f 920 	468 	469
f 922 	926 	1068
f 1061 	1060 	2248
f 2244 	2248 	1029
f 467 	465 	480
f 468 	467 	469
f 479 	469 	467
f 1076 	3200 	1077
f 480 	479 	467
f 287 	286 	1078
f 1079 	287 	1078
f 1102 	1103 	2759
f 1066 	1089 	1069
f 1081 	1082 	1080
f 1046 	2313 	1049
f 907 	906 	2737
f 1082 	288 	1080
f 292 	1080 	288
f 2647 	2665 	881
f 900 	898 	1117
f 909 	1118 	898
f 864 	801 	1077
f 1072 	1108 	466
f 1085 	1084 	2276
f 1090 	1096 	1092
f 676 	678 	1099
f 2512 	1089 	1096
f 1110 	1111 	1117
f 871 	902 	1111
f 671 	672 	1097
f 1243 	1242 	892
f 1075 	1076 	801
f 1038 	1074 	801
f 614 	673 	1097
f 1098 	2546 	1090
f 1075 	801 	1074
f 892 	1514 	1248
f 1111 	870 	871
f 1076 	1077 	801
f 869 	1110 	872
f 1110 	1128 	872
f 1199 	1852 	1200
f 614 	1097 	1099
f 1107 	1173 	1083
f 851 	850 	3690
f 1084 	1086 	2276
f 1087 	2276 	1086
f 33 	1361 	47
f 1077 	3200 	865
f 33 	1601 	1361
f 857 	1065 	1091
f 1091 	1088 	857
f 1102 	2759 	1105
f 2562 	1098 	613
f 902 	900 	1117
f 1102 	1105 	2463
f 1105 	1104 	2463
f 1083 	1134 	1107
f 2124 	2562 	613
f 1065 	1063 	1094
f 1094 	1091 	1065
f 1077 	865 	864
f 1104 	1085 	2463
f 2276 	2463 	1085
f 424 	1119 	433
f 1109 	1114 	433
f 1095 	1064 	1106
f 1095 	1094 	1063
f 1064 	1095 	1063
f 1062 	1106 	1064
f 870 	1111 	869
f 1111 	1110 	869
f 789 	1083 	1203
f 3670 	872 	1128
f 873 	872 	3670
f 859 	2582 	863
f 1109 	433 	1116
f 2302 	897 	896
f 1127 	1110 	1118
f 1118 	1110 	1117
f 1116 	433 	1119
f 1122 	1119 	424
f 1117 	898 	1118
f 2627 	859 	2625
f 1090 	1121 	1098
f 422 	346 	424
f 1118 	909 	1127
f 2627 	2584 	859
f 2630 	2625 	866
f 1115 	1120 	1090
f 1120 	1121 	1090
f 1136 	1098 	1121
f 1128 	1110 	1127
f 1124 	1122 	1198
f 1123 	1130 	1108
f 1239 	2659 	866
f 1090 	1129 	1115
f 424 	1198 	1122
f 1126 	1124 	1198
f 1133 	466 	1130
f 830 	807 	1268
f 1381 	3632 	1361
f 384 	896 	383
f 1113 	1114 	1268
f 1132 	1107 	1131
f 1137 	466 	1133
f 1129 	1090 	1092
f 1109 	1270 	1114
f 1083 	1135 	1134
f 1134 	1131 	1107
f 1139 	2044 	1141
f 1140 	347 	1138
f 406 	919 	347
f 1147 	347 	1140
f 1138 	347 	919
f 1093 	1472 	1143
f 1135 	2040 	1139
f 1150 	1151 	347
f 1151 	1152 	347
f 348 	347 	1152
f 1152 	1153 	348
f 1153 	1154 	348
f 1154 	1155 	348
f 1155 	1175 	348
f 1116 	1270 	1109
f 1145 	1098 	1144
f 799 	613 	1145
f 1136 	1144 	1098
f 884 	1142 	1156
f 1156 	893 	884
f 1166 	1474 	1157
f 1157 	1472 	1093
f 1203 	1201 	789
f 1158 	1156 	1142
f 1098 	1145 	613
f 1568 	1474 	1166
f 1163 	1164 	348
f 1162 	1163 	348
f 1164 	1165 	348
f 1165 	1167 	348
f 1167 	1168 	348
f 1168 	1169 	348
f 1169 	1170 	348
f 1170 	1171 	348
f 1171 	1178 	348
f 1178 	1179 	348
f 1145 	1144 	2135
f 1203 	1083 	1173
f 1132 	1173 	1107
f 1160 	1161 	348
f 1161 	1162 	348
f 1159 	1160 	348
f 1177 	1159 	348
f 3645 	3643 	1141
f 1180 	1184 	379
f 1179 	1180 	379
f 1193 	379 	1192
f 379 	348 	1179
f 2554 	2556 	1121
f 1175 	1176 	348
f 1149 	1150 	347
f 1148 	1149 	347
f 1172 	1146 	2100
f 1174 	167 	1182
f 1115 	1066 	1120
f 1129 	1066 	1115
f 1278 	1122 	1124
f 3632 	1132 	1131
f 1131 	1134 	3632
f 1124 	1126 	1278
f 1135 	3632 	1134
f 1135 	1139 	3632
f 1185 	1186 	379
f 1187 	379 	1186
f 1184 	1185 	379
f 1188 	379 	1187
f 1189 	379 	1188
f 1181 	379 	1189
f 1183 	379 	1181
f 1190 	379 	1183
f 1191 	379 	1190
f 1192 	379 	1191
f 1194 	379 	1193
f 1196 	379 	1194
f 360 	379 	1196
f 1139 	1141 	3632
f 1093 	1143 	1100
f 1093 	1100 	1157
f 1381 	1385 	1132
f 3632 	1381 	1132
f 2135 	2133 	1145
f 1841 	1198 	346
f 1092 	1096 	1129
f 1195 	1197 	177
f 788 	789 	1202
f 1133 	1243 	1137
f 1216 	1172 	1213
f 788 	1202 	791
f 910 	177 	1197
f 1670 	1331 	177
f 1096 	1089 	1129
f 1205 	3213 	1206
f 1049 	1069 	1089
f 1066 	1129 	1089
f 404 	919 	406
f 1215 	1216 	1213
f 404 	403 	919
f 1203 	1070 	1201
f 1141 	1199 	3645
f 1125 	1101 	1213
f 1199 	1200 	3645
f 1215 	2303 	1216
f 1198 	424 	346
f 2300 	2303 	3378
f 919 	1006 	847
f 1202 	1201 	1070
f 1214 	1212 	1215
f 1211 	1215 	1212
f 1101 	2297 	1213
f 1452 	165 	164
f 1114 	1269 	1268
f 1213 	1214 	1215
f 1125 	1213 	1172
f 1116 	1271 	1270
f 1116 	1119 	1271
f 1172 	1216 	1146
f 1126 	1279 	1278
f 3586 	1238 	3587
f 1063 	3633 	1064
f 1245 	996 	3587
f 1210 	1622 	1217
f 1065 	3637 	1063
f 1114 	1270 	1269
f 1224 	930 	1206
f 1206 	930 	1205
f 56 	1316 	1220
f 1205 	930 	1204
f 1219 	3649 	1218
f 1130 	1123 	1242
f 1133 	1130 	1243
f 1242 	1243 	1130
f 927 	1204 	930
f 1223 	1221 	3106
f 1208 	3106 	1221
f 3660 	3661 	1095
f 1228 	3223 	1229
f 1918 	1227 	1222
f 1225 	3223 	1228
f 1209 	2788 	1207
f 1100 	1252 	1157
f 1227 	1314 	1222
f 1157 	1252 	1166
f 1253 	1166 	1252
f 3646 	3647 	1230
f 1095 	1106 	3660
f 1073 	892 	1232
f 1106 	1062 	1230
f 3293 	1230 	1062
f 3396 	3540 	1264
f 177 	1456 	191
f 1242 	1236 	1232
f 1232 	892 	1242
f 1218 	1217 	1622
f 1236 	1242 	1123
f 1243 	892 	1246
f 973 	1180 	1179
f 1137 	1243 	1246
f 1246 	892 	1248
f 1100 	1248 	1515
f 1246 	1248 	1143
f 1246 	1143 	1137
f 1250 	2721 	1239
f 1249 	1251 	1247
f 1143 	1248 	1100
f 1100 	1515 	1252
f 189 	176 	1223
f 977 	976 	1181
f 1515 	1516 	1252
f 977 	1181 	1189
f 1257 	1224 	1229
f 1206 	1225 	1224
f 1251 	1304 	1247
f 1228 	1224 	1225
f 1209 	1208 	1623
f 3682 	190 	1223
f 904 	1265 	903
f 2727 	2721 	1250
f 940 	1267 	916
f 1394 	2742 	1237
f 1228 	1229 	1224
f 1249 	1256 	1251
f 2777 	1254 	2779
f 1256 	1255 	1251
f 1031 	1265 	901
f 919 	921 	1138
f 944 	1138 	921
f 1138 	944 	1140
f 943 	1140 	944
f 1231 	1210 	2785
f 1153 	953 	1154
f 922 	1068 	1251
f 1152 	946 	1153
f 1370 	2742 	1394
f 1140 	943 	1147
f 1233 	2788 	1209
f 953 	952 	1154
f 1155 	1154 	952
f 908 	922 	1251
f 946 	1152 	1151
f 946 	1151 	947
f 1150 	948 	1151
f 947 	1151 	948
f 912 	914 	1267
f 948 	1150 	1149
f 1245 	3587 	1238
f 904 	901 	1265
f 3806 	226 	181
f 1047 	912 	1267
f 1009 	1255 	3319
f 1256 	3588 	1255
f 2995 	702 	811
f 952 	1175 	1155
f 1241 	3590 	1247
f 1240 	3590 	1241
f 1031 	1267 	1265
f 1266 	1257 	1260
f 1259 	1260 	1257
f 1229 	1259 	1257
f 960 	1159 	1177
f 3590 	3588 	1247
f 1271 	1119 	1272
f 1267 	1031 	1047
f 1261 	1266 	1260
f 960 	1160 	1159
f 1273 	1272 	1122
f 1119 	1122 	1272
f 1276 	1254 	1275
f 1274 	1275 	1250
f 958 	1162 	1161
f 1122 	1278 	1273
f 1277 	1274 	1250
f 1263 	1262 	2760
f 1262 	1264 	2760
f 958 	1161 	1160
f 1250 	1275 	1254
f 1168 	969 	1169
f 1281 	1282 	1254
f 1258 	1254 	1282
f 1167 	970 	1168
f 1276 	1281 	1254
f 1286 	1055 	1013
f 2787 	2784 	1281
f 1281 	1276 	2787
f 1266 	1449 	1496
f 1250 	1289 	1277
f 2731 	3124 	2708
f 1288 	1289 	1239
f 1290 	1288 	1239
f 1297 	1287 	1291
f 1261 	1284 	1266
f 967 	1171 	1170
f 1239 	1289 	1250
f 1282 	1292 	1258
f 3142 	3141 	2708
f 1293 	1298 	1286
f 1176 	964 	1177
f 1295 	1296 	1258
f 1292 	1295 	1258
f 2483 	2485 	2822
f 1296 	181 	1258
f 905 	1265 	937
f 1378 	1296 	1295
f 1177 	961 	960
f 1295 	1292 	1378
f 1378 	1292 	1282
f 1299 	1306 	935
f 1224 	1299 	930
f 1276 	1275 	2787
f 1280 	1287 	1297
f 1257 	1300 	1224
f 2761 	2757 	1274
f 1300 	1299 	1224
f 1277 	2761 	1274
f 1266 	1302 	1257
f 971 	970 	1165
f 914 	915 	1267
f 971 	1165 	1164
f 1257 	1302 	1300
f 866 	907 	1239
f 1241 	1304 	1240
f 967 	1170 	1169
f 1303 	1240 	1304
f 1153 	945 	953
f 945 	1153 	946
f 1305 	2822 	2485
f 950 	1148 	1147
f 950 	1147 	951
f 951 	1147 	943
f 940 	1073 	1379
f 1291 	1307 	1297
f 1307 	1303 	1297
f 1304 	1297 	1303
f 935 	1306 	1142
f 1379 	1267 	940
f 1299 	1308 	1306
f 1149 	949 	948
f 949 	1149 	1148
f 949 	1148 	950
f 1321 	937 	1265
f 1300 	1308 	1299
f 1162 	956 	1163
f 1309 	1308 	1300
f 961 	1177 	964
f 2734 	2735 	1288
f 1241 	1247 	1304
f 965 	964 	1175
f 1302 	1309 	1300
f 1290 	907 	2734
f 811 	3094 	2995
f 1160 	959 	958
f 1212 	3377 	1211
f 1312 	1311 	1280
f 1211 	3377 	3378
f 969 	1168 	970
f 1142 	1306 	1158
f 1167 	1165 	970
f 1308 	1313 	1306
f 2737 	2734 	907
f 1379 	1321 	1267
f 1265 	1267 	1321
f 956 	972 	1163
f 1312 	1280 	1297
f 1306 	1313 	1158
f 2719 	1239 	2721
f 1169 	968 	967
f 1631 	1308 	1309
f 1112 	1220 	1314
f 1316 	1314 	1220
f 1072 	466 	937
f 1313 	1308 	1631
f 1316 	1222 	1314
f 1162 	957 	956
f 1258 	2779 	1254
f 1318 	2381 	1317
f 1176 	1175 	964
f 965 	1175 	952
f 181 	185 	1258
f 1321 	1072 	937
f 1325 	2381 	1324
f 1326 	2381 	1325
f 1327 	2381 	1326
f 1328 	2381 	1327
f 1319 	2381 	1328
f 1323 	1324 	2381
f 1317 	2381 	1319
f 1329 	2381 	1318
f 1330 	1312 	1297
f 959 	1160 	960
f 957 	1162 	958
f 968 	1169 	969
f 1334 	1335 	2381
f 1335 	1336 	2381
f 1336 	1337 	2381
f 1337 	1338 	2381
f 1338 	1339 	2381
f 2380 	2381 	1339
f 1339 	1340 	2380
f 1340 	1341 	2380
f 1341 	1342 	2380
f 1342 	1343 	2380
f 1343 	1344 	2380
f 1344 	1347 	2380
f 1346 	2380 	1345
f 228 	3806 	231
f 1164 	1163 	972
f 1297 	1304 	1330
f 971 	1164 	972
f 1251 	1068 	1304
f 1349 	2380 	1348
f 1350 	2380 	1349
f 1351 	2380 	1350
f 1345 	2380 	1351
f 1352 	2380 	1346
f 1353 	2380 	1352
f 1354 	2380 	1353
f 1355 	2380 	1354
f 1356 	2380 	1355
f 1358 	2380 	1357
f 1359 	2380 	1358
f 1357 	2380 	1356
f 1171 	967 	966
f 974 	1179 	1178
f 974 	1178 	975
f 1304 	1068 	1330
f 1360 	2430 	1359
f 1333 	1334 	2381
f 1347 	1348 	2380
f 975 	1178 	1171
f 975 	1171 	966
f 1363 	1364 	2430
f 1364 	1365 	2430
f 1365 	1366 	2430
f 1366 	1367 	2430
f 1367 	1368 	2430
f 1371 	1372 	2430
f 1179 	974 	973
f 1370 	1394 	3556
f 1369 	1370 	3556
f 1191 	981 	1192
f 1372 	1373 	2430
f 1373 	1374 	2430
f 1374 	1375 	2430
f 1375 	1376 	2430
f 1376 	1377 	2430
f 1377 	2401 	2430
f 2430 	2414 	2428
f 981 	1191 	1190
f 984 	1189 	1188
f 3556 	3535 	1369
f 1381 	1311 	1312
f 1361 	1311 	1381
f 983 	1190 	976
f 1183 	976 	1190
f 1330 	1385 	1312
f 1384 	2488 	1383
f 1389 	1390 	2488
f 1388 	1389 	2488
f 1390 	1391 	2488
f 1391 	1392 	2488
f 1392 	1393 	2488
f 2524 	2488 	1393
f 1183 	1181 	976
f 1380 	1103 	2738
f 2463 	2738 	1103
f 1189 	984 	977
f 2757 	2758 	1275
f 1185 	987 	1186
f 1398 	1399 	1397
f 1396 	1397 	1399
f 1395 	1396 	1399
f 1395 	1399 	1400
f 1395 	1400 	1401
f 1395 	1401 	1402
f 1395 	1402 	1403
f 1395 	1403 	1404
f 1395 	1404 	1405
f 1406 	2488 	1405
f 1386 	2488 	1407
f 1382 	2488 	1386
f 1407 	2488 	1406
f 1013 	1022 	1293
f 1286 	1013 	1293
f 1381 	1312 	1385
f 1186 	987 	1187
f 1070 	1385 	1330
f 989 	988 	1184
f 1184 	1180 	989
f 973 	989 	1180
f 2760 	1264 	1235
f 978 	1194 	1193
f 1413 	1414 	2486
f 1414 	1415 	2486
f 1415 	1408 	2486
f 1408 	1409 	2486
f 1409 	1416 	2486
f 1416 	1417 	2486
f 1417 	1418 	2486
f 1418 	1419 	2486
f 1419 	1420 	2486
f 1420 	1395 	2486
f 2488 	2486 	1395
f 1395 	1405 	2488
f 1070 	1203 	1385
f 1194 	978 	1196
f 1068 	1070 	1330
f 1425 	1410 	2486
f 1411 	1412 	2486
f 1410 	1411 	2486
f 1383 	2488 	1382
f 1427 	1059 	1422
f 1421 	1422 	1059
f 1174 	2656 	1320
f 980 	1192 	981
f 981 	1190 	983
f 1432 	2510 	1431
f 1430 	1431 	2510
f 1434 	1435 	2510
f 1435 	1436 	2510
f 1436 	1437 	2510
f 1437 	1438 	2510
f 1438 	1439 	2510
f 1439 	1440 	2510
f 1440 	1441 	2510
f 1441 	1442 	2510
f 1442 	1423 	2510
f 1423 	1424 	2510
f 2486 	2510 	1424
f 984 	1188 	985
f 2156 	1071 	1427
f 2570 	1174 	1182
f 1059 	1427 	1071
f 1421 	589 	1422
f 1393 	1322 	1443
f 2078 	1443 	1322
f 1173 	1132 	1385
f 590 	591 	1427
f 1422 	590 	1427
f 1383 	1317 	1384
f 1185 	988 	987
f 791 	1202 	1070
f 1187 	986 	1188
f 985 	1188 	986
f 1426 	1659 	1613
f 1317 	1383 	1382
f 986 	1187 	987
f 1173 	1385 	1203
f 1328 	1387 	1384
f 1387 	1328 	1388
f 1185 	1184 	988
f 1388 	1326 	1389
f 978 	1193 	979
f 1288 	1290 	2734
f 1192 	980 	1193
f 979 	1193 	980
f 992 	262 	1196
f 1389 	1326 	1390
f 992 	1196 	978
f 1307 	3721 	1303
f 2754 	1254 	2777
f 1595 	994 	993
f 1622 	1210 	1231
f 1598 	995 	994
f 1598 	994 	1595
f 1298 	1447 	1286
f 171 	3721 	1287
f 1446 	1055 	1286
f 1453 	1454 	626
f 663 	626 	929
f 2251 	1447 	1298
f 1455 	1456 	1461
f 1457 	1461 	1456
f 1460 	626 	1459
f 1462 	626 	1460
f 1463 	626 	1462
f 1464 	626 	1463
f 1453 	626 	1465
f 1465 	626 	1464
f 1458 	1459 	627
f 626 	627 	1459
f 450 	466 	1470
f 1477 	1478 	627
f 1476 	1477 	627
f 1480 	627 	1478
f 1475 	1476 	627
f 1472 	1157 	1474
f 186 	1258 	185
f 1466 	1467 	627
f 1467 	1458 	627
f 1482 	1466 	627
f 1457 	1456 	1483
f 466 	1137 	1470
f 464 	466 	450
f 1263 	1479 	3593
f 1487 	1488 	627
f 1488 	1489 	627
f 1489 	1490 	627
f 1490 	1491 	627
f 1491 	1473 	627
f 1473 	1475 	627
f 464 	461 	466
f 1485 	1486 	627
f 1486 	1487 	627
f 1485 	627 	1494
f 1492 	1493 	648
f 1494 	627 	1493
f 649 	639 	648
f 1510 	1511 	648
f 181 	193 	185
f 1143 	1472 	1137
f 1474 	1568 	452
f 452 	1580 	454
f 1481 	627 	1480
f 1470 	1472 	990
f 1498 	648 	1497
f 990 	1472 	1474
f 1448 	1496 	1449
f 1502 	648 	1501
f 1504 	648 	1502
f 1505 	648 	1504
f 1497 	648 	1505
f 1506 	648 	1498
f 1507 	648 	1506
f 1508 	648 	1507
f 1510 	648 	1508
f 1512 	648 	1511
f 1492 	648 	1512
f 990 	1474 	991
f 1509 	1495 	1499
f 1501 	648 	1500
f 1500 	648 	1513
f 452 	299 	1474
f 1449 	1266 	1284
f 1451 	165 	1452
f 1607 	1606 	691
f 1423 	1359 	1424
f 1479 	1263 	2870
f 1424 	1359 	1425
f 1499 	1457 	1509
f 2760 	2870 	1263
f 1483 	1517 	1457
f 1517 	1509 	1457
f 689 	1514 	892
f 698 	689 	892
f 652 	696 	892
f 2634 	685 	666
f 691 	692 	1608
f 1608 	1607 	691
f 1515 	1248 	1514
f 1606 	1605 	691
f 1523 	1446 	1526
f 662 	663 	929
f 1495 	1524 	1499
f 1524 	1525 	1499
f 667 	340 	666
f 2634 	666 	340
f 1280 	1499 	1525
f 841 	1007 	929
f 1322 	1393 	1323
f 1392 	1323 	1393
f 1549 	1535 	1207
f 1317 	1319 	1384
f 770 	1447 	771
f 1382 	1318 	1317
f 774 	755 	775
f 775 	1446 	769
f 1384 	1319 	1328
f 3824 	270 	470
f 1328 	1327 	1388
f 1324 	1391 	1325
f 1390 	1325 	1391
f 1448 	1518 	1496
f 1447 	1526 	1446
f 1522 	1446 	1523
f 1522 	769 	1446
f 770 	1526 	1447
f 1388 	1327 	1326
f 1391 	1324 	1323
f 1391 	1323 	1392
f 1531 	1496 	1519
f 1518 	1519 	1496
f 1520 	1531 	1519
f 1525 	1532 	1280
f 1523 	1526 	1516
f 760 	928 	718
f 1534 	718 	1533
f 1514 	689 	1522
f 238 	3819 	221
f 1528 	1527 	1536
f 1527 	1530 	1536
f 1530 	1469 	1536
f 1523 	1515 	1522
f 1514 	1522 	1515
f 1515 	1523 	1516
f 1538 	718 	1537
f 1539 	718 	1538
f 1540 	718 	1539
f 1541 	718 	1540
f 1542 	718 	1541
f 1543 	719 	1542
f 1544 	719 	1543
f 1545 	719 	1544
f 1526 	770 	1516
f 201 	202 	1378
f 1551 	719 	1548
f 1552 	719 	1551
f 1553 	719 	1552
f 1554 	719 	1553
f 1555 	719 	1554
f 1556 	719 	1555
f 1557 	719 	1556
f 1108 	1130 	466
f 1287 	1280 	1546
f 1280 	1532 	1546
f 1605 	1253 	1516
f 1560 	1561 	719
f 1562 	719 	1561
f 1560 	719 	1559
f 1564 	719 	1562
f 1565 	719 	1564
f 1567 	719 	1565
f 1566 	3402 	1563
f 1470 	1137 	1472
f 1574 	452 	1568
f 1457 	1569 	1461
f 1282 	2784 	1378
f 201 	1378 	206
f 1578 	452 	1574
f 1580 	452 	1578
f 1548 	719 	1545
f 1571 	719 	1567
f 1572 	1573 	745
f 1559 	719 	1557
f 1573 	1581 	745
f 1587 	1588 	745
f 1534 	1537 	718
f 1569 	1575 	1461
f 1382 	1386 	1318
f 1329 	1318 	1386
f 1599 	454 	1580
f 1600 	454 	1599
f 1499 	1579 	1457
f 1579 	1569 	1457
f 1326 	1325 	1390
f 1528 	1563 	3401
f 2787 	1275 	2758
f 1499 	1280 	1311
f 1400 	1399 	1339
f 1340 	1339 	1399
f 1582 	1583 	745
f 1584 	745 	1583
f 1581 	1582 	745
f 1585 	745 	1584
f 1586 	745 	1585
f 1576 	745 	1586
f 1577 	745 	1576
f 1588 	1589 	745
f 1589 	1590 	745
f 1590 	1591 	745
f 1591 	1592 	745
f 1592 	728 	745
f 728 	729 	745
f 729 	730 	745
f 1499 	1311 	1579
f 1275 	1274 	2757
f 1593 	4 	1604
f 1594 	1596 	1575
f 1340 	1399 	1341
f 1398 	1341 	1399
f 2761 	1277 	1289
f 1407 	1406 	1332
f 1333 	1332 	1406
f 1569 	1594 	1575
f 1597 	1126 	1198
f 1332 	1386 	1407
f 1601 	1594 	1569
f 1404 	1403 	1335
f 1336 	1335 	1403
f 1402 	1336 	1403
f 1579 	1601 	1569
f 186 	187 	1258
f 1401 	1338 	1402
f 194 	181 	226
f 1361 	1601 	1579
f 193 	181 	194
f 33 	34 	1601
f 1405 	1334 	1333
f 1405 	1333 	1406
f 228 	226 	3806
f 1311 	1361 	1579
f 1334 	1405 	1335
f 1404 	1335 	1405
f 231 	3806 	267
f 1338 	1401 	1339
f 1400 	1339 	1401
f 1253 	1605 	1166
f 757 	928 	760
f 445 	267 	3809
f 1398 	1397 	1341
f 1342 	1341 	1397
f 1529 	936 	1041
f 1602 	1531 	1550
f 1605 	1574 	1568
f 1396 	1342 	1397
f 1533 	718 	928
f 1595 	928 	1598
f 1604 	928 	1595
f 1595 	1593 	1604
f 756 	3351 	928
f 1349 	1418 	1350
f 1417 	1350 	1418
f 928 	1454 	1533
f 1534 	1533 	1454
f 1547 	1550 	1531
f 1520 	1547 	1531
f 1350 	1417 	1351
f 1416 	1351 	1417
f 1352 	1415 	1353
f 1414 	1353 	1415
f 1558 	1602 	1550
f 1568 	1166 	1605
f 1529 	1041 	1603
f 1409 	1345 	1416
f 1351 	1416 	1345
f 1574 	1605 	1606
f 166 	1451 	1484
f 165 	1451 	166
f 1345 	1409 	1346
f 1408 	1346 	1409
f 1574 	1606 	1578
f 1221 	1623 	1208
f 1570 	1566 	282
f 1536 	282 	1566
f 1566 	1563 	1536
f 1536 	1563 	1528
f 167 	166 	1521
f 166 	1484 	1521
f 1580 	1578 	1608
f 1608 	1599 	1580
f 485 	3810 	486
f 1610 	1611 	1599
f 1546 	171 	1287
f 1291 	1287 	3721
f 1415 	1352 	1346
f 1415 	1346 	1408
f 1355 	1412 	1356
f 1411 	1356 	1412
f 1524 	173 	1525
f 171 	1525 	173
f 282 	1602 	1570
f 1253 	1252 	1516
f 1532 	171 	1546
f 1532 	1525 	171
f 1516 	691 	1605
f 1606 	1607 	1578
f 1558 	1570 	1602
f 1611 	1610 	692
f 1353 	1414 	1413
f 1609 	1302 	1266
f 1607 	1608 	1578
f 1495 	1509 	173
f 177 	173 	1509
f 1517 	177 	1509
f 1355 	1413 	1412
f 1496 	1609 	1266
f 1608 	1610 	1599
f 1356 	1411 	1410
f 1610 	1608 	692
f 1517 	1483 	177
f 1483 	1456 	177
f 1455 	191 	1456
f 1496 	1612 	1609
f 1600 	1599 	1611
f 408 	896 	2827
f 1418 	1349 	1419
f 1622 	1231 	1613
f 1347 	1344 	1420
f 2795 	166 	167
f 539 	540 	3822
f 1343 	1396 	1344
f 1395 	1344 	1396
f 1218 	1622 	1219
f 3822 	3821 	539
f 1614 	2793 	1233
f 1386 	1332 	1329
f 2960 	465 	1615
f 1402 	1337 	1336
f 1625 	1609 	1612
f 1233 	1209 	1623
f 1338 	1337 	1402
f 1617 	468 	1616
f 176 	1623 	1223
f 3824 	3827 	270
f 467 	1617 	1615
f 1531 	1612 	1496
f 1616 	895 	1620
f 1641 	1620 	895
f 1621 	1612 	1531
f 1641 	895 	1642
f 1662 	932 	1661
f 1662 	1646 	932
f 2020 	1661 	597
f 221 	241 	238
f 1621 	1531 	1602
f 1614 	1233 	1623
f 1609 	1624 	1302
f 837 	836 	1668
f 199 	200 	220
f 200 	241 	220
f 1624 	1309 	1302
f 1296 	1378 	202
f 1643 	998 	1603
f 1622 	1613 	1623
f 1614 	1623 	1613
f 1654 	1650 	479
f 199 	1296 	202
f 1609 	1625 	1624
f 479 	480 	1654
f 1626 	1612 	1621
f 1296 	199 	223
f 220 	223 	199
f 1467 	1544 	1543
f 1396 	1343 	1342
f 1294 	2646 	1535
f 1305 	1294 	1549
f 846 	939 	998
f 1626 	1625 	1612
f 1467 	1466 	1544
f 1545 	1544 	1466
f 282 	2960 	1602
f 1615 	1602 	2960
f 1617 	1602 	1615
f 1616 	1602 	1617
f 1616 	1620 	1602
f 1628 	1602 	1620
f 1462 	1541 	1540
f 1462 	1540 	1539
f 1632 	1683 	1634
f 1633 	1634 	1683
f 1464 	1539 	1538
f 1637 	1631 	1309
f 1529 	1603 	998
f 1624 	1637 	1309
f 1636 	1683 	1635
f 1638 	1683 	1636
f 1635 	1683 	1632
f 1413 	1354 	1353
f 1355 	1354 	1413
f 1466 	1548 	1545
f 1356 	1410 	1357
f 1614 	1613 	1659
f 1625 	1639 	1624
f 1357 	1410 	1358
f 1645 	1629 	1652
f 1347 	1420 	1348
f 1419 	1348 	1420
f 1349 	1348 	1419
f 1639 	1637 	1624
f 1652 	1640 	1644
f 1625 	1647 	1639
f 1395 	1420 	1344
f 1423 	1360 	1359
f 1651 	1668 	836
f 1625 	1626 	1647
f 1652 	1648 	1649
f 1652 	1649 	1653
f 1640 	1652 	1653
f 1644 	1645 	1652
f 1425 	1358 	1410
f 836 	479 	1650
f 352 	1683 	1638
f 1630 	1652 	1629
f 1359 	1358 	1425
f 354 	1683 	350
f 1656 	167 	1655
f 897 	1182 	167
f 1658 	167 	1657
f 1655 	167 	1658
f 359 	1683 	354
f 350 	1683 	352
f 1620 	1641 	1628
f 1367 	1366 	1437
f 1529 	998 	936
f 681 	1683 	359
f 1642 	1646 	1628
f 1641 	1642 	1628
f 1475 	1557 	1556
f 1614 	1659 	2793
f 1440 	1364 	1441
f 1660 	1628 	1646
f 1654 	2990 	3100
f 1363 	1442 	1441
f 700 	1683 	681
f 816 	1683 	701
f 3099 	3100 	2965
f 1553 	1478 	1554
f 1657 	167 	1320
f 1320 	167 	1174
f 701 	1683 	700
f 1627 	1633 	1683
f 1476 	1475 	1555
f 1476 	1555 	1554
f 1471 	1669 	1503
f 1650 	1651 	836
f 1490 	1561 	1560
f 893 	1683 	890
f 1686 	1683 	893
f 837 	1668 	1665
f 893 	1156 	1313
f 1158 	1313 	1156
f 890 	1683 	816
f 1631 	893 	1313
f 2792 	2794 	1667
f 1647 	893 	1639
f 1670 	1667 	2794
f 1485 	1567 	1565
f 1669 	1471 	1672
f 1572 	1571 	1494
f 1662 	1661 	1660
f 1646 	1662 	1660
f 1637 	893 	1631
f 1637 	1639 	893
f 1671 	1672 	1471
f 1444 	1847 	1471
f 1671 	1471 	1847
f 1494 	1571 	1485
f 1567 	1485 	1571
f 2781 	2707 	1670
f 1665 	1668 	3283
f 3100 	3283 	1651
f 1603 	1681 	1643
f 1628 	1676 	1602
f 1676 	1621 	1602
f 1660 	1677 	1628
f 1663 	1667 	177
f 1195 	177 	1331
f 1677 	1676 	1628
f 1375 	1431 	1430
f 1431 	1375 	1432
f 1678 	1626 	1621
f 1948 	1947 	206
f 1676 	1678 	1621
f 1438 	1366 	1439
f 1438 	1437 	1366
f 1676 	1680 	1678
f 1367 	1437 	1436
f 1847 	3710 	1671
f 1677 	1680 	1676
f 1757 	1679 	1758
f 1674 	1630 	1673
f 1675 	1630 	1674
f 1652 	1630 	1675
f 1673 	1630 	1682
f 1700 	1679 	1757
f 1630 	1627 	1682
f 1586 	1585 	1507
f 238 	241 	1949
f 1685 	1686 	893
f 1684 	1682 	1627
f 1683 	1684 	1627
f 1626 	1678 	1687
f 1582 	1511 	1583
f 1321 	1850 	1072
f 1507 	1585 	1584
f 1685 	893 	1688
f 1700 	1782 	1679
f 1584 	1583 	1510
f 1687 	1647 	1626
f 1690 	1687 	1678
f 893 	1691 	1688
f 1690 	1678 	1680
f 1374 	1432 	1375
f 1432 	1374 	1433
f 1681 	1603 	1041
f 1440 	1439 	1364
f 1365 	1364 	1439
f 1592 	1513 	643
f 1691 	893 	1689
f 1693 	1689 	893
f 156 	158 	893
f 1439 	1366 	1365
f 928 	929 	1454
f 1453 	1534 	1454
f 1436 	1435 	1368
f 135 	156 	893
f 158 	1693 	893
f 153 	135 	893
f 1692 	1690 	1680
f 1436 	1368 	1367
f 1542 	1459 	1543
f 1363 	1441 	1364
f 1692 	893 	1690
f 1538 	1537 	1464
f 1465 	1537 	1534
f 1697 	167 	1696
f 1695 	1696 	167
f 1697 	2012 	167
f 1656 	1695 	167
f 1687 	1690 	893
f 1647 	1687 	893
f 1371 	1368 	1435
f 1371 	1435 	1372
f 1434 	1372 	1435
f 1699 	893 	1698
f 1429 	1376 	1430
f 1459 	1542 	1541
f 1430 	1376 	1375
f 1701 	893 	1692
f 1433 	1372 	1434
f 536 	1842 	1769
f 1701 	1698 	893
f 1705 	893 	1703
f 153 	893 	1705
f 1703 	893 	1702
f 1710 	893 	1708
f 1758 	533 	1768
f 1423 	1442 	1360
f 1362 	1360 	1442
f 1363 	1362 	1442
f 1753 	1782 	1700
f 1708 	893 	1707
f 723 	2048 	2049
f 1702 	893 	1710
f 1711 	893 	1699
f 1376 	1429 	1377
f 1562 	1488 	1564
f 1713 	893 	1712
f 1712 	893 	1711
f 1707 	893 	1713
f 1433 	1373 	1372
f 1374 	1373 	1433
f 1564 	1487 	1565
f 1715 	2595 	1714
f 1706 	1709 	1663
f 1664 	1663 	1709
f 1704 	1706 	1663
f 1720 	2595 	1719
f 1721 	2595 	1720
f 1722 	2595 	1721
f 1723 	2595 	1722
f 1716 	2595 	1723
f 1718 	1719 	2595
f 1714 	2595 	1716
f 1724 	2595 	1715
f 1728 	1729 	2595
f 1729 	1730 	2595
f 1730 	1731 	2595
f 1731 	1732 	2595
f 1732 	1733 	2595
f 2594 	2595 	1733
f 1733 	1734 	2594
f 1734 	1735 	2594
f 1735 	1736 	2594
f 1736 	1737 	2594
f 1737 	1738 	2594
f 1738 	1741 	2594
f 1740 	2594 	1739
f 1553 	1552 	1478
f 2822 	1305 	3345
f 1556 	1555 	1475
f 1743 	2594 	1742
f 1744 	2594 	1743
f 1745 	2594 	1744
f 1739 	2594 	1745
f 1746 	2594 	1740
f 1747 	2594 	1746
f 1748 	2594 	1747
f 1749 	2594 	1748
f 1750 	2594 	1749
f 1754 	2594 	1751
f 1755 	2594 	1754
f 1751 	2594 	1750
f 1700 	1752 	1753
f 1756 	2614 	1755
f 1727 	1728 	2595
f 1741 	1742 	2594
f 1757 	1752 	1700
f 1759 	1760 	167
f 2012 	3203 	1759
f 1762 	1763 	2614
f 1763 	1764 	2614
f 1764 	1765 	2614
f 1765 	1766 	2614
f 1766 	1767 	2614
f 1770 	1771 	2614
f 1768 	536 	1769
f 1490 	1560 	1559
f 1771 	1772 	2614
f 1772 	1773 	2614
f 1773 	1774 	2614
f 1774 	1775 	2614
f 1775 	1776 	2614
f 1776 	2600 	2614
f 2614 	2604 	2612
f 2128 	2127 	694
f 1565 	1486 	1485
f 1543 	1458 	1467
f 2071 	2072 	694
f 1458 	1543 	1459
f 1848 	1679 	1782
f 1786 	2662 	1785
f 1784 	1785 	2662
f 1787 	2662 	1786
f 1788 	2662 	1787
f 1789 	2662 	1788
f 1790 	2662 	1789
f 1464 	1537 	1465
f 1465 	1534 	1453
f 1768 	1769 	723
f 591 	590 	1769
f 1796 	2660 	1795
f 1794 	1795 	2660
f 1793 	1794 	2660
f 1797 	2660 	1796
f 1798 	2662 	1797
f 1799 	2662 	1798
f 1800 	2662 	1799
f 1801 	2662 	1800
f 1802 	2662 	1801
f 1803 	2662 	1802
f 1779 	2662 	1778
f 1778 	2662 	1783
f 1804 	2662 	1803
f 1459 	1541 	1460
f 1781 	2015 	1663
f 1777 	1781 	1663
f 1460 	1541 	1462
f 1462 	1539 	1463
f 1753 	1752 	723
f 1752 	1757 	723
f 1757 	1758 	723
f 1463 	1539 	1464
f 1809 	1810 	2660
f 1811 	2660 	1810
f 1812 	2660 	1811
f 1813 	2660 	1812
f 1806 	2660 	1813
f 1807 	2660 	1806
f 1814 	2660 	1807
f 1815 	2660 	1814
f 1816 	2660 	1815
f 1817 	2660 	1816
f 1818 	2660 	1817
f 1856 	608 	1857
f 723 	1769 	590
f 1551 	1481 	1480
f 1551 	1480 	1552
f 608 	1856 	1854
f 1821 	1808 	2660
f 1792 	2660 	1818
f 1808 	1809 	2660
f 1780 	2662 	1779
f 1551 	1548 	1481
f 1482 	1481 	1548
f 1825 	1826 	2679
f 1826 	1827 	2679
f 1827 	1828 	2679
f 1828 	1819 	2679
f 1819 	1820 	2679
f 2660 	2679 	1820
f 1820 	1821 	2660
f 2049 	2050 	1753
f 1478 	1552 	1480
f 2049 	1753 	723
f 1835 	1836 	2679
f 1834 	1835 	2679
f 1836 	1822 	2679
f 1822 	1823 	2679
f 1823 	1824 	2679
f 1824 	1825 	2679
f 1833 	1834 	2679
f 1832 	1833 	2679
f 1790 	2358 	2696
f 2038 	605 	1837
f 1487 	1564 	1488
f 1471 	3470 	1444
f 1488 	1562 	1561
f 1779 	1714 	1780
f 1714 	1779 	1778
f 1723 	1784 	1780
f 1784 	1723 	1785
f 2123 	1450 	1840
f 2306 	1840 	1450
f 1847 	1444 	1846
f 1845 	1846 	1444
f 1785 	1721 	1786
f 1473 	1557 	1475
f 1786 	1721 	1787
f 2024 	2023 	1849
f 1548 	1466 	1482
f 1842 	1843 	591
f 1769 	1842 	591
f 1847 	1846 	3710
f 1554 	1478 	1477
f 2225 	1848 	2050
f 1476 	1554 	1477
f 1782 	2050 	1848
f 1488 	1561 	1489
f 1489 	1561 	1490
f 1850 	1108 	1072
f 1557 	1473 	1559
f 1491 	1559 	1473
f 1559 	1491 	1490
f 1486 	1565 	1487
f 1862 	1860 	1841
f 1493 	1572 	1494
f 1512 	1581 	1492
f 1573 	1492 	1581
f 1572 	1493 	1573
f 1492 	1573 	1493
f 1497 	1505 	1577
f 2103 	709 	2102
f 1535 	1549 	1294
f 1576 	1498 	1577
f 2103 	2091 	709
f 2091 	2081 	709
f 1510 	1583 	1511
f 2382 	1862 	1841
f 2027 	2014 	686
f 1581 	1512 	1511
f 1581 	1511 	1582
f 2014 	2013 	686
f 1860 	1597 	1198
f 1795 	1735 	1796
f 1929 	1921 	425
f 1198 	1841 	1860
f 1799 	1731 	1800
f 1588 	1504 	1589
f 1502 	1589 	1504
f 1731 	1799 	1732
f 1798 	1732 	1799
f 1504 	1588 	1587
f 1504 	1587 	1505
f 1861 	1859 	1863
f 1506 	1586 	1507
f 1587 	1577 	1505
f 1497 	1577 	1498
f 1732 	1798 	1797
f 1506 	1498 	1586
f 1576 	1586 	1498
f 1875 	1873 	1850
f 1735 	1795 	1736
f 1794 	1736 	1795
f 2402 	1864 	1851
f 1793 	1737 	1794
f 1507 	1584 	1508
f 1867 	1868 	1870
f 1869 	1870 	1868
f 1508 	1584 	1510
f 1743 	1816 	1815
f 1590 	1501 	1591
f 1500 	1591 	1501
f 1589 	1502 	1590
f 1501 	1590 	1502
f 1739 	1814 	1807
f 1500 	1513 	1591
f 1807 	1806 	1739
f 1740 	1739 	1806
f 1868 	1871 	1869
f 1740 	1806 	1813
f 1592 	1591 	1513
f 1749 	1810 	1809
f 993 	1593 	1595
f 1811 	1748 	1812
f 1810 	1749 	1748
f 1810 	1748 	1811
f 1 	2 	923
f 2 	1925 	923
f 1925 	1926 	923
f 1108 	1850 	1873
f 851 	3690 	1877
f 1743 	1742 	1816
f 913 	845 	3691
f 1858 	1844 	1857
f 1819 	1755 	1820
f 1857 	1844 	1856
f 851 	1877 	1
f 1878 	1874 	1876
f 1821 	1754 	1808
f 1820 	1755 	1754
f 1820 	1754 	1821
f 1876 	1869 	1878
f 1859 	1883 	1805
f 1879 	17 	1945
f 1871 	1884 	1869
f 1884 	1878 	1869
f 1858 	1881 	1844
f 1885 	1805 	1883
f 1882 	1883 	1859
f 1880 	1882 	1859
f 744 	2536 	764
f 844 	17 	1879
f 2536 	765 	764
f 1604 	3 	928
f 1854 	1856 	1844
f 3297 	2219 	1604
f 4 	9 	1604
f 17 	844 	3
f 1845 	1444 	1887
f 1837 	1854 	1844
f 1887 	1444 	1805
f 2263 	2260 	1875
f 1885 	1886 	1805
f 1886 	1887 	1805
f 1894 	1895 	1909
f 1893 	1894 	1909
f 1908 	1909 	1895
f 1896 	1908 	1895
f 1897 	1908 	1896
f 1898 	1908 	1897
f 1899 	1908 	1898
f 1900 	1908 	1899
f 1901 	1908 	1900
f 1902 	1908 	1901
f 1874 	1889 	1876
f 1889 	1890 	1876
f 45 	1909 	40
f 1858 	1857 	2566
f 1892 	1893 	1909
f 45 	1891 	1909
f 384 	383 	1872
f 1919 	82 	1909
f 1891 	1892 	1909
f 1880 	1859 	1910
f 1911 	1908 	1902
f 1911 	1905 	1908
f 1905 	1906 	1908
f 1907 	1908 	1906
f 1914 	1915 	1908
f 1913 	1914 	1908
f 1915 	1916 	1908
f 1916 	1917 	1908
f 1917 	1918 	1908
f 1928 	1908 	1918
f 1910 	1859 	1861
f 1920 	74 	1919
f 83 	1909 	82
f 1922 	2 	1920
f 2949 	1310 	1924
f 1903 	2801 	1881
f 1927 	1932 	923
f 1910 	1951 	1880
f 1933 	2493 	1932
f 1923 	2 	1922
f 1925 	2 	1923
f 1926 	1927 	923
f 1907 	1912 	1908
f 2716 	923 	1932
f 1858 	1904 	1881
f 2232 	2181 	1935
f 3410 	3411 	1886
f 1921 	1929 	2003
f 2815 	1881 	2801
f 1904 	1903 	1881
f 1869 	1940 	1870
f 1123 	1108 	1938
f 1940 	1941 	1870
f 1912 	1913 	1908
f 1931 	1928 	1918
f 1943 	1869 	1876
f 1882 	1880 	1951
f 1943 	1940 	1869
f 2035 	1876 	2003
f 1829 	1944 	1660
f 1944 	1677 	1660
f 1772 	1835 	1834
f 1829 	1946 	1944
f 1947 	1948 	1941
f 1833 	1773 	1834
f 1825 	1764 	1826
f 1020 	998 	1643
f 1940 	1947 	1941
f 2257 	1067 	1643
f 1020 	1643 	1067
f 1949 	1947 	1940
f 1844 	1946 	1829
f 1885 	1883 	3410
f 1844 	1950 	1946
f 1943 	1949 	1940
f 1762 	1827 	1826
f 1944 	1946 	1982
f 1924 	2212 	1937
f 1987 	1946 	1950
f 1955 	1956 	1970
f 1956 	1957 	1970
f 1957 	1958 	1970
f 1958 	1959 	1970
f 1971 	1970 	1959
f 1959 	1960 	1971
f 1960 	1962 	1971
f 1962 	1963 	1971
f 1963 	1964 	1971
f 1964 	115 	1971
f 115 	95 	1971
f 1762 	1828 	1827
f 1987 	1982 	1946
f 1861 	1863 	1910
f 1844 	1881 	1950
f 2238 	2252 	1937
f 1775 	1831 	1776
f 2252 	1965 	1937
f 1863 	1855 	1910
f 200 	199 	1947
f 149 	1983 	148
f 1971 	148 	1983
f 1881 	2828 	1950
f 1967 	1980 	1970
f 1951 	1910 	1855
f 239 	238 	1949
f 1969 	1680 	1677
f 1953 	1954 	1970
f 2048 	239 	1949
f 1961 	1951 	1855
f 1855 	1853 	1961
f 1954 	1955 	1970
f 1866 	1865 	408
f 383 	408 	1865
f 1717 	1790 	1718
f 1789 	1718 	1790
f 1694 	1961 	1853
f 1853 	1852 	1694
f 2067 	1428 	2069
f 1969 	1677 	1944
f 1714 	1716 	1780
f 383 	1865 	1872
f 1976 	1970 	1975
f 1977 	1970 	1976
f 1978 	1970 	1977
f 1979 	1970 	1978
f 1968 	1970 	1979
f 1968 	1966 	1970
f 1966 	1967 	1970
f 1952 	1970 	1980
f 1953 	1970 	1952
f 1974 	1975 	1970
f 1973 	1974 	1970
f 1778 	1715 	1714
f 1780 	1716 	1723
f 384 	1872 	385
f 385 	1872 	1888
f 1723 	1722 	1785
f 119 	120 	1983
f 149 	119 	1983
f 1719 	1788 	1720
f 1787 	1720 	1788
f 138 	139 	1983
f 1944 	1982 	1969
f 1785 	1722 	1721
f 1888 	2008 	385
f 1991 	1305 	1549
f 1788 	1719 	1718
f 1788 	1718 	1789
f 139 	140 	1985
f 1715 	1778 	1724
f 1783 	1724 	1778
f 1726 	1724 	1804
f 1721 	1720 	1787
f 1987 	1950 	1725
f 1992 	3326 	2001
f 1989 	1 	1942
f 425 	1890 	430
f 1890 	425 	1921
f 1889 	430 	1890
f 1792 	1737 	1793
f 2537 	2535 	765
f 3312 	1992 	1942
f 1987 	1725 	1699
f 140 	141 	1985
f 1985 	1983 	139
f 1989 	1988 	1
f 1990 	1989 	1942
f 1310 	1993 	1315
f 1994 	1315 	1993
f 2828 	1725 	1950
f 431 	430 	1878
f 1884 	431 	1878
f 1969 	1692 	1680
f 2009 	2346 	1998
f 1889 	1874 	430
f 1874 	1878 	430
f 2067 	1981 	1428
f 1996 	1997 	1315
f 1701 	1692 	1969
f 1871 	1868 	431
f 1884 	1871 	431
f 1994 	1996 	1315
f 1982 	1701 	1969
f 2346 	1973 	1998
f 1867 	438 	1868
f 431 	1868 	438
f 3169 	1997 	1996
f 1982 	1698 	1701
f 2003 	1876 	1890
f 1728 	1727 	1802
f 1994 	3169 	1996
f 1801 	1729 	1802
f 1698 	1982 	1987
f 1791 	2068 	2071
f 1993 	1310 	2006
f 197 	196 	2004
f 1699 	1698 	1987
f 1890 	1921 	2003
f 1736 	1794 	1737
f 2009 	117 	2346
f 2068 	1791 	2011
f 1791 	2010 	2011
f 1759 	167 	2012
f 3305 	3318 	2001
f 1745 	1744 	1814
f 2002 	2001 	3318
f 1992 	1990 	1942
f 1745 	1814 	1739
f 1938 	1108 	1873
f 2013 	2014 	2016
f 1973 	1970 	1995
f 1995 	2000 	1973
f 2000 	1998 	1973
f 1809 	1750 	1749
f 2346 	1918 	1973
f 1445 	2070 	2069
f 1750 	1809 	1751
f 1808 	1751 	1809
f 2016 	2003 	2013
f 1808 	1754 	1751
f 2005 	1310 	2181
f 2006 	1310 	2005
f 1704 	1663 	2015
f 1742 	1818 	1817
f 2019 	1450 	2018
f 1817 	1816 	1742
f 1929 	2013 	2003
f 2020 	597 	2022
f 605 	2037 	597
f 2022 	597 	2037
f 1733 	1797 	1734
f 1796 	1734 	1797
f 1837 	605 	1854
f 1450 	1445 	2018
f 2017 	2018 	1445
f 2021 	2017 	1445
f 1792 	1738 	1737
f 1735 	1734 	1796
f 1726 	1804 	1727
f 1803 	1727 	1804
f 1783 	1804 	1724
f 1123 	1938 	1236
f 1729 	1801 	1730
f 1800 	1730 	1801
f 2023 	2024 	1450
f 1731 	1730 	1800
f 2019 	2023 	1450
f 1873 	1875 	1236
f 1918 	1974 	1973
f 1792 	1818 	1738
f 2053 	2051 	724
f 1803 	1802 	1727
f 2018 	694 	2019
f 2041 	2042 	256
f 1873 	1236 	1938
f 1728 	1802 	1729
f 1797 	1733 	1732
f 1978 	1913 	1979
f 2054 	2053 	256
f 1913 	1978 	1977
f 2041 	759 	2045
f 2014 	2027 	2016
f 2026 	2016 	2025
f 1743 	1815 	1744
f 2046 	2045 	758
f 759 	758 	2045
f 1815 	1814 	1744
f 2030 	1428 	2029
f 1812 	1747 	1813
f 1746 	1813 	1747
f 843 	842 	1666
f 2031 	2029 	1428
f 2027 	2025 	2016
f 2032 	2046 	843
f 758 	763 	2046
f 2021 	1445 	2030
f 1428 	2030 	1445
f 1813 	1746 	1740
f 1666 	2032 	843
f 1919 	1971 	1983
f 1985 	1919 	1983
f 2033 	832 	2024
f 1450 	2024 	832
f 1748 	1747 	1812
f 2020 	2022 	1660
f 1829 	1660 	2022
f 1661 	2020 	1660
f 1960 	1959 	1894
f 1895 	1894 	1959
f 1893 	1962 	1894
f 1960 	1894 	1962
f 1742 	1741 	1818
f 608 	1854 	605
f 2035 	1943 	1876
f 2003 	2039 	2035
f 1741 	1738 	1818
f 605 	2038 	2037
f 1956 	1955 	1898
f 1899 	1898 	1955
f 1819 	1756 	1755
f 3363 	1863 	1859
f 1897 	1957 	1898
f 1956 	1898 	1957
f 2030 	1791 	2021
f 1756 	1819 	1828
f 1957 	1897 	1958
f 1953 	1901 	1954
f 1083 	2040 	1135
f 1954 	1900 	1899
f 1954 	1899 	1955
f 2054 	256 	2042
f 2003 	2016 	2039
f 1825 	1824 	1764
f 1958 	1895 	1959
f 2043 	2039 	2016
f 1823 	1766 	1824
f 1893 	1963 	1962
f 1199 	1141 	2044
f 1836 	1770 	1822
f 2044 	1139 	2040
f 1428 	1997 	2031
f 2026 	2043 	2016
f 1997 	1428 	1315
f 2391 	2250 	1000
f 2250 	1001 	1000
f 1901 	1953 	1952
f 1901 	1952 	1902
f 1952 	1980 	1902
f 1830 	1776 	1831
f 2022 	2037 	1829
f 1694 	2047 	798
f 797 	798 	2047
f 1897 	1896 	1958
f 2048 	1949 	1943
f 1831 	1775 	1832
f 1900 	1954 	1901
f 2023 	2019 	694
f 2037 	2038 	1829
f 1832 	1773 	1833
f 1844 	1829 	1837
f 2035 	2048 	1943
f 1958 	1896 	1895
f 2018 	2017 	694
f 2038 	1837 	1829
f 798 	793 	1694
f 1772 	1834 	1773
f 1893 	1892 	1963
f 832 	2033 	2308
f 1963 	1892 	1891
f 1963 	1891 	1964
f 2046 	2032 	3286
f 3283 	3286 	2032
f 2045 	2046 	3286
f 2039 	2049 	2035
f 1824 	1765 	1764
f 2035 	2049 	2048
f 1917 	1974 	1918
f 1765 	1824 	1766
f 1906 	1966 	1907
f 1968 	1907 	1966
f 1967 	1905 	1980
f 2043 	2050 	2039
f 1852 	2044 	2047
f 2047 	1694 	1852
f 2051 	2052 	725
f 2052 	2059 	725
f 1966 	1906 	1905
f 1966 	1905 	1967
f 1823 	1822 	1766
f 725 	724 	2051
f 1907 	1968 	1912
f 1979 	1912 	1968
f 788 	2047 	2044
f 1913 	1912 	1979
f 1975 	1916 	1915
f 1975 	1915 	1976
f 724 	256 	2053
f 1977 	1914 	1913
f 1083 	789 	2040
f 2050 	2049 	2039
f 1916 	1975 	1917
f 1974 	1917 	1975
f 1767 	1822 	1770
f 1980 	1905 	1911
f 2052 	2051 	3287
f 2051 	2053 	3287
f 1836 	1835 	1770
f 2054 	3287 	2053
f 1911 	1902 	1980
f 2050 	2043 	2225
f 1914 	1977 	1915
f 1976 	1915 	1977
f 1994 	1993 	3169
f 1908 	1970 	1971
f 1908 	1971 	1909
f 1971 	1919 	1909
f 1985 	1920 	1919
f 1920 	1985 	1922
f 2312 	2308 	2033
f 1985 	1986 	1922
f 2059 	2052 	3792
f 1988 	1922 	1986
f 1990 	1926 	1989
f 1992 	1927 	1926
f 1992 	1926 	1990
f 1822 	1767 	1766
f 1782 	1753 	2050
f 1988 	1923 	1922
f 1923 	1988 	1925
f 1989 	1925 	1988
f 1926 	1925 	1989
f 1832 	1775 	1774
f 683 	385 	2008
f 1832 	1774 	1773
f 1984 	2028 	2572
f 2001 	1932 	1992
f 1927 	1992 	1932
f 2002 	1932 	2001
f 2004 	1934 	2002
f 1764 	1763 	1826
f 1934 	2004 	2007
f 715 	2025 	686
f 1939 	117 	2009
f 2027 	686 	2025
f 2128 	694 	2072
f 1939 	2009 	1998
f 1908 	1928 	1970
f 1995 	1970 	1928
f 1826 	1763 	1762
f 2000 	1931 	1998
f 1930 	1998 	1931
f 1828 	1761 	1756
f 1931 	2000 	1995
f 1931 	1995 	1928
f 425 	686 	2013
f 1929 	425 	2013
f 1761 	1828 	1762
f 683 	2008 	706
f 2002 	1933 	1932
f 1934 	1933 	2002
f 1770 	1835 	1771
f 1934 	2007 	1936
f 114 	2443 	2007
f 2075 	2026 	2074
f 2025 	2074 	2026
f 1998 	1930 	1939
f 1772 	1771 	1835
f 2070 	2120 	2069
f 2066 	2069 	2120
f 2083 	2108 	2082
f 2080 	2082 	2108
f 2084 	2108 	2083
f 2085 	2107 	2084
f 2086 	2107 	2085
f 2087 	2107 	2086
f 2088 	2107 	2087
f 2089 	2107 	2088
f 2090 	2107 	2089
f 2092 	2107 	2090
f 2060 	2059 	3792
f 2068 	2285 	2071
f 2081 	2091 	2097
f 2079 	2080 	2108
f 2073 	2077 	707
f 2094 	2295 	2095
f 2097 	2026 	2081
f 2101 	435 	2100
f 2075 	2081 	2026
f 2067 	2069 	2066
f 1981 	2067 	2066
f 2099 	2098 	1172
f 3314 	606 	2036
f 2079 	2108 	504
f 2065 	2028 	2109
f 3172 	3143 	1777
f 2095 	432 	2094
f 2327 	2096 	432
f 2108 	2084 	2107
f 2091 	2103 	2097
f 2011 	2285 	2068
f 2015 	3205 	1704
f 2092 	2110 	2107
f 2110 	2104 	2107
f 2104 	2105 	2107
f 2106 	2107 	2105
f 2113 	2114 	2107
f 2112 	2113 	2107
f 2114 	2115 	2107
f 2115 	2116 	2107
f 2116 	2117 	2107
f 2139 	2107 	2117
f 2331 	435 	2101
f 2118 	531 	2108
f 523 	524 	2119
f 2121 	17 	2119
f 535 	521 	2119
f 955 	2098 	435
f 1445 	2123 	2125
f 2073 	706 	2008
f 2125 	2070 	1445
f 747 	432 	2093
f 1972 	1315 	1428
f 2073 	707 	706
f 2099 	435 	2098
f 2023 	694 	2127
f 818 	817 	3606
f 2143 	1945 	2132
f 1840 	1851 	2123
f 2120 	2123 	1851
f 2132 	1945 	2131
f 2075 	715 	2081
f 715 	2075 	2074
f 2123 	2120 	2125
f 715 	709 	2081
f 715 	2074 	2025
f 2626 	2359 	1984
f 2128 	2285 	2127
f 533 	1758 	1679
f 536 	1768 	533
f 1842 	2939 	1843
f 1717 	2101 	2360
f 2946 	737 	2945
f 1843 	2945 	737
f 2472 	1293 	1022
f 2070 	2125 	2120
f 2122 	17 	2121
f 2130 	17 	2122
f 2130 	2131 	1945
f 2130 	1945 	17
f 2072 	2285 	2128
f 2106 	2111 	2107
f 3039 	1029 	1060
f 1028 	1029 	3039
f 2101 	1220 	2138
f 2377 	2140 	2141
f 3039 	3042 	1028
f 1001 	2249 	1022
f 601 	3573 	2360
f 451 	601 	2138
f 451 	2138 	2137
f 2136 	2319 	2129
f 2138 	601 	2360
f 2066 	2120 	2147
f 2250 	2249 	1001
f 2135 	2565 	3552
f 2149 	224 	2148
f 2147 	2142 	2066
f 2150 	2151 	1839
f 1838 	1839 	2151
f 2147 	2120 	1864
f 159 	215 	2149
f 2140 	2377 	2153
f 2377 	162 	2153
f 1839 	2155 	2150
f 2163 	2150 	2155
f 1864 	2540 	2147
f 2148 	229 	2144
f 1864 	2120 	1851
f 1848 	1838 	2151
f 2151 	1679 	1848
f 2150 	533 	2151
f 1679 	2151 	533
f 3358 	3360 	2143
f 1227 	1918 	2859
f 2142 	2147 	2158
f 2111 	2112 	2107
f 2141 	2139 	2117
f 1852 	1199 	2044
f 2377 	2141 	2117
f 1853 	1200 	1852
f 1918 	2078 	2145
f 2861 	2862 	2078
f 581 	2199 	580
f 2170 	2171 	2187
f 2171 	2172 	2187
f 2172 	2173 	2187
f 2173 	2174 	2187
f 2188 	2187 	2174
f 2174 	2175 	2188
f 2175 	2176 	2188
f 2176 	2177 	2188
f 2177 	2178 	2188
f 2178 	553 	2188
f 553 	541 	2188
f 1028 	2162 	2244
f 2540 	1864 	2467
f 1627 	2261 	2158
f 2163 	2155 	2244
f 2225 	2244 	2155
f 2159 	2145 	2078
f 1918 	2145 	2146
f 1918 	2146 	2859
f 2158 	1633 	1627
f 571 	2199 	570
f 2183 	2197 	2187
f 2180 	2181 	2076
f 2186 	2180 	2076
f 2168 	2169 	2187
f 2169 	2170 	2187
f 1103 	1102 	2463
f 2152 	2157 	2136
f 2179 	2136 	2157
f 2154 	2152 	2136
f 2129 	2154 	2136
f 2076 	2181 	1310
f 2192 	2187 	2191
f 2193 	2187 	2192
f 2194 	2187 	2193
f 2196 	2187 	2194
f 2185 	2187 	2196
f 2185 	2182 	2187
f 2182 	2183 	2187
f 2167 	2187 	2197
f 2168 	2187 	2167
f 2190 	2191 	2187
f 2189 	2190 	2187
f 3553 	2161 	2160
f 2160 	2165 	3553
f 3553 	2165 	2166
f 3553 	2166 	2134
f 571 	572 	2199
f 2188 	580 	2199
f 2200 	2199 	572
f 2076 	3059 	2186
f 582 	583 	2200
f 2062 	2064 	3571
f 2209 	1604 	2210
f 2206 	1604 	2209
f 2205 	2203 	3
f 577 	582 	2200
f 2206 	2205 	3
f 2295 	2294 	2201
f 2201 	2198 	2295
f 2208 	2093 	2295
f 2208 	2295 	2198
f 2095 	2295 	2093
f 2211 	1315 	2215
f 2213 	2189 	2187
f 89 	2189 	2217
f 834 	2102 	709
f 3297 	2222 	2221
f 2297 	2201 	2294
f 2202 	2201 	2297
f 168 	2222 	89
f 2223 	2026 	2097
f 2223 	2043 	2026
f 3297 	2221 	2220
f 2220 	2219 	3297
f 2210 	1604 	2219
f 2213 	2218 	2189
f 2224 	89 	2217
f 2225 	2043 	2223
f 2207 	1999 	2179
f 2157 	2204 	2179
f 2017 	2021 	1791
f 2452 	2391 	999
f 2207 	2179 	2204
f 88 	2179 	1999
f 1839 	1838 	2225
f 1838 	1848 	2225
f 2155 	1839 	2225
f 2030 	2029 	1791
f 2010 	1791 	2029
f 2229 	2226 	1172
f 2029 	2031 	2010
f 1997 	2010 	2031
f 2229 	1172 	2098
f 2227 	1172 	2226
f 2228 	1172 	2227
f 1057 	1061 	2248
f 2214 	2216 	1596
f 2216 	2161 	1596
f 2034 	2214 	1596
f 2100 	2099 	1172
f 3553 	1596 	2161
f 1549 	1008 	1991
f 1125 	1172 	2228
f 3169 	1993 	2006
f 1321 	2262 	1850
f 2231 	2230 	2136
f 2202 	1125 	2228
f 2241 	2240 	3169
f 2228 	2283 	2202
f 2079 	504 	2178
f 2263 	1875 	2262
f 2234 	3169 	2233
f 3169 	2234 	2241
f 2201 	2283 	2198
f 3565 	3571 	2056
f 1643 	1681 	2257
f 2086 	2172 	2171
f 2172 	2086 	2173
f 2282 	2208 	2198
f 2179 	2231 	2136
f 2168 	2090 	2169
f 91 	2231 	2179
f 2089 	2088 	2169
f 2211 	2215 	2238
f 2179 	88 	91
f 917 	2305 	834
f 765 	2536 	2537
f 2117 	2190 	2189
f 2212 	2211 	1937
f 2238 	1937 	2211
f 2230 	2231 	2236
f 2286 	2065 	2109
f 2236 	2235 	2230
f 2228 	2289 	2283
f 91 	105 	2231
f 2194 	2112 	2196
f 2234 	2233 	3582
f 105 	2236 	2231
f 2103 	2102 	2097
f 2112 	2194 	2193
f 2201 	2202 	2283
f 2110 	2167 	2197
f 1041 	2253 	1681
f 2139 	2213 	2187
f 2242 	2223 	2097
f 1972 	2066 	2238
f 2199 	2118 	2188
f 2200 	2118 	2199
f 2289 	2228 	2227
f 2174 	2084 	2175
f 955 	2292 	2229
f 2242 	2097 	2237
f 2238 	2239 	1972
f 2028 	1984 	2278
f 955 	2229 	2098
f 2236 	1705 	2235
f 2083 	2082 	2175
f 766 	2535 	767
f 2237 	2264 	2243
f 1981 	2066 	1972
f 2167 	2090 	2168
f 2243 	2242 	2237
f 1705 	1703 	2235
f 2240 	2241 	3541
f 2236 	153 	1705
f 1000 	999 	2391
f 2527 	2379 	1860
f 2170 	2088 	2171
f 2215 	2239 	2238
f 153 	2236 	105
f 2171 	2087 	2086
f 2223 	2244 	2225
f 2086 	2085 	2173
f 2164 	2163 	2244
f 2162 	2164 	2244
f 2089 	2169 	2090
f 165 	2795 	164
f 2245 	2795 	2247
f 164 	2795 	2245
f 2242 	2244 	2223
f 2173 	2085 	2174
f 2262 	1321 	1379
f 2243 	2248 	2242
f 3582 	3541 	2234
f 2241 	2234 	3541
f 2082 	2177 	2176
f 2079 	2178 	2177
f 2129 	620 	2154
f 2248 	2244 	2242
f 2126 	620 	2129
f 2251 	2249 	2250
f 2083 	2175 	2084
f 2152 	622 	2157
f 2204 	2157 	622
f 2575 	1056 	2253
f 629 	2207 	622
f 2204 	622 	2207
f 2176 	2175 	2082
f 2207 	629 	1999
f 2238 	2142 	2252
f 2269 	2429 	2795
f 2090 	2167 	2092
f 3747 	1999 	629
f 2110 	2092 	2167
f 1455 	3510 	191
f 2087 	2171 	2088
f 1058 	1057 	2248
f 2253 	1056 	2257
f 2142 	2238 	2066
f 2257 	2258 	2253
f 2248 	2276 	1058
f 2262 	1379 	1073
f 2170 	2169 	2088
f 2252 	2256 	1965
f 2085 	2084 	2174
f 2080 	2177 	2082
f 2263 	2262 	2260
f 1965 	2256 	3080
f 2177 	2080 	2079
f 2261 	2256 	2252
f 2116 	2190 	2117
f 1681 	2258 	2257
f 2261 	1630 	2256
f 2105 	2182 	2106
f 2185 	2106 	2182
f 1232 	2262 	1073
f 2183 	2104 	2197
f 2182 	2105 	2104
f 2182 	2104 	2183
f 2142 	2261 	2252
f 2158 	2261 	2142
f 2106 	2185 	2111
f 2196 	2111 	2185
f 2133 	2134 	794
f 2134 	2166 	794
f 1232 	2260 	2262
f 3080 	2256 	1629
f 1850 	2262 	1875
f 2254 	1663 	191
f 794 	799 	2133
f 1629 	2256 	1630
f 2255 	1663 	2254
f 2259 	1663 	2255
f 2456 	1663 	2259
f 1627 	1630 	2261
f 177 	191 	1663
f 2796 	1663 	2277
f 1236 	1875 	2260
f 1708 	1707 	2265
f 2112 	2111 	2196
f 2552 	896 	2184
f 2191 	2115 	2114
f 2191 	2114 	2192
f 2193 	2113 	2112
f 2115 	2191 	2116
f 2190 	2116 	2191
f 2197 	2104 	2110
f 2243 	2264 	2270
f 2113 	2193 	2114
f 2192 	2114 	2193
f 2139 	2187 	2107
f 2266 	2270 	2264
f 2188 	2108 	2187
f 2107 	2187 	2108
f 2253 	2258 	1681
f 2795 	2273 	2269
f 3306 	3307 	2274
f 2188 	2118 	2108
f 2200 	2119 	2118
f 2200 	2203 	2119
f 2460 	2270 	2266
f 2121 	2119 	2203
f 2274 	3309 	3306
f 2276 	2248 	2243
f 2131 	2209 	2132
f 2210 	2132 	2209
f 2270 	2276 	2243
f 2121 	2203 	2122
f 2205 	2122 	2203
f 3088 	3090 	177
f 2271 	2272 	177
f 2122 	2205 	2130
f 2206 	2130 	2205
f 2260 	2336 	1236
f 2209 	2130 	2206
f 2131 	2130 	2209
f 1098 	2550 	2546
f 1041 	2575 	2253
f 2463 	2276 	2270
f 2562 	2551 	1098
f 2140 	2224 	2217
f 2218 	2213 	2139
f 2275 	1663 	2456
f 2276 	1087 	1058
f 2124 	613 	2126
f 2302 	896 	826
f 2221 	2222 	2149
f 349 	1283 	2382
f 168 	159 	2222
f 1935 	3582 	2232
f 2010 	2240 	3541
f 2218 	2141 	2217
f 2140 	2217 	2141
f 2141 	2218 	2139
f 2072 	2071 	2285
f 2282 	2198 	2283
f 3750 	787 	2034
f 2143 	2132 	2219
f 2132 	2210 	2219
f 787 	786 	2214
f 2143 	2219 	2144
f 2220 	2144 	2219
f 2144 	2220 	2148
f 2221 	2148 	2220
f 779 	2161 	2216
f 2160 	2161 	779
f 2148 	2221 	2149
f 2282 	2293 	2208
f 2278 	2286 	2287
f 1849 	2127 	2285
f 2149 	2222 	159
f 747 	2093 	2208
f 2153 	162 	2224
f 826 	707 	2077
f 779 	778 	2160
f 2153 	2224 	2140
f 2290 	2282 	2289
f 2287 	2286 	2109
f 2289 	2227 	2226
f 2290 	2289 	2226
f 1012 	3297 	1604
f 3 	1604 	2206
f 2166 	795 	794
f 1144 	2565 	2135
f 2226 	2229 	2290
f 799 	1145 	2133
f 2291 	2237 	2102
f 2189 	2377 	2117
f 2293 	2282 	2292
f 2290 	2292 	2282
f 2281 	2868 	2484
f 2283 	2289 	2282
f 2471 	1930 	1918
f 1222 	2471 	1918
f 1121 	1120 	2554
f 2296 	3377 	2295
f 2556 	2565 	1121
f 2280 	2284 	2311
f 2237 	2097 	2102
f 3300 	2298 	1046
f 2290 	2229 	2292
f 2297 	1101 	2202
f 1125 	2202 	1101
f 955 	747 	2292
f 1049 	3303 	1046
f 2318 	2159 	1005
f 2159 	2318 	2316
f 2311 	2880 	2280
f 1089 	2511 	1049
f 1090 	2513 	1096
f 1146 	2303 	2100
f 2303 	2300 	2100
f 2299 	2100 	2300
f 2304 	2305 	2237
f 2291 	2304 	2237
f 1089 	2512 	2511
f 1450 	832 	2306
f 3303 	2484 	2868
f 2553 	2554 	1120
f 2295 	2094 	2096
f 1918 	2296 	2078
f 2109 	2278 	2287
f 2146 	2145 	2316
f 2305 	2264 	2237
f 1112 	2859 	2146
f 2557 	2553 	1066
f 2312 	2033 	2309
f 1004 	1005 	2862
f 2159 	2862 	1005
f 2316 	2145 	2159
f 2100 	2301 	2101
f 2304 	834 	2305
f 3325 	3322 	2313
f 1220 	1112 	2315
f 451 	2137 	1005
f 1069 	1049 	2313
f 2318 	1005 	2137
f 2315 	2316 	1220
f 2137 	1220 	2316
f 2316 	2318 	2137
f 2301 	2299 	3378
f 2300 	3378 	2299
f 2137 	2138 	1220
f 2301 	1220 	2101
f 2305 	2320 	2264
f 2315 	2146 	2316
f 1112 	2146 	2315
f 1301 	2274 	2321
f 1046 	2298 	2314
f 2313 	1046 	2314
f 2314 	2298 	2321
f 1301 	2321 	2298
f 2311 	2317 	2326
f 1214 	1213 	2297
f 2096 	2094 	432
f 2056 	2328 	2329
f 2056 	2329 	2055
f 2325 	2266 	2324
f 2294 	3377 	2297
f 2326 	2322 	2311
f 2319 	2330 	2317
f 1146 	1216 	2303
f 2058 	2332 	2057
f 1078 	2057 	2332
f 2308 	2312 	2354
f 2332 	1079 	1078
f 2324 	2266 	2333
f 1215 	1211 	2303
f 2063 	2064 	2062
f 2063 	2062 	2061
f 2317 	2330 	2326
f 2230 	2330 	2319
f 2354 	1851 	2308
f 1443 	2096 	2327
f 2078 	2096 	1443
f 2364 	2392 	2334
f 2266 	2264 	2333
f 2136 	2230 	2319
f 2260 	1232 	2336
f 3040 	2458 	2340
f 2340 	2335 	2339
f 2296 	2295 	2096
f 2320 	2333 	2264
f 2306 	2308 	1851
f 2101 	1717 	2331
f 2342 	2357 	2344
f 2312 	2309 	2569
f 2336 	1232 	1236
f 2322 	2347 	2337
f 1840 	2306 	1851
f 2352 	2344 	2351
f 2353 	2344 	2352
f 2355 	2344 	2353
f 2356 	2344 	2355
f 2343 	2344 	2356
f 2350 	2351 	2344
f 2341 	2344 	2343
f 2342 	2344 	2341
f 2349 	2350 	2344
f 2325 	2348 	2266
f 598 	3713 	2358
f 2390 	2376 	2334
f 2345 	2363 	2334
f 2403 	2404 	2344
f 2348 	2571 	2266
f 2138 	2360 	2101
f 2326 	2347 	2322
f 2403 	2344 	2357
f 2345 	2344 	2410
f 1717 	2360 	1790
f 2358 	1790 	2360
f 2361 	2347 	2326
f 1710 	2337 	2347
f 2360 	3573 	598
f 2360 	598 	2358
f 2376 	2378 	2334
f 2364 	2334 	2363
f 2366 	2365 	2785
f 2326 	2330 	2361
f 2296 	1918 	2346
f 2096 	2078 	2296
f 2100 	2299 	2301
f 2370 	2372 	2335
f 2372 	2373 	2335
f 2373 	2374 	2335
f 2374 	2375 	2335
f 2375 	2338 	2335
f 2338 	2339 	2335
f 2368 	2370 	2335
f 2367 	2368 	2334
f 2335 	2334 	2368
f 2788 	2371 	2369
f 2230 	2235 	2330
f 2379 	2382 	1283
f 826 	2077 	2288
f 2288 	2302 	826
f 2235 	2361 	2330
f 1322 	1323 	2381
f 2384 	2334 	2383
f 2385 	2334 	2384
f 2386 	2334 	2385
f 2387 	2334 	2386
f 2388 	2334 	2387
f 2389 	2334 	2388
f 2390 	2334 	2389
f 2378 	2367 	2334
f 2278 	1984 	2359
f 2337 	1708 	2265
f 2380 	1359 	2430
f 1332 	1333 	2381
f 2394 	2334 	2392
f 2395 	2334 	2394
f 2396 	2334 	2395
f 2397 	2334 	2396
f 2398 	2334 	2397
f 2399 	2334 	2398
f 2383 	2334 	2399
f 2323 	897 	2302
f 1362 	1363 	2430
f 1360 	1362 	2430
f 2337 	1710 	1708
f 1329 	1332 	2381
f 2323 	2570 	897
f 2361 	1702 	2347
f 2425 	2430 	2401
f 2348 	2325 	910
f 2324 	910 	2325
f 1702 	1710 	2347
f 2324 	2333 	910
f 917 	910 	2333
f 2320 	917 	2333
f 1703 	1702 	2361
f 1851 	2354 	2402
f 2405 	2344 	2404
f 2406 	2344 	2405
f 2407 	2344 	2406
f 2408 	2344 	2407
f 2409 	2344 	2408
f 2410 	2344 	2409
f 2411 	2412 	2345
f 2412 	2415 	2345
f 2415 	2417 	2345
f 2417 	2419 	2345
f 2419 	2431 	2345
f 2431 	2432 	2345
f 2410 	2411 	2345
f 2442 	2362 	2345
f 2235 	1703 	2361
f 2424 	2345 	2423
f 1220 	2189 	89
f 1220 	89 	56
f 2416 	2428 	2414
f 2418 	2428 	2416
f 2420 	2428 	2418
f 2421 	2428 	2420
f 2422 	2428 	2421
f 2414 	2430 	2413
f 2426 	2430 	2425
f 2413 	2430 	2426
f 2393 	2427 	2354
f 2247 	2795 	2246
f 2246 	2795 	2429
f 2422 	2444 	2428
f 2427 	2402 	2354
f 2301 	2377 	1220
f 1220 	2377 	2189
f 2400 	2433 	2393
f 2434 	2345 	2432
f 2435 	2345 	2434
f 2436 	2345 	2435
f 2423 	2345 	2436
f 2437 	2345 	2424
f 2438 	2345 	2437
f 2439 	2345 	2438
f 2440 	2345 	2439
f 2441 	2345 	2440
f 2363 	2345 	2362
f 2442 	2345 	2441
f 1368 	1371 	2430
f 2459 	2428 	2366
f 2305 	917 	2320
f 1939 	2471 	2450
f 2102 	834 	2291
f 2433 	2427 	2393
f 2490 	2491 	2447
f 2457 	2366 	2454
f 2453 	2340 	2455
f 2799 	2433 	2400
f 1930 	2471 	1939
f 2458 	3040 	2446
f 1931 	1918 	1930
f 2444 	2445 	2428
f 2446 	3040 	2449
f 1618 	1298 	1619
f 1293 	1619 	1298
f 1936 	2007 	2443
f 2458 	2455 	2340
f 2335 	2340 	2453
f 114 	2447 	2443
f 2270 	2460 	2463
f 2472 	1022 	2249
f 2366 	1226 	2454
f 2459 	2366 	2457
f 2445 	2366 	2428
f 2799 	2400 	2739
f 2447 	117 	2450
f 2450 	117 	1939
f 2490 	2450 	2471
f 2402 	2467 	1864
f 2473 	2536 	2474
f 2472 	1619 	1293
f 2249 	1619 	2472
f 2402 	2479 	2467
f 2277 	1663 	2275
f 1369 	1380 	2738
f 2536 	2489 	2474
f 2344 	2482 	2349
f 2484 	1049 	2511
f 2481 	2349 	2482
f 2447 	2450 	2490
f 2512 	1096 	2513
f 1234 	1237 	2742
f 2449 	3040 	2462
f 3040 	2541 	2462
f 1322 	2381 	2465
f 1322 	2465 	2466
f 2427 	2479 	2402
f 2478 	2349 	2481
f 2461 	2462 	2539
f 2470 	2537 	2473
f 2487 	2479 	2427
f 1412 	1413 	2486
f 1384 	1387 	2488
f 2549 	2519 	1090
f 2391 	1447 	2250
f 1387 	1388 	2488
f 2493 	1934 	2492
f 2494 	2495 	2496
f 2487 	2427 	2433
f 2492 	1936 	2491
f 1446 	1286 	1447
f 2250 	1447 	2251
f 2507 	2498 	2510
f 1432 	1433 	2510
f 2495 	2494 	2497
f 2494 	3148 	2497
f 1433 	1434 	2510
f 1424 	1425 	2486
f 2443 	2447 	2491
f 1120 	1066 	2553
f 2498 	1429 	2510
f 1429 	1430 	2510
f 2284 	2281 	2484
f 2501 	2509 	2500
f 2502 	2509 	2501
f 2503 	2509 	2502
f 2504 	2509 	2503
f 2505 	2510 	2504
f 2507 	2510 	2506
f 2506 	2510 	2505
f 2496 	2508 	2494
f 2475 	2474 	2489
f 2468 	2537 	2470
f 2379 	2527 	2382
f 2349 	2478 	2489
f 1632 	2467 	2479
f 1536 	1469 	2495
f 2467 	1632 	1634
f 2514 	2515 	2509
f 2496 	2495 	1469
f 2478 	2475 	2489
f 2495 	2497 	1536
f 2500 	2509 	2499
f 2499 	2509 	2515
f 2509 	2504 	2510
f 2365 	2514 	2509
f 2464 	2535 	2468
f 2391 	2452 	1447
f 2513 	1090 	2519
f 2517 	2785 	2518
f 1469 	2870 	2496
f 3064 	1447 	2452
f 2870 	2871 	2496
f 2785 	2365 	2518
f 2517 	2516 	2785
f 2365 	2509 	2521
f 2365 	2521 	2520
f 2520 	2518 	2365
f 2535 	2464 	2539
f 2550 	1098 	2551
f 2524 	1393 	2523
f 1298 	1618 	2251
f 2527 	1862 	2382
f 2541 	2539 	2462
f 2516 	2534 	2785
f 2536 	2473 	2537
f 2538 	2560 	449
f 454 	1600 	456
f 2486 	2488 	2381
f 2555 	2558 	456
f 331 	449 	2563
f 2524 	2465 	2488
f 1597 	1860 	2379
f 1862 	2527 	1860
f 2540 	2158 	2147
f 2537 	2468 	2535
f 2511 	2512 	2311
f 2484 	2511 	2311
f 3133 	2281 	3146
f 2513 	2311 	2512
f 919 	403 	331
f 2284 	2280 	3146
f 2414 	2413 	2504
f 2158 	2540 	1633
f 2540 	2467 	1634
f 3040 	2340 	2544
f 1634 	1633 	2540
f 2519 	2311 	2513
f 693 	685 	2601
f 2317 	2311 	2519
f 2530 	1536 	2529
f 2542 	1536 	2530
f 2542 	2543 	1536
f 2497 	2529 	1536
f 1090 	2546 	2549
f 2543 	282 	1536
f 2339 	2740 	2340
f 772 	3065 	768
f 2338 	2740 	2339
f 2365 	2445 	2514
f 1447 	3065 	771
f 2514 	2445 	2515
f 334 	2508 	2872
f 2871 	2872 	2508
f 2184 	896 	2268
f 2268 	897 	2267
f 2743 	2334 	2335
f 2743 	2335 	2744
f 2335 	2453 	2944
f 2555 	456 	1600
f 2547 	2350 	2349
f 1144 	1136 	2565
f 1136 	1121 	2565
f 2597 	2555 	1600
f 2656 	2780 	1320
f 2770 	2342 	2751
f 2557 	1069 	3323
f 2380 	2486 	2381
f 2751 	2342 	2341
f 2546 	2550 	2317
f 2356 	2355 	2766
f 2430 	2510 	2380
f 2550 	2551 	2317
f 2319 	2317 	2551
f 2549 	2546 	2317
f 2379 	2583 	1597
f 2766 	2355 	2353
f 2519 	2549 	2317
f 2564 	331 	2563
f 2342 	2770 	2357
f 2851 	2850 	1664
f 1663 	1664 	2850
f 2554 	2553 	3673
f 2557 	3673 	2553
f 2425 	2498 	2507
f 2403 	2357 	2892
f 2493 	819 	2716
f 1663 	2823 	1667
f 2771 	2344 	2345
f 2426 	2506 	2413
f 2505 	2413 	2506
f 2568 	2572 	2567
f 2505 	2504 	2413
f 2363 	2773 	2364
f 2499 	2421 	2500
f 2126 	2129 	2319
f 2444 	2422 	2499
f 2619 	2622 	2564
f 2773 	2363 	2362
f 2562 	2124 	2319
f 2124 	2126 	2319
f 2551 	2562 	2319
f 2425 	2507 	2426
f 2506 	2426 	2507
f 2345 	2334 	2743
f 2414 	2504 	2503
f 2556 	3552 	2565
f 2135 	3552 	2133
f 2502 	2418 	2503
f 2502 	2501 	2418
f 2500 	2421 	2501
f 2567 	2572 	2564
f 2401 	1377 	2498
f 857 	2579 	1065
f 2498 	2425 	2401
f 1429 	2498 	1377
f 2597 	2558 	2555
f 863 	2580 	857
f 2560 	2538 	2613
f 2545 	2613 	2538
f 2613 	2563 	2560
f 1126 	1597 	1279
f 2421 	2499 	2422
f 2567 	2564 	2622
f 2568 	2567 	2626
f 2109 	2028 	2278
f 2626 	1984 	2568
f 2456 	3624 	2275
f 2065 	2572 	2028
f 881 	880 	2645
f 2571 	2573 	2574
f 2503 	2416 	2414
f 2649 	2644 	1088
f 2418 	2416 	2503
f 2501 	2420 	2418
f 2421 	2420 	2501
f 2348 	2573 	2571
f 2365 	2366 	2445
f 2445 	2444 	2515
f 331 	2564 	2572
f 2717 	2704 	2706
f 2515 	2444 	2499
f 2569 	2309 	1849
f 2569 	1065 	2579
f 2428 	2509 	2510
f 2428 	2510 	2430
f 2572 	2568 	1984
f 2580 	863 	2582
f 2722 	2723 	2717
f 2591 	2581 	2706
f 2576 	2706 	2581
f 2486 	2380 	2510
f 2580 	2579 	857
f 2517 	2451 	2516
f 2584 	2582 	859
f 1279 	1597 	2583
f 2585 	2571 	2574
f 2516 	2448 	2485
f 2630 	866 	2642
f 2451 	2448 	2516
f 2517 	2518 	2451
f 2454 	2451 	2518
f 2520 	2457 	2518
f 2454 	2518 	2457
f 2457 	2520 	2521
f 2457 	2521 	2459
f 2583 	2379 	1283
f 2428 	2459 	2509
f 2521 	2509 	2459
f 899 	881 	2665
f 2523 	2466 	2465
f 2523 	2465 	2524
f 2567 	2622 	2626
f 2466 	2523 	2525
f 2718 	2460 	2571
f 2381 	2488 	2465
f 1600 	1611 	2597
f 2528 	2476 	2525
f 2545 	2538 	2558
f 2590 	2576 	2581
f 1067 	2257 	1056
f 2485 	2533 	2534
f 2485 	2534 	2516
f 2573 	1197 	2574
f 2466 	2525 	2469
f 2476 	2469 	2525
f 2586 	3759 	2587
f 2528 	2816 	2476
f 3184 	819 	2493
f 2532 	2480 	2477
f 2532 	2477 	2531
f 2278 	2359 	2634
f 2480 	2532 	2483
f 2533 	2483 	2532
f 2483 	2533 	2485
f 2286 	2278 	2634
f 2580 	2582 	2354
f 2569 	2579 	2354
f 2582 	2584 	2354
f 2579 	2580 	2354
f 2308 	2306 	832
f 1717 	1718 	2595
f 2619 	2564 	2563
f 2594 	1755 	2614
f 2024 	2309 	2033
f 1726 	1727 	2595
f 1761 	1762 	2614
f 1756 	1761 	2614
f 2589 	2596 	2643
f 1724 	1726 	2595
f 692 	693 	1611
f 2610 	2614 	2600
f 2597 	1611 	693
f 2598 	2599 	2566
f 2602 	2598 	2566
f 2558 	2597 	2601
f 2581 	2591 	2590
f 2378 	2805 	2367
f 2605 	2612 	2604
f 2606 	2612 	2605
f 2607 	2612 	2606
f 2608 	2612 	2607
f 2609 	2612 	2608
f 2604 	2614 	2603
f 2611 	2614 	2610
f 2603 	2614 	2611
f 2571 	2460 	2266
f 2601 	2545 	2558
f 2127 	1849 	2023
f 2545 	685 	2613
f 2609 	2616 	2612
f 3118 	2699 	2599
f 2809 	2375 	2808
f 2374 	2808 	2375
f 2704 	2590 	2591
f 2613 	685 	2615
f 2571 	2643 	2718
f 1767 	1770 	2614
f 2624 	2612 	2371
f 727 	2668 	333
f 2563 	2613 	2615
f 3759 	3765 	2588
f 1174 	2570 	2578
f 685 	2634 	2615
f 2626 	2622 	2634
f 2578 	2656 	1174
f 2805 	2378 	2811
f 2376 	2811 	2378
f 2615 	2619 	2563
f 2566 	725 	2602
f 2393 	2354 	2584
f 2619 	2615 	2634
f 2623 	2371 	2621
f 2621 	2788 	2620
f 2616 	2617 	2612
f 2570 	1182 	897
f 2622 	2619 	2634
f 2618 	2620 	2788
f 2624 	2371 	2623
f 2617 	2371 	2612
f 2788 	2621 	2371
f 2373 	2817 	2374
f 2596 	2589 	1195
f 1197 	1195 	2585
f 2638 	218 	2636
f 2589 	2585 	1195
f 2585 	2574 	1197
f 2636 	218 	2650
f 2390 	2811 	2376
f 2359 	2626 	2634
f 910 	1197 	2348
f 2590 	2775 	2635
f 2641 	3712 	2640
f 2573 	2348 	1197
f 2651 	2648 	2635
f 2831 	2385 	2384
f 2585 	2643 	2571
f 2644 	2645 	880
f 906 	899 	2665
f 1936 	2492 	1934
f 2485 	2448 	1305
f 880 	1088 	2644
f 2443 	2491 	1936
f 2716 	1932 	2493
f 2731 	2732 	3124
f 2625 	2630 	2393
f 2849 	2852 	2398
f 2630 	2642 	2393
f 2627 	2625 	2393
f 2585 	2589 	2643
f 2584 	2627 	2393
f 2400 	2393 	2642
f 2649 	3745 	2644
f 2645 	2644 	3745
f 1711 	1699 	1725
f 2658 	2689 	921
f 2388 	2834 	2389
f 2987 	2879 	2788
f 1711 	1725 	2648
f 280 	921 	2689
f 2651 	1712 	2648
f 1717 	2595 	2631
f 1717 	2631 	2632
f 2387 	2839 	2388
f 1712 	1711 	2648
f 2660 	1797 	2662
f 2596 	2661 	2643
f 2587 	3119 	3118
f 2651 	1713 	1712
f 2664 	2643 	2661
f 1780 	1784 	2662
f 285 	2689 	997
f 2654 	923 	2653
f 993 	923 	2654
f 923 	2682 	2653
f 2666 	1830 	2679
f 2681 	2683 	2678
f 1792 	1793 	2660
f 1783 	2662 	1804
f 2849 	2398 	2397
f 1831 	1832 	2679
f 2852 	2383 	2399
f 2650 	218 	2652
f 2668 	218 	332
f 285 	280 	2689
f 725 	2059 	2602
f 2399 	2398 	2852
f 2667 	2795 	167
f 1760 	2663 	167
f 2663 	2667 	167
f 2652 	218 	2668
f 332 	333 	2668
f 2672 	2673 	2678
f 2673 	2674 	2678
f 2679 	2678 	2674
f 2674 	2675 	2679
f 2675 	2676 	2679
f 2676 	2677 	2679
f 2677 	2666 	2679
f 1830 	1831 	2679
f 2671 	2672 	2678
f 2670 	2671 	2678
f 2392 	2855 	2394
f 2369 	2681 	2678
f 2669 	2670 	2678
f 2683 	2669 	2678
f 2688 	1207 	2690
f 2642 	2659 	2400
f 2659 	2719 	2400
f 284 	285 	997
f 1207 	2688 	2686
f 2369 	2678 	2692
f 2369 	2692 	2691
f 2691 	2690 	2369
f 297 	284 	997
f 2684 	2685 	2664
f 2694 	1790 	2693
f 2695 	923 	2716
f 2694 	2662 	1790
f 1777 	1663 	2687
f 301 	297 	997
f 2687 	1663 	2680
f 2661 	2684 	2664
f 2703 	1207 	2686
f 9 	4 	2653
f 1790 	2696 	2693
f 2591 	2706 	2704
f 2660 	2662 	2595
f 2719 	2721 	2400
f 2704 	2717 	2705
f 3344 	3351 	2658
f 2682 	18 	2653
f 2685 	2707 	2664
f 2610 	2666 	2677
f 2707 	2712 	2664
f 2411 	2410 	2887
f 2710 	2711 	2708
f 1000 	997 	999
f 2709 	997 	2697
f 2419 	2417 	2889
f 997 	2709 	999
f 2403 	2892 	2404
f 2891 	2404 	2892
f 2593 	2592 	2714
f 2664 	2712 	2730
f 3771 	3711 	2847
f 2588 	2593 	2714
f 2684 	1331 	2685
f 2682 	923 	2695
f 1934 	2493 	1933
f 2897 	2407 	2406
f 2897 	2408 	2407
f 2610 	2677 	2676
f 2606 	2673 	2672
f 831 	1017 	2716
f 2705 	2720 	2704
f 2671 	2606 	2672
f 2404 	2891 	2405
f 2369 	2617 	2681
f 2593 	2588 	3765
f 2592 	2593 	3765
f 2681 	2617 	2683
f 2642 	866 	2659
f 1842 	536 	2939
f 2887 	2410 	2409
f 2887 	2409 	2902
f 2492 	2491 	3210
f 2945 	1843 	2939
f 2659 	1239 	2719
f 2704 	2720 	2590
f 2594 	2660 	2595
f 2747 	1250 	2745
f 2715 	2713 	111
f 2643 	2664 	2725
f 2725 	2718 	2643
f 1776 	1830 	2666
f 2753 	2728 	2722
f 2600 	1776 	2666
f 2722 	2728 	2723
f 2724 	2717 	2723
f 2415 	2911 	2417
f 2675 	2603 	2676
f 2762 	2761 	1289
f 2674 	2604 	2675
f 2913 	2436 	2435
f 2669 	2609 	2670
f 2725 	2664 	2730
f 1289 	1288 	2762
f 2735 	2762 	1288
f 536 	2821 	2939
f 2708 	2733 	2731
f 2436 	2921 	2423
f 3151 	2939 	2821
f 2676 	2611 	2610
f 2711 	2733 	2708
f 2423 	2921 	2424
f 906 	2665 	2737
f 2673 	2604 	2674
f 2671 	2607 	2606
f 2607 	2671 	2670
f 2600 	2666 	2610
f 2930 	2442 	2441
f 2718 	2738 	2460
f 2930 	2362 	2442
f 2739 	2400 	2727
f 2933 	2432 	2431
f 2611 	2676 	2603
f 1074 	1038 	3186
f 2713 	2729 	2726
f 2603 	2675 	2604
f 2434 	2432 	2933
f 2715 	2729 	2713
f 2733 	2929 	2731
f 2608 	2670 	2609
f 1074 	3186 	1075
f 2669 	2683 	2609
f 2727 	2400 	2721
f 2723 	2750 	2720
f 2740 	2544 	2340
f 2460 	2738 	2463
f 2723 	2728 	2750
f 2673 	2605 	2604
f 2606 	2605 	2673
f 2338 	2741 	2740
f 2723 	2720 	2724
f 2705 	2724 	2720
f 2741 	2338 	2809
f 2670 	2608 	2607
f 3745 	3807 	2647
f 2369 	2371 	2617
f 2617 	2616 	2683
f 2737 	3807 	2734
f 2616 	2609 	2683
f 2636 	3029 	2638
f 3030 	2638 	3029
f 2746 	2350 	2547
f 1254 	2745 	1250
f 2612 	2678 	2679
f 2612 	2679 	2614
f 2343 	2749 	2341
f 2748 	2341 	2749
f 3030 	3038 	2638
f 2747 	2727 	1250
f 2614 	2679 	2660
f 2614 	2660 	2594
f 2751 	2341 	2748
f 2636 	2650 	3029
f 2688 	2618 	2686
f 2722 	2752 	2753
f 2718 	2742 	2738
f 2754 	2745 	1254
f 2688 	2620 	2618
f 2690 	2620 	2688
f 2755 	1244 	2756
f 2759 	1103 	1380
f 2725 	2742 	2718
f 2621 	2620 	2690
f 211 	2726 	222
f 2732 	2756 	3125
f 2691 	2623 	2690
f 2621 	2690 	2623
f 2623 	2691 	2692
f 2623 	2692 	2624
f 2725 	2760 	2742
f 3209 	2491 	2490
f 2678 	2612 	2692
f 2624 	2692 	2612
f 2632 	2694 	2693
f 2632 	2693 	2696
f 2730 	2760 	2725
f 2595 	2662 	2694
f 1084 	1085 	2763
f 2763 	1085 	1104
f 1084 	2763 	1086
f 2356 	2764 	2343
f 2749 	2343 	2764
f 2702 	2641 	2701
f 2764 	2356 	2766
f 3017 	1087 	1086
f 1370 	1369 	2738
f 2767 	2352 	2351
f 2767 	2351 	2768
f 2703 	2641 	2702
f 2766 	2353 	2769
f 2750 	2753 	2752
f 2350 	2746 	2351
f 2768 	2351 	2746
f 2738 	2742 	1370
f 1235 	1234 	2742
f 2892 	2357 	2770
f 2745 	2754 	2739
f 2728 	2753 	2750
f 1235 	2742 	2760
f 2352 	2767 	2353
f 2769 	2353 	2767
f 1206 	3213 	1225
f 1469 	1468 	2870
f 2745 	2739 	2747
f 2345 	2772 	2771
f 2756 	2929 	2755
f 2732 	2929 	2756
f 2747 	2739 	2727
f 1229 	3223 	1259
f 2772 	2345 	2743
f 2765 	2739 	2754
f 2773 	2774 	2364
f 2880 	2750 	2752
f 1259 	3236 	1260
f 2758 	2757 	3808
f 2757 	2761 	3808
f 2761 	2762 	3808
f 2735 	3808 	2762
f 2362 	2930 	2776
f 1261 	3236 	1284
f 2362 	2776 	2773
f 1331 	1670 	2707
f 2685 	1331 	2707
f 2726 	2874 	222
f 1448 	3254 	1518
f 2720 	2775 	2590
f 1449 	1284 	3254
f 2805 	2806 	2367
f 2750 	2778 	2720
f 2729 	2881 	2726
f 2694 	2632 	2631
f 2367 	2806 	2368
f 2596 	1195 	2661
f 1331 	2661 	1195
f 2778 	2775 	2720
f 2632 	2696 	2633
f 222 	346 	3412
f 1520 	3288 	1547
f 2698 	2633 	2696
f 2684 	2661 	1331
f 422 	429 	346
f 2338 	2375 	2809
f 2595 	2694 	2631
f 2633 	2698 	2637
f 3707 	2637 	2698
f 2701 	2640 	2639
f 2701 	2639 	2700
f 2775 	2651 	2635
f 2368 	2807 	2370
f 2641 	2640 	2701
f 2778 	2783 	2775
f 2813 	2814 	2370
f 2641 	2703 	2657
f 2782 	2712 	2781
f 2814 	2817 	2372
f 2703 	2686 	2657
f 2686 	2618 	2657
f 187 	2779 	1258
f 2369 	2690 	1207
f 2702 	1008 	1207
f 2703 	2702 	1207
f 2808 	2374 	2817
f 2775 	2783 	2651
f 206 	1378 	2784
f 2781 	2712 	2707
f 1226 	2366 	2785
f 1226 	2785 	1210
f 2265 	2783 	2778
f 1282 	1281 	2784
f 2831 	2384 	2383
f 1207 	2788 	2369
f 2265 	1707 	2783
f 1226 	1294 	2448
f 2448 	2451 	1226
f 2451 	2454 	1226
f 3401 	3452 	1528
f 2651 	2783 	1713
f 2790 	1426 	1613
f 2779 	187 	2765
f 2790 	1613 	1231
f 2783 	1707 	1713
f 2395 	2845 	2396
f 2396 	2844 	2397
f 1530 	3479 	1469
f 3479 	3478 	1468
f 210 	2765 	187
f 2777 	2779 	2765
f 2754 	2777 	2765
f 2533 	2907 	2534
f 2789 	2791 	2792
f 2792 	2791 	2794
f 2364 	2774 	2855
f 2855 	2392 	2364
f 1262 	1263 	3593
f 3396 	1264 	3593
f 1262 	3593 	1264
f 2784 	2787 	1948
f 2787 	2758 	1948
f 3808 	1948 	2758
f 2834 	2835 	2389
f 2796 	2680 	1663
f 2835 	2836 	2389
f 1231 	2785 	2790
f 1235 	1264 	3555
f 2699 	1903 	2566
f 1904 	2566 	1903
f 2739 	2800 	2799
f 1904 	1858 	2566
f 3051 	3049 	2652
f 2577 	2699 	2576
f 2706 	2576 	2699
f 2844 	2396 	2845
f 2739 	2765 	2800
f 321 	2800 	2765
f 2801 	1903 	2699
f 2577 	2801 	2699
f 2782 	2794 	2712
f 321 	2765 	210
f 3285 	2493 	2492
f 2433 	2799 	2802
f 2791 	2712 	2794
f 1014 	2961 	1011
f 2487 	2433 	2802
f 2800 	2804 	2799
f 2799 	2804 	2802
f 2806 	2807 	2368
f 3118 	2586 	2587
f 3148 	2529 	2497
f 321 	329 	2800
f 329 	2804 	2800
f 2588 	2714 	2587
f 1635 	2479 	2487
f 2494 	2508 	3148
f 2793 	2979 	2788
f 2793 	2788 	1233
f 2479 	1635 	1632
f 2813 	2370 	2807
f 3118 	2599 	2586
f 2060 	2812 	2599
f 1636 	1635 	2487
f 455 	2543 	457
f 2372 	2370 	2814
f 2802 	1636 	2487
f 2373 	2372 	2817
f 2818 	2078 	2816
f 2804 	1638 	2802
f 455 	282 	2543
f 2078 	1322 	2469
f 2466 	2469 	1322
f 2390 	2389 	2836
f 1638 	1636 	2802
f 2078 	2469 	2476
f 2476 	2816 	2078
f 2477 	2825 	2819
f 2818 	2819 	2825
f 2480 	2824 	2477
f 352 	1638 	2804
f 2390 	2836 	2811
f 2804 	329 	352
f 2834 	2388 	2839
f 2818 	3696 	2819
f 2386 	2840 	2839
f 2386 	2839 	2387
f 2531 	2477 	3696
f 2819 	3696 	2477
f 2590 	2815 	2576
f 2385 	2831 	2842
f 2829 	896 	2820
f 2820 	896 	2522
f 2386 	2385 	2840
f 2842 	2840 	2385
f 2163 	2164 	2821
f 1294 	1305 	2448
f 2825 	2477 	2824
f 2483 	2822 	2480
f 2801 	2577 	2815
f 2397 	2844 	2846
f 2576 	2815 	2577
f 2824 	2480 	2822
f 2846 	2849 	2397
f 2383 	2852 	2830
f 2789 	2823 	2791
f 2812 	3759 	2586
f 2826 	2791 	2823
f 2394 	2854 	2845
f 2395 	2394 	2845
f 2815 	2828 	1881
f 2827 	896 	2829
f 2635 	2815 	2590
f 2828 	2815 	2635
f 2792 	1667 	2789
f 2648 	2828 	2635
f 2383 	2830 	2831
f 2648 	1725 	2828
f 2833 	2826 	2832
f 2823 	2832 	2826
f 2843 	2860 	2078
f 2853 	2850 	2851
f 2821 	2150 	2163
f 2833 	2850 	2826
f 2394 	2855 	2854
f 2853 	2826 	2850
f 2821 	536 	2150
f 2730 	2712 	2856
f 2887 	2886 	2411
f 2705 	2717 	2724
f 2652 	2864 	3051
f 2412 	2411 	2886
f 2867 	2843 	2078
f 2736 	2752 	2722
f 2526 	177 	2847
f 2159 	2078 	2862
f 2861 	2078 	2860
f 2856 	2712 	2791
f 2791 	2863 	2856
f 2897 	2406 	2898
f 1227 	2859 	1314
f 1112 	1314 	2859
f 430 	431 	177
f 2841 	2847 	177
f 917 	834 	177
f 2837 	2841 	177
f 1003 	2861 	2860
f 2861 	1003 	2862
f 2826 	2863 	2791
f 2866 	2863 	2826
f 2752 	2736 	2865
f 2865 	2736 	2279
f 2736 	48 	2279
f 2902 	2409 	2408
f 2280 	2279 	48
f 2078 	2818 	2867
f 2825 	2867 	2818
f 2872 	2863 	2866
f 2755 	2868 	1244
f 2281 	1244 	2868
f 2853 	2866 	2826
f 2730 	2856 	2870
f 48 	3146 	2280
f 2870 	2760 	2730
f 1549 	1207 	1008
f 2871 	2856 	2863
f 2906 	2898 	2405
f 2871 	2870 	2856
f 3125 	2756 	1244
f 2911 	2415 	2412
f 3125 	3124 	2732
f 2863 	2872 	2871
f 2889 	2417 	2911
f 3222 	2877 	3218
f 1468 	1479 	2870
f 2893 	2873 	2956
f 2508 	2496 	2871
f 2895 	2964 	2896
f 222 	2874 	346
f 2710 	2708 	3141
f 2883 	1426 	2790
f 1657 	1320 	2780
f 2877 	2875 	2838
f 2874 	1841 	346
f 2912 	2534 	2878
f 2916 	2785 	2912
f 2786 	1658 	2780
f 2780 	1658 	1657
f 2726 	2881 	2874
f 2913 	2435 	2434
f 3141 	3144 	2710
f 2838 	3218 	2877
f 2810 	1655 	2786
f 2786 	1655 	1658
f 2534 	2912 	2785
f 2984 	2641 	2985
f 1656 	2810 	2848
f 2810 	1656 	1655
f 3001 	2989 	2788
f 2985 	2657 	2879
f 2850 	2833 	1663
f 2832 	1663 	2833
f 2923 	2424 	2921
f 2832 	2823 	1663
f 2789 	1667 	2823
f 2437 	2424 	2923
f 2440 	2925 	2441
f 225 	349 	2881
f 2880 	2752 	2865
f 2781 	1670 	2782
f 2881 	2729 	225
f 2794 	2782 	1670
f 2441 	2925 	2930
f 2933 	2431 	2934
f 2419 	2888 	2431
f 2279 	2280 	2880
f 2865 	2279 	2880
f 2798 	3199 	2797
f 2888 	2419 	2889
f 2890 	2412 	2886
f 2797 	3114 	2803
f 2894 	2778 	2750
f 2880 	2894 	2750
f 2899 	2408 	2897
f 2894 	2880 	2322
f 2902 	2408 	2899
f 2924 	2883 	2785
f 2896 	2076 	2903
f 2934 	2431 	2888
f 2311 	2322 	2880
f 2405 	2891 	2906
f 2265 	2778 	2894
f 2878 	2534 	2907
f 2406 	2405 	2898
f 2322 	2337 	2894
f 2337 	2265 	2894
f 2910 	3186 	2909
f 2908 	2909 	3186
f 2412 	2890 	2911
f 3191 	3199 	2798
f 2059 	2060 	2598
f 2599 	2598 	2060
f 2812 	2586 	2599
f 2913 	2434 	2915
f 2916 	2919 	2785
f 2598 	2602 	2059
f 2917 	2436 	2913
f 3186 	2910 	3200
f 2437 	2920 	2438
f 2918 	2438 	2920
f 2919 	2922 	2785
f 3600 	2910 	2763
f 2909 	2763 	2910
f 2922 	2924 	2785
f 2884 	2914 	2885
f 2914 	3139 	2885
f 2921 	2436 	2917
f 1086 	2763 	2908
f 2920 	2437 	2923
f 2925 	2440 	2926
f 3168 	2883 	2924
f 491 	2901 	2900
f 2900 	2905 	491
f 2438 	2918 	2439
f 2927 	2439 	2918
f 2710 	2592 	3765
f 2927 	2926 	2439
f 2440 	2439 	2926
f 2733 	2711 	2929
f 2732 	2731 	2929
f 2895 	2896 	2876
f 2903 	2876 	2896
f 2879 	2987 	2878
f 2434 	2933 	2915
f 2446 	2941 	2959
f 3731 	3732 	2929
f 2929 	2868 	2755
f 2904 	3725 	2984
f 2941 	2446 	2449
f 2941 	2449 	2943
f 2744 	2335 	2944
f 2879 	2878 	2907
f 2944 	2453 	2455
f 2944 	2455 	2958
f 2458 	2959 	2455
f 2958 	2455 	2959
f 2912 	2987 	2916
f 2959 	2458 	2446
f 2065 	2286 	3380
f 2919 	2916 	2989
f 3003 	2922 	2919
f 3003 	3005 	2922
f 2924 	2922 	3005
f 2884 	2928 	2914
f 2935 	2876 	2903
f 2932 	2940 	2931
f 2928 	2931 	2914
f 2979 	2793 	1659
f 2940 	2914 	2931
f 212 	2937 	2936
f 2936 	2938 	212
f 212 	2938 	2901
f 491 	205 	2901
f 2893 	2876 	2873
f 2895 	2876 	2893
f 2904 	2984 	2907
f 3406 	2948 	2947
f 2903 	2076 	2950
f 2970 	2462 	2461
f 2955 	2951 	2961
f 2464 	2973 	2461
f 2970 	2461 	2973
f 2468 	2974 	2973
f 2468 	2973 	2464
f 2470 	2975 	2468
f 2912 	2878 	2987
f 2990 	1654 	480
f 2470 	2473 	2975
f 2976 	2975 	2473
f 2976 	2473 	2977
f 2474 	2977 	2473
f 481 	482 	2963
f 2475 	2977 	2474
f 2961 	1014 	2946
f 2965 	2990 	481
f 2963 	2965 	481
f 2943 	2449 	2462
f 2478 	2980 	2475
f 2962 	487 	2967
f 2481 	2980 	2478
f 2982 	2981 	2481
f 2982 	2481 	2482
f 487 	488 	2967
f 2968 	2967 	488
f 2482 	2771 	2982
f 2344 	2771 	2482
f 2893 	2956 	2964
f 2462 	2970 	2971
f 2968 	488 	2972
f 2989 	2916 	2987
f 2882 	1033 	2951
f 2974 	2468 	2975
f 2940 	2948 	2969
f 2947 	2948 	2940
f 2932 	2947 	2940
f 2978 	2977 	2475
f 2952 	2969 	2948
f 2475 	2980 	2978
f 1937 	2935 	1924
f 2943 	2462 	2971
f 3536 	2979 	3347
f 2980 	2481 	2981
f 488 	3148 	2972
f 237 	2957 	2954
f 2953 	212 	2954
f 2937 	212 	2953
f 237 	2954 	212
f 677 	2983 	2349
f 2547 	2349 	2983
f 3005 	2788 	2979
f 744 	621 	3002
f 2489 	744 	3002
f 2489 	2536 	744
f 766 	765 	2535
f 3099 	2965 	2963
f 3099 	2963 	2962
f 3099 	2962 	2967
f 2967 	2968 	3099
f 334 	2872 	2972
f 2539 	767 	2535
f 2972 	3099 	2968
f 2907 	2984 	2985
f 237 	2969 	2957
f 2952 	2957 	2969
f 2985 	2879 	2907
f 2903 	2950 	2935
f 3099 	2972 	2872
f 2950 	2949 	2935
f 3107 	2668 	2988
f 2541 	2988 	2539
f 2657 	2788 	2879
f 2991 	2992 	2993
f 2991 	2993 	2994
f 2914 	2998 	2986
f 480 	481 	2990
f 2349 	2997 	3014
f 2989 	2987 	2788
f 2788 	3005 	3003
f 2999 	2349 	3000
f 3002 	3000 	2349
f 2990 	2965 	3100
f 2949 	1924 	2935
f 2919 	2989 	3001
f 1650 	1654 	3100
f 3001 	2788 	3003
f 2940 	2998 	2914
f 2919 	3001 	3003
f 3004 	2998 	2940
f 1668 	1651 	3283
f 2969 	3004 	2940
f 2054 	2042 	3287
f 2452 	999 	3064
f 2709 	3064 	999
f 3287 	3792 	2052
f 3002 	2349 	2489
f 3012 	2882 	3011
f 2869 	3009 	3006
f 2986 	2998 	3013
f 3010 	3011 	2951
f 3013 	3008 	2986
f 3101 	3020 	2966
f 2882 	2951 	3011
f 3004 	3015 	2998
f 3007 	3010 	2951
f 3015 	3013 	2998
f 2908 	3186 	3017
f 3186 	2882 	3017
f 3016 	3017 	2882
f 2876 	3009 	2869
f 3012 	3016 	2882
f 2876 	3018 	3009
f 2069 	1428 	1445
f 1060 	1061 	3010
f 2999 	2997 	2349
f 2996 	3014 	2997
f 2995 	3014 	2996
f 3203 	3121 	1759
f 3007 	3039 	3010
f 1760 	1759 	3130
f 3007 	2951 	3019
f 3013 	1675 	3008
f 933 	677 	3014
f 2349 	3014 	677
f 2955 	3019 	2951
f 1675 	1674 	3008
f 2539 	2988 	767
f 2996 	702 	2995
f 1652 	1675 	3013
f 2997 	704 	2996
f 3013 	3015 	1652
f 3002 	621 	3000
f 3019 	3039 	3007
f 3023 	3024 	897
f 3021 	897 	3024
f 2991 	2988 	2541
f 2988 	2991 	2994
f 2876 	2935 	3018
f 3024 	443 	3021
f 3022 	3021 	473
f 443 	473 	3021
f 2935 	1937 	1965
f 1991 	3345 	1305
f 1841 	2874 	2881
f 1709 	3035 	1664
f 1965 	3018 	2935
f 3029 	3049 	3040
f 2851 	3035 	2853
f 3036 	2853 	3035
f 1207 	3026 	3025
f 3107 	2864 	2668
f 3036 	3092 	2853
f 3092 	2866 	2853
f 3043 	1207 	1535
f 1061 	1057 	3011
f 3006 	3009 	3037
f 3049 	3051 	3040
f 1060 	3010 	3039
f 3036 	3035 	3041
f 3025 	3031 	1207
f 3033 	1207 	3031
f 3040 	1207 	3033
f 3033 	3038 	3040
f 3006 	3037 	3034
f 2955 	2961 	3019
f 3026 	1207 	3043
f 3018 	3044 	3009
f 3048 	2964 	3047
f 3044 	3037 	3009
f 2961 	2946 	3019
f 2964 	2956 	3047
f 3018 	3080 	3044
f 3039 	3019 	2946
f 3042 	3039 	2946
f 3055 	1209 	3040
f 1207 	3040 	1209
f 3056 	3050 	3054
f 1965 	3080 	3018
f 3046 	3047 	2956
f 3052 	3046 	2956
f 2650 	3049 	3029
f 3027 	446 	3057
f 1695 	3032 	1696
f 3037 	1640 	3034
f 2945 	3042 	2946
f 3058 	3059 	2964
f 3048 	3058 	2964
f 214 	3033 	213
f 3031 	213 	3033
f 3054 	3036 	3056
f 423 	427 	3057
f 2964 	3059 	2076
f 3060 	3057 	427
f 3041 	3061 	3036
f 3061 	3056 	3036
f 216 	2638 	3038
f 3038 	3033 	216
f 214 	216 	3033
f 3173 	3060 	611
f 2650 	2652 	3049
f 2249 	2251 	2857
f 2858 	2857 	2251
f 2864 	3053 	3051
f 2857 	1619 	2249
f 2328 	3069 	2329
f 3066 	2329 	3069
f 3052 	2956 	3068
f 1011 	2961 	2951
f 3067 	3068 	2942
f 3073 	3067 	2942
f 1696 	3045 	3071
f 2951 	1015 	1011
f 3068 	2956 	2942
f 3074 	3331 	3075
f 1015 	2951 	1016
f 2864 	3066 	3053
f 3069 	3053 	3066
f 3186 	1034 	2882
f 3038 	3030 	3040
f 3165 	3163 	3058
f 3030 	3029 	3040
f 3053 	3040 	3051
f 3053 	3069 	2991
f 2991 	2541 	3053
f 3040 	3053 	2541
f 2464 	2461 	2539
f 2544 	3055 	3040
f 3048 	3165 	3058
f 288 	2057 	286
f 1078 	286 	2057
f 3158 	3156 	3068
f 1082 	3078 	288
f 3078 	3087 	288
f 3050 	3076 	3054
f 3076 	3077 	3054
f 3201 	3054 	3077
f 3054 	3093 	3036
f 1644 	1640 	3037
f 1644 	3037 	3044
f 3073 	2942 	3117
f 1645 	1644 	3044
f 2803 	3117 	2942
f 3080 	1645 	3044
f 1629 	1645 	3080
f 2017 	2071 	694
f 3079 	3078 	1082
f 3079 	1082 	1081
f 2267 	897 	3083
f 3082 	3083 	897
f 2858 	3078 	3079
f 2858 	3079 	2857
f 2071 	2017 	1791
f 1055 	1446 	3085
f 3086 	3085 	1446
f 3077 	3084 	3201
f 3086 	1446 	3014
f 755 	3014 	1446
f 755 	916 	3014
f 3095 	3230 	3075
f 3084 	3089 	3201
f 3087 	1618 	3091
f 1619 	3091 	1618
f 3078 	2858 	3087
f 1618 	3087 	2858
f 3177 	3178 	2180
f 3093 	3092 	3036
f 3094 	3086 	3014
f 2995 	3094 	3014
f 2992 	2991 	3087
f 2991 	3069 	3087
f 3069 	2057 	3087
f 2328 	2056 	3069
f 3059 	3177 	2186
f 2180 	2186 	3177
f 2064 	2063 	3069
f 288 	3087 	2057
f 2063 	2057 	3069
f 2064 	3069 	2056
f 2877 	3222 	2875
f 3099 	2872 	2866
f 3533 	3388 	2759
f 1104 	3600 	2763
f 3092 	3099 	2866
f 2993 	2992 	3091
f 3087 	3091 	2992
f 3131 	3346 	3145
f 3129 	3346 	3131
f 2909 	2908 	2763
f 3100 	3099 	3092
f 1057 	1058 	3016
f 2885 	3145 	3368
f 3105 	1426 	2883
f 2966 	3611 	3101
f 3093 	3100 	3092
f 1086 	2908 	3017
f 2842 	2831 	2743
f 2773 	2772 	2774
f 2776 	2772 	2773
f 2930 	2772 	2776
f 3011 	3010 	1061
f 3345 	3530 	2822
f 2836 	2743 	2811
f 2817 	2814 	2744
f 2811 	2743 	2805
f 2808 	2817 	2744
f 2805 	2743 	2806
f 2809 	2808 	2744
f 2814 	2813 	2744
f 2743 	2744 	2807
f 2806 	2743 	2807
f 3016 	3012 	1057
f 3136 	3684 	3103
f 2840 	2842 	2743
f 2839 	2840 	2743
f 2834 	2839 	2743
f 2831 	2830 	2743
f 2852 	2849 	2743
f 2382 	1841 	2881
f 1651 	1650 	3100
f 1666 	1665 	3283
f 2830 	2852 	2743
f 2846 	2844 	2743
f 2849 	2846 	2743
f 2844 	2845 	2743
f 2845 	2854 	2743
f 2772 	2743 	2854
f 2855 	2772 	2854
f 2774 	2772 	2855
f 2382 	2881 	349
f 2926 	2772 	2925
f 1656 	3032 	1695
f 2848 	3032 	1656
f 3101 	43 	3020
f 3120 	3095 	3098
f 3045 	1696 	3032
f 3071 	1697 	1696
f 3101 	3081 	43
f 2925 	2772 	2930
f 2927 	2772 	2926
f 2918 	2772 	2927
f 2888 	2772 	2934
f 2920 	2772 	2918
f 2923 	2772 	2920
f 2921 	2772 	2923
f 2917 	2772 	2921
f 2917 	2913 	2772
f 2913 	2915 	2772
f 2915 	2933 	2772
f 2934 	2772 	2933
f 3088 	3843 	3090
f 3620 	43 	3081
f 2944 	2958 	2544
f 2652 	2668 	2864
f 767 	2988 	2668
f 3096 	3097 	3095
f 3075 	3096 	3095
f 1208 	3055 	3106
f 1209 	3055 	1208
f 2699 	3108 	2706
f 3109 	2706 	3108
f 3203 	1697 	3071
f 3097 	3098 	3095
f 3115 	2803 	3114
f 3112 	2706 	3111
f 3113 	3114 	2797
f 3110 	3113 	2797
f 3109 	3111 	2706
f 1706 	1704 	3077
f 3076 	1706 	3077
f 3102 	3104 	660
f 3084 	1704 	3089
f 3084 	3077 	1704
f 3116 	3117 	2803
f 3115 	3116 	2803
f 3105 	2883 	3189
f 2544 	225 	3055
f 3108 	2699 	3119
f 3234 	3235 	3116
f 3076 	3050 	1706
f 3061 	1709 	3056
f 3050 	3056 	1706
f 1709 	1706 	3056
f 3116 	3115 	3234
f 3114 	3234 	3115
f 3118 	3119 	2699
f 2566 	2599 	2699
f 3061 	3041 	1709
f 3041 	3035 	1709
f 2851 	1664 	3035
f 1468 	1469 	3479
f 2741 	2809 	2744
f 2944 	2544 	2744
f 2741 	2744 	2740
f 3126 	2736 	3125
f 2749 	2764 	2771
f 3097 	3341 	3098
f 2886 	2887 	2772
f 3125 	2736 	2722
f 3124 	3125 	2722
f 3128 	3124 	2722
f 2835 	2834 	2743
f 2813 	2807 	2744
f 2272 	3088 	177
f 3090 	3070 	177
f 3070 	3272 	177
f 3132 	3133 	2736
f 3126 	3132 	2736
f 3146 	48 	3133
f 2771 	2772 	2887
f 2748 	2771 	2751
f 2749 	2771 	2748
f 2764 	2766 	2771
f 2766 	2769 	2771
f 2769 	2767 	2771
f 2767 	2768 	2771
f 2746 	2771 	2768
f 2547 	2771 	2746
f 1244 	3133 	3132
f 2956 	3153 	2942
f 3137 	2942 	3138
f 2836 	2835 	2743
f 3132 	3126 	1244
f 3125 	1244 	3126
f 2889 	2772 	2888
f 3189 	3147 	3105
f 3110 	3207 	3113
f 3117 	3160 	3073
f 1394 	3557 	3556
f 3120 	3129 	3139
f 3098 	3127 	3120
f 3127 	3129 	3120
f 3143 	3167 	3140
f 3131 	3139 	3129
f 3128 	2722 	3142
f 3141 	3142 	2717
f 3144 	3141 	2717
f 2890 	2772 	2911
f 2911 	2772 	2889
f 2886 	2772 	2890
f 2887 	2902 	2771
f 2902 	2899 	2771
f 2899 	2897 	2771
f 2897 	2898 	2771
f 2898 	2906 	2771
f 2906 	2891 	2771
f 2891 	2892 	2771
f 2892 	2770 	2771
f 2751 	2771 	2770
f 665 	3135 	3134
f 3134 	3136 	665
f 1570 	1558 	3409
f 2717 	3142 	2722
f 2736 	3133 	48
f 1428 	1981 	1972
f 2958 	2959 	2544
f 2941 	2943 	349
f 1283 	349 	2943
f 1450 	2123 	1445
f 2740 	2744 	2544
f 2959 	2941 	349
f 453 	2530 	3148
f 2529 	3148 	2530
f 2309 	2024 	1849
f 3131 	3145 	3139
f 2530 	453 	2542
f 457 	2542 	453
f 2982 	2547 	2981
f 2771 	2547 	2982
f 3145 	2885 	3139
f 334 	2972 	3148
f 2547 	2983 	2981
f 2971 	1283 	2943
f 2970 	1269 	2971
f 2508 	334 	3148
f 3144 	3112 	2710
f 2905 	3135 	491
f 665 	491 	3135
f 3012 	3011 	1057
f 3112 	3144 	2717
f 2162 	1028 	3042
f 2164 	3151 	2821
f 1997 	2240 	2010
f 3120 	3152 	3095
f 3152 	3150 	3095
f 3112 	2717 	2706
f 3154 	2956 	2873
f 2162 	3042 	3151
f 2162 	3151 	2164
f 3139 	3155 	3120
f 2980 	2981 	2983
f 2956 	3154 	3153
f 2281 	3133 	1244
f 2945 	2939 	3151
f 3042 	2945 	3151
f 2284 	3146 	2281
f 3155 	3152 	3120
f 2973 	830 	2970
f 2986 	3155 	3139
f 3047 	3046 	3166
f 2986 	3008 	3155
f 1271 	2971 	1270
f 2942 	3232 	2803
f 2914 	2986 	3139
f 3142 	2708 	3128
f 3128 	2708 	3124
f 3065 	1447 	3064
f 1618 	2858 	2251
f 3150 	3161 	3159
f 2592 	2710 	3112
f 3154 	2873 	2869
f 3153 	3154 	2869
f 3138 	3153 	2869
f 2876 	2869 	2873
f 2592 	3112 	2714
f 3111 	2714 	3112
f 3158 	3160 	3839
f 3160 	3149 	3839
f 3838 	3839 	3149
f 3152 	3161 	3150
f 2572 	3175 	331
f 3162 	3161 	3152
f 3108 	3119 	2714
f 2587 	2714 	3119
f 2895 	2893 	2964
f 1682 	3159 	3161
f 3111 	3109 	2714
f 3109 	3108 	2714
f 3163 	3164 	3059
f 3164 	3177 	3059
f 3059 	3058 	3163
f 3162 	3152 	3155
f 3157 	3840 	3166
f 3164 	3163 	3840
f 3163 	3165 	3840
f 2838 	1025 	3218
f 3155 	3008 	3162
f 1759 	3121 	3130
f 2239 	2215 	1315
f 1684 	3159 	1682
f 2239 	1315 	1972
f 831 	2716 	819
f 3162 	1673 	3161
f 1673 	1682 	3161
f 1674 	1673 	3162
f 2790 	2785 	2883
f 3008 	1674 	3162
f 680 	849 	2983
f 680 	2983 	677
f 3143 	3172 	3167
f 3172 	3170 	3167
f 2976 	1052 	2975
f 3020 	3250 	2966
f 1443 	198 	145
f 2978 	2983 	2977
f 331 	1006 	919
f 2978 	2980 	2983
f 1270 	2971 	1269
f 2977 	2983 	2976
f 2975 	821 	2974
f 828 	2973 	827
f 824 	2974 	821
f 3356 	3065 	2697
f 2983 	1052 	2976
f 825 	2974 	824
f 827 	2974 	825
f 2687 	3170 	1777
f 3159 	1684 	3174
f 1684 	1683 	3174
f 2572 	2065 	3175
f 830 	2973 	828
f 2181 	2180 	3178
f 3171 	3023 	897
f 2974 	827 	2973
f 2181 	3178 	1935
f 2492 	3210 	3285
f 3840 	3393 	3164
f 1044 	1048 	2983
f 1044 	2983 	1042
f 1048 	1050 	2983
f 1051 	1052 	2983
f 3177 	3164 	3393
f 3285 	3184 	2493
f 3175 	2065 	3380
f 1056 	2983 	849
f 3847 	3844 	3088
f 3168 	3189 	2883
f 3190 	3192 	3188
f 2983 	1056 	1042
f 3311 	1006 	331
f 3183 	177 	3173
f 1051 	2983 	1050
f 3311 	3317 	1006
f 1053 	2975 	1052
f 2798 	2797 	3191
f 821 	2975 	1053
f 3187 	177 	3183
f 3191 	3196 	3190
f 2575 	1041 	1056
f 3595 	3594 	3202
f 3194 	3202 	3594
f 3104 	3595 	3202
f 1278 	1283 	1273
f 1271 	1272 	2971
f 1283 	2971 	1272
f 3143 	3140 	1777
f 3140 	3123 	1781
f 3122 	1781 	3123
f 2797 	3199 	3110
f 1781 	1777 	3140
f 3193 	3197 	647
f 3197 	3546 	647
f 1268 	2970 	830
f 1269 	2970 	1268
f 3122 	3252 	1781
f 3194 	3193 	647
f 1272 	1273 	1283
f 1075 	3186 	3200
f 3147 	3189 	3354
f 3194 	660 	3202
f 647 	660 	3194
f 1278 	1279 	1283
f 2689 	2658 	3351
f 3202 	660 	3104
f 3136 	3103 	665
f 660 	665 	3103
f 1041 	1042 	1056
f 823 	819 	3184
f 865 	3200 	3204
f 3205 	3206 	3231
f 3195 	2797 	3198
f 3176 	699 	3171
f 592 	3171 	699
f 1283 	1279 	2583
f 592 	3023 	3171
f 3221 	2803 	3233
f 2942 	3137 	3232
f 3207 	3110 	3199
f 3210 	2491 	3209
f 682 	699 	3180
f 3176 	3180 	699
f 2544 	2959 	349
f 355 	611 	3060
f 611 	600 	3173
f 3173 	594 	3183
f 225 	2544 	349
f 3207 	3199 	3190
f 3191 	3190 	3199
f 3400 	145 	3269
f 2988 	2994 	3107
f 3066 	2864 	2994
f 3188 	3181 	3211
f 3211 	3208 	3188
f 3190 	3188 	3208
f 3208 	3207 	3190
f 237 	3811 	2969
f 3196 	2969 	3192
f 3107 	2994 	2864
f 3195 	2969 	3196
f 3195 	3198 	2969
f 3215 	2969 	3198
f 167 	3718 	897
f 3263 	897 	3022
f 3176 	3171 	897
f 3022 	897 	3021
f 1204 	3204 	3213
f 910 	917 	177
f 3181 	3185 	3212
f 3179 	3214 	3185
f 3214 	3212 	3185
f 3212 	3211 	3181
f 3216 	3214 	3179
f 3217 	3222 	3218
f 3220 	2803 	3221
f 3060 	3173 	177
f 2076 	2896 	2964
f 2949 	2950 	2076
f 1310 	2949 	2076
f 3238 	3113 	3226
f 1619 	2857 	3091
f 1315 	2211 	1310
f 198 	21 	3240
f 2857 	3079 	3091
f 3219 	3220 	3215
f 3198 	3219 	3215
f 2012 	1697 	3203
f 3223 	1225 	3213
f 3220 	3221 	3215
f 3229 	3215 	3221
f 933 	675 	677
f 675 	933 	918
f 3330 	2875 	3222
f 3231 	3201 	3205
f 1204 	3213 	1205
f 3228 	80 	3225
f 3228 	3818 	80
f 2212 	1310 	2211
f 3344 	2658 	2655
f 2212 	1924 	1310
f 3227 	3072 	3230
f 3072 	3074 	3230
f 3074 	3075 	3230
f 3330 	3222 	3217
f 3237 	3230 	3150
f 1997 	3169 	2240
f 3150 	3159 	3237
f 2232 	2233 	2005
f 2006 	2005 	2233
f 2994 	3241 	3066
f 3221 	3233 	3229
f 3275 	3066 	3239
f 3095 	3150 	3230
f 2006 	2233 	3169
f 3243 	3241 	2994
f 3233 	3232 	3229
f 3137 	3229 	3232
f 3137 	3138 	3229
f 2869 	3229 	3138
f 2232 	2005 	2181
f 3239 	3066 	3241
f 3238 	3226 	3838
f 80 	3838 	3226
f 3234 	3238 	3838
f 3215 	3242 	2969
f 3236 	1259 	3223
f 3242 	3004 	2969
f 3229 	3245 	3215
f 3245 	3242 	3215
f 3274 	3269 	3240
f 2993 	3256 	2994
f 3089 	3205 	3201
f 3006 	3229 	2869
f 3229 	3006 	3245
f 3004 	3246 	3015
f 2993 	3249 	3258
f 3248 	3250 	3244
f 3242 	3246 	3004
f 3165 	3048 	3047
f 3247 	3246 	3242
f 3182 	145 	198
f 3245 	3247 	3242
f 3123 	3255 	3122
f 3248 	2966 	3250
f 3245 	3034 	3247
f 3256 	2993 	3258
f 3122 	3255 	3252
f 3245 	3006 	3034
f 3243 	2994 	3256
f 3230 	3251 	3227
f 3015 	3246 	1648
f 3206 	3257 	3231
f 3257 	3252 	3231
f 3015 	1648 	1652
f 3249 	2993 	3259
f 1649 	1648 	3246
f 3231 	3252 	3255
f 3811 	3188 	3192
f 3247 	1649 	3246
f 3123 	3140 	3255
f 3196 	3191 	3195
f 3182 	198 	3269
f 3247 	3034 	1653
f 2797 	3195 	3191
f 3167 	3255 	3140
f 3192 	3190 	3196
f 3247 	1653 	1649
f 198 	3240 	3269
f 3198 	2797 	3219
f 3254 	1284 	3236
f 3262 	2993 	1866
f 3261 	3259 	2993
f 3219 	2797 	3220
f 2803 	3220 	2797
f 1260 	3236 	1261
f 3034 	1640 	1653
f 3260 	3054 	3201
f 3233 	2803 	3232
f 3250 	3020 	3244
f 3261 	2993 	3262
f 3260 	3093 	3054
f 3063 	897 	3265
f 3265 	897 	3264
f 3201 	3266 	3260
f 3224 	3227 	3251
f 473 	3263 	3022
f 3251 	3477 	3253
f 3224 	3251 	3253
f 3282 	3066 	3267
f 3231 	3266 	3201
f 3270 	3266 	3231
f 3273 	3267 	3066
f 3251 	3268 	3299
f 3273 	3066 	3275
f 3271 	1518 	3254
f 3237 	3268 	3251
f 43 	3244 	3020
f 3231 	3255 	3270
f 1449 	3254 	1448
f 3282 	3280 	3066
f 2329 	3066 	3277
f 3278 	3277 	3280
f 473 	3277 	3278
f 3230 	3237 	3251
f 3277 	3066 	3280
f 3255 	3791 	3270
f 3283 	3100 	3093
f 2032 	1666 	3283
f 3284 	3304 	3268
f 3093 	3260 	3283
f 3284 	3279 	3304
f 3274 	3400 	3269
f 3266 	3286 	3260
f 1865 	3091 	1872
f 3174 	3284 	3268
f 3286 	3283 	3260
f 1866 	2993 	3091
f 3091 	1865 	1866
f 3027 	177 	3028
f 3057 	177 	3027
f 3174 	1683 	3284
f 3270 	3287 	3266
f 3091 	1888 	1872
f 3268 	3237 	3174
f 3281 	3028 	177
f 3276 	3281 	177
f 3272 	3276 	177
f 2195 	2271 	177
f 3237 	3159 	3174
f 3138 	2942 	3153
f 3263 	3264 	897
f 2008 	1888 	3091
f 1686 	1685 	3279
f 383 	896 	408
f 3284 	1686 	3279
f 1519 	3271 	1520
f 2522 	896 	2548
f 3063 	3082 	897
f 2548 	896 	2552
f 3288 	1520 	3271
f 2195 	177 	2561
f 3373 	3330 	3289
f 3284 	1683 	1686
f 2559 	177 	2526
f 1667 	1670 	177
f 1519 	1518 	3271
f 2008 	3091 	2073
f 2559 	2561 	177
f 3060 	177 	3057
f 3176 	897 	3180
f 3266 	3287 	3286
f 1550 	1547 	3288
f 2077 	2073 	3091
f 3079 	2302 	3091
f 3293 	1062 	3337
f 1550 	3288 	1558
f 3290 	3244 	43
f 3294 	1558 	3288
f 2042 	2041 	3286
f 2041 	2045 	3286
f 2077 	3091 	2288
f 2042 	3286 	3287
f 823 	3184 	3297
f 68 	89 	3209
f 3285 	3210 	3297
f 2288 	3091 	2302
f 3157 	3166 	3046
f 3156 	3157 	3046
f 3184 	3285 	3297
f 340 	1007 	3313
f 3166 	3165 	3047
f 1781 	3252 	2015
f 2302 	3079 	2323
f 3257 	2015 	3252
f 3046 	3052 	3156
f 3052 	3068 	3156
f 3089 	1704 	3205
f 89 	3297 	3210
f 3160 	3158 	3067
f 3068 	3067 	3158
f 21 	520 	3240
f 3257 	3206 	2015
f 3205 	2015 	3206
f 3209 	89 	3210
f 3117 	3116 	3235
f 3395 	3466 	3299
f 3067 	3073 	3160
f 3149 	3160 	3117
f 3301 	2298 	3300
f 585 	3390 	520
f 3235 	3149 	3117
f 3079 	1081 	2570
f 3114 	3113 	3238
f 3225 	3226 	3113
f 3300 	1046 	3303
f 3114 	3238 	3234
f 3303 	1049 	2484
f 3304 	3302 	3298
f 3339 	3302 	3308
f 1007 	841 	3320
f 2323 	3079 	2570
f 3228 	3225 	3207
f 3113 	3207 	3225
f 3322 	3323 	1069
f 1066 	1069 	2557
f 3304 	3279 	3302
f 3299 	3304 	3298
f 2313 	2314 	3325
f 520 	3390 	3240
f 2578 	1081 	2656
f 3181 	234 	3185
f 3268 	3304 	3299
f 3318 	3316 	2002
f 2321 	2274 	3327
f 3307 	3327 	2274
f 3188 	3811 	3181
f 237 	3181 	3811
f 3327 	3324 	2321
f 2578 	2570 	1081
f 3310 	2143 	3357
f 3358 	2143 	3310
f 3308 	3578 	3339
f 3818 	3228 	3208
f 3207 	3208 	3228
f 3308 	3302 	3279
f 3812 	3813 	3212
f 3360 	3361 	1945
f 3336 	3333 	3293
f 3813 	3814 	3211
f 3279 	1685 	3308
f 3297 	89 	2222
f 1685 	1688 	3308
f 3336 	3293 	3337
f 1081 	2780 	2656
f 169 	168 	89
f 3212 	3214 	3812
f 3815 	3812 	3214
f 3175 	3311 	331
f 1080 	2786 	1081
f 3214 	3216 	3815
f 3567 	459 	2867
f 2786 	2780 	1081
f 3337 	1062 	3338
f 3563 	3560 	2825
f 3578 	3308 	1688
f 3216 	3714 	3817
f 3309 	2274 	3687
f 1301 	3687 	2274
f 3335 	3340 	3333
f 240 	3817 	3714
f 2786 	1080 	2810
f 2311 	2284 	2484
f 2011 	3541 	2285
f 3312 	2875 	3062
f 3309 	3668 	3306
f 1942 	1025 	2838
f 2843 	2867 	459
f 1942 	2838 	3312
f 1080 	2848 	2810
f 2838 	2875 	3312
f 3291 	3292 	897
f 3062 	3330 	3312
f 3313 	3311 	3175
f 3301 	3300 	2868
f 3330 	3329 	3312
f 1992 	3312 	3328
f 3303 	2868 	3300
f 443 	382 	3277
f 2004 	2002 	197
f 3316 	197 	2002
f 473 	443 	3277
f 353 	2329 	382
f 3043 	1535 	2646
f 1007 	3320 	3313
f 3277 	382 	2329
f 3105 	3147 	3354
f 3321 	2001 	3326
f 3305 	2001 	3321
f 3324 	3325 	2314
f 1036 	3320 	887
f 1069 	2313 	3322
f 1659 	3105 	3353
f 1426 	3105 	1659
f 2314 	2321 	3324
f 3326 	1992 	3328
f 3327 	3307 	3671
f 3317 	3311 	3320
f 3313 	3320 	3311
f 3324 	3327 	3671
f 3668 	3671 	3307
f 1037 	856 	3317
f 3329 	3328 	3312
f 878 	887 	3320
f 353 	592 	2329
f 699 	2329 	592
f 3588 	3295 	3319
f 3323 	3673 	2557
f 3317 	3320 	1037
f 3296 	3319 	3295
f 3671 	3673 	3323
f 1036 	1037 	3320
f 2134 	2133 	3552
f 2134 	3552 	3553
f 3305 	3310 	3318
f 3321 	3358 	3305
f 3168 	3347 	3189
f 3372 	3361 	3329
f 699 	682 	2329
f 3356 	2697 	3351
f 2875 	3330 	3062
f 3064 	2709 	3065
f 3335 	3333 	3334
f 3336 	3334 	3333
f 3310 	3305 	3358
f 3326 	3360 	3358
f 3326 	3358 	3321
f 3360 	3326 	3361
f 3328 	3361 	3326
f 3328 	3329 	3361
f 3359 	3363 	3332
f 3330 	3373 	3329
f 2824 	3530 	2825
f 3217 	3289 	3330
f 3298 	3302 	3332
f 3302 	3339 	3332
f 2628 	3025 	2629
f 3355 	229 	3316
f 1007 	340 	929
f 3357 	3316 	3318
f 3182 	3269 	145
f 3318 	3310 	3357
f 1863 	3363 	3364
f 3293 	3333 	3340
f 3742 	1855 	3342
f 3342 	1855 	3364
f 1018 	996 	2058
f 3337 	3338 	2285
f 2824 	2822 	3530
f 1849 	2285 	3338
f 1598 	928 	3343
f 1018 	2055 	1024
f 3343 	928 	3344
f 2456 	2259 	3639
f 3344 	928 	3351
f 2329 	682 	2055
f 3218 	1945 	3352
f 3466 	3395 	1444
f 3352 	3217 	3218
f 1024 	2055 	682
f 2058 	2055 	1018
f 3602 	3599 	2275
f 3599 	3589 	2275
f 3217 	3352 	3289
f 1285 	2058 	1238
f 2628 	213 	3025
f 1238 	2058 	1245
f 1245 	2058 	996
f 3372 	3329 	3373
f 3353 	3354 	3347
f 3335 	3334 	2285
f 3334 	3336 	2285
f 3336 	3337 	2285
f 3543 	3335 	2285
f 3372 	3352 	3361
f 2058 	1484 	2332
f 3372 	3373 	3352
f 1452 	2332 	1451
f 2979 	1659 	3353
f 2058 	1521 	1484
f 1945 	3361 	3352
f 3105 	3354 	3353
f 1451 	2332 	1484
f 229 	3355 	2144
f 3357 	2144 	3355
f 1521 	2058 	1285
f 771 	3065 	772
f 3340 	3335 	3376
f 3543 	3376 	3335
f 3316 	3357 	3355
f 2848 	1080 	3032
f 3340 	3648 	3293
f 1080 	292 	3045
f 3032 	1080 	3045
f 3045 	292 	3071
f 1945 	2143 	3360
f 2144 	3357 	2143
f 3071 	292 	3203
f 3338 	3634 	1849
f 3343 	2655 	1598
f 3344 	2655 	3343
f 3289 	3352 	3373
f 3203 	292 	3121
f 2655 	995 	1598
f 3367 	1859 	3389
f 3365 	1859 	3367
f 2697 	2689 	3351
f 3369 	3370 	3366
f 3392 	1805 	3391
f 3351 	762 	3356
f 3613 	2271 	2195
f 3065 	3356 	762
f 762 	761 	3065
f 3362 	2332 	3375
f 1672 	3710 	3550
f 2709 	2697 	3065
f 3375 	2332 	1452
f 2294 	2295 	3377
f 2307 	3377 	2296
f 3377 	1212 	2297
f 3347 	3168 	3536
f 3411 	3508 	1886
f 1211 	3378 	2303
f 1887 	3508 	3498
f 3380 	2286 	2634
f 3354 	3189 	3347
f 3168 	2924 	3005
f 3005 	3536 	3168
f 3371 	3370 	3369
f 340 	3380 	2634
f 1951 	3382 	3383
f 1882 	1951 	3414
f 1214 	2297 	1212
f 3368 	3145 	3346
f 1951 	1961 	3382
f 3348 	1079 	3362
f 2332 	3362 	1079
f 340 	3313 	3380
f 1316 	56 	1222
f 3298 	3332 	3367
f 3367 	3332 	3365
f 926 	3383 	3382
f 3348 	3386 	1079
f 3382 	793 	926
f 3175 	3380 	3313
f 1222 	56 	2471
f 3384 	1079 	3386
f 2471 	68 	2490
f 3369 	3644 	3371
f 3364 	3363 	3359
f 3365 	3332 	3363
f 3342 	3364 	3359
f 3400 	3390 	3387
f 3130 	292 	3397
f 351 	3390 	44
f 3200 	3585 	3204
f 3389 	1805 	3392
f 3121 	292 	3130
f 3391 	1444 	3395
f 3398 	3236 	3396
f 3540 	3396 	3236
f 1503 	3253 	1471
f 351 	3387 	3390
f 3274 	3240 	3400
f 3240 	3390 	3400
f 1452 	2245 	3375
f 3404 	3288 	3402
f 3397 	292 	3407
f 3401 	3402 	3288
f 3549 	3710 	3490
f 287 	3407 	292
f 2233 	2232 	3582
f 3409 	3294 	3404
f 3384 	3381 	1079
f 3408 	287 	3381
f 1887 	1886 	3508
f 3407 	287 	3408
f 1079 	3381 	287
f 3288 	3404 	3294
f 211 	3412 	218
f 3543 	2285 	3541
f 3413 	218 	3412
f 3402 	1566 	3404
f 3387 	145 	3400
f 3417 	244 	3415
f 3417 	3422 	244
f 3415 	244 	3413
f 324 	325 	3413
f 3420 	251 	3419
f 3453 	251 	3420
f 3454 	251 	3453
f 3427 	3428 	244
f 3366 	3403 	3369
f 3403 	3426 	3369
f 3423 	244 	3422
f 3424 	244 	3423
f 3425 	244 	3424
f 3427 	244 	3425
f 3428 	3429 	243
f 3429 	3430 	243
f 3430 	3431 	243
f 3431 	3434 	243
f 243 	244 	3428
f 145 	3544 	319
f 3433 	3254 	3432
f 3398 	3432 	3236
f 3421 	2952 	3406
f 2245 	2247 	3375
f 3394 	3528 	2307
f 3435 	3436 	243
f 3436 	3437 	243
f 3437 	3438 	243
f 3438 	3439 	243
f 3439 	3440 	243
f 3440 	3441 	243
f 3441 	3442 	243
f 3434 	3435 	243
f 3419 	243 	3418
f 3299 	3298 	3395
f 1221 	1223 	1623
f 3442 	3443 	243
f 3443 	3444 	243
f 3444 	3445 	243
f 3445 	3446 	243
f 3446 	3447 	243
f 3447 	3448 	243
f 3418 	243 	3448
f 3236 	3432 	3254
f 3410 	3416 	931
f 3411 	3410 	931
f 302 	251 	3449
f 178 	1219 	1622
f 3391 	3395 	3298
f 3401 	3288 	3452
f 3389 	3392 	3298
f 3367 	3389 	3298
f 3399 	2310 	3537
f 3455 	251 	3454
f 3456 	251 	3455
f 3457 	251 	3456
f 3458 	251 	3457
f 3450 	251 	3458
f 3451 	251 	3450
f 3459 	251 	3451
f 3460 	251 	3459
f 3461 	251 	3460
f 3462 	251 	3461
f 3463 	251 	3462
f 3449 	251 	3463
f 3392 	3391 	3298
f 325 	326 	3413
f 3544 	145 	3387
f 426 	358 	3412
f 178 	1622 	1623
f 3271 	3452 	3288
f 2310 	2301 	3378
f 3416 	3414 	931
f 3414 	3383 	931
f 926 	931 	3383
f 2272 	3846 	3088
f 3370 	2255 	3366
f 1527 	1528 	3452
f 3471 	1471 	3477
f 3452 	3271 	3475
f 3474 	3271 	3479
f 3474 	3475 	3271
f 3470 	1471 	3471
f 3469 	3491 	357
f 3491 	3492 	357
f 3468 	3469 	357
f 3516 	3517 	380
f 3467 	3468 	357
f 2629 	3026 	2646
f 3478 	3479 	3254
f 3482 	3483 	358
f 3483 	3484 	358
f 3484 	3485 	358
f 3485 	3486 	358
f 3464 	358 	3486
f 3481 	3482 	358
f 3504 	3505 	357
f 3480 	3481 	357
f 358 	357 	3481
f 3479 	3271 	3254
f 3473 	3426 	3472
f 3403 	3472 	3426
f 2629 	3025 	3026
f 3433 	3478 	3254
f 3475 	1527 	3452
f 3043 	2646 	3026
f 3494 	357 	3492
f 3495 	357 	3494
f 3496 	357 	3495
f 3497 	357 	3496
f 3499 	357 	3497
f 3500 	357 	3499
f 3501 	357 	3500
f 3502 	357 	3501
f 3503 	357 	3502
f 3505 	3506 	357
f 3506 	3507 	357
f 3507 	3487 	357
f 3487 	3488 	357
f 3488 	3480 	357
f 3515 	3516 	380
f 3509 	3515 	380
f 3510 	1455 	1461
f 213 	3031 	3025
f 3512 	3520 	380
f 3513 	1503 	1669
f 3251 	3299 	3477
f 3517 	3518 	380
f 3518 	3519 	380
f 3519 	3511 	380
f 3511 	3512 	380
f 3520 	3521 	380
f 3521 	3522 	380
f 3522 	3523 	380
f 3523 	3524 	380
f 3524 	3525 	380
f 3525 	3467 	380
f 357 	380 	3467
f 3543 	3541 	3493
f 3473 	3510 	3426
f 3510 	1461 	3426
f 429 	3412 	346
f 3394 	3605 	3528
f 3543 	3493 	3514
f 3464 	3417 	3465
f 3527 	3346 	3526
f 3579 	3526 	3346
f 3593 	3432 	3398
f 3593 	3398 	3396
f 3566 	3476 	3514
f 3528 	3377 	2307
f 3353 	3347 	2979
f 3535 	3213 	3534
f 3213 	3204 	3534
f 3514 	3476 	3374
f 3538 	3406 	3532
f 3533 	3534 	3204
f 3388 	3533 	3204
f 3539 	3529 	3369
f 3531 	3532 	3406
f 3539 	3553 	3529
f 3490 	3489 	883
f 3498 	883 	3489
f 3482 	3427 	3483
f 3553 	3552 	3529
f 3540 	3236 	3223
f 2979 	3536 	3005
f 3425 	3484 	3483
f 3537 	2310 	3378
f 3377 	3528 	3378
f 3537 	3378 	3528
f 3406 	3538 	3421
f 3542 	3421 	3538
f 3471 	3477 	3299
f 3531 	2953 	3532
f 3470 	3299 	3466
f 3470 	3471 	3299
f 3544 	3387 	351
f 3532 	2954 	3538
f 2957 	3538 	2954
f 3376 	3514 	3374
f 931 	883 	3411
f 3508 	3411 	883
f 2637 	3707 	44
f 3508 	883 	3498
f 2307 	2346 	3394
f 2296 	2346 	2307
f 3514 	3376 	3543
f 3545 	3546 	3405
f 3546 	3197 	3405
f 3548 	3368 	3547
f 3527 	3547 	3346
f 3426 	3539 	3369
f 3545 	3405 	3550
f 3432 	3593 	3433
f 1575 	3539 	3426
f 3346 	3547 	3368
f 3549 	3490 	838
f 3550 	838 	3545
f 3544 	351 	319
f 3546 	3545 	838
f 1575 	3426 	1461
f 3531 	3406 	3551
f 883 	838 	3490
f 3550 	3549 	838
f 3390 	585 	44
f 3540 	3223 	3555
f 3385 	3551 	3406
f 1575 	1596 	3539
f 838 	647 	3546
f 3554 	3223 	3557
f 3554 	3555 	3223
f 1596 	3553 	3539
f 3551 	3385 	3559
f 2556 	3673 	3552
f 3556 	3557 	3213
f 3563 	2825 	3530
f 3558 	3385 	3564
f 3558 	3559 	3385
f 3565 	3560 	3563
f 3213 	3557 	3223
f 3535 	3556 	3213
f 2055 	3560 	3565
f 2055 	3565 	2056
f 3562 	3564 	3368
f 996 	3315 	3587
f 1570 	3404 	1566
f 2246 	2429 	3348
f 3385 	3368 	3564
f 996 	3291 	3315
f 3548 	3562 	3368
f 3362 	2247 	2246
f 3348 	3362 	2246
f 3559 	3680 	3551
f 3463 	3462 	3515
f 3566 	3493 	3561
f 3375 	2247 	3362
f 2825 	3560 	2867
f 3567 	2867 	3560
f 3465 	3415 	3413
f 3465 	3413 	3412
f 3417 	3415 	3465
f 2055 	2058 	459
f 1452 	164 	2245
f 3187 	1032 	3295
f 3464 	3422 	3417
f 3418 	3469 	3419
f 3468 	3419 	3469
f 3560 	2055 	3567
f 459 	3567 	2055
f 1026 	1030 	3295
f 3566 	3608 	3613
f 2254 	191 	3510
f 3510 	3473 	2254
f 3472 	2254 	3473
f 3420 	3467 	3525
f 3467 	3420 	3419
f 3467 	3419 	3468
f 3568 	3569 	3570
f 3568 	3570 	3571
f 3488 	3430 	3480
f 3527 	3684 	3547
f 3526 	3684 	3527
f 3572 	3573 	3569
f 3572 	3569 	3568
f 3296 	3295 	1030
f 3480 	3428 	3481
f 2255 	2254 	3403
f 3403 	3366 	2255
f 3486 	3485 	3422
f 3423 	3422 	3485
f 3472 	3403 	2254
f 3592 	3684 	3579
f 3464 	3486 	3422
f 3350 	2259 	3371
f 3349 	2259 	3350
f 2255 	3371 	2259
f 1023 	1021 	3296
f 3577 	3331 	3576
f 3575 	3576 	1503
f 3513 	3575 	1503
f 3430 	3488 	3431
f 3487 	3431 	3488
f 2346 	3621 	3394
f 3370 	3371 	2255
f 3481 	3428 	3427
f 3481 	3427 	3482
f 1503 	3576 	3331
f 598 	3573 	3572
f 3425 	3483 	3427
f 3570 	3569 	2062
f 3574 	3561 	3493
f 3579 	3346 	3341
f 3514 	3493 	3566
f 1380 	1369 	3534
f 3569 	3573 	2062
f 3573 	601 	2062
f 2061 	2062 	601
f 2346 	116 	3623
f 3636 	3581 	116
f 117 	116 	2346
f 3623 	3622 	2346
f 3619 	3611 	3621
f 3582 	3393 	3379
f 3582 	1935 	3393
f 602 	2061 	601
f 3388 	3585 	2759
f 68 	2471 	56
f 2062 	3571 	3570
f 3574 	3582 	3379
f 620 	2152 	2154
f 3578 	1688 	1691
f 3493 	3541 	3574
f 3423 	3485 	3484
f 3541 	3582 	3574
f 3551 	3680 	3531
f 3718 	3586 	897
f 3586 	3587 	897
f 3587 	3315 	897
f 3315 	3291 	897
f 3680 	3559 	3558
f 2011 	2010 	3541
f 3584 	3580 	3583
f 3388 	3204 	3585
f 3747 	629 	3746
f 3180 	897 	3292
f 3438 	3504 	3503
f 3319 	1255 	3588
f 3502 	3439 	3503
f 1527 	3475 	3474
f 3584 	3589 	3580
f 3579 	3341 	3592
f 3588 	3590 	3295
f 3590 	3721 	3295
f 3721 	171 	3295
f 3608 	3604 	2271
f 3614 	3580 	3589
f 3447 	3492 	3491
f 3295 	173 	3187
f 3591 	3341 	3595
f 3591 	3592 	3341
f 2301 	2310 	2377
f 3598 	3846 	2272
f 3596 	690 	3615
f 3597 	690 	3596
f 3431 	3487 	3507
f 3616 	708 	3618
f 3501 	3439 	3502
f 3688 	2377 	3399
f 3438 	3503 	3439
f 3399 	2377 	2310
f 5 	3638 	3635
f 3496 	3444 	3497
f 3598 	3561 	3846
f 3585 	3601 	2759
f 3594 	3595 	3331
f 3497 	3443 	3499
f 3331 	3595 	3341
f 3577 	3594 	3331
f 3492 	3447 	3494
f 2954 	3532 	2953
f 3384 	2269 	2273
f 3430 	3429 	3480
f 3585 	3200 	3601
f 3698 	7 	2377
f 3480 	3429 	3428
f 7 	6 	2377
f 6 	13 	2377
f 3599 	3602 	3614
f 3665 	3641 	16
f 5 	16 	3641
f 3600 	3601 	3200
f 3600 	3200 	2910
f 3606 	3607 	818
f 3401 	1563 	3402
f 3643 	3645 	2036
f 3409 	3404 	1570
f 3604 	3566 	3561
f 3425 	3424 	3484
f 3294 	3409 	1558
f 3603 	3604 	3561
f 3598 	3603 	3561
f 3484 	3424 	3423
f 3625 	3626 	814
f 603 	810 	3642
f 3314 	2036 	16
f 814 	813 	3625
f 2267 	3275 	3239
f 3500 	3440 	3501
f 1530 	1527 	3474
f 3435 	3506 	3436
f 3505 	3436 	3506
f 3611 	3605 	3394
f 3506 	3435 	3507
f 3598 	2272 	3603
f 3611 	2966 	3605
f 2269 	3384 	2429
f 1530 	3474 	3479
f 3505 	3504 	3436
f 3437 	3436 	3504
f 3438 	3437 	3504
f 3674 	3605 	2966
f 3501 	3440 	3439
f 3566 	3604 	3608
f 3384 	2273 	3381
f 2184 	3241 	3243
f 3605 	3674 	3528
f 2552 	2184 	3256
f 3495 	3444 	3496
f 1479 	1468 	3478
f 3443 	3497 	3444
f 3209 	2490 	68
f 3478 	3433 	1479
f 2277 	2275 	3589
f 3593 	1479 	3433
f 2214 	2034 	787
f 3469 	3418 	3491
f 3500 	3499 	3441
f 3081 	3101 	3611
f 3500 	3441 	3440
f 3589 	3584 	2277
f 3583 	2277 	3584
f 3610 	3476 	3609
f 57 	3597 	3612
f 3613 	3609 	3476
f 3435 	3434 	3507
f 2268 	3241 	2184
f 3596 	3612 	3597
f 3431 	3507 	3434
f 41 	3597 	57
f 3476 	3566 	3613
f 1361 	3607 	3606
f 1361 	3606 	46
f 795 	2166 	2165
f 3445 	3495 	3494
f 3445 	3494 	3446
f 3405 	3576 	3575
f 3495 	3445 	3444
f 3394 	3621 	3611
f 1669 	3405 	3513
f 620 	2126 	613
f 3599 	3614 	3589
f 3499 	3442 	3441
f 3513 	3405 	3575
f 3443 	3442 	3499
f 3446 	3494 	3447
f 708 	3616 	3615
f 622 	2152 	620
f 3448 	3491 	3418
f 3081 	3611 	3620
f 3491 	3448 	3447
f 3620 	3611 	3619
f 3752 	3476 	3617
f 3610 	3617 	3476
f 3638 	5 	3641
f 3509 	3449 	3515
f 1234 	1235 	3555
f 3609 	2195 	3610
f 3555 	1264 	3540
f 3517 	3460 	3518
f 650 	3746 	629
f 3621 	2346 	3622
f 3666 	2036 	3645
f 3460 	3519 	3518
f 3617 	3753 	3752
f 3555 	3554 	1234
f 1237 	1234 	3554
f 3457 	3521 	3458
f 3520 	3458 	3521
f 3602 	3624 	3614
f 3628 	3614 	3624
f 3748 	650 	8
f 3554 	3557 	1237
f 1394 	1237 	3557
f 3239 	3241 	2267
f 3458 	3520 	3512
f 3534 	1369 	3535
f 3627 	815 	3607
f 2268 	2267 	3241
f 3454 	3524 	3455
f 3523 	3455 	3524
f 669 	10 	650
f 1380 	3534 	2759
f 3533 	2759 	3534
f 3521 	3457 	3522
f 650 	3748 	3746
f 1104 	1105 	3600
f 3601 	3600 	1105
f 3455 	3523 	3522
f 3243 	3256 	2184
f 3454 	3525 	3524
f 1105 	2759 	3601
f 3617 	3610 	2195
f 3516 	3515 	3462
f 3608 	2271 	3613
f 3516 	3462 	3517
f 3629 	3630 	3628
f 3609 	3613 	2195
f 41 	669 	690
f 3596 	3615 	3612
f 3509 	302 	3449
f 3463 	3515 	3449
f 3603 	2272 	3604
f 3616 	3631 	3615
f 3460 	3517 	3461
f 708 	3615 	690
f 2272 	2271 	3604
f 3459 	3519 	3460
f 3612 	3615 	3631
f 3618 	3631 	3616
f 3628 	3624 	3629
f 3519 	3459 	3511
f 3451 	3511 	3459
f 1942 	1877 	1025
f 690 	3597 	41
f 3632 	3626 	3625
f 3625 	3627 	3632
f 1361 	3632 	3607
f 3450 	3512 	3511
f 3450 	3511 	3451
f 3634 	1064 	3633
f 3607 	3632 	3627
f 3512 	3450 	3458
f 1064 	3634 	1062
f 3338 	1062 	3634
f 3581 	3623 	116
f 3456 	3522 	3457
f 3635 	3618 	708
f 3633 	1063 	3637
f 3522 	3456 	3455
f 3637 	1065 	2569
f 3453 	3525 	3454
f 3453 	3420 	3525
f 3639 	3628 	3630
f 3643 	604 	3642
f 1054 	1879 	1945
f 3659 	2649 	1091
f 1088 	1091 	2649
f 3461 	3517 	3462
f 3644 	3628 	3639
f 3218 	1054 	1945
f 3642 	810 	3626
f 46 	817 	822
f 3661 	3658 	1094
f 3647 	3664 	1230
f 34 	33 	820
f 1 	1877 	1942
f 3629 	2456 	3630
f 16 	2036 	3665
f 2953 	3531 	3680
f 1230 	3648 	3646
f 803 	858 	34
f 3697 	3619 	3621
f 820 	803 	34
f 3644 	3639 	3349
f 858 	854 	27
f 1230 	3293 	3648
f 3350 	3644 	3349
f 3750 	3751 	885
f 2354 	2312 	2569
f 3640 	22 	3636
f 3547 	2905 	3548
f 3640 	182 	22
f 3642 	3632 	3643
f 3648 	3743 	3646
f 3751 	3749 	886
f 3350 	3371 	3644
f 3674 	2966 	3248
f 3750 	852 	787
f 1217 	3649 	211
f 1217 	211 	1210
f 3641 	3653 	3638
f 3638 	3653 	3635
f 3526 	3579 	3684
f 2569 	1849 	3637
f 3633 	3637 	1849
f 3634 	3633 	1849
f 3650 	3580 	3614
f 2216 	780 	779
f 3697 	3621 	3622
f 3647 	3646 	3743
f 3628 	3651 	3614
f 7 	3622 	3623
f 3631 	3635 	3653
f 3581 	7 	3623
f 3651 	3650 	3614
f 3618 	3635 	3631
f 3576 	3193 	3577
f 3743 	3648 	3376
f 3340 	3376 	3648
f 3644 	3656 	3628
f 3658 	3659 	1091
f 1094 	1095 	3661
f 1672 	3405 	1669
f 1091 	1094 	3658
f 3626 	3632 	3642
f 1106 	1230 	3664
f 3690 	850 	874
f 3656 	3651 	3628
f 1106 	3664 	3660
f 2957 	2952 	3542
f 3670 	3690 	873
f 603 	3642 	604
f 3654 	3652 	3669
f 3657 	3669 	3652
f 3657 	3662 	3669
f 3663 	3669 	3662
f 3649 	3669 	3663
f 3743 	3744 	3647
f 3644 	3529 	3656
f 3666 	3665 	2036
f 909 	911 	3672
f 3660 	3744 	3661
f 3661 	3744 	3658
f 3529 	3552 	3656
f 3667 	1219 	179
f 814 	3626 	810
f 2647 	2645 	3745
f 3745 	2649 	3659
f 3529 	3644 	3369
f 180 	179 	1219
f 3627 	3625 	813
f 3669 	179 	3683
f 2735 	2734 	3807
f 2737 	2665 	3807
f 2665 	2647 	3807
f 179 	3669 	3667
f 1879 	3691 	844
f 3807 	3808 	2735
f 818 	3607 	815
f 3385 	2928 	3368
f 206 	2784 	1948
f 813 	815 	3627
f 3654 	3669 	3655
f 3671 	3668 	3650
f 46 	3606 	817
f 3325 	3324 	3671
f 1217 	1218 	3649
f 3667 	3649 	1219
f 3667 	3669 	3649
f 3672 	1127 	909
f 2947 	2932 	3406
f 106 	79 	3677
f 3671 	3650 	3651
f 3655 	3683 	3677
f 2931 	2928 	3385
f 3651 	3673 	3671
f 913 	3691 	911
f 3673 	3651 	3656
f 2057 	463 	459
f 2057 	459 	2058
f 3399 	3537 	3674
f 3542 	3538 	2957
f 3677 	3676 	106
f 3656 	3552 	3673
f 3678 	2715 	3675
f 3676 	3682 	3675
f 3528 	3674 	3537
f 602 	2063 	2061
f 3666 	3332 	3665
f 3307 	3306 	3668
f 3055 	2729 	3106
f 3558 	2938 	3680
f 1991 	1008 	3345
f 3682 	1223 	3678
f 3679 	3678 	1223
f 3678 	3675 	3682
f 3677 	3682 	3676
f 3248 	3244 	3688
f 3325 	3671 	3322
f 3666 	3645 	3359
f 2901 	2938 	3564
f 3683 	179 	190
f 1867 	3802 	438
f 2837 	438 	3802
f 3323 	3322 	3671
f 3359 	3332 	3666
f 2556 	2554 	3673
f 189 	1223 	190
f 3386 	2429 	3384
f 3674 	3248 	3688
f 2841 	3782 	2847
f 3688 	3399 	3674
f 190 	3682 	3683
f 3345 	1008 	3530
f 3386 	3348 	2429
f 3332 	3653 	3665
f 598 	3565 	1008
f 3619 	3693 	43
f 43 	3620 	3619
f 3349 	3639 	2259
f 3630 	2456 	3639
f 3641 	3665 	3653
f 3655 	3669 	3683
f 3711 	3705 	2526
f 3612 	3685 	57
f 3106 	3681 	1223
f 3681 	3679 	1223
f 3683 	3682 	3677
f 3530 	1008 	3563
f 3602 	2275 	3624
f 3581 	6 	7
f 3685 	94 	57
f 3612 	3686 	3685
f 6 	3581 	13
f 3636 	13 	3581
f 1210 	211 	1226
f 1226 	211 	218
f 3629 	3624 	2456
f 2526 	3701 	2559
f 3636 	22 	13
f 213 	1226 	214
f 182 	215 	22
f 3762 	3760 	2559
f 1054 	3691 	1879
f 3244 	3290 	3688
f 3672 	3670 	1127
f 3631 	3686 	3612
f 3670 	1128 	1127
f 2298 	3301 	1301
f 3572 	3568 	598
f 874 	873 	3690
f 2628 	2629 	1226
f 2646 	1294 	1226
f 2588 	2587 	3759
f 3631 	3689 	3686
f 3672 	911 	3691
f 1444 	3391 	1805
f 2629 	2646 	1226
f 3568 	3571 	598
f 3571 	3565 	598
f 2064 	2056 	3571
f 3563 	1008 	3565
f 3290 	43 	3688
f 463 	2057 	602
f 2063 	602 	2057
f 214 	218 	216
f 216 	218 	2638
f 3670 	3691 	3690
f 3733 	3309 	3687
f 3672 	3691 	3670
f 2525 	1443 	2528
f 322 	332 	218
f 1226 	213 	2628
f 218 	214 	1226
f 1301 	3731 	3687
f 43 	3693 	3688
f 3693 	3697 	2377
f 3697 	3698 	2377
f 2377 	3688 	3693
f 1443 	109 	3695
f 3477 	1471 	3253
f 3697 	3693 	3619
f 18 	2682 	2695
f 2531 	3696 	3699
f 2532 	2531 	3699
f 3622 	3698 	3697
f 993 	2654 	1593
f 1443 	2525 	2523
f 7 	3698 	3622
f 3653 	3689 	3631
f 3331 	3072 	1503
f 2654 	2653 	4
f 3332 	3339 	3653
f 3699 	3696 	3719
f 3695 	160 	3696
f 3694 	1443 	3695
f 2528 	1443 	3694
f 2523 	1393 	1443
f 4 	1593 	2654
f 3653 	3339 	3689
f 3663 	2726 	3649
f 3694 	2816 	2528
f 3695 	2816 	3694
f 3341 	3096 	3331
f 9 	2653 	18
f 3700 	94 	3685
f 3676 	3675 	106
f 2818 	2816 	3695
f 3346 	3127 	3341
f 3703 	3685 	3686
f 3696 	2818 	3695
f 3346 	3129 	3127
f 2715 	110 	3675
f 2637 	44 	2633
f 3703 	3700 	3685
f 3102 	3592 	3591
f 3679 	2715 	3678
f 3702 	3704 	3705
f 3193 	3194 	3594
f 3681 	3106 	2729
f 2729 	3055 	225
f 3708 	3709 	342
f 3689 	3706 	3686
f 2729 	2715 	3679
f 2729 	3679 	3681
f 106 	107 	78
f 3706 	3703 	3686
f 3594 	3577 	3193
f 3655 	3677 	79
f 3689 	3578 	3706
f 1672 	1671 	3710
f 3704 	3702 	3701
f 78 	3652 	79
f 79 	3652 	3654
f 3654 	3655 	79
f 3705 	3711 	3702
f 78 	111 	3652
f 3657 	3652 	2713
f 3339 	3578 	3689
f 3662 	3657 	2713
f 3729 	3687 	3731
f 2640 	3712 	2639
f 211 	3649 	2726
f 2633 	1717 	2632
f 2713 	2726 	3662
f 3663 	3662 	2726
f 3709 	3712 	3734
f 3735 	3734 	3712
f 3709 	2639 	3712
f 345 	342 	3709
f 3707 	3708 	330
f 342 	118 	3708
f 336 	330 	3708
f 1693 	158 	3700
f 3416 	3410 	1883
f 2698 	2358 	3713
f 78 	79 	106
f 3703 	1693 	3700
f 2696 	2358 	2698
f 3715 	598 	3716
f 3714 	3179 	232
f 1689 	1693 	3703
f 2700 	1008 	2701
f 3179 	3185 	233
f 232 	3179 	233
f 3714 	3216 	3179
f 2700 	3716 	1008
f 598 	1008 	3716
f 3715 	3713 	598
f 3706 	1689 	3703
f 3707 	2698 	3713
f 3717 	3702 	3711
f 3708 	3713 	3715
f 3708 	3715 	3716
f 1691 	1689 	3706
f 3578 	1691 	3706
f 3707 	3713 	3708
f 3716 	3709 	3708
f 1886 	1885 	3410
f 3709 	3716 	2639
f 2700 	2639 	3716
f 2701 	1008 	2702
f 2532 	3699 	2533
f 3718 	167 	1285
f 2618 	2788 	2657
f 2657 	2985 	2641
f 3075 	3331 	3096
f 3704 	2526 	3705
f 3719 	3696 	163
f 3720 	3699 	3719
f 3720 	3722 	3699
f 1285 	3586 	3718
f 3722 	3723 	3699
f 3723 	3724 	3699
f 3724 	3725 	3699
f 3341 	3127 	3098
f 3767 	2929 	3765
f 2533 	3699 	3725
f 3725 	2904 	2533
f 2904 	2907 	2533
f 3341 	3097 	3096
f 2711 	3765 	2929
f 3719 	3734 	3720
f 2884 	3368 	2928
f 2885 	3368 	2884
f 3720 	3735 	3722
f 3738 	3723 	3722
f 3738 	3724 	3723
f 3728 	3726 	3727
f 3740 	2984 	3725
f 1307 	1291 	3721
f 3729 	3727 	3726
f 3729 	3726 	3687
f 3736 	3722 	3735
f 3385 	3406 	2932
f 3738 	3722 	3736
f 173 	3295 	171
f 3740 	3725 	3724
f 2931 	3385 	2932
f 3734 	3719 	163
f 3735 	3720 	3734
f 3731 	1301 	3732
f 3301 	3732 	1301
f 3687 	3726 	3733
f 3728 	3733 	3726
f 3734 	345 	3709
f 1200 	1853 	3742
f 3729 	3731 	2929
f 118 	336 	3708
f 2641 	3740 	3712
f 3735 	3712 	3736
f 3739 	3712 	3740
f 3692 	3702 	3737
f 2948 	3406 	2952
f 2868 	2929 	3732
f 3736 	3712 	3738
f 3737 	3730 	3692
f 3738 	3712 	3739
f 3740 	2641 	2984
f 3632 	1141 	3643
f 3738 	3739 	3724
f 3739 	3740 	3724
f 1855 	3742 	1853
f 1863 	3364 	1855
f 3635 	708 	5
f 3728 	3727 	2929
f 3729 	2929 	3727
f 3702 	3717 	3741
f 2936 	2937 	3680
f 2953 	3680 	2937
f 3767 	3728 	2929
f 3742 	3342 	3359
f 2936 	3680 	2938
f 2900 	2901 	3564
f 3737 	3702 	3741
f 1200 	3742 	3645
f 3359 	3645 	3742
f 3558 	3564 	2938
f 3767 	3795 	3728
f 3564 	3562 	2900
f 2905 	2900 	3562
f 167 	1521 	1285
f 1285 	1238 	3586
f 3804 	3717 	3779
f 3135 	2905 	3547
f 2868 	3732 	3301
f 3730 	3743 	3374
f 3134 	3135 	3547
f 3562 	3548 	2905
f 3136 	3134 	3684
f 3547 	3684 	3134
f 3374 	3743 	3376
f 3733 	3795 	3309
f 1256 	1249 	3588
f 1249 	1247 	3588
f 3730 	3744 	3743
f 3102 	3103 	3684
f 3592 	3102 	3684
f 1240 	1303 	3590
f 3397 	2663 	1760
f 3664 	3647 	3744
f 3660 	3664 	3744
f 3721 	3590 	1303
f 3104 	3102 	3591
f 3397 	3407 	2663
f 3737 	3744 	3730
f 3737 	3745 	3744
f 3583 	3788 	2277
f 8 	650 	10
f 3104 	3591 	3595
f 3737 	3741 	3745
f 3421 	3542 	2952
f 3807 	3745 	3741
f 669 	41 	11
f 3363 	1859 	3365
f 1805 	3389 	1859
f 33 	47 	820
f 3659 	3658 	3744
f 3744 	3745 	3659
f 1444 	3470 	3466
f 27 	854 	37
f 3749 	37 	854
f 886 	885 	3751
f 860 	886 	3749
f 854 	860 	3749
f 2526 	2847 	3711
f 3253 	1503 	3224
f 3224 	1503 	3227
f 3407 	3408 	2667
f 3227 	1503 	3072
f 3747 	3746 	88
f 2526 	3704 	3701
f 1999 	3747 	88
f 3072 	3331 	3074
f 3746 	3748 	88
f 8 	86 	3748
f 86 	88 	3748
f 3780 	2680 	3787
f 3197 	3193 	3576
f 3780 	3775 	2680
f 3576 	3405 	3197
f 37 	3749 	1594
f 1594 	3751 	3750
f 1594 	3750 	2034
f 1594 	2034 	1596
f 3751 	1594 	3749
f 3549 	3550 	3710
f 1672 	3550 	3405
f 10 	669 	15
f 15 	669 	11
f 3490 	3710 	3489
f 1846 	3489 	3710
f 3498 	3489 	1845
f 1846 	1845 	3489
f 3754 	3752 	3753
f 822 	47 	46
f 822 	820 	47
f 3256 	2548 	2552
f 3498 	1845 	1887
f 1883 	1882 	3416
f 86 	15 	57
f 8 	10 	86
f 203 	3714 	207
f 230 	207 	3714
f 230 	3714 	232
f 3692 	3752 	3757
f 3755 	3758 	3167
f 233 	3185 	234
f 3752 	3754 	3757
f 3756 	3763 	3755
f 3755 	3763 	3758
f 3181 	237 	234
f 240 	3714 	209
f 3414 	3416 	1882
f 3383 	3414 	1951
f 3753 	2561 	3754
f 793 	3382 	1961
f 2711 	2710 	3765
f 1961 	1694 	793
f 3760 	3692 	3757
f 2796 	3787 	2680
f 912 	3770 	918
f 3172 	1777 	3170
f 3258 	3249 	2548
f 3702 	3692 	3701
f 3701 	3692 	3762
f 3760 	3762 	3692
f 3249 	2522 	2548
f 3476 	3752 	3374
f 3764 	3763 	3756
f 3767 	3765 	3763
f 3763 	3764 	3767
f 3374 	3752 	3730
f 3752 	3692 	3730
f 3761 	3764 	3756
f 912 	1047 	3770
f 3794 	3764 	3761
f 3794 	3580 	3650
f 3765 	3758 	3763
f 3765 	3759 	3758
f 1031 	901 	3768
f 3258 	2548 	3256
f 904 	712 	901
f 903 	712 	904
f 2559 	3701 	3762
f 3794 	3795 	3764
f 3767 	3764 	3795
f 2561 	2559 	3757
f 3760 	3757 	2559
f 3757 	3754 	2561
f 3769 	675 	3770
f 3753 	3617 	2561
f 2195 	2561 	3617
f 3381 	2273 	3408
f 2796 	2277 	3788
f 3768 	3766 	1031
f 2796 	3783 	3787
f 2820 	3259 	2829
f 3770 	1047 	3769
f 3772 	3717 	3771
f 3717 	3711 	3771
f 3776 	3786 	3766
f 3170 	3773 	3755
f 3755 	3167 	3170
f 2667 	2663 	3407
f 3262 	2827 	3261
f 3773 	3774 	3755
f 3774 	3775 	3755
f 3756 	3755 	3775
f 1031 	3766 	3786
f 3775 	3780 	3756
f 3786 	3776 	3785
f 3784 	3761 	3783
f 3787 	3783 	3761
f 3778 	3769 	3785
f 3780 	3787 	3756
f 3761 	3756 	3787
f 3777 	3779 	3781
f 3781 	3779 	3782
f 811 	93 	3803
f 3784 	3788 	3761
f 3580 	3761 	3788
f 3768 	712 	3766
f 3768 	901 	712
f 3580 	3788 	3583
f 1760 	3130 	3397
f 3790 	675 	3769
f 154 	675 	3790
f 2795 	2667 	3408
f 2795 	3408 	2273
f 124 	154 	3797
f 3788 	3784 	2796
f 3783 	2796 	3784
f 2687 	3775 	3774
f 3717 	3772 	3782
f 2687 	2680 	3775
f 3800 	3797 	154
f 3774 	3773 	2687
f 3170 	2687 	3773
f 3779 	3717 	3782
f 3791 	3255 	3167
f 3758 	3791 	3167
f 3778 	3800 	3769
f 3792 	3287 	3270
f 2812 	2060 	3792
f 3791 	3792 	3270
f 3790 	3800 	154
f 3759 	3792 	3791
f 3792 	3759 	2812
f 3759 	3791 	3758
f 3761 	3580 	3794
f 3797 	3789 	124
f 3668 	3794 	3650
f 3795 	3794 	3668
f 3733 	3728 	3795
f 3668 	3309 	3795
f 3777 	3793 	3779
f 3793 	3796 	3779
f 3797 	3800 	3776
f 3776 	3766 	3797
f 3797 	3766 	3789
f 3785 	3776 	3778
f 3799 	3796 	3798
f 3778 	3776 	3800
f 3790 	3769 	3800
f 3798 	3796 	3793
f 1870 	3802 	1867
f 3799 	3802 	3796
f 1870 	3796 	3802
f 3717 	3804 	3741
f 93 	271 	3803
f 3086 	3094 	3803
f 3779 	3805 	3804
f 3808 	3804 	3805
f 3808 	3807 	3804
f 3796 	3805 	3779
f 1941 	3805 	3796
f 1941 	3796 	1870
f 3804 	3807 	3741
f 1948 	3805 	1941
f 1948 	3808 	3805
f 3249 	3259 	2522
f 2820 	2522 	3259
f 3261 	2829 	3259
f 2829 	3261 	2827
f 408 	2827 	1866
f 3262 	1866 	2827
f 3809 	267 	3806
f 3802 	3799 	2837
f 3798 	2837 	3799
f 2841 	2837 	3793
f 3777 	2841 	3793
f 3781 	2841 	3777
f 3798 	3793 	2837
f 1013 	1055 	3801
f 3771 	2847 	3772
f 3781 	3782 	2841
f 3772 	2847 	3782
f 484 	3809 	3810
f 3211 	3212 	3813
f 3814 	3818 	3211
f 3208 	3211 	3818
f 3816 	3815 	3216
f 3816 	3216 	3817
f 3192 	2969 	3811
f 3810 	485 	484
f 64 	3814 	3813
f 64 	3813 	3812
f 64 	3812 	3815
f 3815 	3816 	64
f 3817 	67 	64
f 3817 	64 	3816
f 67 	3817 	240
f 3085 	3801 	1055
f 3226 	3225 	80
f 80 	3818 	3814
f 80 	3814 	64
f 3234 	3838 	3235
f 3165 	3166 	3840
f 3085 	3803 	3801
f 3086 	3803 	3085
f 3806 	221 	3819
f 221 	3806 	181
f 3810 	3820 	1059
f 3082 	3275 	3083
f 1421 	1059 	3820
f 2267 	3083 	3275
f 3841 	3090 	3842
f 3820 	3810 	3822
f 3821 	3822 	3810
f 3823 	3821 	3810
f 3823 	3810 	3809
f 3841 	3832 	3090
f 3823 	3809 	3825
f 14 	12 	3272
f 12 	172 	3272
f 3824 	3809 	3827
f 3824 	3825 	3809
f 174 	3281 	175
f 3806 	3827 	3809
f 3826 	3827 	3806
f 3819 	3826 	3806
f 3276 	175 	3281
f 174 	183 	3281
f 3829 	3830 	3831
f 3831 	3828 	3829
f 238 	239 	3826
f 3819 	238 	3826
f 3785 	3769 	1047
f 3786 	3785 	1031
f 3833 	3831 	3832
f 3830 	3834 	3831
f 3834 	3832 	3831
f 1047 	1031 	3785
f 811 	3803 	3094
f 3828 	3836 	3835
f 1059 	586 	3810
f 3831 	3836 	3828
f 1071 	588 	1059
f 3837 	3836 	3831
f 590 	1422 	589
f 3835 	3836 	3839
f 3822 	540 	3820
f 1421 	3820 	589
f 3831 	3833 	3837
f 542 	539 	3821
f 3379 	3837 	3833
f 542 	3821 	470
f 3825 	470 	3823
f 3825 	3824 	470
f 3838 	42 	3835
f 3838 	3835 	3839
f 3837 	3840 	3836
f 3836 	3840 	3839
f 3393 	3840 	3837
f 3379 	3393 	3837
f 3149 	3235 	3838
f 3156 	3158 	3839
f 3157 	3156 	3839
f 3157 	3839 	3840
f 1935 	3178 	3393
f 3178 	3177 	3393
f 3834 	3070 	3832
f 3090 	3832 	3070
f 14 	3272 	3829
f 3070 	3829 	3272
f 3834 	3830 	3070
f 3830 	3829 	3070
f 3842 	3833 	3841
f 3833 	3832 	3841
f 3844 	3845 	3843
f 3845 	3833 	3843
f 3842 	3843 	3833
f 3561 	3845 	3846
f 3845 	3844 	3847
f 3847 	3846 	3845
f 3845 	3379 	3833
f 3574 	3379 	3845
f 3561 	3574 	3845
f 3273 	3082 	3267
f 3063 	3267 	3082
f 3082 	3273 	3275
f 3847 	3088 	3846
f 3842 	3090 	3843
f 3843 	3088 	3844
f 3278 	3263 	473
f 475 	184 	476
f 23 	476 	184
f 24 	476 	23
f 30 	476 	24
f 475 	3028 	184
f 23 	184 	183
f 3278 	3280 	3263
f 3849 	175 	3848
f 183 	174 	23
f 174 	175 	23
f 3849 	23 	175
f 3265 	3264 	3282
f 3280 	3282 	3264
f 3282 	3267 	3265
f 3848 	3850 	3849
f 3850 	172 	3849
f 172 	3828 	3849
f 23 	3849 	42
f 3828 	3835 	3849
f 3835 	42 	3849
f 3264 	3263 	3280
f 3850 	3276 	172
f 3848 	3276 	3850
f 3828 	172 	12
f 3063 	3265 	3267
f 14 	3829 	3828
# 7740 faces

 #end of obj_0

