# Object Export From Tinkercad Server 2015

mtllib obj.mtl

o obj_0
v 12.824 		-16.702 		47.694
v 15.15 		-16.448 		47.694
v 14.367 		-16.362 		47.694
v 13.584 		-16.448 		47.694
v 12.003 		-16.883 		45.875
v 15.984 		-16.448 		45.875
v 15.188 		-16.181 		45.875
v 14.367 		-16.091 		45.875
v 13.546 		-16.181 		45.875
v 12.75 		-16.448 		45.875
v 15.867 		-14.741 		46.691
v 15.867 		-15.691 		45.741
v 8 		-15.691 		45.741
v 14.8411 		-16.1045 		45.0828
v 14.367 		-16.0563 		45.1596
v 14.0242 		-16.091 		45.1044
v 15.867 		-16.3493 		44.6933
v 15.5549 		-16.2524 		44.8475
v 15.1939 		-16.1402 		45.026
v 13.5401 		-16.1402 		45.026
v 13.0732 		-16.2852 		44.7952
v 12.7334 		-16.3908 		44.6272
v 12.705 		-16.406 		44.603
v 9.567 		-16.406 		44.603
v 16.0009 		-16.3897 		44.6048
v 16.0027 		-16.3907 		44.603
v 16.731 		-16.883 		45.875
v 16.699 		-14.647 		46.691
v 2.867 		-14.5 		58.5
v 2.867 		-14.5 		49.5
v 11.867 		-14.5 		58.5
v 11.867 		-14.5 		49.5
v 2.867 		-9.5 		63.5
v 2.867 		-2.5 		63.5
v 11.867 		-9.5 		63.5
v 11.867 		-2.5 		63.5
v -0.944 		-12.539 		59.613
v -1.042 		-12.617 		58.5
v -0.25 		-13.409 		58.5
v 2.173 		-12.539 		62.409
v 2.867 		-12.617 		62.409
v 0.43 		-12.556 		61.617
v 1.171 		-13.022 		61.617
v 1.997 		-13.311 		61.617
v 2.867 		-13.409 		61.617
v 0.058 		-13.022 		60.669
v 0.912 		-13.559 		60.669
v 1.865 		-13.892 		60.669
v 2.867 		-14.005 		60.669
v -0.172 		-13.311 		59.613
v 0.752 		-13.892 		59.613
v 1.782 		-14.252 		59.613
v 2.867 		-14.375 		59.613
v 0.698 		-14.005 		58.5
v 1.754 		-14.375 		58.5
v -1.042 		-12.617 		49.5
v -0.25 		-13.409 		49.5
v 0.698 		-14.005 		49.5
v 1.754 		-14.375 		49.5
v -0.25 		-9.5 		62.409
v -1.042 		-9.5 		61.617
v -0.944 		-10.37 		61.617
v -0.655 		-11.196 		61.617
v -1.638 		-9.5 		60.669
v -1.525 		-10.502 		60.669
v -1.192 		-11.455 		60.669
v -0.655 		-12.309 		60.669
v -2.008 		-9.5 		59.613
v -1.885 		-10.585 		59.613
v -1.525 		-11.615 		59.613
v 18.385 		-4.188 		0.297
v -2.133 		-9.5 		58.5
v -2.008 		-10.613 		58.5
v 19.094 		-20.958 		20
v 19.167 		-22 		20
v 19.094 		-23.042 		20
v 18.878 		-24.052 		20
v 18.524 		-25 		20
v 18.044 		-25.857 		20
v 17.452 		-26.596 		20
v 17.452 		-17.404 		20
v 18.044 		-18.143 		20
v 18.524 		-19 		20
v 18.878 		-19.948 		20
v -1.638 		-11.669 		58.5
v 17.184 		-24.954 		50.942
v 17.039 		-25.98 		49.4
v 17.551 		-25.34 		49.4
v 31.348 		-2 		28.201
v 29.71 		-2 		27.054
v 17.039 		-23.928 		52.273
v 17.266 		-23.319 		52.273
v 29.71 		-12 		27.054
v 31.348 		-12 		28.201
v 22.008 		-10.685 		45.224
v 17.406 		-22.67 		52.273
v 17.452 		-22 		52.273
v 22.272 		-10.173 		45.409
v 17.406 		-21.33 		52.273
v 11.3711 		-4.0384 		19
v 11.254 		-3.982 		18.87
v 11.905 		-3.166 		18.87
v 17.551 		-24.298 		50.942
v 11.682 		-2.887 		18.302
v 17.822 		-23.572 		50.942
v 11.254 		-3.315 		18.302
v 10.932 		-3.827 		18.302
v 17.988 		-22.798 		50.942
v 17.967 		-24.598 		49.4
v 11.543 		-2.713 		17.668
v 11.08 		-3.176 		17.668
v 18.273 		-23.777 		49.4
v 10.732 		-3.731 		17.668
v 18.461 		-22.902 		49.4
v 12.065 		-2.297 		17
v 11.497 		-2.655 		17
v 11.022 		-3.13 		17
v 10.664 		-3.698 		17
v 21.872 		-9 		45.823
v 13.367 		-2.655 		18.87
v 12.845 		-2.713 		18.87
v 18.044 		-22 		50.942
v 17.988 		-21.202 		50.942
v 12.349 		-2.887 		18.87
v 12.4054 		-3.0041 		19
v 12.4172 		-3 		19
v 18.524 		-22 		49.4
v 18.461 		-21.098 		49.4
v 13.367 		-2.297 		18.302
v 12.766 		-2.365 		18.302
v 17.266 		-20.681 		52.273
v 12.194 		-2.565 		18.302
v 17.039 		-20.072 		52.273
v 13.367 		-2.075 		17.668
v 12.716 		-2.149 		17.668
v 12.098 		-2.365 		17.668
v 13.367 		-2 		17
v 12.699 		-2.075 		17
v 17.822 		-20.428 		50.942
v 17.551 		-19.702 		50.942
v 17.184 		-19.046 		50.942
v 18.273 		-20.223 		49.4
v 17.967 		-19.402 		49.4
v 17.551 		-18.66 		49.4
v -7.736 		-2 		43.421
v -7.736 		-12 		43.421
v -6.836 		-1.698 		43.335
v -6.403 		-0.462 		43.335
v 17.039 		-18.02 		49.4
v -6.5009 		-2 		44.389
v -6.6651 		-2 		43.9201
v -6.8757 		-2.0496 		43.335
v 17.266 		-26.319 		47.694
v 17.822 		-25.624 		47.694
v 18.273 		-24.819 		47.694
v -6.539 		-0.397 		42
v 17.406 		-26.526 		45.875
v 17.988 		-25.798 		45.875
v -6.983 		-1.665 		42
v 18.461 		-24.954 		45.875
v -6.9083 		-2.075 		43.0703
v -7.018 		-2.297 		42.3193
v -7.0728 		-2.4644 		42
v -6.9338 		-2.1267 		42.8954
v -7.0729 		-2.465 		41.9988
v 18.606 		-23.928 		47.694
v 18.809 		-22.979 		47.694
v 18.878 		-22 		47.694
v 18.809 		-21.021 		47.694
v -7.0963 		-2.6736 		41.6546
v -7.133 		-3 		41.2999
v 18.809 		-24.021 		45.875
v 19.022 		-23.026 		45.875
v -4.78 		1.573 		43.335
v 19.094 		-22 		45.875
v -5.706 		0.647 		43.335
v 19.022 		-20.974 		45.875
v -4.874 		1.691 		42
v -5.824 		0.741 		42
v 17.452 		-26.596 		44
v 18.044 		-25.857 		44
v -3.671 		2.27 		43.335
v 18.524 		-25 		44
v 18.878 		-24.052 		44
v -3.736 		2.406 		42
v 19.094 		-23.042 		44
v 19.167 		-22 		44
v 19.094 		-20.958 		44
v 18.606 		-20.072 		47.694
v 13.95 		-19.046 		53.353
v 18.273 		-19.181 		47.694
v 13.546 		-19.181 		53.353
v 17.822 		-18.376 		47.694
v 13.167 		-19.402 		53.353
v 17.266 		-17.681 		47.694
v 18.809 		-19.979 		45.875
v 18.461 		-19.046 		45.875
v 14.928 		-20.072 		54.149
v 17.988 		-18.202 		45.875
v 14.652 		-19.979 		54.149
v 17.406 		-17.474 		45.875
v 14.367 		-19.948 		54.149
v 15.625 		-20.681 		54.149
v 18.878 		-19.948 		44
v 15.422 		-20.428 		54.149
v 18.524 		-19 		44
v -10.455 		-9 		42.153
v 15.188 		-20.223 		54.149
v 18.044 		-18.143 		44
v 17.452 		-17.404 		44
v 15.91 		-19.702 		53.353
v -9.861 		-10.87 		42.429
v -9.431 		-11.345 		42.63
v -8.915 		-11.703 		42.871
v 15.567 		-19.402 		53.353
v -9.526 		-10.824 		41.849
v 15.188 		-19.181 		53.353
v -9.106 		-11.287 		42.045
v 14.784 		-19.046 		53.353
v -8.604 		-11.635 		42.279
v 14.367 		-19 		53.353
v -9.101 		-10.685 		41.348
v -8.713 		-11.113 		41.529
v 16.911 		-15.573 		45.741
v 17.902 		-15.226 		45.741
v 18.792 		-14.668 		45.741
v 16.997 		-13.345 		47.406
v -10.386 		-9.668 		42.185
v 17.49 		-13.035 		47.406
v -10.185 		-10.302 		42.278
v 17.902 		-12.623 		47.406
v -10.104 		-9 		41.58
v -10.038 		-9.651 		41.611
v 17.49 		-14.37 		46.691
v 18.199 		-13.925 		46.691
v -18.013 		-3.731 		59.226
v -17.038 		-2.655 		58.944
v 18.792 		-13.332 		46.691
v -17.469 		-3.13 		58.743
v 19.237 		-12.623 		46.691
v 1.171 		-10.853 		63.005
v 1.514 		-11.196 		63.005
v 12.824 		-18.66 		52.273
v -9.842 		-10.269 		41.702
v 0.058 		-10.853 		62.409
v 12.384 		-19.046 		52.273
v 0.43 		-11.444 		62.409
v -9.635 		-9 		41.099
v -9.574 		-9.601 		41.127
v 0.923 		-11.937 		62.409
v 1.514 		-12.309 		62.409
v -9.393 		-10.173 		41.212
v -0.189 		-11.937 		61.617
v -17.793 		-3.698 		58.592
v 2.384 		-10.502 		63.375
v 2.619 		-10.585 		63.375
v 2.867 		-10.613 		63.375
v 1.926 		-11.455 		63.005
v -10.386 		-4.332 		42.185
v 2.384 		-11.615 		63.005
v -10.455 		-5 		42.153
v -10.038 		-4.349 		41.611
v 2.867 		-11.669 		63.005
v -14.673 		-3.698 		63.029
v -10.104 		-5 		41.58
v -16.485 		-3.698 		62.184
v -9.574 		-4.399 		41.127
v -16.334 		-3.13 		61.86
v -9.635 		-5 		41.099
v 1.754 		-9.5 		63.375
v 1.782 		-9.748 		63.375
v 0.698 		-9.5 		63.005
v 0.752 		-9.983 		63.005
v 0.912 		-10.441 		63.005
v -9.071 		-9 		40.734
v -9.018 		-9.522 		40.759
v -13.75 		-4.188 		63.459
v -13.937 		-3.982 		63.372
v -8.86 		-10.018 		40.832
v -8.607 		-10.462 		40.95
v -14.161 		-3.827 		63.268
v -0.172 		-10.194 		62.409
v -8.44 		-9 		40.504
v -8.397 		-9.416 		40.524
v -14.41 		-3.731 		63.151
v 1.865 		-9.983 		63.375
v 1.997 		-10.194 		63.375
v 2.173 		-10.37 		63.375
v -13.786 		-3.315 		63.048
v -9.018 		-4.478 		40.759
v -9.071 		-5 		40.734
v -8.397 		-4.584 		40.524
v -8.44 		-5 		40.504
v -12.994 		-4.188 		63.417
v -2.133 		-9.5 		49.5
v -2.008 		-10.613 		49.5
v -1.638 		-11.669 		49.5
v -13.196 		-3.834 		63.323
v -13.465 		-3.538 		63.198
v -0.25 		-2.5 		62.409
v -0.655 		-0.804 		61.617
v -0.944 		-1.63 		61.617
v -1.042 		-2.5 		61.617
v -8.915 		-2.297 		42.871
v -9.431 		-2.655 		42.63
v -1.192 		-0.545 		60.669
v -9.861 		-3.13 		42.429
v -1.525 		-1.498 		60.669
v -1.638 		-2.5 		60.669
v -10.185 		-3.698 		42.278
v -1.525 		-0.385 		59.613
v -8.604 		-2.365 		42.279
v -9.106 		-2.713 		42.045
v -1.885 		-1.415 		59.613
v -2.008 		-2.5 		59.613
v -1.638 		-0.331 		58.5
v -2.008 		-1.387 		58.5
v -2.133 		-2.5 		58.5
v -9.526 		-3.176 		41.849
v -0.655 		0.309 		60.669
v -9.842 		-3.731 		41.702
v -0.944 		0.539 		59.613
v -8.713 		-2.887 		41.529
v -0.25 		1.409 		58.5
v -1.042 		0.617 		58.5
v -9.101 		-3.315 		41.348
v -9.393 		-3.827 		41.212
v 1.754 		-2.5 		63.375
v 0.698 		-2.5 		63.005
v 1.782 		-2.252 		63.375
v -8.607 		-3.538 		40.95
v 1.514 		-0.804 		63.005
v -8.86 		-3.982 		40.832
v 1.171 		-1.147 		63.005
v 0.912 		-1.559 		63.005
v 0.752 		-2.017 		63.005
v 11.967 		-16.804 		44
v -8.341 		-11.925 		43.138
v 12.2874 		-16.6171 		44
v 11.967 		-16.804 		43.4664
v -8.043 		-11.851 		42.541
v 0.43 		-0.556 		62.409
v 11.9145 		-16.85 		43.335
v 0.058 		-1.147 		62.409
v -7.454 		-11.925 		42.816
v -7.731 		-11.635 		41.987
v -0.172 		-1.806 		62.409
v -7.186 		-11.703 		42.241
v 16.1461 		-16.4609 		44.3561
v 16.1793 		-16.4772 		44.2989
v 11.7432 		-17 		42
v 16.767 		-16.804 		44
v -8.249 		-11.435 		41.745
v 2.867 		-1.387 		63.375
v 2.619 		-1.415 		63.375
v -8.271 		-10.834 		41.107
v 2.384 		-1.498 		63.375
v 2.173 		-1.63 		63.375
v 1.997 		-1.806 		63.375
v -7.868 		-11.113 		41.295
v 1.865 		-2.017 		63.375
v 2.867 		-0.331 		63.005
v -7.418 		-11.287 		41.505
v 2.384 		-0.385 		63.005
v 1.926 		-0.545 		63.005
v -7.133 		-10.8412 		41.1333
v -7.133 		-10.8283 		41.1216
v -7.133 		-10.8197 		41.1139
v -7.133 		-11 		41.3
v -7.801 		-10.462 		40.802
v -7.48 		-10.685 		40.952
v -7.133 		-10.4537 		40.8947
v 2.867 		0.617 		62.409
v -8.272 		-9.812 		40.583
v 2.173 		0.539 		62.409
v -8.07 		-10.166 		40.677
v -7.656 		-9.565 		40.475
v 1.514 		0.309 		62.409
v 0.923 		-0.063 		62.409
v 2.867 		1.409 		61.617
v 1.997 		1.311 		61.617
v 1.171 		1.022 		61.617
v 0.43 		0.556 		61.617
v -0.189 		-0.063 		61.617
v 2.867 		2.005 		60.669
v 1.865 		1.892 		60.669
v 0.912 		1.559 		60.669
v 0.058 		1.022 		60.669
v 2.867 		2.375 		59.613
v 1.782 		2.252 		59.613
v 0.752 		1.892 		59.613
v -0.172 		1.311 		59.613
v -12.659 		-3.538 		63.05
v 2.867 		2.5 		58.5
v 1.754 		2.375 		58.5
v 0.698 		2.005 		58.5
v -14.144 		-3.176 		62.881
v -14.522 		-3.13 		62.705
v -12.995 		-3.166 		62.893
v -0.25 		1.409 		49.5
v -13.398 		-2.887 		62.705
v -1.042 		0.617 		49.5
v -1.638 		-0.331 		49.5
v -2.008 		-1.387 		49.5
v -2.133 		-2.5 		49.5
v -13.848 		-2.713 		62.495
v 2.867 		2.5 		49.5
v 1.754 		2.375 		49.5
v 0.698 		2.005 		49.5
v 11.867 		-12.617 		62.409
v 22.436 		-9.601 		45.524
v 22.491 		-9 		45.563
v 22.977 		-9.651 		45.128
v 23.037 		-9 		45.17
v 22.135 		-11.287 		44.539
v 22.09 		-11.703 		43.693
v 15.91 		-18.66 		52.273
v 22.514 		-10.824 		44.804
v 22.8 		-10.269 		45.004
v 22.556 		-11.345 		44.019
v 22.945 		-10.87 		44.291
v 15.422 		-18.376 		52.273
v 23.238 		-10.302 		44.496
v 14.903 		-18.202 		52.273
v 23.42 		-9.668 		44.624
v 14.367 		-18.143 		52.273
v 23.481 		-9 		44.667
v 13.831 		-18.202 		52.273
v 13.312 		-18.376 		52.273
v -12.553 		-2.887 		62.471
v 11.022 		-10.87 		3
v 11.497 		-11.345 		3
v 12.065 		-11.703 		3
v 11.08 		-10.824 		2.332
v 11.543 		-11.287 		2.332
v 21.872 		-5 		45.823
v 22.491 		-5 		45.563
v 22.436 		-4.399 		45.524
v 23.037 		-5 		45.17
v 22.977 		-4.349 		45.128
v 23.42 		-4.332 		44.624
v 23.481 		-5 		44.667
v 22.272 		-3.827 		45.409
v 22.008 		-3.315 		45.224
v -14.321 		-2.655 		62.275
v -13.017 		-2.565 		62.255
v -13.535 		-2.365 		62.013
v -14.08 		-2.297 		61.759
v -12.662 		-2.365 		61.721
v 22.135 		-2.713 		44.539
v 22.09 		-2.297 		43.693
v -13.223 		-2.149 		61.459
v 22.8 		-3.731 		45.004
v 22.514 		-3.176 		44.804
v 23.238 		-3.698 		44.496
v -16.133 		-2.655 		61.429
v 22.945 		-3.13 		44.291
v -15.893 		-2.297 		60.914
v 22.556 		-2.655 		44.019
v 10.367 		-9 		3
v -16.438 		-2.365 		60.66
v 10.442 		-9.668 		3
v 10.664 		-10.302 		3
v 10.442 		-9 		2.332
v 10.516 		-9.651 		2.332
v -15.625 		-2.075 		60.339
v 10.732 		-10.269 		2.332
v -16.215 		-2.149 		60.064
v -15.343 		-2 		59.734
v -15.948 		-2.075 		59.452
v 11.254 		-10.685 		1.698
v 11.682 		-11.113 		1.698
v 11.533 		-10.462 		1.13
v 11.905 		-10.834 		1.13
v 21.867 		-4.332 		33.1555
v -13.812 		-2.075 		61.184
v 21.867 		-4.6494 		33.0937
v 21.867 		-5 		33.0247
v 21.867 		-9 		33.0247
v -12.925 		-2.075 		60.862
v 21.867 		-9.668 		33.1555
v 21.867 		-9.3177 		33.0866
v 21.867 		-9.9623 		33.3356
v 21.867 		-10.302 		33.5429
v -13.53 		-2 		60.579
v 10.664 		-9 		1.698
v 10.732 		-9.601 		1.698
v 21.867 		-10.5532 		33.8186
v 21.867 		-10.87 		34.1656
v 21.867 		-11 		34.392
v 10.932 		-10.173 		1.698
v -16.523 		-2.297 		59.184
v 11.022 		-9 		1.13
v 11.08 		-9.522 		1.13
v 11.254 		-10.018 		1.13
v 21.867 		-3.13 		34.1656
v 21.867 		-3 		34.3923
v -12.406 		-3.982 		63.168
v 21.867 		-3.3793 		33.892
v 21.867 		-3.698 		33.5429
v 21.867 		-3.9915 		33.3634
v -11.873 		-3.827 		62.788
v -12.165 		-3.315 		62.652
v 16.6871 		-16.7574 		43.335
v 16.8195 		-16.85 		42.3825
v 16.767 		-16.804 		42.8424
v 16.863 		-16.8881 		42
v 16.3525 		-16.5623 		44
v 19.535 		-13.925 		45.741
v 20.093 		-13.035 		45.741
v -6.539 		-13.603 		25
v -5.824 		-14.741 		25
v -4.874 		-15.691 		25
v -3.736 		-16.406 		25
v -2.468 		-16.85 		25
v -2.129 		-16.8881 		25
v 17.169 		-16.703 		43.335
v 17.202 		-16.85 		42
v -2.0855 		-16.85 		24.6175
v -11.424 		-3.731 		62.298
v -6.403 		-13.538 		23.665
v -5.706 		-14.647 		23.665
v 17.07 		-16.27 		44.603
v -4.78 		-15.573 		23.665
v 18.212 		-15.87 		44.603
v -6.003 		-13.345 		22.397
v -5.359 		-14.37 		22.397
v 19.237 		-15.226 		44.603
v -11.74 		-3.176 		62.151
v -4.503 		-15.226 		22.397
v 20.093 		-14.37 		44.603
v -12.16 		-2.713 		61.955
v -5.359 		-13.035 		21.259
v 18.405 		-16.27 		43.335
v -4.801 		-13.925 		21.259
v 19.514 		-15.573 		43.335
v -4.503 		-12.623 		20.309
v 18.47 		-16.406 		42
v 19.608 		-15.691 		42
v 20.737 		-13.345 		44.603
v 20.44 		-14.647 		43.335
v 21.137 		-13.538 		43.335
v -2.435 		-16.703 		23.665
v 20.558 		-14.741 		42
v 21.273 		-13.603 		42
v -2.033 		-16.804 		24.1576
v -1.9531 		-16.7574 		23.665
v -3.671 		-16.27 		23.665
v 16.911 		-11.832 		47.85
v 17.07 		-11.579 		47.85
v 17.169 		-11.297 		47.85
v 17.202 		-11 		47.85
v 11.497 		-9 		0.655
v 11.543 		-9.416 		0.655
v 18.212 		-12.13 		47.406
v 11.682 		-9.812 		0.655
v 11.905 		-10.166 		0.655
v 12.065 		-9 		0.297
v 18.405 		-11.579 		47.406
v 18.47 		-11 		47.406
v 19.514 		-11.832 		46.691
v 19.608 		-11 		46.691
v 12.699 		-11.925 		3
v 13.367 		-12 		3
v 12.098 		-11.635 		2.332
v 12.716 		-11.851 		2.332
v 13.367 		-11.925 		2.332
v 21.453 		-10.462 		45.53
v 12.194 		-11.435 		1.698
v 12.766 		-11.635 		1.698
v 13.367 		-11.703 		1.698
v 21.682 		-10.018 		45.69
v -11.081 		-3.698 		61.722
v 21.824 		-9.522 		45.79
v 12.349 		-11.113 		1.13
v -11.405 		-3.13 		61.571
v -11.835 		-2.655 		61.37
v -12.351 		-2.297 		61.129
v 20.44 		-12.044 		45.741
v 21.149 		-10.834 		45.317
v 20.877 		-10.166 		45.706
v 13.728 		-17.474 		50.942
v 13.109 		-17.681 		50.942
v 12.528 		-18.02 		50.942
v 12.945 		-17.117 		49.4
v 12.289 		-17.5 		49.4
v 15.625 		-17.681 		50.942
v 15.006 		-17.474 		50.942
v 14.367 		-17.404 		50.942
v 15.789 		-17.117 		49.4
v 16.445 		-20.5 		53.353
v 16.206 		-20.072 		53.353
v 16.731 		-19.521 		52.273
v 16.35 		-19.046 		52.273
v 16.731 		-18.479 		50.942
v 16.206 		-18.02 		50.942
v 16.445 		-17.5 		49.4
v 10.461 		-24.819 		47.694
v 10.912 		-25.624 		47.694
v 11.468 		-26.319 		47.694
v 10.273 		-24.954 		45.875
v 10.746 		-25.798 		45.875
v 11.328 		-26.526 		45.875
v 12.003 		-27.117 		45.875
v 12.112 		-26.883 		47.694
v 12.824 		-27.298 		47.694
v -7.516 		-9.812 		40.541
v 13.584 		-27.552 		47.694
v 14.367 		-27.638 		47.694
v -7.329 		-10.018 		40.628
v 15.15 		-27.552 		47.694
v -7.133 		-10.2112 		40.7484
v -7.133 		-10.1846 		40.7348
v -7.133 		-10.1536 		40.719
v -7.133 		-9.5327 		40.5466
v -7.133 		-9.4509 		40.5317
v 15.91 		-27.298 		47.694
v -7.133 		-9.6382 		40.5728
v -7.133 		-9.8029 		40.6133
v -7.133 		-9.8738 		40.6346
v -7.773 		-9 		40.421
v -7.744 		-9.29 		40.435
v -7.133 		-9 		40.4852
v -7.133 		-9.1583 		40.4911
v -7.133 		-9.1396 		40.4903
v -7.133 		-9.29 		40.5058
v -7.133 		-9.3296 		40.5101
v -7.656 		-4.435 		40.475
v -7.744 		-4.71 		40.435
v -7.773 		-5 		40.421
v 12.75 		-27.552 		45.875
v 13.546 		-27.819 		45.875
v 14.367 		-27.909 		45.875
v -7.133 		-4.4673 		40.5466
v 15.188 		-27.819 		45.875
v -7.133 		-4.3134 		40.5845
v -7.133 		-4.6125 		40.5207
v -7.133 		-4.6704 		40.5101
v 15.984 		-27.552 		45.875
v -7.133 		-4.8417 		40.4911
v -7.133 		-4.8194 		40.4935
v -7.133 		-4.9873 		40.4857
v -7.133 		-5 		40.4852
v -8.341 		-2.075 		43.138
v -7.186 		-2.297 		42.241
v -7.731 		-2.365 		41.987
v 9.856 		-22 		47.694
v 9.925 		-22.979 		47.694
v 10.128 		-23.928 		47.694
v 12.845 		-11.287 		1.13
v 13.367 		-11.345 		1.13
v -8.249 		-2.565 		41.745
v 9.925 		-21.021 		47.694
v -7.418 		-2.713 		41.505
v 12.201 		-10.462 		0.655
v 12.555 		-10.685 		0.655
v 12.951 		-10.824 		0.655
v 13.367 		-10.87 		0.655
v 9.712 		-23.026 		45.875
v 9.64 		-22 		45.875
v 9.925 		-24.021 		45.875
v 9.712 		-20.974 		45.875
v 12.194 		-9.565 		0.297
v 12.349 		-9.812 		0.297
v 12.555 		-10.018 		0.297
v 12.802 		-10.173 		0.297
v 13.077 		-10.269 		0.297
v 12.951 		-9.522 		0.075
v 13.077 		-9.601 		0.075
v 13.367 		-10.302 		0.297
v 13.218 		-9.651 		0.075
v 13.367 		-9.668 		0.075
v 12.098 		-9.29 		0.297
v 12.699 		-9 		0.075
v 12.716 		-9.149 		0.075
v 12.766 		-9.29 		0.075
v 12.845 		-9.416 		0.075
v 13.367 		-9 		0
v 32.415 		-11.703 		28.948
v 27.789 		-10.87 		25.709
v 28.178 		-11.345 		25.981
v -7.868 		-2.887 		41.295
v 28.22 		-10.824 		25.196
v -8.271 		-3.166 		41.107
v -7.133 		-3.1588 		41.1333
v -7.133 		-3.1803 		41.1139
v 27.253 		-9 		25.333
v 27.314 		-9.668 		25.376
v 27.496 		-10.302 		25.504
v -7.454 		-2.075 		42.816
v -8.043 		-2.149 		42.541
v 27.697 		-9 		24.83
v 27.757 		-9.651 		24.872
v 27.934 		-10.269 		24.996
v -7.48 		-3.315 		40.952
v -7.801 		-3.538 		40.802
v 28.462 		-10.173 		24.591
v -8.07 		-3.834 		40.677
v -8.272 		-4.188 		40.583
v -8.07 		-3.834 		40.677
v -8.07 		-3.834 		40.677
v -8.07 		-3.834 		40.677
v 27.314 		-4.332 		25.376
v 27.253 		-5 		25.333
v 27.757 		-4.349 		24.872
v 27.697 		-5 		24.83
v 29.163 		-11.925 		26.671
v 31.895 		-11.925 		28.584
v 31.731 		-11.925 		27.654
v 32.264 		-11.851 		28.028
v 32.095 		-11.703 		27.135
v 32.421 		-11.345 		26.669
v -7.516 		-4.188 		40.541
v -1.4902 		-16.4875 		22.7449
v -7.133 		-3.7888 		40.7484
v -3.478 		-15.87 		22.397
v -7.133 		-3.8464 		40.719
v -7.329 		-3.982 		40.628
v -7.133 		-4.1971 		40.6133
v -2.336 		-16.27 		22.397
v -1.3151 		-16.3854 		22.397
v -4.058 		-14.668 		21.259
v -3.168 		-15.226 		21.259
v -2.177 		-15.573 		21.259
v -1.275 		-16.362 		22.3525
v -1.133 		-16.3144 		22.2512
v -1.133 		-15.691 		21.259
v -0.467 		-16.091 		21.8956
v -2.033 		-16.804 		20
v -1.275 		-16.362 		20
v -0.467 		-16.091 		20
v -1.965 		-14.647 		20.309
v -1.133 		-14.741 		20.309
v -4.058 		-13.332 		20.309
v -3.465 		-13.925 		20.309
v -2.756 		-14.37 		20.309
v -3.168 		-12.623 		19.594
v -2.756 		-13.035 		19.594
v -2.263 		-13.345 		19.594
v -1.712 		-13.538 		19.594
v -1.133 		-13.603 		19.594
v -7.133 		-11 		25
v -7.133 		-3 		25
v 16.009 		-27.638 		20
v 15.201 		-27.909 		20
v 14.367 		-28 		20
v 13.533 		-27.909 		20
v 12.725 		-27.638 		20
v 11.967 		-27.196 		20
v 11.282 		-26.596 		20
v 10.69 		-25.857 		20
v 10.21 		-25 		20
v 9.856 		-24.052 		20
v 9.64 		-23.042 		20
v 9.567 		-22 		20
v 9.64 		-20.958 		20
v 16.767 		-27.196 		20
v 2.767 		-16.804 		20
v 2.9908 		-17 		25
v 9.856 		-19.948 		20
v 10.21 		-19 		20
v 10.69 		-18.143 		20
v 11.282 		-17.404 		20
v 2.8195 		-16.85 		23.665
v 5.952 		-21 		42
v 5.952 		-21.868 		41.802
v 5.167 		-22 		41.7191
v 9.567 		-22 		41.7191
v 5.167 		-22 		30.2809
v 8 		-22.247 		30.436
v 10.442 		-4.332 		3
v 10.367 		-5 		3
v 10.516 		-4.349 		2.332
v 10.442 		-5 		2.332
v 10.732 		-4.399 		1.698
v 9.567 		-22 		30.2809
v 10.664 		-5 		1.698
v 11.08 		-4.478 		1.13
v 11.022 		-5 		1.13
v 11.543 		-4.584 		0.655
v 11.497 		-5 		0.655
v 12.065 		-5 		0.297
v 12.194 		-4.435 		0.297
v 12.098 		-4.71 		0.297
v 13.077 		-4.399 		0.075
v 12.951 		-4.478 		0.075
v 12.845 		-4.584 		0.075
v 12.766 		-4.71 		0.075
v 12.716 		-4.851 		0.075
v 12.699 		-5 		0.075
v 13.367 		-4.332 		0.075
v 13.218 		-4.349 		0.075
v 13.367 		-5 		0
v -2.45 		-24.954 		50.942
v -2.817 		-25.34 		49.4
v -2.305 		-25.98 		49.4
v -2.532 		-23.319 		52.273
v -2.305 		-23.928 		52.273
v -2.672 		-21.33 		52.273
v -2.718 		-22 		52.273
v -2.672 		-22.67 		52.273
v -3.254 		-22.798 		50.942
v -3.088 		-23.572 		50.942
v -2.817 		-24.298 		50.942
v -3.727 		-22.902 		49.4
v -3.539 		-23.777 		49.4
v 21.059 		-9.812 		45.834
v -3.233 		-24.598 		49.4
v 21.172 		-9.416 		45.913
v 21.211 		-9 		45.94
v -3.254 		-21.202 		50.942
v -3.31 		-22 		50.942
v -3.727 		-21.098 		49.4
v 20.558 		-11 		45.741
v -3.79 		-22 		49.4
v 20.4529 		-9.4993 		45.8461
v -2.305 		-20.072 		52.273
v 20.4659 		-9.5776 		45.8331
v 20.5285 		-9.812 		45.7705
v -2.532 		-20.681 		52.273
v 20.558 		-9.9221 		45.741
v 20.4629 		-9.5592 		45.8361
v 20.513 		-9.29 		45.888
v 20.4329 		-9.2722 		45.8661
v 20.4344 		-9.29 		45.8646
v 20.54 		-9 		45.907
v 20.4254 		-9.0259 		45.8737
v 20.4245 		-9 		45.8745
v -2.45 		-19.046 		50.942
v -2.817 		-19.702 		50.942
v -3.088 		-20.428 		50.942
v -2.817 		-18.66 		49.4
v -3.233 		-19.402 		49.4
v -3.539 		-20.223 		49.4
v 20.9206 		-11 		45.1639
v 20.923 		-11.0072 		45.1587
v -2.305 		-18.02 		49.4
v 20.706 		-10.514 		45.5054
v -3.539 		-24.819 		47.694
v 20.8203 		-10.7732 		45.3235
v 20.687 		-10.462 		45.5356
v -3.088 		-25.624 		47.694
v 20.5989 		-10.1103 		45.6759
v 20.567 		-9.9735 		45.7267
v -2.532 		-26.319 		47.694
v 20.6707 		-10.4173 		45.5617
v -3.727 		-24.954 		45.875
v -3.254 		-25.798 		45.875
v 21.658 		-11.113 		44.979
v -2.672 		-26.526 		45.875
v 11.867 		-13.409 		61.617
v 21.681 		-11.635 		44.221
v 11.867 		-14.005 		60.669
v 0.367 		-16 		20
v 1.201 		-16.091 		20
v 2.009 		-16.362 		20
v 2.767 		-16.804 		23.5336
v 2.0845 		-16.406 		22.397
v 11.867 		-14.375 		59.613
v 21.137 		-12.203 		44.603
v 21.238 		-11.435 		44.685
v 12.561 		-12.539 		62.409
v 20.9837 		-11.113 		45.0431
v 21.0669 		-11.2583 		44.8845
v 10.21 		-25 		44
v 0.367 		-16 		21.7508
v 2.009 		-16.362 		22.327
v 10.69 		-25.857 		44
v 1.201 		-16.091 		21.8956
v 2.3273 		-16 		21.7508
v 11.282 		-26.596 		44
v 11.967 		-27.196 		44
v 12.725 		-27.638 		44
v 13.533 		-27.909 		44
v -6.983 		-12.335 		25
v 14.367 		-28 		44
v 15.201 		-27.909 		44
v 16.009 		-27.638 		44
v 9.64 		-23.042 		44
v -6.983 		-11 		23.665
v 9.567 		-22 		44
v 9.856 		-24.052 		44
v -6.836 		-12.302 		23.665
v 9.64 		-20.958 		44
v -6.539 		-11 		22.397
v -6.403 		-12.203 		22.397
v 16.767 		-27.196 		44
v 11.282 		-17.404 		44
v 10.69 		-18.143 		44
v 10.21 		-19 		44
v 9.856 		-19.948 		44
v -5.824 		-11 		21.259
v -5.706 		-12.044 		21.259
v 9.64 		-20.958 		42
v 9.6371 		-21 		42
v -4.503 		-9 		19.345
v 9.6059 		-21.445 		41.95
v 9.5762 		-21.868 		41.802
v -4.457 		-9.416 		19.345
v -4.318 		-9.812 		19.345
v 9.5843 		-22.247 		41.564
v 9.6065 		-22.564 		41.247
v -4.874 		-11 		20.309
v -4.78 		-11.832 		20.309
v 9.6371 		-23 		40
v 9.6232 		-22.802 		40.868
v 9.6335 		-22.95 		40.445
v -3.799 		-10.462 		19.345
v -3.445 		-10.685 		19.345
v -3.736 		-11 		19.594
v -3.671 		-11.579 		19.594
v 10.715 		-17.476 		41.247
v -3.478 		-12.13 		19.594
v 10.367 		-17.436 		41.247
v -3.3633 		-10.5155 		19.4635
v -3.049 		-10.824 		19.345
v -3.0464 		-10.8123 		19.3525
v -3.0531 		-10.806 		19.3549
v -3.0249 		-10.8267 		19.345
v 10.367 		-18.132 		41.802
v -2.6487 		-11 		19.2133
v 10.644 		-17.784 		41.564
v 10.367 		-17.753 		41.564
v -2.435 		-11.297 		19.15
v 11.045 		-17.591 		41.247
v -2.633 		-11.0069 		19.2081
v -2.4608 		-11.065 		19.15
v -2.336 		-11.579 		19.15
v -2.177 		-11.832 		19.15
v 10.56 		-18.154 		41.802
v -1.965 		-12.044 		19.15
v -1.712 		-12.203 		19.15
v 10.69 		-18.143 		41.7685
v -1.43 		-12.302 		19.15
v -1.133 		-12.335 		19.15
v 10.7185 		-18.1074 		41.7414
v 10.9042 		-17.8756 		41.564
v 10.9153 		-17.8617 		41.5471
v -1.7592 		-11.1428 		19.0722
v 10.9062 		-17.8732 		41.561
v 11.0643 		-17.6757 		41.3089
v -1.4878 		-11.1708 		19.0442
v -1.3616 		-11.1822 		19.0328
v -1.2828 		-11.188 		19.027
v 11.1031 		-17.6274 		41.247
v 11.2071 		-17.4975 		40.9821
v -1.225 		-11.1912 		19.0238
v 12.737 		-13.311 		61.617
v 13.563 		-13.022 		61.617
v 14.304 		-12.556 		61.617
v 12.869 		-13.892 		60.669
v 13.822 		-13.559 		60.669
v 14.676 		-13.022 		60.669
v 12.952 		-14.252 		59.613
v 13.982 		-13.892 		59.613
v 28.644 		-11.703 		26.307
v 14.906 		-13.311 		59.613
v 15.678 		-12.539 		59.613
v 29.053 		-11.635 		25.779
v 10.21 		-19 		42
v 10.367 		-18.7197 		41.9685
v 29.56 		-11.851 		26.134
v 10.4538 		-18.5646 		41.95
v 10.367 		-18.555 		41.95
v 10.56 		-18.3751 		41.8755
v 10.6636 		-18.19 		41.802
v 30.093 		-11.925 		26.507
v 10.4749 		-18.5271 		41.936
v 10.4623 		-18.5496 		41.9444
v 12.98 		-14.375 		58.5
v 29.964 		-11.635 		25.643
v 14.036 		-14.005 		58.5
v 30.457 		-11.703 		25.988
v 14.984 		-13.409 		58.5
v 15.776 		-12.617 		58.5
v 12.98 		-14.375 		49.5
v 14.036 		-14.005 		49.5
v 14.984 		-13.409 		49.5
v 15.776 		-12.617 		49.5
v 9.856 		-19.948 		42
v 11.867 		-10.613 		63.375
v 10.367 		-17.05 		40.445
v 11.867 		-11.669 		63.005
v 10.367 		-17 		40
v 12.115 		-10.585 		63.375
v 12.35 		-10.502 		63.375
v 10.768 		-17.243 		40.868
v 12.35 		-11.615 		63.005
v 12.808 		-11.455 		63.005
v 10.367 		-17.198 		40.868
v 10.801 		-17.099 		40.445
v 10.812 		-17.05 		40
v -4.288 		-20.974 		45.875
v -4.36 		-22 		45.875
v -4.288 		-23.026 		45.875
v -4.075 		-21.021 		47.694
v -4.144 		-22 		47.694
v -4.075 		-22.979 		47.694
v -3.872 		-23.928 		47.694
v -4.075 		-24.021 		45.875
v 28.599 		-11.287 		25.461
v 16.622 		-26.883 		47.694
v -2.532 		-17.681 		47.694
v 16.731 		-27.117 		45.875
v -3.088 		-18.376 		47.694
v -3.539 		-19.181 		47.694
v -3.872 		-20.072 		47.694
v 11.468 		-17.681 		47.694
v 10.912 		-18.376 		47.694
v 10.461 		-19.181 		47.694
v 10.128 		-20.072 		47.694
v -2.672 		-17.474 		45.875
v -3.254 		-18.202 		45.875
v -3.727 		-19.046 		45.875
v 21.1202 		-11.3512 		44.7831
v 21.169 		-11.4231 		44.6925
v 28.726 		-10.685 		24.776
v 21.1908 		-11.4552 		44.6519
v 11.328 		-17.474 		45.875
v 21.219 		-11.4776 		44.603
v 29.076 		-11.113 		25.021
v 29.496 		-11.435 		25.315
v 10.746 		-18.202 		45.875
v 10.273 		-19.046 		45.875
v 29.585 		-10.834 		24.683
v 9.925 		-19.979 		45.875
v 29.949 		-11.113 		24.938
v 30.355 		-11.287 		25.222
v 21.57 		-12.302 		43.335
v 30.391 		-10.685 		24.667
v 21.3159 		-11.635 		44.2755
v 21.3692 		-11.7214 		44.0953
v 21.3919 		-11.7581 		44.0186
v 12.112 		-17.117 		47.694
v 21.6075 		-11.9094 		43.3546
v 21.459 		-11.805 		43.8122
v 21.6141 		-11.9114 		43.335
v 16.622 		-17.117 		47.694
v 30.783 		-11.345 		25.522
v 30.714 		-10.824 		24.894
v 31.055 		-10.87 		25.133
v -0.454 		-24.819 		53.353
v -1.616 		-24.954 		52.273
v -1.176 		-25.34 		52.273
v 11.213 		-17.243 		40.445
v -0.688 		-25.624 		52.273
v 11.235 		-17.198 		40
v -1.997 		-25.521 		50.942
v -1.472 		-25.98 		50.942
v 11.149 		-17.377 		40.868
v -0.891 		-26.319 		50.942
v -0.272 		-26.526 		50.942
v 11.282 		-17.404 		40.7309
v 11.3168 		-17.3735 		40.6036
v 11.3601 		-17.3356 		40.445
v -1.711 		-26.5 		49.4
v 11.3826 		-17.3159 		40.1887
v 11.3994 		-17.3012 		40
v -1.055 		-26.883 		49.4
v -0.355 		-27.117 		49.4
v 21.717 		-12.335 		42
v -0.454 		-23.777 		54.149
v 11.2519 		-17.4416 		40.868
v -0.194 		-23.928 		54.149
v 21.6213 		-11.925 		43.2571
v 21.6208 		-11.924 		43.263
v -1.472 		-23.928 		53.353
v 21.6523 		-11.941 		42.9648
v 21.7553 		-11.9936 		42
v -1.176 		-24.298 		53.353
v 9.64 		-20.958 		30
v -0.833 		-24.598 		53.353
v 9.6371 		-21 		30
v 9.5762 		-21.868 		30.198
v 9.6059 		-21.445 		30.05
v 9.6371 		-23 		32
v 9.6335 		-22.95 		31.555
v 9.6232 		-22.802 		31.132
v 9.6065 		-22.564 		30.753
v 9.5843 		-22.247 		30.436
v 21.7546 		-12 		41.9025
v -1.055 		-23.026 		54.149
v -0.891 		-23.319 		54.149
v 21.172 		-4.584 		45.913
v 21.211 		-5 		45.94
v -0.688 		-23.572 		54.149
v 21.824 		-4.478 		45.79
v -1.888 		-23.026 		53.353
v 10.367 		-17 		32
v -1.711 		-23.5 		53.353
v 10.367 		-17.05 		31.555
v 20.513 		-4.71 		45.888
v 20.4329 		-4.7278 		45.8661
v 20.4322 		-4.7478 		45.8668
v 20.4245 		-5 		45.8745
v 20.54 		-5 		45.907
v 20.4529 		-4.5007 		45.8461
v 11.235 		-17.198 		32
v 10.812 		-17.05 		32
v -1.275 		-22 		54.149
v 20.4659 		-4.4224 		45.8331
v -1.25 		-22.356 		54.149
v 20.4789 		-4.3741 		45.8201
v -2.033 		-22 		53.353
v 10.801 		-17.099 		31.555
v -1.997 		-22.521 		53.353
v 10.768 		-17.243 		31.132
v 10.367 		-17.198 		31.132
v 10.715 		-17.476 		30.753
v 21.7546 		-12 		38.4161
v 21.7631 		-11.925 		37.2398
v 10.367 		-17.436 		30.753
v 21.8282 		-11.345 		35.049
v 21.8597 		-11.0649 		34.5155
v -0.454 		-21.819 		54.636
v 21.788 		-11.703 		36.098
v -0.467 		-22 		54.636
v 21.78 		-11.7739 		36.4621
v -0.454 		-22.181 		54.636
v -0.416 		-22.356 		54.636
v -0.355 		-22.521 		54.636
v -0.272 		-22.67 		54.636
v 11.213 		-17.243 		31.555
v 17.202 		-3 		47.85
v 17.169 		-2.703 		47.85
v 17.07 		-2.421 		47.85
v -1.176 		-22.702 		54.149
v 18.47 		-3 		47.406
v 18.405 		-2.421 		47.406
v 11.3994 		-17.3012 		32
v 19.608 		-3 		46.691
v 11.045 		-17.591 		30.753
v -0.272 		-21.33 		54.636
v -0.355 		-21.479 		54.636
v -0.416 		-21.644 		54.636
v 11.3762 		-17.3215 		31.7361
v 11.3601 		-17.3356 		31.555
v 11.149 		-17.377 		31.132
v 11.282 		-17.404 		31.2697
v -1.055 		-20.974 		54.149
v -1.176 		-21.298 		54.149
v -1.25 		-21.644 		54.149
v 10.367 		-18.132 		30.198
v 10.644 		-17.784 		30.436
v -1.888 		-20.974 		53.353
v 10.367 		-17.753 		30.436
v -1.997 		-21.479 		53.353
v 11.7432 		-17 		25
v -1.997 		-24.479 		52.273
v 11.1031 		-17.6274 		30.753
v 11.2797 		-17.4068 		31.2594
v 11.2519 		-17.4416 		31.132
v 11.1322 		-17.591 		30.8273
v 10.69 		-18.143 		30.2316
v 10.56 		-18.154 		30.198
v -0.05 		-24.954 		53.353
v 0.367 		-25 		53.353
v 0.784 		-24.954 		53.353
v 10.9153 		-17.8617 		30.4529
v 10.9042 		-17.8756 		30.436
v 1.188 		-24.819 		53.353
v 10.8944 		-17.8878 		30.4267
v 13.22 		-11.196 		63.005
v 16.911 		-2.168 		47.85
v 13.563 		-10.853 		63.005
v 18.212 		-1.87 		47.406
v 13.22 		-12.309 		62.409
v 17.902 		-1.377 		47.406
v 13.811 		-11.937 		62.409
v 17.49 		-0.965 		47.406
v 16.997 		-0.655 		47.406
v 14.304 		-11.444 		62.409
v 14.676 		-10.853 		62.409
v 14.923 		-11.937 		61.617
v 15.389 		-11.196 		61.617
v 19.514 		-2.168 		46.691
v 19.237 		-1.377 		46.691
v 18.792 		-0.668 		46.691
v 12.561 		-10.37 		63.375
v 20.093 		-0.965 		45.741
v 12.737 		-10.194 		63.375
v 12.869 		-9.983 		63.375
v 12.952 		-9.748 		63.375
v 12.98 		-9.5 		63.375
v 13.822 		-10.441 		63.005
v 21.059 		-4.188 		45.834
v 13.982 		-9.983 		63.005
v 20.877 		-3.834 		45.706
v 14.036 		-9.5 		63.005
v 14.906 		-10.194 		62.409
v 14.984 		-9.5 		62.409
v 21.682 		-3.982 		45.69
v 15.678 		-10.37 		61.617
v 21.453 		-3.538 		45.53
v 15.776 		-9.5 		61.617
v 15.389 		-12.309 		60.669
v 15.926 		-11.455 		60.669
v 21.149 		-3.166 		45.317
v 31.023 		-10.269 		24.674
v 31.26 		-10.302 		24.84
v 20.44 		-1.956 		45.741
v 20.558 		-3 		45.741
v 31.388 		-9.668 		24.658
v 31.431 		-9 		24.597
v 31.388 		-4.332 		24.658
v 20.558 		-4.078 		45.741
v 31.431 		-5 		24.597
v 28.298 		-4.399 		24.476
v 28.243 		-5 		24.437
v 28.243 		-9 		24.437
v 28.298 		-9.601 		24.476
v 20.923 		-2.9928 		45.1587
v 20.9206 		-3 		45.1639
v 29.281 		-10.462 		24.47
v 30.1 		-10.462 		24.464
v 20.567 		-4.0265 		45.7267
v 20.6707 		-3.5827 		45.5617
v 28.91 		-9.522 		24.21
v 20.7061 		-3.486 		45.5054
v 29.052 		-10.018 		24.31
v 29.675 		-9.812 		24.166
v 29.857 		-10.166 		24.294
v 21.658 		-2.887 		44.979
v 21.238 		-2.565 		44.685
v 21.1202 		-2.6488 		44.7831
v 30.3 		-9.565 		24.167
v 21.1908 		-2.5448 		44.6519
v 30.427 		-9.812 		24.256
v 21.681 		-2.365 		44.221
v 21.219 		-2.5224 		44.603
v 28.862 		-9 		24.177
v 29.523 		-9 		24.06
v 21.137 		-1.797 		44.603
v 29.562 		-9.416 		24.087
v 30.194 		-9 		24.093
v 30.221 		-9.29 		24.112
v 12.065 		-2.297 		3
v 11.497 		-2.655 		3
v 11.022 		-3.13 		3
v 10.664 		-3.698 		3
v 11.543 		-2.713 		2.332
v 11.08 		-3.176 		2.332
v 10.732 		-3.731 		2.332
v 11.682 		-2.887 		1.698
v 11.254 		-3.315 		1.698
v 10.932 		-3.827 		1.698
v 11.905 		-3.166 		1.13
v 11.533 		-3.538 		1.13
v 11.254 		-3.982 		1.13
v 11.905 		-3.834 		0.655
v 11.682 		-4.188 		0.655
v -1.177 		-11.1928 		19.0222
v 13.367 		-2 		3
v 12.699 		-2.075 		3
v 13.367 		-2.075 		2.332
v 12.716 		-2.149 		2.332
v -1.133 		-11.1933 		19.0217
v 12.098 		-2.365 		2.332
v 13.367 		-2.297 		1.698
v 12.766 		-2.365 		1.698
v -3.855 		-9.5886 		19.6688
v 12.194 		-2.565 		1.698
v -4.095 		-10.166 		19.345
v -3.8408 		-9.6374 		19.6599
v -3.7642 		-9.9023 		19.6117
v -3.736 		-9.97 		19.594
v 13.367 		-2.655 		1.13
v 12.845 		-2.713 		1.13
v -3.935 		-9 		19.703
v -3.9186 		-9 		19.7087
v -3.9095 		-9.2242 		19.703
v 12.349 		-2.887 		1.13
v -3.9057 		-9.2908 		19.7006
v -3.9052 		-9.294 		19.7003
v 12.555 		-3.315 		0.655
v 12.201 		-3.538 		0.655
v -3.5999 		-10.2123 		19.5463
v -3.445 		-10.4109 		19.4921
v 13.367 		-3.698 		0.297
v 13.077 		-3.731 		0.297
v 12.802 		-3.827 		0.297
v 12.555 		-3.982 		0.297
v 12.349 		-4.188 		0.297
v -4.457 		-4.584 		19.345
v -4.503 		-5 		19.345
v 13.367 		-3.13 		0.655
v 12.951 		-3.176 		0.655
v -3.9185 		-4.9962 		19.7086
v -3.9095 		-4.7758 		19.703
v -3.935 		-5 		19.703
v -3.9186 		-5 		19.7087
v -3.855 		-4.4114 		19.6687
v -3.9057 		-4.7092 		19.7006
v -3.8612 		-4.4476 		19.6727
v -3.9058 		-4.7118 		19.7007
v 4.367 		-9 		17
v 4.367 		-5 		17
v 1.367 		-11.1933 		19.0217
v 4.367 		-9 		3
v 4.367 		-5 		3
v -2.633 		-2 		17
v 1.367 		-2 		17
v -2.633 		-2 		3
v 1.367 		-2 		3
v -2.633 		-9 		0
v -2.633 		-5 		0
v 1.367 		-9 		0
v 1.367 		-5 		0
v -5.633 		-9 		17
v -5.633 		-5 		17
v -5.633 		-9 		3
v -5.633 		-5 		3
v -2.633 		-12 		17
v 1.367 		-12 		17
v -2.633 		-12 		3
v 1.367 		-12 		3
v -4.978 		-9 		18.87
v -4.92 		-9.522 		18.87
v -4.746 		-10.018 		18.87
v -4.467 		-10.462 		18.87
v -4.746 		-10.685 		18.302
v -4.318 		-11.113 		18.302
v -4.92 		-10.824 		17.668
v -4.457 		-11.287 		17.668
v -4.978 		-10.87 		17
v -4.503 		-11.345 		17
v -5.336 		-9 		18.302
v -5.268 		-9.601 		18.302
v -5.068 		-10.173 		18.302
v -5.558 		-9 		17.668
v -5.484 		-9.651 		17.668
v -5.268 		-10.269 		17.668
v -5.558 		-9.668 		17
v -5.336 		-10.302 		17
v -4.095 		-10.834 		18.87
v -3.651 		-11.113 		18.87
v -4.075 		-19.979 		45.875
v -3.155 		-11.287 		18.87
v -2.633 		-11.345 		18.87
v -3.806 		-11.435 		18.302
v -3.234 		-11.635 		18.302
v -2.633 		-11.703 		18.302
v -3.902 		-11.635 		17.668
v -3.284 		-11.851 		17.668
v -2.633 		-11.925 		17.668
v -3.935 		-11.703 		17
v -3.301 		-11.925 		17
v -4.92 		-4.478 		18.87
v -4.978 		-5 		18.87
v -5.268 		-4.399 		18.302
v -5.336 		-5 		18.302
v -5.484 		-4.349 		17.668
v -5.558 		-5 		17.668
v -5.558 		-4.332 		17
v 1.367 		-11.345 		18.87
v 1.367 		-11.703 		18.302
v 1.367 		-11.925 		17.668
v 16.259 		-10.502 		60.669
v 16.372 		-9.5 		60.669
v 16.259 		-11.615 		59.613
v 16.619 		-10.585 		59.613
v 16.742 		-9.5 		59.613
v 16.372 		-11.669 		58.5
v 16.742 		-10.613 		58.5
v 16.867 		-9.5 		58.5
v 16.372 		-11.669 		49.5
v 16.742 		-10.613 		49.5
v 16.867 		-9.5 		49.5
v 11.867 		-1.387 		63.375
v 11.867 		-0.331 		63.005
v -4.503 		-12.623 		46.691
v -5.359 		-13.035 		45.741
v 11.867 		0.617 		62.409
v -4.801 		-13.925 		45.741
v 11.867 		1.409 		61.617
v 11.867 		2.005 		60.669
v 11.867 		2.375 		59.613
v 11.867 		2.5 		58.5
v -4.058 		-14.668 		45.741
v -3.168 		-15.226 		45.741
v -2.177 		-15.573 		45.741
v 1.889 		-11.287 		18.87
v 2.385 		-11.113 		18.87
v 2.3286 		-10.9959 		19
v 2.3168 		-11 		19
v 2.6511 		-10.7932 		19
v 2.829 		-10.834 		18.87
v 2.748 		-10.7322 		19
v 3.201 		-10.462 		18.87
v -3.168 		-12.623 		47.406
v -2.756 		-13.035 		47.406
v -2.263 		-13.345 		47.406
v -4.058 		-13.332 		46.691
v -3.465 		-13.925 		46.691
v -2.756 		-14.37 		46.691
v 1.7267 		-11.1573 		19.0177
v 1.8564 		-11.1445 		19.0162
v 2.2157 		-11.0317 		19.0036
v -0.169 		-25.798 		52.273
v 0.367 		-25.857 		52.273
v 0.903 		-25.798 		52.273
v 1.422 		-25.624 		52.273
v 1.91 		-25.34 		52.273
v 2.35 		-24.954 		52.273
v 0.367 		-26.596 		50.942
v 1.006 		-26.526 		50.942
v 1.625 		-26.319 		50.942
v 0.367 		-27.196 		49.4
v 1.089 		-27.117 		49.4
v 1.789 		-26.883 		49.4
v 2.206 		-25.98 		50.942
v 2.731 		-25.521 		50.942
v 3.184 		-24.954 		50.942
v 2.445 		-26.5 		49.4
v 3.039 		-25.98 		49.4
v 3.551 		-25.34 		49.4
v 0.082 		-24.021 		54.149
v 0.367 		-24.052 		54.149
v 0.652 		-24.021 		54.149
v 0.928 		-23.928 		54.149
v 1.188 		-23.777 		54.149
v 1.567 		-24.598 		53.353
v -0.169 		-22.798 		54.636
v -0.05 		-22.902 		54.636
v 0.082 		-22.979 		54.636
v 0.222 		-23.026 		54.636
v 0.367 		-23.042 		54.636
v 0.512 		-23.026 		54.636
v 0.652 		-22.979 		54.636
v 0.784 		-22.902 		54.636
v -6.003 		-13.345 		44.603
v -5.359 		-14.37 		44.603
v -4.503 		-15.226 		44.603
v -3.478 		-15.87 		44.603
v -2.336 		-16.27 		44.603
v 0.903 		-22.798 		54.636
v 3.0992 		-10.381 		19
v 3.48 		-10.018 		18.87
v 3.3018 		-10.0585 		19
v 3.3629 		-9.9616 		19
v 3.654 		-9.522 		18.87
v 3.4892 		-9.6014 		19
v 3.5273 		-9.493 		19
v -4.5986 		-10.9174 		46.864
v -4.5583 		-10.87 		46.8894
v -4.6692 		-11 		46.8196
v 3.712 		-9 		18.87
v 3.582 		-9 		19
v 3.5694 		-9.1138 		19
v 1.968 		-11.635 		18.302
v 2.54 		-11.435 		18.302
v 3.052 		-11.113 		18.302
v 3.48 		-10.685 		18.302
v -4.8494 		-11.2174 		46.691
v -4.78 		-11.832 		46.691
v 2.018 		-11.851 		17.668
v 2.636 		-11.635 		17.668
v 3.191 		-11.287 		17.668
v 3.654 		-10.824 		17.668
v 2.035 		-11.925 		17
v 2.669 		-11.703 		17
v 3.237 		-11.345 		17
v -5.3557 		-11.703 		46.1298
v -5.3929 		-11.7206 		46.0906
v -5.7248 		-11.8776 		45.741
v -5.4818 		-11.7627 		45.997
v 3.712 		-10.87 		17
v -4.9794 		-11.3781 		46.5429
v -4.941 		-11.345 		46.585
v -5.706 		-12.044 		45.741
v 3.802 		-10.173 		18.302
v 4.002 		-9.601 		18.302
v -5.8347 		-11.9297 		45.5567
v -5.8083 		-11.925 		45.5995
v 4.07 		-9 		18.302
v 4.002 		-10.269 		17.668
v 4.218 		-9.651 		17.668
v -2.468 		-11 		47.85
v -2.435 		-11.297 		47.85
v -2.336 		-11.579 		47.85
v 4.292 		-9 		17.668
v -3.736 		-11 		47.406
v -3.671 		-11.579 		47.406
v 4.07 		-10.302 		17
v 4.292 		-9.668 		17
v -3.478 		-12.13 		47.406
v 3.582 		-5 		19
v 3.712 		-5 		18.87
v 3.654 		-4.478 		18.87
v 3.5399 		-4.6209 		19
v -2.177 		-11.832 		47.85
v 30.596 		-10.018 		24.374
v 30.798 		-10.173 		24.516
v 30.841 		-9 		24.275
v 30.854 		-9.149 		24.285
v -4.2532 		-10.302 		47.081
v -4.0639 		-9.668 		47.2
v -4.0835 		-9.7339 		47.1876
v 30.895 		-9.29 		24.313
v -4.0065 		-9.0698 		47.2361
v -3.9997 		-9 		47.2403
v -6.426 		-12 		44.603
v -6.2275 		-12 		44.9189
v -6.3053 		-12 		44.795
v -6.403 		-12.203 		44.603
v -6.539 		-0.397 		25
v -6.983 		-1.665 		25
v -3.736 		2.406 		25
v -4.874 		1.691 		25
v -5.824 		0.741 		25
v -6.403 		-0.462 		23.665
v -6.836 		-1.698 		23.665
v -4.0571 		-4.4016 		47.2042
v -4.0639 		-4.332 		47.2
v -3.9997 		-5 		47.2403
v -6.983 		-3 		23.665
v -6.003 		-0.655 		22.397
v -6.403 		-1.797 		22.397
v -4.503 		-1.377 		46.691
v -6.539 		-3 		22.397
v -5.359 		-0.965 		21.259
v -5.706 		-1.956 		21.259
v -5.824 		-3 		21.259
v -4.78 		-2.168 		46.691
v -4.503 		-1.377 		20.309
v 30.96 		-9.416 		24.359
v 31.047 		-9.522 		24.419
v 31.15 		-9.601 		24.492
v -4.78 		-2.168 		20.309
v 31.266 		-9.651 		24.573
v -4.318 		-4.188 		19.345
v -4.874 		-3 		20.309
v 28.91 		-4.478 		24.21
v -3.799 		-3.538 		19.345
v 28.862 		-5 		24.177
v -4.095 		-3.834 		19.345
v 29.562 		-4.584 		24.087
v 29.523 		-5 		24.06
v 30.3 		-4.435 		24.167
v 30.221 		-4.71 		24.112
v 30.194 		-5 		24.093
v -3.671 		-2.421 		19.594
v 31.266 		-4.349 		24.573
v 31.15 		-4.399 		24.492
v -3.445 		-3.315 		19.345
v 31.047 		-4.478 		24.419
v 30.96 		-4.584 		24.359
v 30.895 		-4.71 		24.313
v 30.854 		-4.851 		24.285
v 30.841 		-5 		24.275
v -3.736 		-3 		19.594
v 32.881 		-11.345 		29.274
v 33.27 		-10.87 		29.547
v 33.225 		-11.287 		28.7
v 12.98 		-2.5 		63.375
v 33.604 		-10.824 		28.966
v 14.036 		-2.5 		63.005
v 14.984 		-2.5 		62.409
v 33.562 		-10.302 		29.752
v 15.776 		-2.5 		61.617
v 33.744 		-9.668 		29.879
v 33.806 		-9 		29.922
v 33.89 		-10.269 		29.166
v 12.952 		-2.252 		63.375
v 12.869 		-2.017 		63.375
v 34.067 		-9.651 		29.29
v 12.737 		-1.806 		63.375
v 12.561 		-1.63 		63.375
v 12.35 		-1.498 		63.375
v 12.115 		-1.415 		63.375
v 34.127 		-9 		29.332
v 13.982 		-2.017 		63.005
v 13.822 		-1.559 		63.005
v 34.309 		-9 		28.685
v 33.806 		-5 		29.922
v 33.744 		-4.332 		29.879
v 34.067 		-4.349 		29.29
v 34.127 		-5 		29.332
v 13.563 		-1.147 		63.005
v 34.309 		-5 		28.685
v 13.22 		-0.804 		63.005
v 12.808 		-0.545 		63.005
v 12.35 		-0.385 		63.005
v 32.771 		-11.635 		28.382
v 33.056 		-11.435 		27.808
v 33.475 		-11.113 		28.102
v 33.826 		-10.685 		28.347
v 14.906 		-1.806 		62.409
v 33.923 		-10.462 		27.721
v 14.676 		-1.147 		62.409
v 14.304 		-0.556 		62.409
v 32.588 		-11.635 		27.48
v 15.678 		-1.63 		61.617
v 32.849 		-11.287 		26.968
v 15.389 		-0.804 		61.617
v 33.255 		-11.113 		27.253
v 33.619 		-10.834 		27.508
v 33.358 		-10.685 		26.745
v 15.926 		-0.545 		60.669
v 33.649 		-10.462 		26.949
v 13.811 		-0.063 		62.409
v 13.22 		0.309 		62.409
v 34.09 		-10.173 		28.532
v 12.561 		0.539 		62.409
v 34.254 		-9.601 		28.646
v 14.923 		-0.063 		61.617
v 14.304 		0.556 		61.617
v 34.152 		-10.018 		27.881
v 13.563 		1.022 		61.617
v 34.294 		-9.522 		27.981
v 12.737 		1.311 		61.617
v 34.343 		-9 		28.014
v 15.389 		0.309 		60.669
v 14.676 		1.022 		60.669
v 33.892 		-10.166 		27.119
v 13.822 		1.559 		60.669
v 34.074 		-9.812 		27.247
v 12.869 		1.892 		60.669
v 34.187 		-9.416 		27.326
v 15.678 		0.539 		59.613
v 34.226 		-9 		27.353
v 14.906 		1.311 		59.613
v 13.982 		1.892 		59.613
v 12.952 		2.252 		59.613
v 33.859 		-9.565 		26.66
v 33.938 		-9.29 		26.715
v 33.965 		-9 		26.734
v 15.776 		0.617 		58.5
v 14.984 		1.409 		58.5
v 14.036 		2.005 		58.5
v 12.98 		2.375 		58.5
v 32.694 		-10.87 		26.28
v 33.035 		-10.824 		26.519
v 16.372 		-2.5 		60.669
v 16.259 		-1.498 		60.669
v 32.899 		-10.302 		25.987
v 16.742 		-2.5 		59.613
v 16.619 		-1.415 		59.613
v 33.136 		-10.269 		26.153
v 16.259 		-0.385 		59.613
v 33.361 		-10.173 		26.311
v 33.563 		-10.018 		26.453
v 33.732 		-9.812 		26.571
v 33.026 		-9.668 		25.805
v 33.148 		-9.651 		25.891
v 33.263 		-9.601 		25.971
v 33.367 		-9.522 		26.044
v 1.422 		-23.572 		54.149
v 1.625 		-23.319 		54.149
v 1.789 		-23.026 		54.149
v 1.91 		-24.298 		53.353
v 2.206 		-23.928 		53.353
v 2.445 		-23.5 		53.353
v 2.622 		-23.026 		53.353
v 0.367 		-22 		54.8
v 10.21 		-19 		30
v 10.367 		-18.7197 		30.0315
v 10.6636 		-18.19 		30.198
v 10.4749 		-18.5271 		30.064
v 10.4538 		-18.5646 		30.05
v 10.367 		-18.555 		30.05
v 9.856 		-19.948 		30
v -0.467 		-27.909 		20
v -1.275 		-27.638 		20
v -2.033 		-27.196 		20
v -2.718 		-26.596 		20
v -3.31 		-25.857 		20
v -3.79 		-25 		20
v -4.144 		-24.052 		20
v -4.36 		-23.042 		20
v -4.433 		-22 		20
v -4.36 		-20.958 		20
v 5.094 		-20.958 		20
v 5.167 		-22 		20
v 5.094 		-23.042 		20
v 4.878 		-24.052 		20
v 4.524 		-25 		20
v 4.044 		-25.857 		20
v 3.452 		-26.596 		20
v 2.767 		-27.196 		20
v 2.009 		-27.638 		20
v 1.201 		-27.909 		20
v 0.367 		-28 		20
v -4.144 		-19.948 		20
v -3.79 		-19 		20
v -3.31 		-18.143 		20
v -2.718 		-17.404 		20
v 3.452 		-17.404 		20
v 4.044 		-18.143 		20
v 4.524 		-19 		20
v 4.878 		-19.948 		20
v -3.79 		-25 		44
v -3.31 		-25.857 		44
v -2.718 		-26.596 		44
v -2.033 		-27.196 		44
v -1.275 		-27.638 		44
v -0.467 		-27.909 		44
v -4.36 		-20.958 		44
v -4.433 		-22 		44
v -4.36 		-23.042 		44
v -4.144 		-24.052 		44
v 0.367 		-28 		44
v 1.201 		-27.909 		44
v 2.009 		-27.638 		44
v 2.767 		-27.196 		44
v 3.452 		-26.596 		44
v 4.044 		-25.857 		44
v 4.524 		-25 		44
v 5.094 		-20.958 		44
v 5.167 		-22 		44
v 16.742 		-1.387 		58.5
v 16.867 		-2.5 		58.5
v 16.372 		-0.331 		58.5
v 20.737 		-0.655 		44.603
v 21.229 		-2.5063 		44.5694
v 15.776 		0.617 		49.5
v 14.984 		1.409 		49.5
v 14.036 		2.005 		49.5
v 21.392 		-2.2419 		44.0186
v 12.98 		2.375 		49.5
v 11.867 		2.5 		49.5
v 21.4562 		-2.1968 		43.8208
v 21.57 		-1.698 		43.335
v 16.867 		-2.5 		49.5
v 16.742 		-1.387 		49.5
v 16.372 		-0.331 		49.5
v 21.5833 		-2.1075 		43.429
v 21.6075 		-2.0906 		43.3546
v 21.6141 		-2.0886 		43.335
v -1.712 		-13.538 		47.406
v -1.133 		-13.603 		47.406
v 21.137 		-0.462 		43.335
v -0.944 		-12.539 		48.387
v 21.6214 		-2.075 		43.2571
v 21.717 		-2.0261 		42.3611
v 21.717 		-1.665 		42
v -0.172 		-13.311 		48.387
v 0.752 		-13.892 		48.387
v 21.7553 		-2.0063 		42
v 21.273 		-0.397 		42
v 1.782 		-14.252 		48.387
v 2.867 		-14.375 		48.387
v 0.0027 		-13.0915 		47.5851
v -4.6693 		-3 		46.8196
v -4.7277 		-2.9296 		46.778
v 0.8997 		-13.5847 		47.4124
v 0.8109 		-13.5359 		47.4295
v 0.9589 		-13.603 		47.406
v 1.3795 		-13.7224 		47.331
v 1.865 		-13.892 		47.331
v -4.8494 		-2.7827 		46.691
v 2.867 		-14.005 		47.331
v -4.5583 		-3.13 		46.8894
v 1.8757 		-13.8448 		47.2541
v -5.359 		-0.965 		45.741
v 2.867 		-13.925 		47.2037
v 1.9503 		-13.8509 		47.2503
v -5.706 		-1.956 		45.741
v 21.7546 		-2 		41.9025
v -1.965 		-12.044 		47.85
v 18.199 		-0.075 		46.691
v 17.49 		0.37 		46.691
v -2.008 		-9.5 		48.387
v 19.535 		-0.075 		45.741
v -1.712 		-12.203 		47.85
v 18.792 		0.668 		45.741
v 17.902 		1.226 		45.741
v -1.885 		-10.585 		48.387
v 16.911 		1.573 		45.741
v -1.43 		-12.302 		47.85
v 3.5273 		-4.507 		19
v -1.525 		-11.615 		48.387
v 4.07 		-5 		18.302
v 4.002 		-4.399 		18.302
v 4.292 		-5 		17.668
v -1.133 		-12.335 		47.85
v 4.218 		-4.349 		17.668
v 4.292 		-4.332 		17
v -4.467 		-3.538 		18.87
v -1.8444 		-9.5 		47.9201
v -4.746 		-3.982 		18.87
v -1.7302 		-10.5493 		47.9329
v -1.7969 		-9.938 		47.9254
v -1.579 		-11 		47.9499
v -1.5968 		-10.9468 		47.9479
v -1.5469 		-11.0944 		47.9523
v -1.5155 		-11.1841 		47.9523
v -1.4818 		-11.278 		47.9499
v -1.4416 		-11.3872 		47.9444
v -1.388 		-11.5297 		47.934
v -1.3817 		-11.5461 		47.9324
v 20.093 		0.37 		44.603
v 19.237 		1.226 		44.603
v 18.212 		1.87 		44.603
v 17.07 		2.27 		44.603
v 19.514 		1.573 		43.335
v 18.405 		2.27 		43.335
v -1.2894 		-11.6855 		47.921
v 17.169 		2.703 		43.335
v -1.133 		-11.9183 		47.8968
v -0.8518 		-12.335 		47.85
v -1.1193 		-11.9386 		47.8945
v -0.7893 		-12.4159 		47.8217
v 19.608 		1.691 		42
v 18.47 		2.406 		42
v 17.202 		2.85 		42
v -3.7642 		-4.0977 		19.6117
v -3.736 		-4.03 		19.594
v -3.7904 		-4.188 		19.6282
v 20.44 		0.647 		43.335
v 20.558 		0.741 		42
v 21.7546 		-2 		38.4161
v 21.7631 		-2.075 		37.2398
v 21.7705 		-2.1414 		36.8987
v 21.788 		-2.297 		36.098
v 21.8282 		-2.655 		35.049
v 21.8497 		-2.8461 		34.6855
v -4.318 		-2.887 		18.302
v -2.336 		-2.421 		19.15
v -4.746 		-3.315 		18.302
v -5.068 		-3.827 		18.302
v -4.457 		-2.713 		17.668
v -4.92 		-3.176 		17.668
v -5.268 		-3.731 		17.668
v -2.435 		-2.703 		19.15
v -4.503 		-2.655 		17
v -4.978 		-3.13 		17
v -5.336 		-3.698 		17
v -3.049 		-3.176 		19.345
v -2.633 		-2.993 		19.2081
v -2.5444 		-2.9632 		19.1782
v -2.4608 		-2.935 		19.15
v -2.6487 		-3 		19.2133
v -2.633 		-2.655 		18.87
v -3.155 		-2.713 		18.87
v -3.651 		-2.887 		18.87
v -4.095 		-3.166 		18.87
v -3.303 		-3.4282 		19.4424
v -3.3633 		-3.4844 		19.4635
v -3.5124 		-3.6758 		19.5157
v -3.5999 		-3.7877 		19.5463
v -2.633 		-2.297 		18.302
v -3.0464 		-3.1876 		19.3525
v -3.042 		-3.1847 		19.351
v -3.234 		-2.365 		18.302
v -3.0249 		-3.1733 		19.345
v -2.7419 		-3.043 		19.2459
v -3.806 		-2.565 		18.302
v -2.633 		-2.075 		17.668
v -3.284 		-2.149 		17.668
v -3.902 		-2.365 		17.668
v -1.133 		-2.8067 		19.0217
v -1.177 		-2.8072 		19.0222
v -3.301 		-2.075 		17
v -1.225 		-2.8088 		19.0238
v -3.935 		-2.297 		17
v -1.2828 		-2.812 		19.027
v -1.3616 		-2.8178 		19.0328
v -1.4878 		-2.8292 		19.0442
v -1.7592 		-2.8571 		19.0722
v 1.367 		-2.655 		18.87
v -4.9087 		-2.7 		46.6224
v -4.941 		-2.655 		46.5851
v 1.367 		-2.297 		18.302
v -5.157 		-2.4685 		46.3479
v 1.367 		-2.075 		17.668
v -4.058 		-0.668 		20.309
v -5.3557 		-2.297 		46.1298
v -5.3218 		-2.3262 		46.1671
v -5.7248 		-2.1224 		45.741
v -5.7825 		-2.0897 		45.6432
v -5.8032 		-2.0779 		45.6081
v -5.8083 		-2.075 		45.5996
v -2.336 		-2.421 		47.85
v -2.435 		-2.703 		47.85
v -2.468 		-3 		47.85
v 3.48 		-3.982 		18.87
v 3.3629 		-4.0384 		19
v 3.4009 		-4.1468 		19
v 3.1602 		-3.7159 		19
v 3.201 		-3.538 		18.87
v 3.0992 		-3.619 		19
v -3.671 		-2.421 		47.406
v -3.736 		-3 		47.406
v 2.829 		-3.166 		18.87
v 2.748 		-3.2678 		19
v 2.4255 		-3.0652 		19
v 2.385 		-2.887 		18.87
v 2.3286 		-3.0041 		19
v 2.3168 		-3 		19
v 1.889 		-2.713 		18.87
v -4.2338 		-3.7631 		47.0932
v -4.2532 		-3.698 		47.081
v -2.263 		-0.655 		47.406
v -2.756 		-0.965 		47.406
v 3.802 		-3.827 		18.302
v -3.168 		-1.377 		47.406
v -3.478 		-1.87 		47.406
v 3.48 		-3.315 		18.302
v -4.058 		-0.668 		46.691
v 3.052 		-2.887 		18.302
v 2.54 		-2.565 		18.302
v 1.968 		-2.365 		18.302
v -2.177 		-2.168 		47.85
v 3.654 		-3.176 		17.668
v 3.191 		-2.713 		17.668
v 2.636 		-2.365 		17.668
v -6.003 		-0.655 		44.603
v -6.403 		-1.797 		44.603
v -6.4259 		-2 		44.603
v -6.2275 		-2 		44.9189
v -6.2103 		-2.0031 		44.9469
v 3.712 		-3.13 		17
v 3.237 		-2.655 		17
v 2.669 		-2.297 		17
v -2.756 		0.37 		46.691
v 2.018 		-2.149 		17.668
v -3.465 		-0.075 		46.691
v 2.035 		-2.075 		17
v -2.177 		1.573 		45.741
v -3.168 		1.226 		45.741
v -4.058 		0.668 		45.741
v 1.201 		-22 		54.636
v 1.188 		-21.819 		54.636
v 4.002 		-3.731 		17.668
v 4.07 		-3.698 		17
v 1.006 		-22.67 		54.636
v 1.089 		-22.521 		54.636
v 1.15 		-22.356 		54.636
v 1.188 		-22.181 		54.636
v -4.801 		-0.075 		45.741
v -4.503 		1.226 		44.603
v -5.359 		0.37 		44.603
v -2.336 		2.27 		44.603
v -3.478 		1.87 		44.603
v -4.978 		-10.87 		3
v -4.503 		-11.345 		3
v -4.92 		-10.824 		2.332
v -4.457 		-11.287 		2.332
v -5.558 		-9.668 		3
v -5.336 		-10.302 		3
v 11.55 		-24.954 		50.942
v -5.558 		-9 		2.332
v 12.003 		-25.521 		50.942
v -5.484 		-9.651 		2.332
v 11.183 		-25.34 		49.4
v -5.268 		-10.269 		2.332
v 11.695 		-25.98 		49.4
v 13.546 		-24.819 		53.353
v -4.746 		-10.685 		1.698
v -4.318 		-11.113 		1.698
v 13.95 		-24.954 		53.353
v -4.467 		-10.462 		1.13
v 14.367 		-25 		53.353
v 14.784 		-24.954 		53.353
v -5.336 		-9 		1.698
v -5.268 		-9.601 		1.698
v 15.188 		-24.819 		53.353
v 0.784 		-21.098 		54.636
v 0.652 		-21.021 		54.636
v 0.512 		-20.974 		54.636
v 0.367 		-20.958 		54.636
v 0.222 		-20.974 		54.636
v 0.082 		-21.021 		54.636
v -0.05 		-21.098 		54.636
v -0.169 		-21.202 		54.636
v 12.384 		-24.954 		52.273
v 12.824 		-25.34 		52.273
v 13.312 		-25.624 		52.273
v 13.831 		-25.798 		52.273
v 1.15 		-21.644 		54.636
v 1.089 		-21.479 		54.636
v 1.006 		-21.33 		54.636
v 0.903 		-21.202 		54.636
v 14.367 		-25.857 		52.273
v 14.903 		-25.798 		52.273
v 1.789 		-20.974 		54.149
v 15.422 		-25.624 		52.273
v 15.91 		-25.34 		52.273
v 2.009 		-22 		54.149
v 1.91 		-22.702 		54.149
v 12.528 		-25.98 		50.942
v 1.984 		-22.356 		54.149
v 13.109 		-26.319 		50.942
v 13.728 		-26.526 		50.942
v 2.767 		-22 		53.353
v 12.289 		-26.5 		49.4
v 2.731 		-22.521 		53.353
v 12.945 		-26.883 		49.4
v 13.645 		-27.117 		49.4
v 1.984 		-21.644 		54.149
v 1.91 		-21.298 		54.149
v 2.731 		-21.479 		53.353
v 2.622 		-20.974 		53.353
v 2.731 		-24.479 		52.273
v 3.039 		-23.928 		52.273
v 3.266 		-23.319 		52.273
v 4.878 		-24.052 		44
v 5.094 		-23.042 		44
v -2.718 		-17.404 		44
v -3.31 		-18.143 		44
v -3.79 		-19 		44
v 3.406 		-21.33 		52.273
v -4.144 		-19.948 		44
v 3.452 		-22 		52.273
v 3.452 		-17.404 		44
v 3.406 		-22.67 		52.273
v 4.878 		-19.948 		44
v 4.524 		-19 		44
v 4.044 		-18.143 		44
v -2.263 		-0.655 		19.594
v -2.756 		-0.965 		19.594
v -3.168 		-1.377 		19.594
v -3.478 		-1.87 		19.594
v 3.551 		-24.298 		50.942
v 3.822 		-23.572 		50.942
v -1.133 		-0.397 		19.594
v -1.712 		-0.462 		19.594
v 5.1497 		-22.247 		41.564
v 5.1275 		-22.564 		41.247
v 4.044 		-22 		50.942
v 3.988 		-21.202 		50.942
v 3.988 		-22.798 		50.942
v 4.461 		-21.098 		49.4
v 4.524 		-22 		49.4
v 5.094 		-20.958 		42
v 5.0969 		-21 		42
v 5.1577 		-21.868 		41.802
v 5.1281 		-21.445 		41.95
v 3.967 		-24.598 		49.4
v 14.367 		-26.596 		50.942
v 15.006 		-26.526 		50.942
v 4.273 		-23.777 		49.4
v 15.625 		-26.319 		50.942
v 4.461 		-22.902 		49.4
v 14.367 		-27.196 		49.4
v -1.133 		-1.665 		19.15
v -1.43 		-1.698 		19.15
v -1.712 		-1.797 		19.15
v -1.965 		-1.956 		19.15
v -2.177 		-2.168 		19.15
v -0.194 		-20.072 		54.149
v -0.454 		-20.223 		54.149
v -0.688 		-20.428 		54.149
v 5.0969 		-23 		40
v -4.78 		1.573 		23.665
v 5.1108 		-22.802 		40.868
v -0.891 		-20.681 		54.149
v -5.706 		0.647 		23.665
v 5.1004 		-22.95 		40.445
v -4.503 		1.226 		22.397
v -0.454 		-19.181 		53.353
v -5.359 		0.37 		22.397
v -0.833 		-19.402 		53.353
v -1.176 		-19.702 		53.353
v 4.878 		-19.948 		42
v -4.801 		-0.075 		21.259
v -1.472 		-20.072 		53.353
v 4.367 		-17.436 		41.247
v -1.711 		-20.5 		53.353
v -3.671 		2.27 		23.665
v 4.524 		-19 		42
v 4.367 		-18.555 		41.95
v 4.367 		-18.132 		41.802
v -1.133 		2.406 		22.397
v -0.688 		-18.376 		52.273
v -2.336 		2.27 		22.397
v -1.176 		-18.66 		52.273
v 15.089 		-27.117 		49.4
v 4.367 		-17.753 		41.564
v 15.789 		-26.883 		49.4
v 4.09 		-17.784 		41.564
v -1.616 		-19.046 		52.273
v -1.997 		-19.521 		52.273
v 4.019 		-17.476 		41.247
v 12.003 		-22.521 		53.353
v 11.967 		-22 		53.353
v 12.003 		-21.479 		53.353
v -0.272 		-17.474 		50.942
v -0.891 		-17.681 		50.942
v -1.472 		-18.02 		50.942
v 4.367 		-18.7197 		41.9685
v 4.2802 		-18.5646 		41.95
v -1.997 		-18.479 		50.942
v 4.174 		-18.154 		41.802
v 4.2591 		-18.5271 		41.936
v 4.0703 		-18.19 		41.802
v -1.055 		-17.117 		49.4
v -3.478 		1.87 		22.397
v -1.711 		-17.5 		49.4
v 4.044 		-18.143 		41.7684
v -1.133 		1.691 		21.259
v -2.177 		1.573 		21.259
v -3.168 		1.226 		21.259
v -4.058 		0.668 		21.259
v 3.8298 		-17.8756 		41.564
v 3.8396 		-17.8878 		41.5733
v -1.133 		0.741 		20.309
v 3.8187 		-17.8617 		41.5471
v -1.965 		0.647 		20.309
v 0.652 		-19.979 		54.149
v 3.6309 		-17.6274 		41.247
v -2.756 		0.37 		20.309
v 3.689 		-17.591 		41.247
v 0.367 		-19.948 		54.149
v 0.082 		-19.979 		54.149
v -3.465 		-0.075 		20.309
v 33.453 		-9.416 		26.105
v 33.519 		-9.29 		26.15
v 33.559 		-9.149 		26.179
v 1.625 		-20.681 		54.149
v 33.573 		-9 		26.188
v 1.4986 		-2.8198 		19.0203
v 1.367 		-2.8067 		19.0217
v 1.422 		-20.428 		54.149
v 33.069 		-9 		25.744
v 1.9757 		-2.893 		19.012
v 1.188 		-20.223 		54.149
v 1.8564 		-2.8555 		19.0162
v 0.928 		-20.072 		54.149
v 11.328 		-22.67 		52.273
v 11.282 		-22 		52.273
v 34.254 		-4.399 		28.646
v 11.468 		-23.319 		52.273
v 11.695 		-23.928 		52.273
v 34.343 		-5 		28.014
v 34.294 		-4.478 		27.981
v 1.567 		-19.402 		53.353
v 1.188 		-19.181 		53.353
v 12.003 		-24.479 		52.273
v 0.784 		-19.046 		53.353
v 34.187 		-4.584 		27.326
v 34.226 		-5 		27.353
v 0.367 		-19 		53.353
v 11.328 		-21.33 		52.273
v -0.05 		-19.046 		53.353
v 17.202 		-16.85 		25
v 18.47 		-16.406 		25
v 19.608 		-15.691 		25
v 20.558 		-14.741 		25
v 21.273 		-13.603 		25
v 2.445 		-20.5 		53.353
v 2.206 		-20.072 		53.353
v 17.169 		-16.703 		23.665
v 1.91 		-19.702 		53.353
v 10.746 		-22.798 		50.942
v 10.912 		-23.572 		50.942
v 18.405 		-16.27 		23.665
v 11.183 		-24.298 		50.942
v 19.514 		-15.573 		23.665
v 10.273 		-22.902 		49.4
v 3.266 		-20.681 		52.273
v 17.07 		-16.27 		22.397
v 3.039 		-20.072 		52.273
v 10.461 		-23.777 		49.4
v 18.212 		-15.87 		22.397
v 19.237 		-15.226 		22.397
v 2.731 		-19.521 		52.273
v 10.767 		-24.598 		49.4
v 16.911 		-15.573 		21.259
v 2.35 		-19.046 		52.273
v 1.91 		-18.66 		52.273
v 1.422 		-18.376 		52.273
v 0.903 		-18.202 		52.273
v 0.367 		-18.143 		52.273
v -0.169 		-18.202 		52.273
v 3.822 		-20.428 		50.942
v 3.551 		-19.702 		50.942
v 3.184 		-19.046 		50.942
v 3.551 		-18.66 		49.4
v 1.625 		-17.681 		50.942
v 1.006 		-17.474 		50.942
v 33.938 		-4.71 		26.715
v 33.965 		-5 		26.734
v 33.859 		-4.435 		26.66
v 3.904 		-3 		19
v 11.967 		-16.804 		20
v 11.9145 		-16.85 		23.665
v 11.27 		-16.85 		23.665
v 33.573 		-5 		26.188
v 33.559 		-4.851 		26.179
v 12.725 		-16.362 		20
v 13.533 		-16.091 		20
v 14.367 		-16 		20
v 15.201 		-16.091 		20
v 16.009 		-16.362 		20
v 33.519 		-4.71 		26.15
v 11.967 		-16.804 		23.5336
v 12.6495 		-16.406 		22.397
v 33.453 		-4.584 		26.105
v 33.367 		-4.478 		26.044
v 16.0491 		-16.3854 		22.397
v 33.263 		-4.399 		25.971
v 15.201 		-16.091 		21.8956
v 15.867 		-16.3144 		22.2512
v 14.367 		-16 		21.7508
v 13.533 		-16.091 		21.8956
v 33.148 		-4.349 		25.891
v 12.725 		-16.362 		22.327
v 15.867 		-15.691 		21.259
v 33.026 		-4.332 		25.805
v 33.069 		-5 		25.744
v 16.009 		-16.362 		22.3525
v 15.9478 		-16.3415 		22.3089
v 15.867 		-14.741 		20.309
v 15.867 		-13.603 		19.594
v 16.863 		-16.8881 		25
v 32.415 		-2.297 		28.948
v 16.767 		-16.804 		24.1596
v 16.6871 		-16.7574 		23.665
v 16.7555 		-16.7973 		24.0889
v -5.068 		-10.173 		1.698
v -4.978 		-9 		1.13
v -4.92 		-9.522 		1.13
v -4.746 		-10.018 		1.13
v -4.503 		-9 		0.655
v -4.457 		-9.416 		0.655
v -4.318 		-9.812 		0.655
v 17.902 		-15.226 		21.259
v 18.792 		-14.668 		21.259
v 20.093 		-14.37 		22.397
v 19.535 		-13.925 		21.259
v 20.093 		-13.035 		21.259
v -3.935 		-11.703 		3
v -3.301 		-11.925 		3
v -3.902 		-11.635 		2.332
v -3.284 		-11.851 		2.332
v -2.633 		-11.925 		2.332
v 17.49 		-14.37 		20.309
v 18.199 		-13.925 		20.309
v 18.792 		-13.332 		20.309
v 19.237 		-12.623 		20.309
v -3.806 		-11.435 		1.698
v 16.997 		-13.345 		19.594
v -3.234 		-11.635 		1.698
v 17.49 		-13.035 		19.594
v -2.633 		-11.703 		1.698
v 17.902 		-12.623 		19.594
v -4.095 		-10.834 		1.13
v -3.651 		-11.113 		1.13
v -3.155 		-11.287 		1.13
v 20.44 		-14.647 		23.665
v 21.137 		-13.538 		23.665
v -2.633 		-11.345 		1.13
v 20.737 		-13.345 		22.397
v 21.717 		-12.335 		25
v 21.867 		-11 		25
v -3.799 		-10.462 		0.655
v -3.445 		-10.685 		0.655
v -3.049 		-10.824 		0.655
v -2.633 		-10.87 		0.655
v 18.212 		-12.13 		19.594
v -4.095 		-10.166 		0.655
v -3.806 		-9.565 		0.297
v -3.651 		-9.812 		0.297
v -3.445 		-10.018 		0.297
v 16.911 		-11.832 		19.15
v -3.198 		-10.173 		0.297
v 17.07 		-11.579 		19.15
v -2.923 		-10.269 		0.297
v 18.179 		-10.685 		19.345
v -1.712 		-0.462 		47.406
v -2.633 		-10.302 		0.297
v -3.049 		-9.522 		0.075
v -2.923 		-9.601 		0.075
v 17.169 		-11.297 		19.15
v -1.525 		-0.385 		48.387
v 16.4028 		-16.5917 		23.1002
v 10.69 		-22 		50.942
v 28.178 		-2.655 		25.981
v 27.789 		-3.13 		25.709
v 27.496 		-3.698 		25.504
v 28.22 		-3.176 		25.196
v 27.934 		-3.731 		24.996
v -2.782 		-9.651 		0.075
v -2.633 		-9.668 		0.075
v 28.462 		-3.827 		24.591
v -3.935 		-9 		0.297
v -3.902 		-9.29 		0.297
v 31.895 		-2.075 		28.584
v 29.163 		-2.075 		26.671
v 32.264 		-2.149 		28.028
v 31.731 		-2.075 		27.654
v 32.095 		-2.297 		27.135
v 32.421 		-2.655 		26.669
v 28.644 		-2.297 		26.307
v 29.053 		-2.365 		25.779
v 30.457 		-2.297 		25.988
v 29.964 		-2.365 		25.643
v -1.885 		-1.415 		48.387
v 28.726 		-3.315 		24.776
v 10.746 		-21.202 		50.942
v -1.965 		-1.956 		47.85
v 10.21 		-22 		49.4
v 10.273 		-21.098 		49.4
v -2.008 		-2.5 		48.387
v 13.546 		-23.777 		54.149
v 13.806 		-23.928 		54.149
v 0.367 		-17.404 		50.942
v 14.082 		-24.021 		54.149
v 1.789 		-17.117 		49.4
v 12.528 		-23.928 		53.353
v 12.824 		-24.298 		53.353
v 13.167 		-24.598 		53.353
v 2.731 		-18.479 		50.942
v 2.206 		-18.02 		50.942
v 3.039 		-18.02 		49.4
v 12.945 		-23.026 		54.149
v 2.445 		-17.5 		49.4
v 13.109 		-23.319 		54.149
v 12.112 		-23.026 		53.353
v 4.273 		-20.223 		49.4
v 12.289 		-23.5 		53.353
v 3.967 		-19.402 		49.4
v -1.888 		-26.883 		47.694
v 13.831 		-22.798 		54.636
v -1.176 		-27.298 		47.694
v 13.95 		-22.902 		54.636
v 14.082 		-22.979 		54.636
v -0.416 		-27.553 		47.694
v 13.312 		-23.572 		54.149
v -1.997 		-27.117 		45.875
v -1.25 		-27.553 		45.875
v -3.301 		-9 		0.075
v -3.284 		-9.149 		0.075
v -0.454 		-27.819 		45.875
v -3.234 		-9.29 		0.075
v -3.155 		-9.416 		0.075
v 0.367 		-27.638 		47.694
v 1.15 		-27.553 		47.694
v -5.558 		-4.332 		3
v -5.484 		-4.349 		2.332
v -5.558 		-5 		2.332
v -5.268 		-4.399 		1.698
v -5.336 		-5 		1.698
v -4.92 		-4.478 		1.13
v -4.978 		-5 		1.13
v 16.767 		-16.804 		20
v -4.457 		-4.584 		0.655
v 16.699 		-14.647 		20.309
v -4.503 		-5 		0.655
v 16.446 		-13.538 		19.594
v -3.806 		-4.435 		0.297
v -3.902 		-4.71 		0.297
v 15.867 		-12.335 		19.15
v 16.164 		-12.302 		19.15
v 12.7583 		-11.107 		19.012
v 12.4172 		-11 		19
v -3.935 		-5 		0.297
v 12.8776 		-11.1445 		19.0162
v 13.2354 		-11.1802 		19.0203
v 13.367 		-11.1933 		19.0217
v 15.867 		-11.1933 		19.0217
v 10.367 		-11 		19
v -3.284 		-4.851 		0.075
v -3.301 		-5 		0.075
v -2.633 		-4.332 		0.075
v -2.782 		-4.349 		0.075
v -2.923 		-4.399 		0.075
v 15.911 		-11.1928 		19.0222
v -3.049 		-4.478 		0.075
v -3.155 		-4.584 		0.075
v 15.959 		-11.1912 		19.0238
v -3.234 		-4.71 		0.075
v 16.0168 		-11.188 		19.027
v 16.0956 		-11.1822 		19.0328
v 16.446 		-12.203 		19.15
v 16.699 		-12.044 		19.15
v 16.2218 		-11.1708 		19.0442
v 16.4932 		-11.1428 		19.0722
v -1.133 		-0.397 		47.406
v -1.2288 		-0.5273 		47.4479
v -1.1703 		-0.4503 		47.4232
v 15.867 		-0.397 		19.594
v 16.164 		-1.698 		19.15
v 15.867 		-1.665 		19.15
v 16.0956 		-2.8178 		19.0328
v 16.0168 		-2.812 		19.027
v 15.959 		-2.8088 		19.0238
v 15.911 		-2.8072 		19.0222
v 15.867 		-2.8067 		19.0217
v 13.367 		-2.8067 		19.0217
v 13.0073 		-2.8426 		19.0177
v 12.8776 		-2.8555 		19.0162
v 12.5183 		-2.9683 		19.0036
v 15.867 		2.406 		22.397
v 15.867 		1.691 		21.259
v 15.867 		0.741 		20.309
v 16.4932 		-2.8571 		19.0722
v 16.2218 		-2.8292 		19.0442
v 16.446 		-0.462 		19.594
v 16.699 		-1.956 		19.15
v 16.446 		-1.797 		19.15
v 14.367 		-24.052 		54.149
v 16.699 		0.647 		20.309
v 14.652 		-24.021 		54.149
v 14.928 		-23.928 		54.149
v 15.188 		-23.777 		54.149
v -15.343 		-12 		59.734
v -13.53 		-12 		60.579
v 15.567 		-24.598 		53.353
v 15.91 		-24.298 		53.353
v -17.07 		-10.685 		61.517
v -16.711 		-10.824 		61.684
v 14.222 		-23.026 		54.636
v 14.367 		-23.042 		54.636
v 14.512 		-23.026 		54.636
v 14.652 		-22.979 		54.636
v 14.784 		-22.902 		54.636
v 14.903 		-22.798 		54.636
v -16.956 		-9.522 		62.209
v -16.841 		-9.601 		62.262
v -16.714 		-9.651 		62.322
v -16.579 		-9.668 		62.385
v -17.548 		-9.565 		61.688
v -17.407 		-9.812 		61.754
v 15.422 		-23.572 		54.149
v -17.221 		-10.018 		61.841
v -16.997 		-10.173 		61.945
v 15.625 		-23.319 		54.149
v -16.748 		-10.269 		62.061
v 15.789 		-23.026 		54.149
v 17.783 		-10.824 		19.345
v 12.75 		-22.356 		54.149
v 12.725 		-22 		54.149
v 12.824 		-22.702 		54.149
v 17.367 		-11.0069 		19.2081
v 17.2784 		-11.0368 		19.1782
v 17.1948 		-11.065 		19.15
v 17.3827 		-11 		19.2133
v 13.533 		-22 		54.636
v 13.546 		-22.181 		54.636
v 13.584 		-22.356 		54.636
v 13.645 		-22.521 		54.636
v 13.728 		-22.67 		54.636
v 17.7803 		-10.8123 		19.3525
v 17.776 		-10.8152 		19.351
v 17.7589 		-10.8267 		19.345
v 18.037 		-10.5718 		19.4424
v 18.0973 		-10.5155 		19.4635
v 13.546 		-21.819 		54.636
v 17.4759 		-10.957 		19.2459
v 1.91 		-27.298 		47.694
v 2.622 		-26.883 		47.694
v 3.266 		-26.319 		47.694
v 3.822 		-25.624 		47.694
v 19.514 		-11.832 		20.309
v 19.608 		-11 		20.309
v 0.367 		-27.909 		45.875
v 1.188 		-27.819 		45.875
v 1.984 		-27.553 		45.875
v -17.184 		-9 		62.103
v -16.611 		-9 		62.453
v -17.169 		-9.149 		62.11
v -17.124 		-9.29 		62.131
v -17.052 		-9.416 		62.164
v 2.731 		-27.117 		45.875
v 3.406 		-26.526 		45.875
v -17.665 		-9 		61.634
v -17.635 		-9.29 		61.648
v 4.273 		-24.819 		47.694
v 3.988 		-25.798 		45.875
v -17.391 		-10.462 		61.367
v 4.461 		-24.954 		45.875
v -17.795 		-10.462 		60.654
v -17.459 		-10.834 		60.811
v -17.056 		-11.113 		60.999
v 4.878 		-22 		47.694
v 4.809 		-21.021 		47.694
v -16.606 		-11.287 		61.209
v 4.606 		-23.928 		47.694
v 4.809 		-22.979 		47.694
v -16.956 		-11.435 		60.418
v 3.6018 		-17.591 		41.1727
v -1.133 		-0.4012 		47.4075
v -1.1297 		-0.397 		47.406
v -1.0239 		-0.2776 		47.331
v -1.4524 		-1.0014 		47.6051
v -1.5444 		-1.1965 		47.6698
v -1.525 		-1.1553 		47.6562
v 5.022 		-20.974 		45.875
v 5.094 		-22 		45.875
v -1.6479 		-1.4251 		47.7338
v -1.6662 		-1.4654 		47.7451
v 4.809 		-24.021 		45.875
v 5.022 		-23.026 		45.875
v 30.391 		-3.315 		24.667
v -17.808 		-10.685 		60.021
v 28.599 		-2.713 		25.461
v -17.42 		-11.113 		60.202
v 29.496 		-2.565 		25.315
v 29.076 		-2.887 		25.021
v -17.278 		-11.287 		59.568
v -16.775 		-11.635 		59.803
v -1.888 		-17.117 		47.694
v 3.822 		-18.376 		47.694
v 30.355 		-2.713 		25.222
v 3.266 		-17.681 		47.694
v 2.622 		-17.117 		47.694
v 29.949 		-2.887 		24.938
v -18.029 		-9 		61.069
v -17.987 		-9.416 		61.089
v -17.861 		-9.812 		61.148
v 29.585 		-3.166 		24.683
v 30.093 		-2.075 		26.507
v -1.8309 		-2.4438 		47.8997
v 29.56 		-2.149 		26.134
v -1.8382 		-2.5 		47.9024
v -1.7424 		-1.8161 		47.85
v -1.7934 		-2.1713 		47.8809
v -1.7622 		-1.9544 		47.8621
v -1.7306 		-1.7584 		47.835
v -1.7348 		-1.7788 		47.8403
v 2.9908 		-17 		42
v 30.783 		-2.655 		25.522
v 4.367 		-17.198 		40.868
v 31.055 		-3.13 		25.133
v 4.367 		-17.05 		40.445
v 30.714 		-3.176 		24.894
v 31.26 		-3.698 		24.84
v 4.367 		-17 		40
v 31.023 		-3.731 		24.674
v 18.533 		-10.462 		19.345
v 3.966 		-17.243 		40.868
v 18.405 		-11.579 		19.594
v 3.933 		-17.099 		40.445
v 29.281 		-3.538 		24.47
v 3.922 		-17.05 		40
v 29.052 		-3.982 		24.31
v 30.1 		-3.538 		24.464
v 29.857 		-3.834 		24.294
v 29.675 		-4.188 		24.166
v -1.8414 		-2.659 		47.9117
v -1.8437 		-2.8379 		47.9181
v -1.8444 		-3 		47.9201
v 3.585 		-17.377 		40.868
v 30.427 		-4.188 		24.256
v 3.4821 		-17.4416 		40.868
v 3.521 		-17.243 		40.445
v 1.367 		-11.925 		2.332
v 3.452 		-17.404 		40.7303
v 3.4543 		-17.4068 		40.7406
v 30.798 		-3.827 		24.516
v 30.596 		-3.982 		24.374
v 3.499 		-17.198 		40
v 2.035 		-11.925 		3
v 2.669 		-11.703 		3
v 3.237 		-11.345 		3
v 3.712 		-10.87 		3
v 2.018 		-11.851 		2.332
v 33.562 		-3.698 		29.752
v 33.27 		-3.13 		29.547
v 2.636 		-11.635 		2.332
v 3.191 		-11.287 		2.332
v 3.654 		-10.824 		2.332
v 32.881 		-2.655 		29.274
v 3.3739 		-17.3356 		40.445
v 3.3578 		-17.3215 		40.2639
v 3.3346 		-17.3012 		40
v 33.89 		-3.731 		29.166
v 33.604 		-3.176 		28.966
v 3.406 		-17.474 		45.875
v 33.225 		-2.713 		28.7
v -17.659 		-10.166 		61.242
v 4.606 		-20.072 		47.694
v 4.273 		-19.181 		47.694
v 32.771 		-2.365 		28.382
v -18.259 		-9 		60.438
v 4.809 		-19.979 		45.875
v -18.206 		-9.522 		60.463
v 34.09 		-3.827 		28.532
v 4.461 		-19.046 		45.875
v -1.133 		0.741 		46.691
v 33.826 		-3.315 		28.347
v 3.988 		-18.202 		45.875
v -1.965 		0.647 		46.691
v -1.133 		1.691 		45.741
v 33.475 		-2.887 		28.102
v 33.056 		-2.565 		27.808
v 34.152 		-3.982 		27.881
v -1.133 		2.406 		44.603
v 33.923 		-3.538 		27.721
v 13.645 		-16.883 		49.4
v 15.089 		-16.883 		49.4
v -0.944 		0.539 		48.387
v 14.367 		-16.804 		49.4
v -0.655 		0.309 		47.331
v 12.945 		-20.974 		54.149
v 12.824 		-21.298 		54.149
v -18.049 		-10.018 		60.536
v 12.75 		-21.644 		54.149
v -0.355 		-16.883 		49.4
v 1.089 		-16.883 		49.4
v 0.367 		-16.804 		49.4
v -18.343 		-9 		59.772
v -18.281 		-9.601 		59.8
v -18.1 		-10.173 		59.885
v -17.697 		-10.824 		59.373
v -17.469 		-10.87 		58.743
v -17.038 		-11.345 		58.944
v 18.47 		-11 		19.594
v -1.176 		-16.702 		47.694
v -1.997 		-16.883 		45.875
v 1.367 		-11.703 		1.698
v 1.367 		-11.345 		1.13
v 1.367 		-10.87 		0.655
v 18.829 		-10.166 		19.345
v 1.783 		-10.824 		0.655
v 19.052 		-9.812 		19.345
v -0.416 		-16.448 		47.694
v 1.367 		-10.302 		0.297
v 1.657 		-10.269 		0.297
v 1.367 		-9.668 		0.075
v 1.516 		-9.651 		0.075
v 1.657 		-9.601 		0.075
v 1.783 		-9.522 		0.075
v 12.112 		-20.974 		53.353
v 1.968 		-11.635 		1.698
v 2.54 		-11.435 		1.698
v 14.082 		-21.021 		54.636
v 13.95 		-21.098 		54.636
v 19.191 		-9.416 		19.345
v 3.052 		-11.113 		1.698
v 5.0969 		-23 		32
v 5.1004 		-22.95 		31.555
v 5.1108 		-22.802 		31.132
v 19.237 		-9 		19.345
v 3.48 		-10.685 		1.698
v 5.1275 		-22.564 		30.753
v 5.1497 		-22.247 		30.436
v 1.889 		-11.287 		1.13
v 2.385 		-11.113 		1.13
v 18.4982 		-9.9023 		19.6117
v 2.829 		-10.834 		1.13
v 18.47 		-9.97 		19.594
v 18.5244 		-9.812 		19.6282
v 18.589 		-9.5886 		19.6688
v 3.201 		-10.462 		1.13
v 18.5952 		-9.5524 		19.6727
v 18.6435 		-9.2242 		19.703
v 18.669 		-9 		19.703
v 18.6525 		-9.0038 		19.7086
v 18.6526 		-9 		19.7087
v 18.6397 		-9.2908 		19.7006
v 5.0969 		-21 		30
v 5.094 		-20.958 		30
v -0.5097 		0.193 		47.0353
v 5.1577 		-21.868 		30.198
v -0.655 		0.06 		47.1189
v 5.1281 		-21.445 		30.05
v 2.867 		2.375 		48.387
v 1.782 		2.252 		48.387
v 2.179 		-10.685 		0.655
v 2.533 		-10.462 		0.655
v -18.276 		-9 		59.103
v -18.209 		-9.651 		59.134
v -18.013 		-10.269 		59.226
v 4.878 		-19.948 		30
v 3.802 		-10.173 		1.698
v 4.367 		-17 		32
v -18.062 		-9 		58.466
v 4.367 		-17.05 		31.555
v -17.994 		-9.668 		58.498
v 3.48 		-10.018 		1.13
v -17.793 		-10.302 		58.592
v 3.654 		-9.522 		1.13
v 4.367 		-17.198 		31.132
v 3.712 		-9 		1.13
v 4.367 		-17.436 		30.753
v 0.752 		1.892 		48.387
v -0.172 		1.311 		48.387
v 4.524 		-19 		30
v 2.867 		2.005 		47.331
v 1.865 		1.892 		47.331
v 0.912 		1.559 		47.331
v 0.058 		1.022 		47.331
v 1.1663 		1.0318 		46.4002
v 1.1813 		1.0349 		46.3971
v 1.2482 		1.049 		46.383
v 0.3028 		0.7153 		46.7071
v 0.3626 		0.741 		46.691
v 2.829 		-10.166 		0.655
v 0.5518 		0.8095 		46.6226
v 3.052 		-9.812 		0.655
v 1.932 		-10.173 		0.297
v 2.179 		-10.018 		0.297
v 2.385 		-9.812 		0.297
v 2.867 		1.409 		46.383
v 2.54 		-9.565 		0.297
v 1.997 		1.311 		46.383
v 2.867 		1.229 		46.203
v 2.0265 		1.1817 		46.2503
v 2.7167 		1.2206 		46.2115
v 1.9265 		1.1647 		46.2673
v 3.191 		-9.416 		0.655
v 3.237 		-9 		0.655
v 2.636 		-9.29 		0.297
v 11.867 		-14.375 		48.387
v 2.669 		-9 		0.297
v 1.889 		-9.416 		0.075
v 11.867 		-14.005 		47.331
v 1.968 		-9.29 		0.075
v 2.018 		-9.149 		0.075
v 11.867 		-13.925 		47.2037
v 2.035 		-9 		0.075
v 11.9786 		-13.916 		47.2094
v 13.831 		-21.202 		54.636
v 13.728 		-21.33 		54.636
v 4.07 		-10.302 		3
v 4.292 		-9.668 		3
v 13.645 		-21.479 		54.636
v 13.584 		-21.644 		54.636
v 4.002 		-10.269 		2.332
v 4.218 		-9.651 		2.332
v 4.292 		-9 		2.332
v 4.002 		-9.601 		1.698
v 4.07 		-9 		1.698
v 1.783 		-4.478 		0.075
v 1.657 		-4.399 		0.075
v 1.516 		-4.349 		0.075
v 1.367 		-4.332 		0.075
v 15.006 		-22.67 		54.636
v 15.089 		-22.521 		54.636
v 15.15 		-22.356 		54.636
v 3.654 		-4.478 		1.13
v 3.712 		-5 		1.13
v 3.191 		-4.584 		0.655
v 3.237 		-5 		0.655
v 2.669 		-5 		0.297
v 2.636 		-4.71 		0.297
v 2.54 		-4.435 		0.297
v 2.035 		-5 		0.075
v 2.018 		-4.851 		0.075
v 1.968 		-4.71 		0.075
v 14.367 		-22 		54.8
v 1.889 		-4.584 		0.075
v 4.292 		-4.332 		3
v 4.292 		-5 		2.332
v 4.218 		-4.349 		2.332
v 34.074 		-4.188 		27.247
v 33.892 		-3.834 		27.119
v 33.649 		-3.538 		26.949
v 33.358 		-3.315 		26.745
v 32.588 		-2.365 		27.48
v 33.619 		-3.166 		27.508
v 33.255 		-2.887 		27.253
v 15.188 		-22.181 		54.636
v 15.201 		-22 		54.636
v 15.188 		-21.819 		54.636
v 15.91 		-22.702 		54.149
v 15.984 		-22.356 		54.149
v 16.009 		-22 		54.149
v 15.15 		-21.644 		54.636
v 15.089 		-21.479 		54.636
v 15.006 		-21.33 		54.636
v -1.25 		-16.448 		45.875
v -1.965 		-14.647 		46.691
v -0.454 		-16.181 		45.875
v 14.903 		-21.202 		54.636
v 14.784 		-21.098 		54.636
v 14.652 		-21.021 		54.636
v 14.512 		-20.974 		54.636
v 14.367 		-20.958 		54.636
v 14.222 		-20.974 		54.636
v -1.133 		-14.741 		46.691
v 15.984 		-21.644 		54.149
v 15.91 		-21.298 		54.149
v 15.789 		-20.974 		54.149
v 4.002 		-4.399 		1.698
v 4.07 		-5 		1.698
v 32.849 		-2.713 		26.968
v -4.503 		-2.655 		3
v 3.922 		-17.05 		32
v -4.978 		-3.13 		3
v -5.336 		-3.698 		3
v -4.457 		-2.713 		2.332
v -4.92 		-3.176 		2.332
v -5.268 		-3.731 		2.332
v 33.035 		-3.176 		26.519
v 32.694 		-3.13 		26.28
v -17.635 		-4.71 		61.648
v -4.318 		-2.887 		1.698
v -4.746 		-3.315 		1.698
v -5.068 		-3.827 		1.698
v -4.467 		-3.538 		1.13
v -4.746 		-3.982 		1.13
v -17.665 		-5 		61.634
v 33.732 		-4.188 		26.571
v -4.318 		-4.188 		0.655
v 33.563 		-3.982 		26.453
v 33.361 		-3.827 		26.311
v -3.301 		-2.075 		3
v -16.579 		-4.332 		62.385
v -16.611 		-5 		62.453
v -3.935 		-2.297 		3
v -16.714 		-4.349 		62.322
v -2.633 		-2.075 		2.332
v -16.841 		-4.399 		62.262
v 33.136 		-3.731 		26.153
v -16.956 		-4.478 		62.209
v -3.284 		-2.149 		2.332
v -17.052 		-4.584 		62.164
v -17.124 		-4.71 		62.131
v -17.169 		-4.851 		62.11
v -3.902 		-2.365 		2.332
v -17.184 		-5 		62.103
v 32.899 		-3.698 		25.987
v -2.633 		-2.297 		1.698
v -3.234 		-2.365 		1.698
v -3.806 		-2.565 		1.698
v -2.633 		-2.655 		1.13
v -3.155 		-2.713 		1.13
v -3.651 		-2.887 		1.13
v -17.548 		-4.435 		61.688
v -4.095 		-3.166 		1.13
v 3.933 		-17.099 		31.555
v -3.445 		-3.315 		0.655
v 21.867 		-3 		25
v -3.799 		-3.538 		0.655
v 20.367 		-9 		17
v 20.367 		-5 		17
v -4.095 		-3.834 		0.655
v 20.367 		-9 		3
v 20.367 		-5 		3
v -3.445 		-3.982 		0.297
v 17.367 		-2 		17
v -3.651 		-4.188 		0.297
v 17.367 		-2 		3
v 17.367 		-9 		0
v 17.367 		-5 		0
v 17.367 		-12 		17
v 17.367 		-12 		3
v 3.966 		-17.243 		31.132
v 17.367 		-11.345 		18.87
v -1.133 		-15.691 		45.741
v 17.889 		-11.287 		18.87
v 17.367 		-11.703 		18.302
v 17.968 		-11.635 		18.302
v 17.367 		-11.925 		17.668
v -17.987 		-4.584 		61.089
v 18.018 		-11.851 		17.668
v -18.029 		-5 		61.069
v 18.035 		-11.925 		17
v -18.206 		-4.478 		60.463
v -18.259 		-5 		60.438
v -1.133 		-16.3493 		44.6933
v -1.1846 		-16.3648 		44.6592
v -18.281 		-4.399 		59.8
v 18.385 		-11.113 		18.87
v -1.2669 		-16.3897 		44.6048
v -1.2687 		-16.3907 		44.603
v -18.343 		-5 		59.772
v 18.829 		-10.834 		18.87
v -0.4599 		-16.1402 		45.026
v 19.201 		-10.462 		18.87
v -0.9268 		-16.2852 		44.7952
v -18.209 		-4.349 		59.134
v 1.91 		-16.702 		47.694
v -18.276 		-5 		59.103
v 19.48 		-10.018 		18.87
v -17.994 		-4.332 		58.498
v 19.654 		-9.522 		18.87
v -18.062 		-5 		58.466
v 1.15 		-16.448 		47.694
v 0.367 		-16.362 		47.694
v -16.334 		-10.87 		61.86
v 19.712 		-9 		18.87
v 2.731 		-16.883 		45.875
v 18.54 		-11.435 		18.302
v -14.766 		-9.668 		63.23
v 19.052 		-11.113 		18.302
v -14.798 		-9 		63.298
v -14.632 		-9.651 		63.293
v 1.984 		-16.448 		45.875
v 19.48 		-10.685 		18.302
v 1.188 		-16.181 		45.875
v 18.636 		-11.635 		17.668
v 19.191 		-11.287 		17.668
v 0.367 		-16.091 		45.875
v -16.485 		-10.302 		62.184
v 19.654 		-10.824 		17.668
v -14.673 		-10.302 		63.029
v 18.669 		-11.703 		17
v 19.237 		-11.345 		17
v 19.712 		-10.87 		17
v -14.522 		-10.87 		62.705
v 19.802 		-10.173 		18.302
v -14.144 		-10.824 		62.881
v 4.019 		-17.476 		30.753
v -13.786 		-10.685 		63.048
v -13.465 		-10.462 		63.198
v 4.367 		-17.753 		30.436
v -13.848 		-11.287 		62.495
v 4.09 		-17.784 		30.436
v 18.6398 		-9.2881 		19.7007
v -13.398 		-11.113 		62.705
v 0.8411 		-16.1045 		45.0828
v 0.367 		-16.0563 		45.1596
v -12.995 		-10.834 		62.893
v 0.0242 		-16.091 		45.1044
v -12.659 		-10.462 		63.05
v 2.0006 		-16.3908 		44.6272
v 4.367 		-18.132 		30.198
v 2.029 		-16.406 		44.603
v 1.5549 		-16.2524 		44.8475
v 1.1939 		-16.1402 		45.026
v 12.952 		-14.252 		48.387
v -12.553 		-11.113 		62.471
v 15.867 		-13.603 		47.406
v 13.982 		-13.892 		48.387
v -14.321 		-11.345 		62.275
v 15.91 		-16.702 		47.694
v 18.2464 		-10.3242 		19.5157
v 18.3339 		-10.2123 		19.5463
v -14.08 		-11.703 		61.759
v 14.906 		-13.311 		48.387
v -13.535 		-11.635 		62.013
v 21.57 		-12.302 		23.665
v 21.717 		-11 		23.665
v -13.017 		-11.435 		62.255
v 21.137 		-12.203 		22.397
v 15.678 		-12.539 		48.387
v 21.273 		-11 		22.397
v -13.223 		-11.851 		61.459
v 20.44 		-12.044 		21.259
v 12.869 		-13.892 		47.331
v -12.662 		-11.635 		61.721
v 13.8343 		-13.5847 		47.4124
v 13.7751 		-13.603 		47.406
v 13.7621 		-13.6067 		47.4037
v 16.35 		-24.954 		52.273
v 13.3545 		-13.7224 		47.331
v 16.206 		-25.98 		50.942
v 16.731 		-25.521 		50.942
v 14.7313 		-13.0915 		47.5851
v 14.534 		-13.2 		47.5471
v 20.558 		-11 		21.259
v 16.445 		-26.5 		49.4
v 12.8583 		-13.8448 		47.2541
v 12.9185 		-13.83 		47.2634
v 16.446 		-13.538 		47.406
v 16.206 		-23.928 		53.353
v 19.191 		-4.584 		19.345
v -14.176 		-9.149 		63.505
v -14.161 		-9 		63.512
v 19.237 		-5 		19.345
v -13.61 		-9.565 		63.525
v 15.867 		-12.335 		47.85
v 16.164 		-12.302 		47.85
v -13.522 		-9.29 		63.565
v 16.445 		-23.5 		53.353
v -13.493 		-9 		63.579
v 16.622 		-23.026 		53.353
v -12.826 		-9 		63.496
v 15.5233 		-12.4159 		47.8217
v 15.867 		-11.9183 		47.8968
v 15.7959 		-12.0237 		47.885
v 16.0234 		-11.6855 		47.921
v 16.731 		-22.521 		53.353
v 16.1157 		-11.5461 		47.9324
v 16.767 		-22 		53.353
v 18.669 		-5 		19.703
v 18.6435 		-4.7758 		19.703
v 18.6526 		-5 		19.7087
v 18.6397 		-4.7092 		19.7006
v 15.5858 		-12.335 		47.85
v 16.731 		-21.479 		53.353
v 18.6392 		-4.706 		19.7003
v 16.1219 		-11.5297 		47.934
v 18.589 		-4.4114 		19.6687
v 16.1756 		-11.3872 		47.9444
v 16.622 		-20.974 		53.353
v 18.5748 		-4.3626 		19.6599
v -14.504 		-9.601 		63.353
v -14.389 		-9.522 		63.406
v 16.446 		-12.203 		47.85
v 16.699 		-12.044 		47.85
v -14.41 		-10.269 		63.151
v -14.161 		-10.173 		63.268
v -13.937 		-10.018 		63.372
v -13.75 		-9.812 		63.459
v 21.717 		-1.665 		25
v 21.273 		-0.397 		25
v 20.558 		0.741 		25
v 19.608 		1.691 		25
v 16.259 		-11.615 		48.387
v 18.47 		2.406 		25
v 17.202 		2.85 		25
v 16.619 		-10.585 		48.387
v 20.093 		-0.965 		21.259
v -13.196 		-10.166 		63.323
v 16.742 		-9.5 		48.387
v -12.994 		-9.812 		63.417
v 16.731 		-24.479 		52.273
v 16.2158 		-11.278 		47.9499
v 16.2495 		-11.1841 		47.9523
v 16.2808 		-11.0944 		47.9523
v 16.259 		-11.1568 		47.9523
v 16.3129 		-11 		47.9499
v 16.4642 		-10.5493 		47.9329
v -14.293 		-9.416 		63.451
v -14.221 		-9.29 		63.484
v 12.003 		-19.521 		52.273
v 11.695 		-20.072 		52.273
v -12.869 		-9.416 		63.476
v 16.5784 		-9.5 		47.9201
v 16.5115 		-10.113 		47.9276
v 11.468 		-20.681 		52.273
v -16.133 		-11.345 		61.429
v -16.438 		-11.635 		60.66
v -15.893 		-11.703 		60.914
v 11.867 		2.375 		48.387
v 12.003 		-18.479 		50.942
v -16.215 		-11.851 		60.064
v 11.55 		-19.046 		50.942
v 11.867 		2.005 		47.331
v -15.625 		-11.925 		60.339
v 11.183 		-19.702 		50.942
v -15.948 		-11.925 		59.452
v 10.912 		-20.428 		50.942
v 11.695 		-18.02 		49.4
v 11.867 		1.409 		46.383
v 11.183 		-18.66 		49.4
v 10.767 		-19.402 		49.4
v 10.461 		-20.223 		49.4
v -13.812 		-11.925 		61.184
v 4.367 		-18.555 		30.05
v -12.925 		-11.925 		60.862
v -16.523 		-11.703 		59.184
v 14.082 		-19.979 		54.149
v 13.806 		-20.072 		54.149
v 4.367 		-18.7197 		30.0315
v 13.546 		-20.223 		54.149
v 13.312 		-20.428 		54.149
v 4.174 		-18.154 		30.198
v 20.002 		-9.601 		18.302
v 13.109 		-20.681 		54.149
v 20.07 		-9 		18.302
v 4.0703 		-18.19 		30.198
v 4.044 		-18.143 		30.2315
v 4.2591 		-18.5271 		30.064
v 4.2717 		-18.5496 		30.0556
v 20.002 		-10.269 		17.668
v 4.2802 		-18.5646 		30.05
v 4.174 		-18.3751 		30.1245
v 20.218 		-9.651 		17.668
v 12.824 		-19.702 		53.353
v 20.07 		-10.302 		17
v 12.528 		-20.072 		53.353
v 20.292 		-9 		17.668
v 12.289 		-20.5 		53.353
v 20.292 		-9.668 		17
v 3.499 		-17.198 		32
v 3.6309 		-17.6274 		30.753
v 19.712 		-5 		18.87
v 19.654 		-4.478 		18.87
v 3.521 		-17.243 		31.555
v -14.798 		-5 		63.298
v -14.632 		-4.349 		63.293
v 3.585 		-17.377 		31.132
v -14.766 		-4.332 		63.23
v 3.4821 		-17.4416 		31.132
v 3.452 		-17.404 		31.2691
v 3.689 		-17.591 		30.753
v 3.5269 		-17.4975 		31.0179
v -14.161 		-5 		63.512
v -14.176 		-4.851 		63.505
v 3.8298 		-17.8756 		30.436
v 3.8278 		-17.8732 		30.439
v 3.8187 		-17.8617 		30.4529
v -13.493 		-5 		63.579
v -13.522 		-4.71 		63.565
v 3.6697 		-17.6757 		30.6911
v 4.0155 		-18.1074 		30.2587
v -13.61 		-4.435 		63.525
v -12.826 		-5 		63.496
v 3.3346 		-17.3012 		32
v 3.3514 		-17.3159 		31.8113
v 19.052 		-4.188 		19.345
v 3.3739 		-17.3356 		31.555
v 3.4171 		-17.3735 		31.3964
v 18.829 		-3.834 		19.345
v 19.608 		-3 		20.309
v 18.179 		-3.315 		19.345
v 18.533 		-3.538 		19.345
v 18.405 		-2.421 		19.594
v 20.07 		-5 		18.302
v 20.002 		-4.399 		18.302
v 20.218 		-4.349 		17.668
v 20.292 		-5 		17.668
v 20.292 		-4.332 		17
v 17.889 		-2.713 		18.87
v 17.367 		-2.655 		18.87
v 17.968 		-2.365 		18.302
v 17.367 		-2.297 		18.302
v 18.018 		-2.149 		17.668
v 17.367 		-2.075 		17.668
v 18.035 		-2.075 		17
v 19.48 		-3.982 		18.87
v 18.47 		-3 		19.594
v 18.4982 		-4.0977 		19.6117
v 18.47 		-4.03 		19.594
v 19.201 		-3.538 		18.87
v -2.633 		-3.698 		0.297
v 18.829 		-3.166 		18.87
v -2.923 		-3.731 		0.297
v 18.385 		-2.887 		18.87
v 17.783 		-3.176 		19.345
v 19.802 		-3.827 		18.302
v 19.48 		-3.315 		18.302
v 17.169 		-2.703 		19.15
v 19.052 		-2.887 		18.302
v 18.54 		-2.565 		18.302
v 20.002 		-3.731 		17.668
v 19.654 		-3.176 		17.668
v 19.191 		-2.713 		17.668
v 18.636 		-2.365 		17.668
v -14.221 		-4.71 		63.484
v -14.293 		-4.584 		63.451
v -14.389 		-4.478 		63.406
v -14.504 		-4.399 		63.353
v 17.367 		-2.993 		19.2081
v 17.3827 		-3 		19.2133
v -12.869 		-4.584 		63.476
v 20.07 		-3.698 		17
v 19.712 		-3.13 		17
v 19.237 		-2.655 		17
v 18.669 		-2.297 		17
v -12.165 		-10.685 		62.652
v -12.16 		-11.287 		61.955
v 17.1948 		-2.935 		19.15
v 17.07 		-2.421 		19.15
v -11.74 		-10.824 		62.151
v 18.035 		-11.925 		3
v 17.367 		-11.925 		2.332
v 18.018 		-11.851 		2.332
v 18.669 		-11.703 		3
v 19.237 		-11.345 		3
v 19.712 		-10.87 		3
v 18.636 		-11.635 		2.332
v 19.191 		-11.287 		2.332
v 19.654 		-10.824 		2.332
v -11.405 		-10.87 		61.571
v -12.406 		-10.018 		63.168
v -12.248 		-9.522 		63.241
v 20.07 		-10.302 		3
v 20.002 		-10.269 		2.332
v -12.195 		-9 		63.266
v 20.218 		-9.651 		2.332
v -11.873 		-10.173 		62.788
v -11.692 		-9.601 		62.873
v 17.367 		-11.703 		1.698
v -11.631 		-9 		62.901
v 17.968 		-11.635 		1.698
v 17.367 		-11.345 		1.13
v 17.889 		-11.287 		1.13
v 17.367 		-10.87 		0.655
v -11.424 		-10.269 		62.298
v 17.783 		-10.824 		0.655
v -11.228 		-9.651 		62.389
v 18.179 		-10.685 		0.655
v -11.162 		-9 		62.42
v -11.081 		-10.302 		61.722
v -10.88 		-9.668 		61.815
v 17.367 		-10.302 		0.297
v -10.811 		-9 		61.847
v -6.403 		-13.538 		43.335
v 17.657 		-10.269 		0.297
v -5.706 		-14.647 		43.335
v 17.932 		-10.173 		0.297
v 18.179 		-10.018 		0.297
v -4.78 		-15.573 		43.335
v 17.367 		-9.668 		0.075
v -6.539 		-13.603 		42
v -5.824 		-14.741 		42
v 17.516 		-9.651 		0.075
v -4.874 		-15.691 		42
v 17.657 		-9.601 		0.075
v 17.783 		-9.522 		0.075
v -2.033 		-16.804 		44
v 17.889 		-9.416 		0.075
v 17.968 		-9.29 		0.075
v 18.018 		-9.149 		0.075
v -3.671 		-16.27 		43.335
v 18.035 		-9 		0.075
v -2.435 		-16.703 		43.335
v -12.351 		-11.703 		61.129
v 18.54 		-11.435 		1.698
v -11.835 		-11.345 		61.37
v 19.052 		-11.113 		1.698
v -1.6184 		-16.5623 		44
v 19.48 		-10.685 		1.698
v -1.6688 		-16.5917 		43.8998
v -1.9531 		-16.7574 		43.335
v 18.385 		-11.113 		1.13
v 18.829 		-10.834 		1.13
v 18.0973 		-3.4844 		19.4635
v 18.179 		-3.5891 		19.4921
v 19.201 		-10.462 		1.13
v 17.7804 		-3.1876 		19.3525
v 17.7871 		-3.194 		19.3549
v 17.7589 		-3.1733 		19.345
v 18.533 		-10.462 		0.655
v 18.3339 		-3.7877 		19.5463
v 19.802 		-10.173 		1.698
v 20.002 		-9.601 		1.698
v 20.07 		-9 		1.698
v 19.48 		-10.018 		1.13
v 19.654 		-9.522 		1.13
v 19.712 		-9 		1.13
v 18.212 		-1.87 		19.594
v 17.902 		-1.377 		19.594
v 17.49 		-0.965 		19.594
v 16.997 		-0.655 		19.594
v 16.911 		-2.168 		19.15
v 18.829 		-10.166 		0.655
v 19.052 		-9.812 		0.655
v 19.191 		-9.416 		0.655
v 19.237 		-9 		0.655
v 19.514 		-2.168 		20.309
v 19.237 		-1.377 		20.309
v 18.385 		-9.812 		0.297
v 18.54 		-9.565 		0.297
v 18.792 		-0.668 		20.309
v 18.636 		-9.29 		0.297
v 18.669 		-9 		0.297
v 21.717 		-3 		23.665
v 21.57 		-1.698 		23.665
v 21.137 		-0.462 		23.665
v 20.292 		-9.668 		3
v 20.292 		-9 		2.332
v 21.273 		-3 		22.397
v 21.137 		-1.797 		22.397
v 20.218 		-4.349 		2.332
v 20.737 		-0.655 		22.397
v -12.248 		-4.478 		63.241
v -12.195 		-5 		63.266
v 20.44 		-1.956 		21.259
v -11.692 		-4.399 		62.873
v 20.558 		-3 		21.259
v -11.631 		-5 		62.901
v -11.162 		-5 		62.42
v -11.228 		-4.349 		62.389
v 18.035 		-5 		0.075
v 18.018 		-4.851 		0.075
v 19.514 		1.573 		23.665
v 18.405 		2.27 		23.665
v 17.169 		2.703 		23.665
v 17.968 		-4.71 		0.075
v -10.811 		-5 		61.847
v -10.88 		-4.332 		61.815
v 17.889 		-4.584 		0.075
v 17.783 		-4.478 		0.075
v 17.657 		-4.399 		0.075
v 20.093 		0.37 		22.397
v 17.516 		-4.349 		0.075
v 19.237 		1.226 		22.397
v 17.367 		-4.332 		0.075
v 18.212 		1.87 		22.397
v -16.748 		-3.731 		62.061
v 17.07 		2.27 		22.397
v -16.997 		-3.827 		61.945
v -17.221 		-3.982 		61.841
v 19.535 		-0.075 		21.259
v 20.002 		-4.399 		1.698
v 18.792 		0.668 		21.259
v 20.07 		-5 		1.698
v 17.902 		1.226 		21.259
v 19.654 		-4.478 		1.13
v -17.407 		-4.188 		61.754
v 19.712 		-5 		1.13
v -16.711 		-3.176 		61.684
v 16.911 		1.573 		21.259
v -17.07 		-3.315 		61.517
v 19.191 		-4.584 		0.655
v 19.237 		-5 		0.655
v 18.199 		-0.075 		20.309
v 17.49 		0.37 		20.309
v -17.391 		-3.538 		61.367
v -17.659 		-3.834 		61.242
v 20.44 		0.647 		23.665
v -17.861 		-4.188 		61.148
v -17.795 		-3.538 		60.654
v -18.049 		-3.982 		60.536
v -1.133 		3 		42
v 15.867 		3 		42
v -1.133 		3 		25
v 15.867 		3 		25
v -1.133 		2.85 		43.335
v -2.435 		2.703 		43.335
v -2.468 		2.85 		42
v -16.606 		-2.713 		61.209
v -17.056 		-2.887 		60.999
v -17.459 		-3.166 		60.811
v 15.867 		2.85 		43.335
v -16.956 		-2.565 		60.418
v -3.198 		-3.827 		0.297
v -17.42 		-2.887 		60.202
v -17.808 		-3.315 		60.021
v -18.1 		-3.827 		59.885
v -2.633 		-3.13 		0.655
v -3.049 		-3.176 		0.655
v -16.775 		-2.365 		59.803
v -17.278 		-2.713 		59.568
v 11.867 		1.229 		46.203
v 18.669 		-5 		0.297
v 18.636 		-4.71 		0.297
v 18.54 		-4.435 		0.297
v -17.697 		-3.176 		59.373
v 15.9629 		-0.5273 		47.4479
v 16.0368 		-0.6841 		47.4999
v 1.367 		-2.075 		2.332
v 3.712 		-3.13 		3
v 3.237 		-2.655 		3
v 2.669 		-2.297 		3
v 20.292 		-4.332 		3
v 2.035 		-2.075 		3
v 20.292 		-5 		2.332
v 3.654 		-3.176 		2.332
v 3.191 		-2.713 		2.332
v 2.636 		-2.365 		2.332
v 2.018 		-2.149 		2.332
v 18.035 		-2.075 		3
v 18.018 		-2.149 		2.332
v 15.867 		-0.397 		47.406
v 15.867 		-0.4012 		47.4075
v 15.8684 		-0.403 		47.4081
v 17.367 		-2.075 		2.332
v 15.8637 		-0.397 		47.406
v 15.7579 		-0.2776 		47.331
v 20.07 		-3.698 		3
v 19.712 		-3.13 		3
v 19.237 		-2.655 		3
v 18.669 		-2.297 		3
v 1.367 		-2.297 		1.698
v 20.002 		-3.731 		2.332
v 19.654 		-3.176 		2.332
v 1.367 		-2.655 		1.13
v 19.191 		-2.713 		2.332
v 18.636 		-2.365 		2.332
v 1.783 		-3.176 		0.655
v 1.367 		-3.13 		0.655
v 1.657 		-3.731 		0.297
v 15.678 		0.539 		48.387
v 1.367 		-3.698 		0.297
v 14.906 		1.311 		48.387
v 13.982 		1.892 		48.387
v 17.968 		-2.365 		1.698
v 12.952 		2.252 		48.387
v 17.367 		-2.297 		1.698
v 17.889 		-2.713 		1.13
v 15.389 		0.309 		47.331
v 17.367 		-2.655 		1.13
v 14.676 		1.022 		47.331
v 13.822 		1.559 		47.331
v 12.869 		1.892 		47.331
v 18.179 		-3.315 		0.655
v 17.783 		-3.176 		0.655
v 3.802 		-3.827 		1.698
v 17.367 		-3.13 		0.655
v 3.48 		-3.315 		1.698
v 18.179 		-3.982 		0.297
v 17.932 		-3.827 		0.297
v 3.48 		-3.982 		1.13
v 17.657 		-3.731 		0.297
v 3.201 		-3.538 		1.13
v 15.867 		0.741 		46.691
v 17.367 		-3.698 		0.297
v 15.2437 		0.193 		47.0353
v 15.867 		1.691 		45.741
v 14.4312 		0.7153 		46.7071
v 13.5677 		1.0318 		46.4002
v 13.5947 		1.022 		46.41
v 14.3714 		0.741 		46.691
v 19.802 		-3.827 		1.698
v 19.48 		-3.315 		1.698
v 12.737 		1.311 		46.383
v 13.4858 		1.049 		46.383
v 19.052 		-2.887 		1.698
v 18.54 		-2.565 		1.698
v 19.48 		-3.982 		1.13
v 19.201 		-3.538 		1.13
v 18.829 		-3.166 		1.13
v 12.7075 		1.1817 		46.2503
v 18.385 		-2.887 		1.13
v 12.5836 		1.1886 		46.2434
v 15.867 		2.406 		44.603
v 19.052 		-4.188 		0.655
v 16.699 		-1.956 		47.85
v 18.829 		-3.834 		0.655
v 18.533 		-3.538 		0.655
v 16.446 		-0.462 		47.406
v 16.699 		0.647 		46.691
v 3.052 		-2.887 		1.698
v 2.54 		-2.565 		1.698
v 1.968 		-2.365 		1.698
v 2.829 		-3.166 		1.13
v 16.742 		-2.5 		48.387
v 16.619 		-1.415 		48.387
v 2.385 		-2.887 		1.13
v 1.889 		-2.713 		1.13
v 16.259 		-0.385 		48.387
v 3.052 		-4.188 		0.655
v 2.829 		-3.834 		0.655
v 2.533 		-3.538 		0.655
v 2.179 		-3.315 		0.655
v 16.4766 		-1.8162 		47.85
v 16.504 		-2.0061 		47.8665
v 16.4648 		-1.7581 		47.8349
v 16.446 		-1.6731 		47.8088
v 16.4002 		-1.4654 		47.7451
v 2.385 		-4.188 		0.297
v 2.179 		-3.982 		0.297
v 1.932 		-3.827 		0.297
v 16.5649 		-2.4438 		47.8997
v 16.5722 		-2.5 		47.9024
v 16.5276 		-2.1711 		47.8809
v 4.07 		-3.698 		3
v 16.2784 		-1.1964 		47.6698
v 4.002 		-3.731 		2.332
v 16.5777 		-2.8379 		47.9181
v 16.5784 		-3 		47.9201
v 16.5755 		-2.659 		47.9117
v 11.986 		-10.7322 		19
v 11.152 		-9 		19
v 11.1941 		-9.3791 		19
v 11.2067 		-9.493 		19
v 11.3331 		-9.8532 		19
v 11.3711 		-9.9616 		19
v 11.5738 		-10.2841 		19
v 11.6348 		-10.381 		19
v 12.3085 		-10.9348 		19
v 12.4054 		-10.9959 		19
v 11.2448 		-4.3986 		19
v 11.2067 		-4.507 		19
v 11.1646 		-4.8861 		19
v 11.152 		-5 		19
v 12.0829 		-3.2068 		19
v 11.986 		-3.2678 		19
v 11.6348 		-3.619 		19
v 11.4322 		-3.9415 		19
v -2.468 		2.85 		25
v -1.133 		2.85 		23.665
v -2.435 		2.703 		23.665
v 15.867 		2.85 		23.665
v 10.367 		-9 		17
v 10.367 		-5 		17
v 13.367 		-12 		17
v 11.533 		-10.462 		18.87
v 11.905 		-10.834 		18.87
v 11.022 		-9 		18.87
v 11.08 		-9.522 		18.87
v 11.254 		-10.018 		18.87
v 11.254 		-10.685 		18.302
v 11.682 		-11.113 		18.302
v 11.08 		-10.824 		17.668
v 11.543 		-11.287 		17.668
v 11.022 		-10.87 		17
v 11.497 		-11.345 		17
v 12.065 		-11.703 		17
v 10.664 		-9 		18.302
v 10.732 		-9.601 		18.302
v 10.932 		-10.173 		18.302
v 10.442 		-9 		17.668
v 10.516 		-9.651 		17.668
v 10.732 		-10.269 		17.668
v 10.442 		-9.668 		17
v 10.664 		-10.302 		17
v 12.349 		-11.113 		18.87
v 12.845 		-11.287 		18.87
v 13.367 		-11.345 		18.87
v 12.194 		-11.435 		18.302
v 12.766 		-11.635 		18.302
v 13.367 		-11.703 		18.302
v 12.098 		-11.635 		17.668
v 12.716 		-11.851 		17.668
v 13.367 		-11.925 		17.668
v 12.699 		-11.925 		17
v 11.08 		-4.478 		18.87
v 11.022 		-5 		18.87
v 10.732 		-4.399 		18.302
v 10.664 		-5 		18.302
v 10.516 		-4.349 		17.668
v 10.442 		-5 		17.668
v 10.442 		-4.332 		17
v 11.533 		-3.538 		18.87
v -3.736 		-16.406 		42
v -2.468 		-16.85 		42
v -2.033 		-16.804 		42.8404
v -2.0215 		-16.7973 		42.9111
v -2.129 		-16.8881 		42
v 2.767 		-16.804 		44
v 2.4466 		-16.6171 		44
v 2.1654 		-16.4749 		44.4063
v 2.8195 		-16.85 		43.335
v 2.767 		-16.804 		43.4664
v -6.6652 		-12 		43.9201
v -6.7619 		-11.9772 		43.6513
v -6.836 		-12.302 		43.335
v -6.8757 		-11.9504 		43.335
v -6.9085 		-11.925 		43.0703
v -6.983 		-11.7744 		42.5606
v -6.983 		-12.335 		42
v -7.0181 		-11.703 		42.3192
v -7.0728 		-11.5356 		42
v -7.0272 		-11.6753 		42.2665
v -7.0729 		-11.535 		41.9988
v -7.0963 		-11.3264 		41.6546
v -7.0883 		-11.3979 		41.7728
v -7.1214 		-11.1035 		41.4126
# 3510 vertices

g group_0_15277357

usemtl color_15277357
s 0

f 2 	7 	8
f 2 	8 	3
f 3 	9 	4
f 3 	8 	9
f 4 	9 	10
f 4 	10 	1
f 22 	10 	21
f 5 	1 	10
f 16 	9 	8
f 7 	6 	19
f 8 	15 	16
f 9 	21 	10
f 12 	11 	13
f 17 	6 	25
f 6 	18 	19
f 7 	19 	14
f 7 	14 	8
f 15 	8 	14
f 9 	20 	21
f 17 	18 	6
f 16 	20 	9
f 10 	22 	23
f 16 	15 	13
f 15 	12 	13
f 12 	15 	14
f 19 	18 	12
f 17 	12 	18
f 14 	19 	12
f 24 	22 	13
f 21 	13 	22
f 21 	20 	13
f 20 	16 	13
f 22 	24 	23
f 17 	25 	12
f 25 	26 	523
f 523 	12 	25
f 6 	27 	25
f 11 	12 	224
f 12 	523 	224
f 11 	224 	28
f 224 	225 	28
f 523 	26 	349
f 31 	29 	30
f 31 	30 	32
f 35 	36 	33
f 34 	33 	36
f 56 	57 	39
f 56 	39 	38
f 40 	45 	41
f 44 	45 	40
f 43 	48 	44
f 44 	49 	45
f 48 	49 	44
f 67 	46 	42
f 46 	47 	42
f 46 	67 	50
f 37 	50 	67
f 50 	51 	46
f 46 	51 	47
f 42 	47 	43
f 47 	48 	43
f 39 	50 	38
f 47 	52 	48
f 51 	52 	47
f 48 	53 	49
f 52 	53 	48
f 37 	38 	50
f 39 	54 	50
f 39 	57 	54
f 50 	54 	51
f 55 	52 	51
f 54 	55 	51
f 55 	29 	52
f 59 	29 	55
f 52 	29 	53
f 54 	58 	59
f 55 	54 	59
f 49 	853 	45
f 53 	859 	49
f 31 	859 	29
f 38 	297 	56
f 54 	57 	58
f 29 	59 	30
f 1733 	1737 	56
f 59 	1742 	30
f 60 	61 	62
f 65 	62 	61
f 62 	66 	63
f 62 	65 	66
f 303 	64 	61
f 63 	66 	67
f 61 	64 	65
f 64 	69 	65
f 42 	253 	67
f 69 	64 	68
f 65 	69 	70
f 65 	70 	66
f 66 	37 	67
f 70 	37 	66
f 70 	38 	37
f 318 	72 	68
f 68 	73 	69
f 757 	744 	80
f 79 	80 	744
f 78 	79 	744
f 77 	78 	744
f 76 	77 	744
f 73 	68 	72
f 84 	74 	744
f 74 	75 	744
f 75 	76 	744
f 82 	83 	744
f 81 	82 	744
f 69 	73 	85
f 296 	85 	73
f 69 	85 	70
f 38 	70 	85
f 72 	295 	296
f 72 	296 	73
f 60 	300 	61
f 303 	61 	300
f 86 	109 	103
f 90 	1812 	89
f 92 	108 	96
f 103 	91 	2994
f 92 	105 	108
f 122 	123 	97
f 97 	123 	99
f 92 	91 	105
f 106 	102 	104
f 103 	105 	91
f 109 	86 	88
f 109 	112 	103
f 104 	110 	106
f 111 	106 	110
f 106 	111 	113
f 103 	112 	105
f 114 	108 	105
f 107 	106 	113
f 105 	112 	114
f 118 	113 	111
f 98 	413 	411
f 116 	117 	110
f 111 	110 	117
f 111 	117 	118
f 2383 	120 	121
f 3093 	129 	120
f 96 	122 	97
f 108 	122 	96
f 125 	126 	124
f 124 	2385 	121
f 102 	3438 	124
f 114 	127 	108
f 108 	127 	122
f 122 	128 	123
f 120 	130 	121
f 127 	128 	122
f 124 	104 	102
f 130 	120 	129
f 169 	128 	127
f 129 	135 	130
f 128 	169 	189
f 121 	132 	124
f 121 	130 	132
f 132 	104 	124
f 135 	129 	134
f 130 	136 	132
f 130 	135 	136
f 132 	110 	104
f 132 	136 	110
f 140 	133 	131
f 134 	138 	135
f 134 	137 	138
f 135 	138 	115
f 139 	131 	99
f 115 	138 	1237
f 136 	135 	115
f 123 	139 	99
f 139 	140 	131
f 136 	115 	116
f 139 	143 	140
f 136 	116 	110
f 142 	143 	139
f 1254 	138 	1253
f 140 	141 	133
f 140 	144 	141
f 2826 	137 	134
f 128 	142 	123
f 139 	123 	142
f 129 	3093 	3095
f 3095 	3097 	129
f 126 	125 	2176
f 143 	144 	140
f 143 	193 	144
f 144 	149 	141
f 137 	1253 	138
f 128 	189 	142
f 143 	191 	193
f 193 	149 	144
f 150 	1909 	151
f 147 	152 	151
f 88 	87 	154
f 153 	154 	87
f 154 	155 	88
f 154 	160 	155
f 152 	147 	161
f 88 	155 	109
f 176 	156 	148
f 157 	158 	153
f 148 	156 	159
f 153 	158 	154
f 147 	148 	159
f 158 	160 	154
f 162 	163 	645
f 162 	690 	164
f 159 	163 	162
f 162 	164 	159
f 147 	159 	164
f 163 	165 	645
f 109 	166 	112
f 155 	166 	109
f 166 	167 	112
f 165 	163 	159
f 166 	173 	167
f 112 	167 	114
f 168 	127 	114
f 161 	147 	164
f 167 	168 	114
f 168 	169 	127
f 156 	179 	1506
f 156 	1506 	159
f 173 	175 	167
f 165 	159 	170
f 168 	167 	175
f 743 	171 	1507
f 169 	177 	196
f 160 	172 	155
f 155 	172 	166
f 159 	1507 	170
f 172 	173 	166
f 168 	177 	169
f 175 	177 	168
f 174 	178 	176
f 179 	176 	178
f 160 	184 	172
f 176 	179 	156
f 1510 	1506 	179
f 172 	186 	173
f 1510 	179 	1509
f 178 	1509 	179
f 1004 	180 	157
f 1934 	3290 	182
f 157 	181 	158
f 180 	181 	157
f 181 	183 	158
f 158 	183 	160
f 183 	184 	160
f 182 	178 	174
f 182 	185 	178
f 184 	186 	172
f 187 	173 	186
f 173 	187 	175
f 175 	188 	177
f 187 	188 	175
f 1509 	178 	185
f 189 	191 	142
f 189 	197 	191
f 196 	197 	189
f 142 	191 	143
f 193 	195 	149
f 189 	169 	196
f 193 	201 	195
f 197 	199 	191
f 191 	199 	193
f 199 	201 	193
f 219 	200 	198
f 197 	209 	199
f 199 	210 	201
f 177 	204 	196
f 188 	204 	177
f 204 	206 	196
f 196 	206 	197
f 206 	209 	197
f 209 	210 	199
f 203 	211 	205
f 183 	77 	184
f 77 	186 	184
f 205 	211 	215
f 181 	180 	79
f 205 	215 	208
f 181 	79 	183
f 78 	183 	79
f 78 	77 	183
f 187 	186 	75
f 187 	75 	188
f 218 	220 	213
f 213 	220 	214
f 230 	216 	212
f 188 	74 	204
f 84 	83 	204
f 208 	217 	198
f 216 	218 	212
f 208 	215 	217
f 216 	223 	218
f 217 	219 	198
f 222 	223 	216
f 213 	212 	218
f 186 	76 	75
f 221 	202 	200
f 75 	74 	188
f 84 	204 	74
f 206 	204 	83
f 221 	200 	219
f 206 	83 	209
f 82 	209 	83
f 209 	82 	210
f 81 	210 	82
f 202 	221 	190
f 180 	80 	79
f 186 	77 	76
f 217 	424 	219
f 218 	353 	220
f 225 	234 	28
f 223 	353 	218
f 426 	221 	219
f 353 	346 	220
f 225 	226 	234
f 356 	223 	222
f 525 	225 	224
f 525 	528 	225
f 225 	528 	226
f 223 	360 	353
f 233 	228 	207
f 227 	235 	229
f 234 	235 	227
f 229 	235 	231
f 238 	231 	235
f 234 	226 	235
f 226 	509 	235
f 231 	238 	240
f 64 	315 	68
f 68 	315 	318
f 428 	429 	190
f 192 	190 	429
f 233 	207 	232
f 243 	194 	192
f 228 	233 	244
f 243 	192 	429
f 246 	194 	243
f 228 	244 	230
f 245 	253 	247
f 244 	216 	230
f 242 	241 	250
f 247 	250 	241
f 232 	249 	233
f 250 	251 	242
f 232 	248 	249
f 233 	249 	252
f 3049 	3003 	3004
f 253 	245 	63
f 250 	247 	42
f 233 	252 	244
f 247 	253 	42
f 244 	252 	222
f 42 	43 	250
f 250 	43 	251
f 222 	252 	280
f 251 	44 	40
f 246 	3013 	3015
f 244 	222 	216
f 43 	44 	251
f 63 	67 	253
f 276 	249 	248
f 279 	252 	249
f 287 	241 	288
f 288 	258 	255
f 288 	242 	258
f 280 	252 	279
f 258 	260 	255
f 255 	260 	256
f 260 	263 	256
f 256 	263 	257
f 259 	262 	265
f 263 	981 	257
f 251 	258 	242
f 259 	265 	261
f 40 	258 	251
f 261 	265 	207
f 232 	207 	265
f 260 	258 	40
f 267 	262 	321
f 264 	398 	266
f 260 	41 	263
f 40 	41 	260
f 262 	267 	269
f 267 	291 	269
f 267 	290 	291
f 262 	269 	265
f 269 	248 	232
f 269 	232 	265
f 456 	268 	398
f 270 	273 	271
f 270 	272 	273
f 269 	291 	275
f 269 	275 	248
f 273 	274 	271
f 276 	248 	275
f 291 	293 	275
f 245 	247 	274
f 274 	247 	241
f 249 	276 	279
f 272 	300 	60
f 272 	60 	282
f 60 	62 	282
f 272 	282 	273
f 299 	289 	278
f 283 	275 	293
f 278 	289 	281
f 275 	283 	284
f 273 	245 	274
f 282 	245 	273
f 275 	284 	276
f 276 	284 	374
f 62 	63 	282
f 282 	63 	245
f 276 	374 	279
f 34 	328 	33
f 271 	33 	270
f 271 	286 	33
f 286 	287 	33
f 287 	288 	33
f 288 	255 	33
f 299 	278 	277
f 256 	33 	255
f 257 	33 	256
f 981 	33 	257
f 271 	274 	286
f 283 	621 	622
f 274 	241 	286
f 286 	241 	287
f 242 	288 	241
f 285 	398 	264
f 33 	981 	35
f 263 	983 	981
f 289 	401 	406
f 290 	293 	291
f 270 	33 	328
f 290 	292 	293
f 328 	272 	270
f 85 	296 	297
f 38 	85 	297
f 292 	630 	293
f 295 	1763 	1768
f 295 	1768 	296
f 298 	299 	277
f 1733 	56 	297
f 272 	329 	300
f 347 	303 	300
f 347 	302 	303
f 301 	308 	302
f 308 	301 	306
f 302 	309 	303
f 302 	308 	309
f 309 	64 	303
f 304 	313 	305
f 306 	314 	308
f 304 	312 	313
f 306 	311 	314
f 308 	315 	309
f 308 	314 	315
f 315 	64 	309
f 307 	319 	321
f 307 	321 	310
f 311 	317 	314
f 311 	316 	317
f 314 	317 	318
f 314 	318 	315
f 312 	323 	313
f 316 	402 	403
f 403 	404 	317
f 403 	317 	316
f 307 	305 	319
f 318 	317 	405
f 404 	405 	317
f 305 	313 	319
f 319 	327 	321
f 319 	326 	327
f 310 	262 	259
f 262 	310 	321
f 388 	392 	320
f 320 	322 	311
f 311 	322 	316
f 320 	311 	306
f 322 	392 	325
f 313 	323 	326
f 324 	325 	392
f 316 	322 	325
f 324 	400 	325
f 325 	402 	316
f 326 	319 	313
f 324 	396 	400
f 402 	325 	400
f 267 	321 	327
f 357 	34 	355
f 358 	34 	357
f 359 	34 	358
f 326 	323 	331
f 34 	330 	328
f 329 	272 	328
f 336 	300 	329
f 326 	331 	333
f 326 	333 	327
f 1507 	159 	1506
f 290 	327 	333
f 333 	292 	290
f 290 	267 	327
f 335 	344 	347
f 331 	698 	699
f 335 	347 	336
f 333 	331 	699
f 337 	5 	10
f 292 	333 	699
f 330 	336 	329
f 26 	25 	27
f 339 	337 	23
f 336 	347 	300
f 330 	329 	328
f 10 	23 	337
f 214 	341 	338
f 338 	345 	146
f 338 	341 	345
f 345 	3501 	146
f 214 	220 	341
f 340 	337 	339
f 334 	332 	342
f 379 	342 	332
f 337 	340 	888
f 343 	888 	340
f 334 	344 	335
f 334 	342 	344
f 220 	346 	341
f 339 	23 	24
f 339 	24 	340
f 346 	348 	341
f 26 	27 	349
f 352 	350 	27
f 341 	348 	345
f 384 	301 	342
f 301 	344 	342
f 344 	302 	347
f 27 	201 	352
f 344 	301 	302
f 354 	355 	34
f 356 	222 	280
f 356 	360 	223
f 359 	361 	34
f 330 	34 	361
f 354 	364 	355
f 354 	362 	364
f 353 	363 	346
f 355 	365 	357
f 360 	363 	353
f 355 	364 	365
f 363 	3508 	346
f 332 	357 	365
f 332 	358 	357
f 356 	280 	370
f 358 	332 	359
f 334 	359 	332
f 363 	360 	366
f 359 	335 	361
f 359 	334 	335
f 367 	366 	360
f 361 	335 	336
f 367 	360 	368
f 361 	336 	330
f 363 	366 	369
f 356 	371 	360
f 356 	370 	371
f 371 	368 	360
f 371 	370 	612
f 613 	612 	370
f 365 	379 	332
f 371 	372 	368
f 362 	373 	375
f 376 	280 	279
f 279 	374 	376
f 376 	370 	280
f 375 	364 	362
f 364 	378 	365
f 378 	364 	375
f 378 	379 	365
f 1375 	380 	373
f 373 	380 	381
f 380 	386 	381
f 373 	381 	375
f 375 	381 	382
f 375 	382 	378
f 378 	383 	379
f 378 	382 	383
f 379 	383 	342
f 384 	342 	383
f 1375 	1376 	380
f 382 	388 	383
f 384 	383 	320
f 384 	320 	306
f 384 	306 	301
f 385 	386 	380
f 381 	387 	382
f 381 	386 	387
f 388 	382 	387
f 383 	388 	320
f 385 	389 	390
f 385 	390 	386
f 386 	390 	391
f 386 	391 	387
f 387 	392 	388
f 387 	391 	392
f 322 	320 	392
f 294 	393 	298
f 389 	395 	390
f 389 	394 	395
f 390 	395 	396
f 408 	396 	395
f 390 	396 	391
f 391 	324 	392
f 391 	396 	324
f 281 	397 	285
f 394 	407 	408
f 394 	408 	395
f 289 	397 	281
f 396 	408 	409
f 398 	285 	397
f 409 	400 	396
f 354 	34 	1369
f 362 	354 	1370
f 1369 	1370 	354
f 1370 	373 	362
f 268 	266 	398
f 1373 	1375 	373
f 385 	380 	1376
f 298 	399 	299
f 1376 	1377 	389
f 1376 	389 	385
f 389 	1377 	394
f 1378 	394 	1377
f 393 	399 	298
f 399 	401 	299
f 401 	289 	299
f 403 	2267 	2290
f 403 	2290 	404
f 2296 	405 	404
f 406 	397 	289
f 404 	2290 	2296
f 406 	445 	397
f 407 	2651 	2652
f 407 	2652 	408
f 409 	2670 	2671
f 2671 	400 	409
f 574 	411 	412
f 98 	419 	413
f 411 	414 	412
f 413 	414 	411
f 425 	427 	413
f 413 	427 	414
f 246 	3015 	3003
f 211 	417 	215
f 422 	215 	417
f 417 	587 	422
f 217 	215 	422
f 415 	418 	849
f 424 	217 	422
f 418 	419 	95
f 418 	423 	419
f 421 	423 	418
f 428 	190 	221
f 98 	95 	419
f 221 	426 	428
f 415 	421 	418
f 420 	421 	415
f 413 	419 	425
f 219 	424 	426
f 423 	425 	419
f 1254 	1237 	138
f 1237 	1238 	115
f 116 	115 	1238
f 117 	116 	1238
f 771 	3485 	1240
f 1552 	420 	679
f 432 	3459 	431
f 3459 	432 	433
f 393 	430 	399
f 432 	431 	435
f 434 	435 	431
f 94 	708 	1081
f 472 	435 	434
f 437 	436 	412
f 119 	412 	436
f 412 	414 	439
f 412 	439 	437
f 436 	437 	438
f 437 	439 	440
f 437 	440 	438
f 440 	453 	438
f 439 	441 	440
f 442 	441 	439
f 427 	442 	439
f 414 	427 	439
f 401 	447 	406
f 406 	448 	445
f 406 	447 	448
f 397 	445 	398
f 398 	445 	456
f 446 	401 	399
f 430 	446 	399
f 447 	401 	446
f 446 	449 	452
f 453 	443 	438
f 454 	450 	444
f 449 	446 	430
f 459 	450 	454
f 450 	459 	451
f 447 	446 	452
f 447 	452 	476
f 452 	449 	480
f 448 	447 	476
f 443 	454 	444
f 453 	454 	443
f 441 	455 	440
f 452 	480 	485
f 452 	485 	476
f 440 	455 	453
f 455 	457 	453
f 453 	457 	454
f 458 	456 	445
f 454 	457 	459
f 458 	445 	448
f 456 	458 	461
f 460 	772 	464
f 460 	464 	465
f 460 	465 	462
f 448 	466 	458
f 462 	467 	463
f 458 	466 	468
f 462 	465 	467
f 463 	434 	431
f 466 	470 	468
f 463 	467 	434
f 466 	469 	470
f 458 	468 	461
f 451 	459 	2208
f 467 	471 	434
f 471 	472 	434
f 472 	471 	474
f 473 	474 	471
f 474 	575 	472
f 448 	476 	466
f 449 	578 	480
f 487 	465 	464
f 466 	476 	469
f 485 	469 	476
f 464 	486 	487
f 465 	487 	491
f 470 	492 	468
f 487 	495 	491
f 465 	491 	467
f 468 	492 	3303
f 492 	237 	3303
f 491 	471 	467
f 487 	486 	494
f 1735 	2280 	1739
f 494 	486 	493
f 495 	487 	494
f 491 	473 	471
f 491 	495 	473
f 498 	393 	294
f 441 	442 	1576
f 502 	503 	498
f 441 	2551 	455
f 1576 	2551 	441
f 506 	504 	352
f 505 	517 	506
f 504 	506 	517
f 349 	27 	350
f 350 	352 	508
f 352 	504 	508
f 517 	350 	508
f 517 	508 	504
f 238 	235 	509
f 509 	510 	238
f 238 	510 	240
f 226 	528 	509
f 201 	210 	352
f 506 	352 	210
f 511 	522 	512
f 210 	505 	506
f 512 	522 	513
f 524 	513 	522
f 498 	503 	393
f 507 	505 	210
f 430 	393 	503
f 1687 	516 	519
f 518 	517 	505
f 515 	519 	516
f 505 	507 	518
f 522 	511 	521
f 2137 	538 	518
f 521 	527 	522
f 521 	526 	527
f 523 	525 	224
f 349 	350 	523
f 517 	534 	523
f 523 	534 	525
f 502 	529 	503
f 524 	522 	530
f 527 	530 	522
f 502 	520 	529
f 531 	509 	528
f 503 	529 	532
f 350 	517 	523
f 526 	535 	527
f 526 	533 	535
f 530 	527 	535
f 534 	536 	525
f 534 	517 	538
f 525 	536 	528
f 531 	528 	541
f 536 	541 	528
f 534 	539 	536
f 533 	734 	535
f 534 	538 	539
f 541 	536 	544
f 518 	538 	517
f 537 	734 	533
f 536 	539 	544
f 538 	2139 	539
f 509 	540 	510
f 531 	540 	509
f 540 	860 	510
f 540 	531 	542
f 531 	541 	542
f 543 	515 	514
f 544 	545 	541
f 519 	546 	1687
f 2140 	545 	544
f 729 	546 	547
f 729 	1687 	546
f 541 	545 	542
f 546 	519 	543
f 547 	546 	543
f 515 	543 	519
f 544 	539 	2140
f 539 	2139 	2140
f 714 	729 	547
f 548 	514 	513
f 2207 	507 	210
f 513 	524 	548
f 507 	2207 	518
f 543 	514 	548
f 495 	556 	557
f 473 	495 	557
f 493 	554 	494
f 549 	2977 	231
f 493 	553 	554
f 549 	555 	550
f 494 	554 	556
f 231 	555 	549
f 554 	663 	556
f 550 	555 	559
f 494 	556 	495
f 550 	559 	551
f 560 	552 	551
f 559 	560 	551
f 655 	474 	557
f 474 	473 	557
f 553 	782 	558
f 553 	558 	673
f 553 	673 	554
f 554 	673 	663
f 240 	555 	231
f 555 	240 	561
f 559 	555 	561
f 559 	562 	560
f 561 	562 	559
f 3448 	563 	564
f 432 	435 	565
f 565 	433 	432
f 565 	566 	433
f 562 	1131 	560
f 566 	563 	433
f 563 	567 	564
f 566 	567 	563
f 565 	570 	566
f 569 	570 	565
f 570 	571 	566
f 566 	571 	567
f 95 	580 	849
f 565 	435 	569
f 95 	568 	580
f 435 	472 	569
f 95 	98 	568
f 650 	570 	569
f 503 	532 	430
f 650 	651 	570
f 570 	651 	571
f 532 	449 	430
f 573 	576 	520
f 568 	98 	572
f 576 	529 	520
f 529 	577 	532
f 98 	411 	572
f 529 	576 	577
f 572 	411 	574
f 578 	449 	532
f 412 	119 	574
f 532 	577 	578
f 119 	436 	810
f 510 	579 	240
f 240 	579 	561
f 426 	582 	428
f 429 	583 	584
f 429 	584 	243
f 428 	583 	429
f 428 	582 	583
f 585 	583 	582
f 585 	582 	2583
f 583 	585 	586
f 1034 	586 	585
f 583 	586 	584
f 587 	417 	596
f 422 	587 	588
f 422 	588 	424
f 424 	588 	589
f 424 	589 	426
f 426 	589 	582
f 590 	587 	596
f 587 	590 	2584
f 2584 	588 	587
f 1893 	576 	573
f 589 	2583 	582
f 592 	211 	203
f 133 	593 	591
f 593 	592 	591
f 593 	594 	592
f 592 	594 	211
f 417 	211 	594
f 593 	133 	141
f 596 	417 	594
f 593 	595 	594
f 141 	595 	593
f 594 	595 	596
f 141 	149 	595
f 595 	597 	596
f 595 	149 	597
f 590 	596 	597
f 207 	2661 	2863
f 1948 	599 	600
f 598 	601 	602
f 598 	602 	599
f 599 	603 	600
f 338 	3029 	214
f 602 	603 	599
f 603 	604 	600
f 228 	2661 	207
f 228 	2663 	2661
f 2663 	228 	230
f 2599 	230 	212
f 212 	213 	2599
f 872 	604 	603
f 1948 	600 	605
f 207 	2863 	261
f 377 	374 	284
f 604 	631 	605
f 284 	622 	377
f 374 	377 	607
f 374 	607 	376
f 376 	607 	610
f 376 	610 	370
f 610 	614 	370
f 607 	377 	615
f 616 	615 	377
f 377 	627 	616
f 619 	610 	607
f 613 	370 	614
f 612 	372 	371
f 377 	622 	627
f 607 	615 	618
f 607 	618 	619
f 610 	620 	614
f 619 	620 	610
f 293 	621 	283
f 284 	283 	622
f 624 	622 	625
f 621 	625 	622
f 600 	604 	605
f 621 	623 	625
f 622 	624 	626
f 622 	626 	627
f 606 	605 	631
f 633 	609 	608
f 713 	637 	628
f 611 	639 	617
f 630 	292 	629
f 630 	621 	293
f 606 	632 	608
f 638 	628 	637
f 628 	641 	629
f 606 	631 	632
f 632 	633 	608
f 629 	640 	642
f 629 	642 	630
f 609 	635 	611
f 633 	635 	609
f 635 	639 	611
f 640 	629 	641
f 628 	638 	641
f 630 	642 	643
f 643 	623 	621
f 643 	621 	630
f 145 	690 	691
f 145 	691 	644
f 874 	632 	631
f 682 	646 	654
f 472 	575 	569
f 575 	650 	569
f 650 	658 	651
f 3155 	571 	651
f 656 	575 	474
f 652 	323 	312
f 654 	646 	645
f 647 	659 	648
f 650 	657 	658
f 647 	660 	659
f 648 	659 	661
f 661 	649 	648
f 474 	655 	656
f 575 	657 	650
f 653 	660 	647
f 657 	575 	656
f 3155 	651 	658
f 665 	666 	655
f 649 	601 	598
f 655 	666 	656
f 661 	601 	649
f 656 	667 	657
f 657 	670 	658
f 660 	653 	662
f 659 	660 	879
f 556 	664 	557
f 660 	881 	879
f 664 	556 	663
f 665 	655 	557
f 664 	665 	557
f 664 	677 	665
f 662 	881 	660
f 666 	667 	656
f 865 	868 	601
f 677 	664 	663
f 668 	669 	665
f 425 	423 	1561
f 665 	669 	666
f 666 	671 	667
f 1561 	1562 	425
f 669 	671 	666
f 667 	672 	670
f 671 	672 	667
f 667 	670 	657
f 669 	668 	678
f 678 	671 	669
f 558 	790 	674
f 1575 	442 	427
f 782 	790 	558
f 558 	674 	675
f 673 	558 	675
f 673 	675 	676
f 663 	673 	676
f 677 	663 	676
f 668 	665 	677
f 678 	675 	674
f 678 	676 	675
f 678 	677 	676
f 678 	668 	677
f 678 	672 	671
f 681 	490 	489
f 703 	477 	475
f 687 	688 	479
f 688 	689 	481
f 689 	680 	484
f 416 	679 	420
f 420 	1553 	421
f 1553 	420 	1552
f 1559 	423 	421
f 708 	1584 	679
f 679 	1554 	1552
f 1584 	1554 	679
f 484 	483 	689
f 488 	484 	680
f 489 	488 	680
f 680 	681 	489
f 170 	654 	165
f 645 	165 	654
f 681 	956 	1113
f 652 	646 	682
f 1001 	681 	680
f 683 	1001 	680
f 652 	684 	323
f 652 	682 	684
f 684 	331 	323
f 685 	654 	171
f 171 	654 	170
f 686 	695 	685
f 654 	685 	695
f 688 	481 	482
f 682 	654 	695
f 482 	479 	688
f 483 	481 	689
f 161 	690 	145
f 690 	646 	691
f 704 	706 	692
f 704 	692 	687
f 687 	692 	693
f 644 	312 	304
f 691 	312 	644
f 161 	164 	690
f 645 	690 	162
f 687 	693 	688
f 688 	694 	689
f 646 	690 	645
f 688 	693 	694
f 691 	646 	652
f 689 	683 	680
f 691 	652 	312
f 689 	694 	683
f 682 	695 	696
f 682 	696 	684
f 331 	684 	698
f 693 	697 	694
f 696 	698 	684
f 700 	698 	701
f 701 	698 	696
f 700 	702 	698
f 698 	702 	699
f 700 	701 	702
f 686 	715 	695
f 695 	715 	718
f 695 	718 	696
f 704 	477 	703
f 704 	478 	477
f 687 	479 	704
f 478 	704 	479
f 2272 	705 	703
f 703 	706 	704
f 703 	705 	706
f 705 	1209 	706
f 706 	1209 	692
f 707 	967 	93
f 94 	93 	709
f 967 	709 	93
f 709 	710 	94
f 94 	710 	708
f 710 	1584 	708
f 967 	973 	709
f 1592 	710 	709
f 711 	1592 	709
f 701 	696 	713
f 628 	699 	702
f 720 	543 	548
f 702 	701 	713
f 628 	702 	713
f 699 	628 	629
f 543 	714 	547
f 699 	629 	292
f 543 	720 	714
f 530 	716 	524
f 716 	530 	723
f 718 	715 	717
f 716 	548 	524
f 718 	713 	696
f 717 	719 	718
f 634 	713 	636
f 636 	713 	718
f 548 	716 	720
f 718 	719 	636
f 634 	637 	713
f 366 	367 	742
f 368 	742 	367
f 721 	714 	720
f 742 	369 	366
f 530 	535 	722
f 722 	723 	530
f 641 	743 	640
f 638 	743 	641
f 723 	724 	716
f 736 	723 	722
f 372 	742 	368
f 724 	720 	716
f 372 	612 	742
f 725 	726 	730
f 730 	729 	725
f 613 	742 	612
f 724 	727 	720
f 614 	742 	613
f 615 	616 	742
f 616 	627 	742
f 726 	725 	727
f 615 	742 	618
f 618 	742 	619
f 721 	720 	725
f 727 	725 	720
f 620 	742 	614
f 619 	742 	620
f 728 	730 	726
f 625 	742 	624
f 623 	742 	625
f 624 	742 	626
f 727 	728 	726
f 627 	626 	742
f 623 	643 	742
f 734 	735 	535
f 723 	732 	724
f 637 	743 	638
f 636 	743 	634
f 634 	743 	637
f 642 	743 	643
f 733 	727 	724
f 2205 	727 	733
f 640 	743 	642
f 1687 	729 	1688
f 729 	714 	721
f 854 	855 	731
f 730 	731 	856
f 728 	866 	731
f 731 	730 	728
f 721 	725 	729
f 732 	723 	736
f 732 	733 	724
f 537 	737 	734
f 722 	535 	735
f 736 	722 	735
f 171 	743 	685
f 737 	738 	735
f 737 	735 	734
f 735 	739 	736
f 742 	643 	743
f 738 	739 	735
f 686 	685 	743
f 732 	736 	740
f 739 	740 	736
f 715 	743 	717
f 740 	741 	732
f 732 	741 	733
f 719 	743 	636
f 717 	743 	719
f 686 	743 	715
f 934 	935 	740
f 740 	935 	741
f 746 	747 	745
f 747 	748 	745
f 744 	745 	748
f 744 	748 	749
f 744 	749 	750
f 744 	750 	751
f 744 	751 	752
f 744 	752 	753
f 744 	753 	754
f 744 	754 	755
f 744 	755 	756
f 83 	84 	744
f 1688 	729 	758
f 758 	730 	856
f 756 	760 	744
f 760 	761 	744
f 762 	744 	761
f 762 	763 	744
f 764 	1688 	857
f 759 	1688 	764
f 758 	857 	1688
f 767 	2019 	766
f 766 	898 	897
f 901 	768 	766
f 898 	766 	768
f 2518 	2516 	982
f 982 	984 	2518
f 2648 	770 	769
f 1078 	2626 	1079
f 2629 	770 	1079
f 672 	3173 	670
f 1240 	773 	771
f 774 	772 	771
f 771 	773 	774
f 774 	464 	772
f 486 	464 	774
f 1079 	770 	1080
f 2648 	1074 	770
f 770 	776 	1080
f 773 	775 	777
f 1246 	778 	775
f 775 	778 	779
f 775 	779 	777
f 773 	777 	774
f 777 	486 	774
f 778 	780 	781
f 778 	781 	779
f 486 	777 	493
f 779 	493 	777
f 1249 	780 	778
f 780 	782 	781
f 781 	553 	493
f 781 	493 	779
f 553 	781 	782
f 1251 	783 	784
f 784 	780 	1251
f 784 	782 	780
f 783 	1283 	788
f 783 	789 	784
f 783 	788 	789
f 784 	790 	782
f 784 	789 	790
f 793 	678 	790
f 793 	792 	791
f 307 	239 	237
f 470 	469 	644
f 145 	644 	469
f 644 	304 	470
f 470 	304 	492
f 237 	492 	305
f 304 	305 	492
f 305 	307 	237
f 307 	310 	239
f 254 	239 	310
f 310 	259 	254
f 794 	795 	796
f 842 	845 	796
f 842 	796 	795
f 1048 	794 	796
f 800 	802 	801
f 801 	803 	797
f 801 	802 	803
f 804 	797 	803
f 804 	798 	797
f 794 	798 	804
f 1149 	798 	794
f 802 	805 	806
f 802 	806 	803
f 804 	803 	808
f 819 	821 	807
f 822 	818 	809
f 806 	808 	803
f 804 	808 	795
f 808 	842 	795
f 804 	795 	794
f 581 	846 	568
f 568 	572 	581
f 572 	807 	581
f 574 	809 	807
f 807 	572 	574
f 823 	816 	809
f 808 	839 	842
f 811 	820 	831
f 809 	119 	810
f 799 	812 	800
f 799 	811 	812
f 800 	812 	802
f 809 	574 	119
f 802 	812 	805
f 831 	813 	811
f 561 	814 	562
f 811 	813 	815
f 811 	815 	812
f 561 	579 	814
f 805 	812 	815
f 580 	838 	840
f 835 	580 	840
f 841 	838 	568
f 580 	568 	838
f 805 	815 	998
f 819 	807 	818
f 821 	844 	807
f 807 	809 	818
f 825 	823 	824
f 816 	823 	825
f 827 	824 	826
f 823 	826 	824
f 827 	826 	828
f 822 	809 	816
f 811 	799 	820
f 810 	823 	809
f 810 	826 	823
f 1131 	562 	828
f 817 	831 	820
f 818 	822 	562
f 814 	821 	562
f 819 	818 	562
f 817 	830 	831
f 825 	562 	816
f 829 	833 	830
f 819 	562 	821
f 829 	832 	833
f 816 	562 	822
f 830 	833 	834
f 824 	562 	825
f 824 	827 	562
f 828 	562 	827
f 830 	834 	831
f 831 	834 	813
f 510 	860 	579
f 836 	580 	835
f 832 	1006 	833
f 833 	1007 	834
f 833 	1006 	1007
f 846 	841 	568
f 836 	835 	579
f 814 	579 	835
f 1020 	1018 	860
f 1003 	1005 	837
f 1005 	1006 	832
f 843 	581 	844
f 843 	846 	581
f 581 	807 	844
f 845 	2315 	796
f 838 	841 	814
f 840 	838 	814
f 842 	850 	845
f 835 	840 	814
f 841 	846 	814
f 814 	843 	844
f 843 	814 	846
f 814 	844 	821
f 839 	847 	848
f 848 	842 	839
f 41 	45 	851
f 41 	851 	410
f 849 	580 	863
f 2179 	759 	764
f 415 	849 	861
f 853 	851 	45
f 861 	852 	415
f 856 	731 	855
f 95 	849 	418
f 858 	758 	867
f 857 	758 	858
f 856 	867 	758
f 853 	49 	859
f 852 	420 	415
f 416 	420 	852
f 53 	29 	859
f 31 	32 	976
f 2645 	1073 	1075
f 867 	856 	869
f 855 	869 	856
f 1089 	1091 	2662
f 854 	866 	855
f 861 	849 	1015
f 864 	1015 	849
f 863 	864 	849
f 858 	2189 	2179
f 764 	857 	2179
f 836 	863 	580
f 858 	2179 	857
f 2672 	3032 	1656
f 852 	861 	1020
f 854 	731 	866
f 601 	868 	602
f 869 	855 	866
f 869 	866 	870
f 727 	870 	866
f 602 	868 	871
f 727 	866 	728
f 602 	871 	603
f 1037 	416 	1035
f 871 	872 	603
f 869 	870 	867
f 858 	867 	870
f 604 	872 	873
f 2205 	733 	2206
f 741 	2206 	733
f 742 	1516 	880
f 876 	877 	633
f 742 	880 	883
f 742 	883 	875
f 875 	521 	511
f 865 	661 	882
f 865 	601 	661
f 875 	883 	521
f 1516 	885 	880
f 880 	885 	886
f 880 	886 	883
f 883 	526 	521
f 883 	886 	526
f 5 	337 	888
f 876 	745 	877
f 745 	878 	877
f 885 	893 	886
f 878 	757 	887
f 885 	892 	893
f 894 	980 	765
f 886 	533 	526
f 980 	894 	884
f 886 	893 	533
f 894 	765 	895
f 765 	897 	895
f 881 	884 	897
f 895 	897 	884
f 894 	895 	884
f 897 	898 	881
f 1269 	896 	899
f 898 	768 	881
f 899 	900 	1274
f 881 	768 	879
f 901 	879 	768
f 902 	879 	901
f 1318 	899 	896
f 753 	882 	879
f 882 	753 	865
f 750 	871 	868
f 750 	872 	871
f 872 	748 	873
f 874 	873 	747
f 748 	747 	873
f 747 	876 	874
f 892 	904 	893
f 757 	180 	887
f 892 	903 	904
f 904 	537 	893
f 913 	537 	904
f 893 	537 	533
f 905 	1076 	879
f 903 	911 	904
f 907 	879 	906
f 906 	879 	902
f 903 	910 	911
f 905 	879 	907
f 904 	911 	913
f 753 	879 	754
f 752 	865 	753
f 751 	868 	752
f 868 	751 	750
f 1320 	1335 	1263
f 876 	747 	746
f 1336 	909 	908
f 913 	737 	537
f 909 	915 	1278
f 908 	909 	1278
f 918 	916 	917
f 990 	914 	912
f 916 	918 	909
f 915 	909 	918
f 916 	919 	917
f 916 	1339 	919
f 921 	919 	1339
f 918 	910 	915
f 1278 	915 	910
f 918 	917 	910
f 917 	919 	910
f 921 	910 	919
f 921 	1339 	926
f 922 	914 	923
f 924 	911 	910
f 922 	912 	914
f 1339 	927 	926
f 940 	938 	912
f 925 	912 	938
f 910 	921 	924
f 925 	987 	912
f 940 	912 	922
f 921 	926 	924
f 927 	924 	926
f 925 	1050 	987
f 924 	928 	911
f 942 	928 	939
f 911 	928 	913
f 343 	351 	888
f 913 	928 	929
f 929 	931 	737
f 939 	924 	927
f 924 	939 	928
f 942 	929 	928
f 913 	929 	737
f 930 	968 	965
f 969 	920 	964
f 738 	737 	931
f 969 	968 	920
f 930 	920 	968
f 931 	932 	738
f 738 	932 	739
f 739 	934 	740
f 930 	923 	920
f 932 	934 	739
f 933 	936 	930
f 922 	930 	936
f 922 	936 	937
f 922 	923 	930
f 942 	939 	1339
f 940 	922 	937
f 941 	925 	938
f 927 	1339 	939
f 945 	925 	941
f 929 	942 	943
f 943 	1339 	944
f 929 	943 	931
f 944 	931 	943
f 945 	946 	925
f 944 	1339 	947
f 410 	851 	948
f 948 	862 	410
f 948 	949 	862
f 936 	933 	888
f 945 	941 	888
f 889 	888 	933
f 948 	952 	949
f 940 	937 	888
f 938 	940 	888
f 937 	936 	888
f 851 	853 	951
f 948 	851 	951
f 938 	888 	941
f 952 	948 	951
f 949 	953 	950
f 711 	1594 	1592
f 952 	953 	949
f 712 	1594 	711
f 853 	859 	954
f 954 	951 	853
f 946 	945 	888
f 954 	955 	951
f 1116 	1113 	956
f 1116 	956 	707
f 951 	955 	952
f 952 	957 	953
f 955 	957 	952
f 956 	681 	959
f 959 	962 	956
f 963 	964 	961
f 959 	971 	962
f 1022 	971 	959
f 955 	974 	957
f 964 	2082 	961
f 956 	962 	707
f 930 	965 	966
f 957 	974 	958
f 975 	958 	974
f 962 	967 	707
f 969 	964 	963
f 954 	859 	970
f 970 	859 	31
f 933 	930 	966
f 970 	972 	954
f 976 	970 	31
f 976 	972 	970
f 971 	973 	962
f 954 	972 	955
f 972 	974 	955
f 963 	961 	889
f 962 	973 	967
f 711 	709 	973
f 960 	890 	961
f 972 	978 	974
f 975 	974 	979
f 978 	979 	974
f 968 	969 	889
f 890 	889 	961
f 972 	976 	977
f 977 	978 	972
f 968 	889 	965
f 30 	1742 	32
f 965 	889 	966
f 889 	933 	966
f 963 	889 	969
f 977 	2916 	978
f 979 	978 	2922
f 960 	2056 	980
f 890 	960 	891
f 980 	891 	960
f 981 	985 	35
f 884 	891 	980
f 35 	985 	986
f 986 	1179 	35
f 1179 	1181 	35
f 1181 	1182 	35
f 1182 	1183 	35
f 1183 	1184 	35
f 990 	982 	2516
f 41 	410 	263
f 983 	263 	410
f 991 	984 	982
f 410 	862 	983
f 793 	785 	792
f 793 	786 	785
f 793 	787 	786
f 793 	788 	787
f 988 	985 	981
f 793 	789 	788
f 981 	983 	988
f 793 	790 	789
f 678 	674 	790
f 985 	989 	986
f 912 	987 	990
f 988 	989 	985
f 2830 	793 	791
f 850 	842 	848
f 873 	631 	604
f 2832 	564 	567
f 873 	874 	631
f 2516 	914 	990
f 874 	876 	632
f 847 	1693 	848
f 632 	876 	633
f 3165 	3157 	670
f 987 	982 	990
f 877 	635 	633
f 991 	982 	987
f 639 	635 	878
f 635 	877 	878
f 993 	1699 	994
f 996 	813 	834
f 997 	815 	813
f 997 	813 	996
f 998 	815 	997
f 999 	806 	805
f 805 	998 	999
f 806 	999 	839
f 839 	808 	806
f 996 	993 	994
f 996 	994 	997
f 997 	995 	998
f 997 	994 	995
f 998 	995 	1000
f 998 	1000 	999
f 847 	839 	999
f 999 	1000 	847
f 1000 	1692 	847
f 882 	661 	659
f 879 	882 	659
f 1693 	847 	1692
f 881 	662 	884
f 994 	1700 	995
f 995 	1700 	1701
f 153 	1002 	157
f 1000 	1701 	1692
f 1004 	1002 	617
f 617 	639 	1004
f 157 	1002 	1004
f 832 	837 	1005
f 878 	887 	639
f 1004 	639 	887
f 887 	180 	1004
f 996 	834 	1007
f 996 	1007 	993
f 3021 	1008 	1009
f 1003 	1012 	1013
f 1005 	1003 	1013
f 1006 	1337 	1007
f 1008 	1019 	1023
f 1008 	1023 	1009
f 1014 	1006 	1005
f 863 	836 	579
f 864 	863 	579
f 1026 	1011 	1010
f 1001 	959 	681
f 653 	1011 	662
f 1015 	1016 	861
f 1018 	861 	1016
f 1017 	683 	694
f 683 	1021 	1001
f 852 	1020 	1031
f 1020 	861 	1018
f 1017 	1021 	683
f 959 	1001 	1022
f 1001 	1021 	1022
f 416 	1036 	1035
f 416 	852 	1036
f 1024 	1010 	1009
f 1024 	1009 	1023
f 1016 	579 	1018
f 860 	1018 	579
f 1026 	1010 	1024
f 1017 	1025 	1021
f 1021 	1025 	1027
f 579 	1015 	864
f 1025 	1030 	1027
f 1016 	1015 	579
f 1021 	1027 	1022
f 662 	1011 	1026
f 1028 	971 	1022
f 888 	1019 	5
f 1022 	1027 	1028
f 889 	1023 	1019
f 1028 	1039 	971
f 891 	1026 	1024
f 1028 	1041 	1039
f 708 	679 	1065
f 1029 	860 	540
f 1026 	884 	662
f 540 	542 	1029
f 852 	1031 	1032
f 1027 	1030 	1040
f 1032 	1033 	852
f 585 	1 	1034
f 1036 	852 	1033
f 586 	1034 	1008
f 1034 	1019 	1008
f 1037 	1066 	416
f 1027 	1040 	1028
f 1008 	3021 	586
f 1034 	5 	1019
f 1032 	860 	1033
f 1019 	888 	889
f 694 	697 	1017
f 1023 	889 	890
f 1023 	890 	1024
f 697 	1214 	1017
f 890 	891 	1024
f 1026 	891 	884
f 1029 	1036 	860
f 597 	149 	1038
f 1038 	149 	195
f 1039 	973 	971
f 1036 	1029 	1035
f 711 	973 	712
f 712 	973 	1039
f 1038 	195 	27
f 1033 	860 	1036
f 1029 	1037 	1035
f 597 	2912 	590
f 1028 	1040 	1041
f 195 	201 	27
f 679 	1066 	1065
f 1039 	1632 	712
f 1041 	1632 	1039
f 6 	1038 	27
f 991 	992 	984
f 1099 	1089 	992
f 1099 	992 	1047
f 984 	992 	1089
f 1050 	1045 	991
f 987 	1050 	991
f 992 	991 	1045
f 1047 	992 	1045
f 1044 	1043 	1049
f 1047 	1098 	1099
f 1048 	1049 	1043
f 1048 	1056 	1049
f 946 	1050 	925
f 1051 	1046 	1044
f 1049 	1051 	1044
f 1050 	1053 	1045
f 1051 	1052 	1046
f 1054 	1045 	1053
f 1054 	1055 	1045
f 1057 	1045 	1055
f 1057 	1058 	1047
f 796 	1056 	1048
f 1049 	1059 	1051
f 1047 	1045 	1057
f 1056 	1059 	1049
f 1058 	1130 	1047
f 1059 	1060 	1051
f 1047 	1130 	1098
f 1051 	1060 	1052
f 888 	351 	1053
f 1055 	351 	1057
f 1055 	1054 	351
f 1053 	351 	1054
f 1058 	1057 	351
f 1056 	2317 	1059
f 1148 	1130 	351
f 1058 	351 	1130
f 1060 	1059 	2320
f 860 	1032 	1031
f 1020 	860 	1031
f 1059 	2317 	2320
f 708 	1069 	1081
f 542 	545 	1061
f 1029 	542 	1061
f 1050 	946 	1063
f 1063 	1053 	1050
f 1063 	946 	888
f 679 	416 	1066
f 1053 	1063 	888
f 876 	746 	745
f 1065 	1068 	708
f 1069 	708 	1068
f 878 	745 	744
f 1069 	1068 	1061
f 2645 	2646 	1073
f 1073 	2646 	1071
f 1029 	1061 	1068
f 2246 	1061 	545
f 776 	770 	1074
f 2648 	1075 	1074
f 1064 	1062 	1042
f 1071 	756 	1073
f 1072 	1042 	1062
f 1065 	1066 	1029
f 755 	776 	1074
f 1074 	1075 	755
f 1075 	1073 	755
f 1029 	1066 	1037
f 1029 	1068 	1065
f 1076 	1077 	754
f 754 	879 	1076
f 1078 	1079 	754
f 1077 	1078 	754
f 1079 	1080 	754
f 1061 	1081 	1069
f 1080 	776 	754
f 776 	755 	754
f 1096 	826 	810
f 865 	752 	868
f 872 	750 	749
f 1085 	1096 	810
f 1085 	1087 	1084
f 878 	744 	757
f 1085 	436 	1087
f 1062 	1064 	1424
f 1108 	2667 	1091
f 1085 	810 	436
f 438 	1087 	436
f 1082 	1067 	1083
f 438 	443 	1087
f 1090 	1067 	1082
f 1086 	1083 	1070
f 826 	1096 	828
f 1067 	1070 	1083
f 1070 	1072 	1086
f 1094 	1092 	1093
f 1086 	1072 	1062
f 1094 	1095 	1096
f 1096 	1092 	1094
f 1092 	1097 	1093
f 1088 	798 	1090
f 1095 	828 	1096
f 1084 	1092 	1096
f 1096 	1085 	1084
f 1098 	1136 	1123
f 1098 	1123 	1105
f 1098 	1105 	1099
f 1099 	1091 	1089
f 1095 	1094 	1131
f 1100 	1106 	1102
f 1099 	1105 	1091
f 1131 	828 	1095
f 1100 	1104 	1106
f 1094 	1093 	1131
f 1097 	1131 	1093
f 1102 	1106 	1088
f 1105 	1107 	1108
f 1107 	1112 	1108
f 1101 	1103 	1131
f 1107 	1109 	1112
f 1105 	1108 	1091
f 93 	94 	1110
f 1104 	801 	1106
f 797 	1088 	1106
f 1110 	94 	1081
f 707 	1111 	1118
f 707 	93 	1111
f 1110 	1111 	93
f 681 	1113 	1114
f 1114 	490 	681
f 707 	1118 	1116
f 1114 	1113 	2246
f 1081 	1061 	1110
f 1111 	1110 	2246
f 1118 	1111 	2246
f 1146 	1112 	1109
f 1110 	1061 	2246
f 1113 	1116 	2246
f 2247 	490 	2246
f 1116 	1118 	2246
f 1123 	1107 	1105
f 1115 	1100 	1117
f 1119 	1117 	1102
f 1117 	1100 	1102
f 1127 	1120 	1119
f 1124 	1128 	1129
f 1119 	1102 	1127
f 1127 	1082 	1120
f 1124 	1129 	1125
f 1082 	1127 	1090
f 1088 	1090 	1127
f 1082 	1121 	1120
f 1082 	1083 	1121
f 1121 	1083 	1122
f 1098 	1130 	1136
f 1124 	552 	1128
f 560 	1128 	552
f 1083 	1086 	1122
f 1131 	1176 	1128
f 1127 	1102 	1088
f 1138 	1132 	1109
f 1176 	1129 	1128
f 1131 	1128 	560
f 1109 	1107 	1138
f 1123 	1136 	1137
f 1138 	1123 	1139
f 1137 	1139 	1123
f 1133 	1140 	1134
f 1107 	1123 	1138
f 1152 	1153 	1138
f 1134 	1141 	1135
f 1140 	1141 	1134
f 1135 	1141 	1142
f 1135 	1142 	1115
f 1115 	1142 	1100
f 1140 	1145 	1141
f 1141 	1147 	1142
f 1145 	1147 	1141
f 1142 	1147 	1104
f 1160 	1162 	1144
f 1144 	1143 	1146
f 800 	1104 	1147
f 1146 	1143 	2892
f 1142 	1104 	1100
f 1132 	1144 	1109
f 1132 	1159 	1144
f 1144 	1146 	1109
f 1130 	1148 	1136
f 1136 	1148 	1137
f 1088 	797 	798
f 1090 	798 	1149
f 763 	1139 	1148
f 1137 	1148 	1139
f 1149 	1067 	1090
f 1067 	1149 	1043
f 1657 	1656 	3027
f 1149 	1048 	1043
f 1149 	794 	1048
f 1067 	1043 	1070
f 1072 	1070 	1044
f 1043 	1044 	1070
f 1044 	1046 	1072
f 1072 	1046 	1042
f 1151 	1152 	1138
f 1139 	1151 	1138
f 1132 	1153 	1150
f 820 	1145 	2060
f 1145 	820 	799
f 1132 	1138 	1153
f 1147 	1145 	799
f 1154 	1155 	1162
f 800 	1147 	799
f 1104 	800 	801
f 1106 	801 	797
f 1064 	1042 	1156
f 1156 	1417 	1064
f 1661 	1657 	3027
f 1160 	1144 	1159
f 1144 	1162 	1155
f 1144 	1155 	1143
f 1159 	1132 	1150
f 1399 	1400 	1156
f 1157 	1156 	1400
f 1199 	1030 	1493
f 989 	1163 	986
f 1097 	1101 	1131
f 1166 	1126 	1125
f 983 	862 	988
f 1125 	1129 	1166
f 989 	988 	1167
f 1166 	1168 	1126
f 1166 	1178 	1168
f 862 	1167 	988
f 1167 	1169 	989
f 1126 	1168 	1164
f 1170 	3389 	1168
f 989 	1169 	1163
f 1169 	1165 	1163
f 1165 	1173 	1185
f 862 	949 	1167
f 1167 	950 	1169
f 949 	950 	1167
f 1169 	1172 	1165
f 1172 	1173 	1165
f 1762 	1171 	1170
f 1169 	950 	1172
f 1174 	1172 	950
f 1174 	1175 	1172
f 1172 	1175 	1173
f 1175 	1193 	1173
f 1166 	1129 	1177
f 1129 	1176 	1177
f 1196 	1197 	1174
f 1177 	1178 	1166
f 1170 	1168 	1761
f 1176 	1180 	1177
f 1177 	1764 	1178
f 1180 	1764 	1177
f 986 	1163 	1179
f 1163 	1165 	1181
f 1163 	1181 	1179
f 1185 	1182 	1181
f 1092 	1186 	1097
f 1101 	1097 	1186
f 1165 	1185 	1181
f 1185 	1187 	1182
f 1186 	1092 	1084
f 1188 	1103 	1186
f 1186 	1103 	1101
f 1186 	1194 	1188
f 1182 	1187 	1183
f 1187 	1189 	1183
f 1183 	1189 	1184
f 1187 	1185 	1190
f 1186 	1192 	1194
f 1187 	1191 	1189
f 1190 	1191 	1187
f 1190 	1185 	1173
f 1173 	1193 	1190
f 1084 	1087 	1192
f 1186 	1084 	1192
f 1190 	1195 	1191
f 1193 	1195 	1190
f 1087 	443 	1192
f 443 	444 	1192
f 1192 	444 	1194
f 1196 	1174 	953
f 950 	953 	1174
f 1040 	1030 	1199
f 1194 	1198 	1188
f 1040 	1200 	1041
f 1199 	1200 	1040
f 1131 	1202 	1201
f 1203 	1200 	1199
f 1216 	1188 	1217
f 1198 	1224 	1225
f 1201 	1176 	1131
f 1201 	1180 	1176
f 2202 	1207 	2201
f 1205 	2201 	1207
f 1217 	1188 	1219
f 1198 	1219 	1188
f 1207 	1549 	1548
f 1207 	1550 	1549
f 1207 	1204 	1550
f 1207 	2202 	1204
f 1206 	1202 	1131
f 1131 	1103 	1206
f 1209 	705 	1208
f 1210 	692 	1209
f 1219 	1198 	1213
f 1211 	693 	692
f 692 	1210 	1211
f 1212 	1213 	1198
f 1211 	697 	693
f 1198 	1225 	1212
f 1213 	1212 	1202
f 1225 	1233 	1212
f 1209 	1535 	1210
f 1220 	697 	1211
f 1214 	1025 	1017
f 1214 	1215 	1025
f 1215 	1030 	1025
f 1206 	1188 	1216
f 1206 	1103 	1188
f 1210 	1218 	1211
f 1220 	1211 	1218
f 1216 	1217 	1202
f 1206 	1216 	1202
f 1214 	697 	1220
f 1217 	1219 	1202
f 1218 	1221 	1220
f 1219 	1213 	1202
f 1221 	1218 	1234
f 1220 	1221 	1222
f 1223 	1198 	1194
f 1221 	1228 	1222
f 1194 	444 	1223
f 1220 	1222 	1214
f 1222 	1215 	1214
f 1224 	1198 	1223
f 1224 	1227 	1225
f 1228 	1221 	1226
f 1223 	444 	450
f 1229 	1223 	450
f 1224 	1223 	1229
f 1030 	1215 	1493
f 1226 	1526 	1228
f 1224 	1230 	1227
f 1229 	450 	451
f 1231 	1218 	1210
f 1231 	1232 	1234
f 1230 	1233 	1227
f 1227 	1233 	1225
f 1231 	1234 	1218
f 1202 	1212 	1233
f 1232 	1235 	1236
f 1719 	1715 	1229
f 117 	1238 	1239
f 118 	117 	1240
f 1239 	1240 	117
f 1237 	1241 	1238
f 1238 	1241 	1239
f 1242 	1239 	1241
f 1239 	1242 	1243
f 1239 	1243 	1240
f 773 	1240 	1243
f 1243 	775 	773
f 1244 	1245 	1241
f 1242 	1241 	1245
f 1242 	1246 	1243
f 1242 	1245 	1246
f 775 	1243 	1246
f 1244 	1247 	1245
f 1248 	1245 	1247
f 1245 	1248 	1249
f 1248 	1251 	1249
f 1245 	1249 	1246
f 778 	1246 	1249
f 1248 	1247 	1250
f 1276 	1250 	1247
f 1251 	1248 	1250
f 1249 	1251 	780
f 947 	932 	944
f 931 	944 	932
f 783 	1251 	1250
f 947 	1339 	1252
f 932 	947 	934
f 1252 	934 	947
f 1253 	1255 	1256
f 1252 	1339 	1257
f 934 	1252 	935
f 1257 	935 	1252
f 1253 	1256 	1254
f 1254 	1258 	1237
f 1254 	1256 	1258
f 1258 	1241 	1237
f 1258 	1244 	1241
f 1261 	1274 	900
f 1256 	1260 	1262
f 900 	1263 	1264
f 900 	1264 	1261
f 1264 	1263 	1265
f 1263 	908 	1277
f 1263 	1277 	1266
f 1263 	1266 	1265
f 1262 	1258 	1256
f 1262 	1244 	1258
f 1260 	1259 	1268
f 1269 	1271 	1270
f 1259 	1267 	1268
f 1260 	1268 	1272
f 1273 	1271 	899
f 1269 	899 	1271
f 899 	1274 	1273
f 1260 	1272 	1262
f 1262 	1247 	1244
f 1261 	1264 	903
f 1262 	1272 	1247
f 1264 	1265 	903
f 910 	903 	1266
f 1266 	903 	1265
f 903 	1270 	1271
f 1273 	1274 	903
f 1274 	1261 	903
f 1272 	1276 	1247
f 1273 	903 	1271
f 1277 	908 	1278
f 1266 	1277 	910
f 1277 	1278 	910
f 742 	743 	1516
f 1275 	1282 	1276
f 1275 	1281 	1282
f 1250 	1276 	1283
f 1282 	1283 	1276
f 783 	1250 	1283
f 1283 	1282 	787
f 1283 	787 	788
f 1279 	791 	792
f 1280 	1279 	792
f 1280 	792 	785
f 1280 	785 	1281
f 896 	1269 	1285
f 1281 	786 	1282
f 1281 	785 	786
f 786 	787 	1282
f 1292 	1284 	1294
f 1295 	1284 	1285
f 1267 	3353 	1286
f 1287 	1268 	1267
f 1269 	1270 	1290
f 1267 	1286 	1287
f 1290 	1285 	1269
f 1268 	1287 	1275
f 1287 	1281 	1275
f 1288 	1289 	1290
f 1272 	1268 	1275
f 1288 	1290 	1291
f 1270 	1291 	1290
f 1272 	1275 	1276
f 1294 	1284 	1293
f 3360 	3368 	1286
f 1286 	1279 	1280
f 1287 	1286 	1280
f 1284 	1295 	1293
f 1281 	1287 	1280
f 1290 	1289 	1285
f 1295 	1285 	1289
f 3328 	3350 	1255
f 1255 	1260 	1256
f 1255 	1259 	1260
f 1532 	1291 	903
f 1259 	1255 	3350
f 1259 	3350 	1267
f 3353 	1267 	3350
f 3360 	1286 	3353
f 1279 	1286 	3368
f 3368 	791 	1279
f 2828 	3328 	1253
f 1288 	1532 	1289
f 1291 	1532 	1288
f 1289 	1532 	1295
f 1270 	903 	1291
f 1294 	1532 	1292
f 1293 	1532 	1294
f 1293 	1295 	1532
f 1300 	1297 	1299
f 2206 	741 	935
f 1296 	1299 	1297
f 1303 	1301 	1302
f 1302 	1304 	1303
f 1305 	1308 	1307
f 1306 	1308 	1305
f 1309 	1310 	1312
f 1312 	1311 	1309
f 1315 	1314 	1313
f 1314 	1315 	1316
f 1317 	896 	1285
f 896 	1317 	1318
f 899 	1319 	900
f 1318 	1319 	899
f 1320 	1263 	900
f 1319 	1320 	900
f 908 	1263 	1335
f 1318 	1329 	1319
f 1319 	1321 	1320
f 1322 	1335 	1321
f 1322 	1321 	1324
f 1323 	1324 	1321
f 1324 	1323 	1326
f 1325 	1326 	1323
f 1326 	1346 	1324
f 1328 	1317 	1327
f 1327 	1331 	1328
f 1317 	1328 	1318
f 1329 	1318 	1328
f 1319 	1329 	1321
f 1331 	1327 	1330
f 1330 	1333 	1331
f 1328 	1332 	1329
f 1328 	1331 	1332
f 1329 	1323 	1321
f 1329 	1332 	1323
f 1309 	1333 	1330
f 1334 	1331 	1333
f 1334 	1332 	1331
f 1332 	1334 	1325
f 1332 	1325 	1323
f 1940 	1333 	1309
f 1940 	1334 	1333
f 1335 	1336 	908
f 1335 	1340 	1336
f 1014 	1005 	1013
f 1337 	1006 	1014
f 1336 	1338 	909
f 1336 	1341 	1338
f 1007 	1337 	993
f 916 	909 	1338
f 916 	1338 	1339
f 1320 	1321 	1335
f 1336 	1340 	1341
f 1338 	1342 	1339
f 1340 	1335 	1322
f 1343 	1344 	1340
f 1340 	1344 	1341
f 1341 	1342 	1338
f 1324 	1343 	1322
f 1340 	1322 	1343
f 1346 	1343 	1324
f 1343 	1347 	1344
f 1346 	1347 	1343
f 1341 	1345 	1342
f 1344 	1345 	1341
f 1357 	1342 	1345
f 1347 	1313 	1344
f 1344 	1313 	1345
f 1313 	1314 	1345
f 2224 	1346 	1326
f 2224 	2225 	1346
f 1339 	1355 	1257
f 943 	942 	1339
f 1349 	1351 	1317
f 1330 	1327 	1353
f 1353 	1310 	1309
f 1309 	1330 	1353
f 1284 	1349 	1285
f 1349 	1284 	1348
f 1349 	1317 	1285
f 1327 	1317 	1351
f 1348 	1351 	1349
f 1348 	1350 	1351
f 1350 	1353 	1351
f 1350 	1352 	1353
f 1327 	1351 	1353
f 1352 	1354 	1310
f 1352 	1310 	1353
f 1354 	1828 	2331
f 2331 	1310 	1354
f 1298 	1257 	1355
f 1356 	1450 	1355
f 1342 	1356 	1339
f 1355 	1339 	1356
f 1356 	1342 	1357
f 1357 	1456 	1356
f 1197 	1175 	1174
f 1175 	1197 	1358
f 1197 	1361 	1358
f 1358 	1193 	1175
f 1193 	1359 	1195
f 1358 	1359 	1193
f 1196 	953 	958
f 957 	958 	953
f 1196 	958 	1360
f 1196 	1360 	1197
f 1013 	2002 	1014
f 2004 	1337 	1014
f 958 	975 	1363
f 1366 	1363 	979
f 35 	1184 	36
f 1189 	1557 	1555
f 1189 	1555 	1184
f 1557 	1189 	1558
f 1191 	1558 	1189
f 1558 	1191 	1195
f 1360 	1361 	1197
f 1358 	1362 	1359
f 1361 	1362 	1358
f 1363 	1360 	958
f 1360 	1364 	1361
f 1363 	1364 	1360
f 1364 	1365 	1361
f 1361 	1365 	1362
f 975 	979 	1363
f 1366 	1367 	1364
f 1366 	1364 	1363
f 1365 	1364 	1368
f 1367 	1368 	1364
f 2986 	1366 	979
f 1367 	2992 	1368
f 1569 	36 	1568
f 573 	1892 	1893
f 1369 	34 	36
f 576 	1862 	577
f 36 	1184 	1555
f 1863 	1865 	577
f 1372 	1374 	1371
f 373 	1370 	1373
f 1456 	1450 	1356
f 1357 	1345 	1314
f 1396 	1355 	1382
f 1382 	1397 	1396
f 1384 	1385 	1383
f 1383 	1398 	1382
f 1386 	1387 	1388
f 1374 	1432 	1433
f 1379 	1374 	1433
f 1383 	1387 	1386
f 1383 	1386 	1384
f 1434 	1380 	1379
f 1389 	1437 	1387
f 1381 	1380 	1435
f 1434 	1435 	1380
f 1382 	1451 	1383
f 1393 	1486 	1371
f 1391 	1390 	1394
f 1393 	1394 	1390
f 1394 	1395 	1391
f 1391 	1395 	1392
f 1371 	1374 	1393
f 1379 	1394 	1374
f 1374 	1394 	1393
f 1379 	1380 	1394
f 1380 	1395 	1394
f 1380 	1381 	1395
f 1401 	1402 	1158
f 1298 	1355 	1396
f 1158 	1402 	1161
f 1229 	451 	1727
f 1728 	1727 	451
f 1398 	1383 	1385
f 1397 	1382 	1398
f 1399 	1156 	1042
f 1399 	1042 	1046
f 1157 	1401 	1158
f 1400 	1401 	1157
f 1402 	1403 	1161
f 1046 	1052 	1399
f 1052 	1405 	1399
f 1399 	1405 	1400
f 1406 	1401 	1400
f 1411 	1403 	1402
f 1403 	1412 	1404
f 1412 	1413 	1404
f 1405 	1406 	1400
f 1401 	1407 	1402
f 1406 	1407 	1401
f 1060 	1408 	1052
f 1052 	1408 	1405
f 1405 	1409 	1406
f 1408 	1409 	1405
f 1410 	1407 	1406
f 1409 	1410 	1406
f 1411 	1402 	1407
f 1412 	1403 	1411
f 1412 	1416 	1413
f 1415 	1416 	1412
f 1410 	1414 	1407
f 1407 	1414 	1411
f 1414 	1415 	1411
f 1411 	1415 	1412
f 1414 	1410 	2444
f 2444 	2445 	1414
f 1414 	2445 	1415
f 1417 	1157 	1418
f 1419 	1161 	1420
f 1417 	1156 	1157
f 1157 	1158 	1418
f 1158 	1419 	1418
f 1158 	1161 	1419
f 1161 	1422 	1420
f 1420 	1422 	1421
f 1122 	1086 	1423
f 1423 	1062 	1424
f 1086 	1062 	1423
f 1424 	1064 	1425
f 1426 	1425 	1417
f 1064 	1417 	1425
f 1372 	1431 	1432
f 1417 	1418 	1426
f 1426 	1418 	1427
f 1372 	1432 	1374
f 1427 	1419 	1428
f 1418 	1419 	1427
f 1419 	1420 	1428
f 1428 	1420 	1429
f 1429 	1421 	1430
f 1420 	1421 	1429
f 1433 	1434 	1379
f 1388 	1387 	1437
f 1389 	1438 	1439
f 1439 	1437 	1389
f 1439 	1438 	1440
f 1438 	1441 	1442
f 1438 	1442 	1440
f 1442 	1441 	1443
f 3189 	1444 	1445
f 1444 	3189 	1446
f 1447 	1448 	1449
f 1449 	1443 	1441
f 1449 	1441 	1447
f 1441 	1475 	1447
f 1450 	1382 	1355
f 1444 	1482 	1445
f 1446 	1482 	1444
f 1445 	1482 	1496
f 1450 	1451 	1382
f 1451 	1452 	1383
f 1457 	1451 	1450
f 1451 	1458 	1452
f 1457 	1458 	1451
f 1383 	1452 	1387
f 1389 	1387 	1453
f 1452 	1453 	1387
f 1446 	3189 	1454
f 1482 	1446 	1455
f 1446 	1454 	1455
f 1456 	1457 	1450
f 1453 	1452 	1459
f 1458 	1459 	1452
f 1461 	1457 	1456
f 1371 	1483 	1455
f 1357 	1460 	1456
f 1464 	3028 	1466
f 1357 	1314 	1460
f 1460 	1461 	1456
f 1461 	1462 	1457
f 1457 	1462 	1458
f 1466 	3028 	1465
f 1474 	1465 	3028
f 1462 	1467 	1458
f 1459 	1458 	1467
f 3189 	3187 	1469
f 1454 	3189 	1469
f 1467 	1484 	1459
f 2546 	1460 	1314
f 1466 	1465 	1470
f 2546 	1461 	1460
f 1471 	1438 	1389
f 1389 	1453 	1471
f 1472 	1438 	1471
f 1438 	1472 	1441
f 1470 	1455 	1466
f 1464 	1466 	1455
f 1463 	1464 	1455
f 1459 	1476 	1453
f 1463 	1455 	1468
f 1469 	1468 	1455
f 1454 	1469 	1455
f 1455 	1372 	1371
f 1471 	1453 	1476
f 1455 	1470 	1372
f 3028 	2400 	1474
f 1441 	1472 	1475
f 1474 	1473 	1470
f 1474 	1470 	1465
f 1470 	1431 	1372
f 1477 	1471 	1476
f 1472 	1471 	1477
f 1472 	1481 	1475
f 1477 	1481 	1472
f 1478 	1482 	1483
f 1476 	1459 	1484
f 1478 	1483 	1479
f 1485 	1477 	1476
f 1486 	1480 	1479
f 1476 	1484 	1485
f 1486 	1479 	1483
f 1485 	1296 	1477
f 1486 	1390 	1480
f 2710 	1485 	1484
f 2710 	1296 	1485
f 1486 	1393 	1390
f 1477 	1296 	1481
f 1390 	1491 	1480
f 1391 	1760 	1390
f 1484 	2709 	2710
f 1489 	1490 	1488
f 1487 	1488 	1490
f 1482 	1455 	1483
f 1371 	1486 	1483
f 1232 	1236 	1234
f 1234 	1236 	1226
f 1234 	1226 	1221
f 1480 	1787 	1479
f 1491 	1788 	1480
f 1787 	1480 	1788
f 1491 	1390 	1760
f 1492 	1215 	1222
f 1222 	1228 	1492
f 1493 	1215 	1492
f 1492 	1528 	1493
f 1235 	1494 	1495
f 1495 	1236 	1235
f 3164 	3163 	1497
f 1385 	2354 	1398
f 1298 	1396 	935
f 1257 	1298 	935
f 1498 	1496 	1482
f 1397 	935 	1396
f 1498 	1482 	1497
f 1500 	1482 	1501
f 1497 	1482 	1500
f 1398 	2354 	1397
f 935 	1397 	2354
f 1503 	2399 	1504
f 1504 	1502 	1505
f 171 	170 	1507
f 1470 	1503 	1505
f 1504 	1505 	1503
f 1473 	1503 	1470
f 1470 	1505 	1431
f 1506 	1512 	1507
f 1506 	1511 	1512
f 1502 	3497 	1505
f 1516 	743 	1507
f 1505 	3167 	1431
f 185 	3291 	1508
f 1508 	1509 	185
f 1509 	2049 	1510
f 1884 	1482 	1876
f 1478 	1876 	1482
f 3250 	1515 	1513
f 1507 	1512 	1516
f 1884 	1514 	1513
f 1513 	1515 	1884
f 1884 	1515 	1482
f 1501 	1482 	1515
f 1511 	1517 	1518
f 1511 	1518 	1512
f 1512 	1520 	1516
f 1520 	885 	1516
f 1863 	577 	1862
f 1517 	1521 	1522
f 1517 	1522 	1518
f 1520 	1512 	1518
f 1518 	1522 	1523
f 1518 	1523 	1520
f 1523 	892 	885
f 1523 	885 	1520
f 1499 	1226 	1236
f 903 	892 	1523
f 1532 	903 	1523
f 1499 	1236 	1495
f 1499 	1526 	1226
f 1492 	1228 	1527
f 1228 	1526 	1527
f 1527 	1528 	1492
f 1521 	1529 	1522
f 1493 	1530 	1199
f 1528 	1530 	1493
f 1529 	1521 	1525
f 1203 	1199 	1530
f 1204 	1495 	1494
f 1204 	1499 	1495
f 1526 	1499 	1204
f 1531 	1348 	1284
f 1522 	1529 	1532
f 1527 	1526 	1204
f 1204 	1528 	1527
f 1529 	1551 	1532
f 1530 	1528 	1204
f 1532 	1523 	1522
f 1204 	1203 	1530
f 1231 	1210 	1535
f 1535 	1538 	1232
f 1535 	1232 	1231
f 1235 	1232 	1541
f 1538 	1541 	1232
f 1494 	1235 	1550
f 1550 	1235 	1541
f 1550 	1204 	1494
f 1208 	1533 	1535
f 1535 	1209 	1208
f 1292 	1809 	1531
f 1809 	1807 	1531
f 1531 	1284 	1292
f 1533 	1538 	1535
f 1533 	1537 	1538
f 1537 	1541 	1538
f 1537 	1540 	1541
f 1205 	1207 	1543
f 1840 	1839 	1534
f 1539 	1548 	1549
f 1837 	1534 	1545
f 1539 	1549 	1540
f 1540 	1550 	1541
f 1540 	1549 	1550
f 1543 	1207 	1544
f 1207 	1546 	1544
f 1547 	1546 	1207
f 1551 	1529 	1542
f 1207 	1548 	1547
f 1553 	1559 	421
f 427 	425 	1562
f 1562 	1575 	427
f 36 	1555 	1564
f 36 	1564 	1565
f 1565 	1567 	36
f 1554 	1556 	1552
f 1554 	1587 	1556
f 1552 	1556 	1553
f 1560 	1558 	1195
f 1559 	1561 	423
f 1195 	1359 	1560
f 1563 	1559 	1553
f 1556 	1563 	1553
f 1563 	1566 	1559
f 36 	1567 	1568
f 1559 	1566 	1561
f 1569 	1570 	36
f 1566 	1571 	1561
f 1570 	1369 	36
f 1572 	1564 	1555
f 1555 	1557 	1572
f 1561 	1571 	1562
f 1564 	1573 	1565
f 1572 	1573 	1564
f 1603 	1563 	1556
f 1573 	1579 	1565
f 1565 	1579 	1567
f 1566 	1605 	1574
f 1568 	1567 	1581
f 1579 	1581 	1567
f 1566 	1574 	1571
f 1605 	1612 	1574
f 442 	1575 	1576
f 1575 	1577 	1576
f 1575 	1578 	1577
f 1570 	1370 	1369
f 1577 	2560 	1576
f 1573 	1590 	1591
f 1562 	1571 	1578
f 1562 	1578 	1575
f 1580 	1578 	1574
f 1571 	1574 	1578
f 1568 	1582 	1569
f 1568 	1581 	1582
f 1582 	1583 	1569
f 1582 	1604 	1583
f 1569 	1583 	1570
f 1583 	1370 	1570
f 1591 	1579 	1573
f 1584 	710 	1585
f 1585 	1586 	1584
f 1554 	1584 	1586
f 1586 	1587 	1554
f 1583 	1373 	1370
f 1585 	1597 	1586
f 1558 	1588 	1557
f 1557 	1588 	1572
f 1586 	1589 	1587
f 1572 	1590 	1573
f 1588 	1590 	1572
f 1595 	1590 	1588
f 1590 	1595 	1606
f 1581 	1579 	1591
f 1592 	1585 	710
f 1560 	1593 	1558
f 1558 	1593 	1588
f 1588 	1593 	1595
f 1594 	1596 	1592
f 1594 	1598 	1596
f 1590 	1606 	1591
f 1592 	1596 	1585
f 1597 	1585 	1596
f 1597 	1589 	1586
f 1595 	1593 	1599
f 1633 	1594 	712
f 1560 	1634 	1635
f 1560 	1635 	1593
f 1598 	1600 	1596
f 1596 	1600 	1597
f 1634 	1560 	1359
f 1591 	1601 	1581
f 1602 	1582 	1581
f 1598 	1642 	1600
f 1601 	1602 	1581
f 1582 	1602 	1604
f 1603 	1556 	1587
f 1603 	1605 	1563
f 1583 	1604 	1373
f 1563 	1605 	1566
f 1606 	1607 	1591
f 1601 	1591 	1607
f 1601 	1607 	1609
f 1608 	1603 	1587
f 1589 	1608 	1587
f 1608 	1610 	1603
f 1601 	1609 	1602
f 1602 	1611 	1604
f 1602 	1609 	1611
f 1603 	1610 	1605
f 1604 	1375 	1373
f 1604 	1611 	1375
f 1610 	1612 	1605
f 1589 	1617 	1608
f 1376 	1375 	1611
f 1613 	1606 	1595
f 1610 	1621 	1612
f 1595 	1599 	1613
f 1607 	1606 	1614
f 1613 	1614 	1606
f 1607 	1614 	1616
f 1615 	1589 	1597
f 1614 	1613 	1622
f 1620 	1622 	1613
f 1614 	1622 	1623
f 1600 	1615 	1597
f 1614 	1623 	1616
f 1615 	1617 	1589
f 1615 	1625 	1617
f 1607 	1616 	1609
f 1609 	1616 	1618
f 1616 	1624 	1618
f 1617 	1619 	1608
f 1609 	1618 	1611
f 1617 	1626 	1619
f 1376 	1611 	1618
f 1620 	1613 	1599
f 1608 	1619 	1610
f 1599 	1640 	1620
f 1619 	1621 	1610
f 1624 	1616 	1623
f 1643 	1615 	1600
f 1618 	1377 	1376
f 1618 	1624 	1377
f 1620 	1628 	1622
f 1625 	1626 	1617
f 1626 	1627 	1619
f 1619 	1627 	1621
f 1627 	2133 	1621
f 1378 	1377 	1624
f 1629 	1622 	1628
f 2110 	1626 	1625
f 1622 	1629 	1630
f 1622 	1630 	1623
f 1631 	1624 	1623
f 1631 	1623 	1630
f 1378 	1624 	1631
f 1720 	1631 	1630
f 712 	1632 	1633
f 1631 	1720 	1378
f 1726 	1716 	1628
f 1726 	1628 	1713
f 1629 	1628 	1717
f 1716 	1717 	1628
f 1633 	1598 	1594
f 1629 	1717 	1630
f 1718 	1630 	1717
f 1718 	1720 	1630
f 1632 	1041 	1636
f 1200 	1636 	1041
f 1633 	1632 	1639
f 1359 	1637 	1634
f 1633 	1639 	1641
f 1635 	1599 	1593
f 1638 	1634 	1637
f 1639 	1632 	1636
f 1637 	1711 	1638
f 1637 	1712 	1711
f 1634 	1638 	1635
f 1636 	1645 	1639
f 1638 	1640 	1635
f 1633 	1641 	1598
f 1642 	1598 	1641
f 1642 	1643 	1600
f 1643 	1625 	1615
f 1636 	1200 	1644
f 1644 	1645 	1636
f 1641 	1639 	1646
f 1645 	1646 	1639
f 1641 	1647 	1642
f 1646 	1647 	1641
f 1642 	1647 	2108
f 1642 	2108 	1643
f 1430 	1421 	1648
f 1430 	1648 	1436
f 1648 	1649 	1436
f 1651 	1652 	1648
f 1648 	1652 	1649
f 1649 	1653 	1650
f 1653 	1654 	1650
f 1421 	1651 	1648
f 1422 	1651 	1421
f 1651 	1995 	1652
f 1652 	1653 	1649
f 1653 	1997 	1654
f 2007 	1988 	1654
f 763 	1152 	1151
f 763 	1151 	1139
f 1152 	763 	1153
f 1153 	763 	1150
f 1162 	763 	1154
f 1159 	763 	1160
f 1160 	763 	1162
f 1150 	763 	1159
f 1656 	3032 	3027
f 1660 	1657 	1661
f 1154 	1658 	1155
f 1655 	1134 	1135
f 1658 	1659 	1155
f 1135 	1115 	1655
f 1115 	1117 	1655
f 1117 	1119 	1655
f 1660 	1661 	1659
f 1155 	1659 	1661
f 1119 	1120 	1655
f 1661 	1143 	1155
f 1120 	1121 	1655
f 1661 	3027 	1143
f 1121 	1122 	1655
f 1122 	1423 	1655
f 1423 	1424 	1655
f 1660 	1659 	762
f 1424 	1425 	1655
f 1425 	1426 	1655
f 1426 	1427 	1655
f 1427 	1428 	1655
f 1927 	1928 	1655
f 1154 	762 	1658
f 1928 	1929 	1655
f 1929 	1930 	1655
f 1658 	762 	1659
f 1930 	1923 	1655
f 1655 	1923 	1924
f 1655 	1924 	1971
f 1655 	1971 	1972
f 1972 	1973 	1655
f 1660 	762 	1657
f 1656 	1657 	762
f 1071 	2646 	1662
f 760 	1662 	1656
f 756 	1071 	760
f 1662 	760 	1071
f 756 	755 	1073
f 872 	749 	748
f 1974 	1655 	1973
f 1655 	1974 	1959
f 180 	757 	80
f 1960 	1655 	1959
f 762 	1154 	763
f 1656 	762 	761
f 1961 	1655 	1960
f 1656 	761 	760
f 1674 	1675 	1670
f 1670 	1671 	1674
f 1673 	1674 	1671
f 1671 	1672 	1673
f 1691 	1673 	1672
f 1672 	1684 	1691
f 1690 	1691 	1684
f 1684 	1685 	1690
f 1683 	1663 	1682
f 1681 	1682 	1663
f 1663 	1664 	1681
f 1680 	1681 	1664
f 1664 	1665 	1680
f 1679 	1680 	1665
f 1665 	1666 	1679
f 1678 	1679 	1666
f 1667 	1668 	1678
f 1666 	1667 	1678
f 1689 	1690 	1685
f 1685 	1686 	1689
f 1675 	1676 	1670
f 1686 	1687 	1689
f 1688 	1689 	1687
f 730 	758 	729
f 1668 	1669 	1676
f 1676 	1677 	1668
f 1677 	1678 	1668
f 1669 	1670 	1676
f 1694 	848 	1693
f 848 	1694 	850
f 1694 	1695 	850
f 1698 	993 	1337
f 1698 	1699 	993
f 1655 	1961 	1962
f 1655 	1962 	1963
f 1700 	994 	1699
f 1000 	995 	1701
f 1655 	1963 	1964
f 1965 	1655 	1964
f 1965 	1966 	1655
f 1429 	1655 	1428
f 1655 	1429 	1430
f 1635 	1640 	1599
f 1637 	1359 	1362
f 1711 	1713 	1638
f 1725 	1711 	1712
f 1233 	1201 	1202
f 1725 	1713 	1711
f 1233 	1714 	1201
f 1638 	1713 	1640
f 1640 	1628 	1620
f 1723 	1732 	1233
f 1713 	1628 	1640
f 1233 	1732 	1714
f 1201 	1714 	1180
f 1637 	1362 	1712
f 1365 	1712 	1362
f 1725 	1712 	1724
f 1224 	1229 	1715
f 1224 	1715 	1230
f 1378 	1720 	1721
f 1727 	1722 	1229
f 1722 	1719 	1229
f 3344 	3346 	1716
f 1230 	1715 	1233
f 1713 	1725 	1726
f 1725 	3402 	1726
f 1719 	1233 	1715
f 1719 	1722 	1233
f 1726 	3402 	3344
f 1726 	3344 	1716
f 1723 	1233 	1722
f 1368 	2992 	1724
f 1728 	451 	1729
f 1728 	1729 	1723
f 1727 	1728 	1723
f 1722 	1727 	1723
f 1723 	1740 	1732
f 1736 	1740 	1723
f 1731 	1803 	1776
f 57 	56 	1737
f 1729 	451 	1734
f 1803 	1731 	1743
f 1729 	1734 	1723
f 1723 	1735 	1736
f 1734 	1735 	1723
f 57 	1738 	58
f 1734 	2280 	1735
f 1739 	2280 	1759
f 1736 	1735 	1739
f 1737 	1738 	57
f 1738 	1741 	58
f 1758 	1524 	1519
f 58 	1741 	59
f 1741 	1742 	59
f 1744 	1745 	576
f 1745 	1751 	576
f 1731 	1748 	1746
f 1731 	1746 	1747
f 1731 	2765 	1748
f 1869 	578 	577
f 1737 	1747 	1738
f 1746 	1738 	1747
f 1747 	1743 	1731
f 480 	1912 	485
f 1743 	1747 	1737
f 1748 	2765 	1749
f 1884 	1883 	1744
f 1748 	1749 	1738
f 1746 	1748 	1738
f 1750 	1738 	1749
f 1868 	578 	1869
f 1750 	1741 	1738
f 1872 	480 	1871
f 1750 	1752 	1741
f 1524 	1751 	1883
f 1745 	1883 	1751
f 1893 	1753 	576
f 1744 	576 	1753
f 1893 	1884 	1753
f 1741 	1752 	1742
f 1744 	1753 	1884
f 1750 	1749 	1754
f 1900 	1755 	1519
f 1754 	1757 	1750
f 1750 	1757 	1752
f 1756 	1752 	1757
f 1869 	577 	1865
f 2704 	2701 	1756
f 1754 	1749 	2765
f 1519 	1755 	1758
f 2698 	32 	1742
f 2704 	1756 	2765
f 1752 	2701 	1742
f 2698 	1742 	2701
f 1752 	1756 	2701
f 1759 	1812 	1736
f 1739 	1759 	1736
f 2982 	1740 	1736
f 1788 	1491 	1789
f 1760 	1789 	1491
f 1178 	1761 	1168
f 1170 	1761 	1762
f 1391 	1392 	1760
f 405 	2296 	295
f 1171 	1762 	3393
f 1761 	1764 	1766
f 1765 	1760 	1392
f 1761 	1178 	1764
f 1767 	1761 	1766
f 1392 	1730 	1765
f 1761 	1767 	1762
f 1769 	1762 	1767
f 1792 	1764 	1180
f 1765 	1790 	1760
f 1490 	1489 	1771
f 1879 	1771 	1489
f 1765 	1730 	1770
f 1487 	1448 	1488
f 1447 	1488 	1448
f 1730 	1731 	1770
f 296 	1772 	297
f 1786 	1784 	1479
f 1479 	1787 	1786
f 1774 	1488 	1773
f 1789 	1760 	1790
f 1481 	1775 	1475
f 1488 	1774 	1489
f 296 	1768 	1772
f 1773 	1447 	1475
f 1488 	1447 	1773
f 1777 	1773 	1775
f 1800 	1770 	1776
f 1731 	1776 	1770
f 1773 	1777 	1774
f 1733 	297 	1772
f 1777 	1925 	1774
f 1773 	1475 	1775
f 1775 	1778 	1777
f 1775 	1297 	1778
f 1801 	1776 	1803
f 1775 	1481 	1297
f 1296 	1297 	1481
f 1534 	1837 	1536
f 1781 	1536 	1779
f 1785 	1782 	1478
f 1784 	1785 	1478
f 1783 	1478 	1782
f 1781 	1531 	1536
f 1763 	1783 	1768
f 1781 	1348 	1531
f 1783 	1782 	1768
f 1478 	1783 	1780
f 1783 	1763 	1780
f 1478 	1479 	1784
f 1350 	1348 	1781
f 1794 	1767 	1766
f 1770 	1798 	1765
f 1765 	1791 	1790
f 1793 	1794 	1766
f 1767 	1795 	1769
f 1767 	1794 	1795
f 1792 	1180 	1714
f 1792 	1793 	1764
f 1766 	1764 	1793
f 1784 	1786 	1768
f 1768 	1785 	1784
f 1772 	1768 	1786
f 1787 	1788 	1772
f 1786 	1787 	1772
f 1788 	1789 	1772
f 1789 	1790 	1772
f 1791 	1772 	1790
f 1792 	1810 	1793
f 1793 	1797 	1794
f 1768 	1782 	1785
f 1793 	1796 	1797
f 1791 	1765 	1798
f 1794 	1799 	1795
f 1770 	1800 	1798
f 1794 	1797 	1799
f 1776 	1801 	1802
f 1776 	1802 	1800
f 1791 	1798 	1772
f 1798 	1800 	1772
f 1772 	1800 	1802
f 1772 	1802 	1733
f 1802 	1801 	1733
f 1805 	1796 	1804
f 1797 	1796 	1805
f 1534 	1841 	1840
f 1797 	1805 	1806
f 1807 	1808 	1536
f 1808 	1841 	1536
f 1534 	1536 	1841
f 1797 	1806 	1799
f 1536 	1531 	1807
f 1811 	2984 	1804
f 2985 	2987 	1804
f 2987 	2988 	1805
f 1732 	1810 	1714
f 1808 	1807 	1532
f 1714 	1810 	1792
f 1796 	1793 	1810
f 1808 	1532 	1551
f 1732 	1811 	1810
f 1740 	1811 	1732
f 1807 	1809 	1532
f 1796 	1810 	1804
f 1811 	1804 	1810
f 2984 	1811 	1740
f 2985 	1804 	2984
f 1759 	89 	1812
f 1812 	90 	1813
f 2281 	1813 	90
f 1292 	1532 	1809
f 2281 	1814 	1813
f 1816 	2270 	1817
f 1817 	2271 	497
f 1812 	1813 	2982
f 2982 	1736 	1812
f 1813 	1814 	2982
f 1814 	1815 	2982
f 1858 	1859 	2041
f 1779 	1821 	1781
f 1779 	1820 	1821
f 1350 	1781 	1821
f 1818 	1822 	1820
f 1823 	1820 	1822
f 1820 	1823 	1824
f 1828 	1824 	1823
f 1825 	1542 	2014
f 1824 	1821 	1820
f 1821 	1824 	1352
f 1838 	1843 	1545
f 1352 	1350 	1821
f 1545 	1839 	1838
f 1545 	1534 	1839
f 1826 	1827 	1823
f 1826 	1823 	1822
f 1828 	1823 	1827
f 1824 	1354 	1352
f 1824 	1828 	1354
f 2774 	2775 	1827
f 1779 	1536 	1837
f 1837 	1820 	1779
f 1830 	1831 	1834
f 1542 	1825 	1831
f 1834 	1835 	1830
f 1830 	1835 	1833
f 1832 	1831 	1825
f 1829 	1846 	1835
f 1831 	1832 	1834
f 1545 	1829 	1836
f 1829 	1835 	1836
f 1825 	1860 	1832
f 1837 	1545 	1836
f 1831 	1830 	1542
f 1830 	1833 	1542
f 1834 	1845 	1835
f 1551 	1542 	1833
f 1829 	1545 	1843
f 1843 	1844 	1829
f 1845 	1834 	1842
f 1844 	1846 	1829
f 1847 	1833 	1835
f 1846 	1847 	1835
f 1848 	1836 	1835
f 1551 	1839 	1840
f 1848 	1835 	1845
f 1840 	1841 	1551
f 1839 	1551 	1838
f 1836 	1848 	1818
f 1808 	1551 	1841
f 1818 	1848 	1822
f 1848 	1851 	1822
f 1836 	1818 	1837
f 1820 	1837 	1818
f 1846 	1844 	1551
f 1844 	1843 	1551
f 1842 	1849 	1850
f 1843 	1838 	1551
f 1849 	1854 	1850
f 1842 	1850 	1845
f 1846 	1551 	1847
f 1833 	1847 	1551
f 1845 	1851 	1848
f 1845 	1850 	1851
f 1857 	1855 	1834
f 1861 	1834 	1852
f 1853 	1852 	1834
f 1855 	1853 	1834
f 1854 	1849 	1301
f 1856 	1850 	1854
f 2792 	1856 	1854
f 1856 	1851 	1850
f 1851 	1856 	1826
f 2040 	2039 	1857
f 1857 	1834 	1858
f 1851 	1826 	1822
f 1301 	1303 	2792
f 1301 	2792 	1854
f 2040 	1857 	1858
f 1858 	1834 	1859
f 2114 	1861 	1852
f 1819 	2041 	1859
f 1834 	1861 	1842
f 1842 	1864 	1849
f 1834 	1832 	1860
f 1301 	1849 	1302
f 1866 	1302 	1849
f 1859 	1834 	1860
f 1860 	1825 	1819
f 1859 	1860 	1819
f 576 	1751 	1862
f 1842 	1861 	1864
f 1868 	1870 	578
f 1871 	578 	1870
f 1751 	1524 	1862
f 1863 	1862 	1524
f 1524 	1865 	1863
f 1911 	1910 	469
f 1873 	480 	1872
f 1758 	1868 	1524
f 1869 	1524 	1868
f 1524 	1869 	1865
f 1868 	1758 	1870
f 1911 	485 	1912
f 1755 	1909 	1758
f 1755 	1908 	1909
f 578 	1871 	480
f 1912 	480 	1873
f 1872 	1871 	1758
f 1871 	1870 	1758
f 1909 	1912 	1758
f 1758 	1873 	1872
f 1912 	1873 	1758
f 1866 	1849 	1864
f 1478 	1780 	1876
f 1877 	1878 	1879
f 1489 	1877 	1879
f 1880 	1881 	1882
f 1880 	1878 	1877
f 1880 	1877 	1881
f 1883 	1875 	1874
f 1884 	1876 	1875
f 1883 	1884 	1875
f 1882 	1881 	1886
f 1885 	1886 	1881
f 1887 	1886 	1885
f 1887 	1885 	1888
f 1887 	1888 	1889
f 1889 	1888 	1890
f 2117 	1890 	1888
f 2117 	1888 	1891
f 1745 	1744 	1883
f 1881 	1899 	1885
f 1902 	1888 	1885
f 1514 	1884 	1892
f 1893 	1892 	1884
f 1891 	1864 	1861
f 1489 	1896 	1877
f 1896 	1489 	1774
f 1898 	1883 	1874
f 1896 	1899 	1877
f 1894 	1918 	1895
f 1894 	1916 	1918
f 1877 	1899 	1881
f 1918 	1900 	1897
f 1901 	1885 	1899
f 1897 	1895 	1918
f 1897 	1900 	1519
f 1885 	1901 	1902
f 1898 	1897 	1519
f 1888 	1902 	1903
f 1898 	1519 	1524
f 1524 	1883 	1898
f 1922 	1931 	1918
f 1903 	1891 	1888
f 1903 	1864 	1891
f 1896 	1905 	1899
f 1901 	1899 	1906
f 1905 	1906 	1899
f 1901 	1906 	1907
f 2513 	2512 	1895
f 2293 	2509 	1895
f 1895 	1897 	2293
f 1904 	1898 	1874
f 1902 	1901 	1907
f 1904 	1897 	1898
f 1902 	1907 	1917
f 145 	469 	151
f 1931 	1933 	1908
f 1902 	1917 	1903
f 1903 	1866 	1864
f 150 	151 	469
f 1903 	1917 	1866
f 1914 	1906 	1905
f 1907 	1906 	1915
f 1910 	150 	469
f 1906 	1914 	1915
f 1909 	1910 	1911
f 1911 	1912 	1909
f 1913 	1914 	1905
f 1908 	147 	1909
f 1908 	148 	147
f 147 	151 	1909
f 1909 	150 	1910
f 3314 	3315 	1914
f 1919 	1917 	1907
f 1907 	1915 	1919
f 1917 	1919 	1302
f 1916 	1922 	1918
f 1916 	1921 	1922
f 1917 	1302 	1866
f 1915 	3315 	1919
f 1925 	1896 	1774
f 1925 	1905 	1896
f 1778 	1926 	1777
f 1430 	1436 	1655
f 1926 	1925 	1777
f 1436 	1927 	1655
f 1926 	1913 	1925
f 1925 	1913 	1905
f 1828 	2775 	2331
f 1923 	1991 	1924
f 1310 	2331 	1312
f 1991 	1992 	1924
f 1436 	1649 	1927
f 1937 	1326 	1325
f 1650 	1928 	1927
f 1649 	1650 	1927
f 1937 	2224 	1326
f 1347 	1346 	2225
f 2225 	1315 	1313
f 2225 	1313 	1347
f 1297 	1300 	1778
f 2737 	1926 	1778
f 1314 	1316 	2546
f 1461 	2548 	1462
f 1930 	1980 	1923
f 2548 	1467 	1462
f 1467 	2549 	1484
f 1296 	2710 	1299
f 1900 	1918 	1931
f 1931 	1755 	1900
f 3314 	1914 	1913
f 1915 	1914 	3315
f 3317 	1919 	3315
f 3317 	1304 	1919
f 1922 	1932 	1931
f 2774 	1827 	2772
f 1908 	1755 	1931
f 1933 	1931 	1932
f 1935 	174 	1932
f 1933 	1932 	176
f 174 	176 	1932
f 1933 	148 	1908
f 1933 	176 	148
f 1325 	1936 	1937
f 2577 	1934 	1920
f 1920 	1934 	1935
f 1325 	1334 	1936
f 1935 	1921 	1920
f 1932 	1921 	1935
f 1936 	1938 	1937
f 1939 	1937 	1938
f 1922 	1921 	1932
f 1935 	1934 	182
f 174 	1935 	182
f 1938 	1950 	1939
f 72 	318 	295
f 405 	295 	318
f 1309 	1311 	1940
f 1940 	1941 	1334
f 1334 	1941 	1936
f 2333 	1943 	1311
f 1311 	1943 	1945
f 1311 	1945 	1940
f 1940 	1947 	1941
f 1940 	1945 	1947
f 1941 	1938 	1936
f 1942 	1946 	1948
f 1941 	1947 	1938
f 1942 	1948 	1944
f 1982 	1944 	1987
f 1943 	1957 	1945
f 1948 	1987 	1944
f 599 	1948 	1946
f 605 	1987 	1948
f 1945 	2212 	1947
f 1947 	1950 	1938
f 1951 	1939 	1950
f 1953 	2239 	1950
f 1133 	1655 	1966
f 1655 	1133 	1134
f 1949 	1970 	1952
f 1970 	1975 	1952
f 1975 	1954 	1952
f 1976 	1978 	1955
f 1978 	1958 	1955
f 1974 	2118 	1959
f 1959 	2120 	1960
f 1968 	1984 	1969
f 1969 	1970 	1949
f 1963 	2042 	1964
f 1966 	2048 	1133
f 1968 	1982 	1984
f 1984 	1985 	1969
f 1969 	1985 	1970
f 1985 	2031 	1970
f 1954 	1976 	1955
f 1992 	1971 	1924
f 1975 	1976 	1954
f 1971 	1977 	1972
f 1978 	1979 	1958
f 1973 	2115 	1974
f 1974 	2115 	2118
f 1975 	1970 	2031
f 2120 	1959 	2118
f 1976 	1975 	2032
f 2031 	2032 	1975
f 1981 	1929 	1928
f 1981 	1928 	1650
f 1944 	1982 	1967
f 1981 	1983 	1929
f 1967 	1982 	1968
f 1929 	1983 	1930
f 1930 	1983 	1980
f 1650 	1654 	1981
f 1988 	1983 	1981
f 1982 	1989 	1984
f 1654 	1988 	1981
f 1988 	1986 	1983
f 1987 	1989 	1982
f 1989 	1990 	1984
f 1983 	1986 	1980
f 2005 	1986 	1988
f 1923 	1980 	1991
f 1992 	1977 	1971
f 1991 	1980 	1993
f 1986 	1993 	1980
f 1993 	1994 	1991
f 1991 	1994 	1992
f 1992 	2142 	1977
f 1992 	1994 	2142
f 1161 	1403 	1422
f 1422 	1403 	1404
f 1651 	1422 	1404
f 1404 	1995 	1651
f 1996 	1653 	1652
f 1995 	1996 	1652
f 1996 	1997 	1653
f 2016 	2023 	1997
f 1404 	1413 	1995
f 1995 	2015 	1996
f 1413 	2015 	1995
f 2001 	1013 	1012
f 2001 	1012 	2000
f 2002 	1013 	2001
f 1993 	1986 	2003
f 2005 	2003 	1986
f 1993 	2152 	1994
f 1014 	2002 	2004
f 2003 	2152 	1993
f 1337 	2004 	1698
f 1654 	1997 	2007
f 2005 	1988 	2007
f 2007 	2021 	2005
f 1699 	1671 	1700
f 1700 	1670 	1701
f 1669 	1701 	1670
f 1669 	1668 	1701
f 1692 	1701 	1668
f 1668 	1667 	1692
f 1694 	1665 	1695
f 1665 	1696 	1695
f 1867 	2107 	2013
f 1664 	1663 	1696
f 1525 	1867 	2014
f 1697 	1683 	1702
f 1867 	2013 	2014
f 1542 	1529 	1525
f 1682 	1703 	1683
f 1702 	1683 	1703
f 2016 	1997 	1996
f 1525 	2014 	1542
f 1682 	1681 	1703
f 1704 	1681 	1705
f 2015 	2016 	1996
f 1706 	1705 	1679
f 1680 	1679 	1705
f 1706 	1679 	1707
f 1678 	1707 	1679
f 1708 	1707 	1677
f 1678 	1677 	1707
f 2012 	2040 	2013
f 1677 	1998 	1708
f 2041 	1819 	2013
f 2007 	1997 	2023
f 2013 	1819 	2014
f 906 	902 	2047
f 2023 	2021 	2007
f 2014 	1819 	1825
f 901 	766 	2019
f 2030 	1413 	1416
f 2020 	902 	2019
f 901 	2019 	902
f 2015 	2033 	2016
f 2022 	2005 	2021
f 1984 	1990 	1985
f 1990 	2036 	1985
f 2005 	2022 	2003
f 2019 	767 	1999
f 2016 	2035 	2023
f 1710 	1999 	767
f 605 	606 	1987
f 2021 	2024 	2022
f 2020 	2019 	1999
f 1989 	1987 	606
f 2025 	2024 	2021
f 606 	608 	1989
f 2027 	765 	2026
f 765 	2056 	2026
f 1990 	1989 	608
f 897 	2029 	766
f 2028 	767 	766
f 2027 	2029 	765
f 897 	765 	2029
f 609 	1990 	608
f 1413 	2030 	2015
f 2028 	766 	2029
f 1985 	2036 	2031
f 1710 	2029 	1709
f 2026 	1709 	2027
f 2015 	2030 	2033
f 1976 	2034 	1978
f 2032 	2034 	1976
f 767 	2028 	1710
f 2016 	2033 	2035
f 2035 	2025 	2023
f 2027 	1709 	2029
f 2029 	1710 	2028
f 2023 	2025 	2021
f 2008 	1709 	2026
f 1671 	1699 	1698
f 1670 	1700 	1671
f 2039 	2011 	2018
f 1693 	1692 	1667
f 1693 	1667 	1694
f 2038 	2018 	2017
f 2038 	2017 	2037
f 2018 	2038 	2039
f 2471 	2472 	2033
f 2033 	2472 	2035
f 1704 	1703 	1681
f 2011 	2040 	2012
f 1680 	1705 	1681
f 2011 	2039 	2040
f 2041 	2013 	2040
f 2043 	1965 	1964
f 1076 	905 	2624
f 2038 	2037 	1853
f 1852 	1853 	2037
f 2020 	2047 	902
f 2039 	2038 	1855
f 1853 	1855 	2038
f 1964 	2042 	2043
f 2050 	907 	2047
f 2043 	2044 	1965
f 1855 	1857 	2039
f 2041 	2040 	1858
f 2624 	905 	2045
f 2044 	1966 	1965
f 2044 	2048 	1966
f 2046 	1509 	1508
f 1509 	2046 	2049
f 906 	2047 	907
f 1511 	1506 	1510
f 905 	907 	2045
f 2050 	2045 	907
f 1511 	1510 	2049
f 2045 	1999 	2624
f 1675 	2624 	1999
f 1999 	2045 	2050
f 2047 	1999 	2050
f 2048 	1140 	1133
f 2020 	1999 	2047
f 2046 	2051 	2049
f 2053 	2049 	2051
f 2053 	1517 	2049
f 2042 	2052 	2054
f 2042 	2054 	2043
f 2055 	2044 	2043
f 1684 	2004 	2002
f 2049 	1517 	1511
f 2004 	1684 	1698
f 960 	2062 	2056
f 765 	980 	2056
f 2055 	2043 	2054
f 960 	961 	2082
f 2053 	2051 	2057
f 2095 	2057 	2051
f 2058 	2044 	2055
f 2053 	2057 	1521
f 2057 	1525 	1521
f 2044 	2058 	2048
f 2053 	1521 	1517
f 2048 	2058 	2060
f 2057 	1867 	1525
f 2060 	1140 	2048
f 2060 	1145 	1140
f 2046 	1508 	2061
f 2062 	960 	2082
f 2052 	2068 	2054
f 964 	920 	2063
f 2064 	2063 	920
f 2061 	2051 	2046
f 920 	923 	2064
f 2070 	2064 	923
f 914 	2059 	923
f 2070 	923 	2059
f 2073 	2055 	2054
f 914 	2516 	2059
f 2026 	2056 	2008
f 2055 	2074 	2058
f 2073 	2074 	2055
f 2061 	2089 	2051
f 2063 	2064 	2085
f 2031 	2069 	2032
f 2036 	2069 	2031
f 2068 	2052 	2066
f 2032 	2071 	2034
f 2073 	2054 	2068
f 2064 	2072 	2085
f 2069 	2071 	2032
f 2072 	2064 	2070
f 2075 	2072 	2070
f 2060 	2058 	817
f 2036 	1990 	609
f 817 	2058 	2074
f 2060 	817 	820
f 2070 	2059 	2075
f 609 	611 	2036
f 2036 	611 	2069
f 617 	2071 	2069
f 611 	617 	2069
f 2071 	617 	1002
f 2073 	829 	2074
f 2074 	830 	817
f 2074 	829 	830
f 2056 	2062 	2009
f 2056 	2009 	2008
f 2084 	829 	2073
f 2076 	2077 	2121
f 2066 	2080 	2081
f 2083 	2082 	2063
f 2080 	2088 	2090
f 2080 	2090 	2081
f 2082 	964 	2063
f 2066 	2081 	2068
f 2068 	2084 	2073
f 2068 	2081 	2084
f 2083 	2063 	2086
f 2085 	2086 	2063
f 2085 	2087 	2086
f 2065 	2093 	2067
f 2079 	2088 	2080
f 2099 	2096 	2072
f 2085 	2091 	2087
f 2495 	2090 	2088
f 2386 	2092 	2065
f 2093 	2065 	2092
f 2067 	2094 	2089
f 837 	2081 	2090
f 2067 	2093 	2094
f 2089 	2095 	2051
f 2062 	2082 	2009
f 2089 	2094 	2095
f 2010 	2009 	2082
f 2081 	837 	2084
f 2010 	2082 	2083
f 2083 	2086 	2010
f 2084 	832 	829
f 2084 	837 	832
f 2086 	2087 	2010
f 2091 	2010 	2087
f 2096 	2097 	2072
f 2095 	2107 	2057
f 1003 	837 	2090
f 2100 	2093 	2092
f 2101 	1961 	1960
f 2092 	2098 	2100
f 2093 	2100 	2103
f 1960 	2120 	2101
f 2072 	2104 	2099
f 2105 	1961 	2101
f 2104 	2072 	2075
f 2104 	2102 	2099
f 2105 	1962 	1961
f 2093 	2103 	2094
f 2094 	2103 	2107
f 2106 	1963 	1962
f 1962 	2105 	2106
f 2103 	2012 	2107
f 2094 	2107 	2095
f 1867 	2057 	2107
f 2042 	1963 	2106
f 2100 	2098 	2018
f 2106 	2052 	2042
f 2017 	2018 	2098
f 2100 	2018 	2011
f 2103 	2100 	2011
f 1625 	1643 	2109
f 2012 	2103 	2011
f 2012 	2013 	2107
f 2108 	2109 	1643
f 1625 	2109 	2110
f 2106 	2105 	2136
f 2017 	2374 	2037
f 1972 	1977 	2111
f 1626 	2112 	1627
f 2113 	1861 	2114
f 2110 	2112 	1626
f 2111 	1973 	1972
f 2113 	1891 	1861
f 2115 	1973 	2111
f 1203 	1204 	1644
f 2116 	1645 	1644
f 1891 	2119 	2117
f 2116 	1646 	1645
f 1891 	2113 	2119
f 2116 	1647 	1646
f 2116 	2108 	1647
f 2116 	2109 	2108
f 2129 	2120 	2118
f 2116 	2110 	2109
f 2116 	2112 	2110
f 1644 	1200 	1203
f 2116 	1644 	1204
f 2202 	2116 	1204
f 2118 	2115 	2128
f 2077 	2122 	2121
f 1578 	2123 	1577
f 1578 	1580 	2123
f 2076 	2121 	2124
f 2129 	2118 	2128
f 1580 	2126 	2127
f 1580 	1574 	2126
f 2126 	2132 	2127
f 1580 	2127 	2123
f 2129 	2131 	2120
f 2126 	1574 	1612
f 2131 	2101 	2120
f 1815 	1816 	2982
f 1816 	1817 	2982
f 2105 	2101 	2134
f 1817 	497 	2982
f 2818 	2982 	497
f 2131 	2134 	2101
f 1740 	2982 	2983
f 2136 	2105 	2134
f 2983 	2984 	1740
f 2078 	2617 	2135
f 1805 	1804 	2987
f 2078 	2135 	2122
f 1806 	1805 	2988
f 2136 	2052 	2106
f 2078 	2122 	2077
f 538 	2137 	2138
f 2138 	2139 	538
f 2140 	2141 	545
f 2121 	2147 	2124
f 545 	2141 	2246
f 2148 	2150 	2138
f 2138 	2150 	2139
f 2052 	2136 	2066
f 2125 	1942 	2130
f 2140 	2243 	2141
f 2130 	1942 	1944
f 1977 	2143 	2111
f 1977 	2142 	2143
f 2111 	2145 	2115
f 2111 	2143 	2145
f 2128 	2115 	2145
f 2207 	2209 	2137
f 2269 	2122 	2135
f 2144 	2137 	2209
f 2148 	2137 	2144
f 2144 	2156 	2148
f 2147 	2121 	2146
f 2128 	2145 	2162
f 2124 	2147 	2149
f 2148 	2138 	2137
f 2128 	2162 	2163
f 2147 	2159 	2149
f 2129 	2128 	2163
f 2124 	2149 	2125
f 1942 	2125 	2149
f 2268 	2153 	2210
f 2165 	2134 	2131
f 2166 	2136 	2134
f 1942 	2149 	1946
f 2165 	2166 	2134
f 2136 	2166 	2066
f 2221 	2242 	2157
f 2146 	2151 	2155
f 1994 	2154 	2142
f 2153 	2156 	2144
f 2148 	2157 	2150
f 1994 	2152 	2154
f 2146 	2155 	2147
f 2156 	2157 	2148
f 2154 	2158 	2142
f 2154 	2169 	2158
f 2142 	2158 	2143
f 2158 	2161 	2143
f 2143 	2161 	2145
f 2145 	2161 	2162
f 2168 	2169 	2154
f 2131 	2129 	2164
f 2129 	2163 	2164
f 2165 	2131 	2164
f 2164 	2299 	2165
f 2306 	2162 	2161
f 2162 	2171 	2163
f 2171 	2162 	2306
f 2163 	2171 	2172
f 2172 	2164 	2163
f 2164 	2172 	2299
f 2165 	2079 	2166
f 2166 	2080 	2066
f 2166 	2079 	2080
f 2167 	2152 	2003
f 2167 	2003 	2022
f 2167 	2168 	2152
f 2152 	2168 	2154
f 2167 	2314 	2168
f 2168 	2170 	2169
f 2170 	2307 	2169
f 2314 	2496 	2170
f 2126 	2133 	2132
f 2037 	2114 	1852
f 1621 	2133 	1612
f 1612 	2133 	2126
f 2114 	2037 	2113
f 2133 	2173 	2132
f 2133 	2174 	2173
f 2173 	2175 	2132
f 1890 	2117 	2176
f 2037 	2176 	2119
f 2119 	2113 	2037
f 2117 	2119 	2176
f 2177 	744 	763
f 2133 	1627 	2174
f 2182 	2183 	744
f 2177 	2182 	744
f 763 	1148 	2178
f 2181 	2173 	2174
f 2178 	2188 	763
f 759 	2179 	1148
f 2174 	1627 	2112
f 2179 	2178 	1148
f 2174 	2180 	2181
f 2174 	2112 	2180
f 2185 	744 	2184
f 2186 	744 	2185
f 2183 	2184 	744
f 2186 	2185 	2194
f 2186 	2194 	2195
f 2184 	2196 	2185
f 2175 	2173 	2187
f 2189 	2199 	2177
f 2188 	2189 	2177
f 2182 	2177 	2199
f 2181 	2187 	2173
f 2177 	763 	2188
f 2175 	2187 	2190
f 2179 	2189 	2188
f 2179 	2188 	2178
f 2195 	2204 	2186
f 2203 	2160 	2192
f 2203 	2186 	2204
f 2194 	2185 	2196
f 2183 	2197 	2196
f 2183 	2196 	2184
f 2183 	2182 	2197
f 2199 	2197 	2182
f 2196 	870 	2200
f 2197 	870 	2196
f 727 	2200 	870
f 858 	870 	2189
f 2799 	2198 	2201
f 2200 	2195 	2194
f 2194 	2196 	2200
f 2199 	870 	2197
f 2189 	870 	2199
f 2180 	2202 	2181
f 2202 	2187 	2181
f 2202 	2190 	2187
f 2202 	2191 	2190
f 2204 	2160 	2203
f 2202 	2193 	2191
f 2202 	2198 	2193
f 2202 	2201 	2198
f 2204 	2195 	2160
f 2200 	2160 	2195
f 727 	2205 	2200
f 2112 	2116 	2180
f 2202 	2180 	2116
f 2206 	2342 	2205
f 210 	81 	2207
f 2137 	518 	2207
f 457 	2556 	459
f 2207 	81 	2209
f 2209 	2338 	2211
f 2280 	451 	2208
f 1957 	1943 	1956
f 2212 	1945 	1957
f 1734 	451 	2280
f 89 	1759 	2280
f 1950 	1947 	2212
f 1957 	1956 	2214
f 1956 	2213 	2214
f 1957 	2214 	2215
f 475 	501 	703
f 703 	501 	2272
f 1957 	2215 	2212
f 2212 	1953 	1950
f 2215 	1953 	2212
f 2214 	2213 	2217
f 2213 	2216 	2217
f 2286 	1815 	1814
f 2214 	2217 	2218
f 2153 	2219 	2156
f 2160 	2219 	2153
f 2156 	2220 	2157
f 2217 	2279 	2254
f 2219 	2220 	2156
f 2220 	2222 	2157
f 2214 	2218 	2215
f 2215 	2218 	2253
f 2218 	2217 	2254
f 2160 	2229 	2219
f 2215 	2253 	1953
f 2221 	2157 	2222
f 2222 	2223 	2221
f 2279 	2217 	2216
f 2229 	2230 	2219
f 2220 	2219 	2230
f 2230 	2222 	2220
f 1937 	1939 	2226
f 2226 	2224 	1937
f 2226 	2227 	2224
f 2224 	2227 	2225
f 2225 	2228 	1315
f 2227 	2228 	2225
f 1316 	1315 	2228
f 2229 	2236 	2230
f 2222 	2230 	2231
f 2222 	2232 	2223
f 2227 	2237 	2228
f 2231 	2232 	2222
f 2233 	2226 	1939
f 1939 	1951 	2233
f 2235 	2227 	2226
f 2234 	2236 	2229
f 2233 	2235 	2226
f 2235 	2237 	2227
f 2231 	2230 	2238
f 2236 	2238 	2230
f 1951 	1950 	2239
f 2239 	2240 	1951
f 1951 	2240 	2233
f 2236 	2368 	2238
f 2241 	2235 	2233
f 2139 	2150 	2140
f 2242 	2140 	2150
f 2240 	2241 	2233
f 2241 	2244 	2235
f 2242 	2243 	2140
f 2246 	2141 	2918
f 2243 	2918 	2141
f 2150 	2157 	2242
f 2241 	2251 	2244
f 2242 	2221 	2245
f 2235 	2244 	2237
f 2221 	2223 	2245
f 2605 	2604 	2244
f 2242 	2245 	2243
f 2245 	2921 	2243
f 2239 	2249 	2240
f 2250 	2241 	2240
f 2241 	2250 	2251
f 1114 	2246 	490
f 2919 	2247 	2246
f 2248 	2239 	2253
f 1953 	2253 	2239
f 2249 	2239 	2248
f 2250 	2240 	2249
f 2605 	2244 	2251
f 2252 	2231 	2238
f 2249 	2260 	2250
f 2250 	2263 	2251
f 2260 	2263 	2250
f 2253 	2218 	2255
f 2255 	2218 	2254
f 2255 	2256 	2248
f 2255 	2248 	2253
f 2257 	2238 	2368
f 2248 	2258 	2249
f 1801 	1803 	1733
f 1733 	1803 	1737
f 2328 	2264 	2255
f 2256 	2258 	2248
f 1743 	1737 	1803
f 2256 	2265 	2258
f 2238 	2257 	2259
f 2249 	2258 	2260
f 2259 	2252 	2238
f 1763 	295 	2296
f 2296 	2535 	1763
f 2254 	2328 	2255
f 2256 	2255 	2264
f 2256 	2264 	2265
f 2262 	1916 	1894
f 402 	2267 	403
f 2159 	2147 	2155
f 1946 	2149 	2159
f 2371 	2576 	2262
f 2144 	2211 	2210
f 2294 	648 	2151
f 2211 	2144 	2209
f 2151 	649 	2155
f 2210 	2338 	2268
f 2151 	648 	649
f 2155 	649 	598
f 2155 	598 	2159
f 1946 	2159 	599
f 2159 	598 	599
f 2144 	2210 	2153
f 2269 	2146 	2122
f 2270 	1816 	2286
f 2192 	2338 	2203
f 2192 	2268 	2338
f 1815 	2286 	1816
f 2271 	1817 	2270
f 2270 	2273 	2271
f 496 	497 	2271
f 2272 	500 	499
f 2272 	499 	2271
f 496 	2271 	499
f 500 	2272 	501
f 2271 	2273 	2274
f 2258 	2275 	2260
f 2265 	2275 	2258
f 2260 	2276 	2263
f 2271 	2274 	2272
f 2275 	2276 	2260
f 2272 	2274 	705
f 2273 	2277 	2274
f 1208 	705 	2274
f 2274 	2277 	1208
f 2216 	2278 	2279
f 2208 	2282 	2280
f 2280 	2283 	89
f 2280 	2282 	2283
f 90 	89 	2283
f 2282 	2284 	2283
f 1814 	2281 	2286
f 402 	2585 	2267
f 2533 	2508 	1874
f 2281 	2287 	2286
f 2372 	2262 	2478
f 2489 	2270 	2286
f 2286 	2287 	2489
f 1897 	1904 	2293
f 2479 	2480 	2262
f 2284 	2285 	2288
f 2289 	2288 	2497
f 2483 	2479 	1894
f 2288 	2515 	2497
f 1874 	1875 	2533
f 2122 	2146 	2121
f 2292 	3008 	3020
f 2135 	3008 	2292
f 2292 	2269 	2135
f 2269 	2151 	2146
f 2269 	2294 	2151
f 2292 	3020 	2295
f 2513 	1895 	2509
f 2292 	2295 	2294
f 2295 	647 	2294
f 1875 	2534 	2533
f 2292 	2294 	2269
f 2294 	647 	648
f 2510 	2511 	2293
f 2509 	2293 	2511
f 2293 	1904 	2510
f 2483 	1894 	2484
f 647 	2295 	653
f 2172 	2594 	2299
f 2165 	2299 	2079
f 2306 	2301 	2171
f 2304 	2297 	2321
f 2298 	2297 	1949
f 2592 	2079 	2299
f 2297 	2304 	1949
f 1949 	1952 	2298
f 2298 	1952 	2300
f 2158 	2305 	2161
f 2169 	2305 	2158
f 2161 	2305 	2306
f 2302 	1967 	2303
f 2169 	2307 	2305
f 2305 	2309 	2306
f 2305 	2307 	2309
f 2303 	1968 	2304
f 2170 	2496 	2307
f 2306 	2309 	2301
f 2076 	2124 	2311
f 2024 	2312 	2022
f 2426 	2313 	2308
f 2022 	2312 	2167
f 2426 	2311 	2313
f 2308 	2302 	2310
f 2312 	2314 	2167
f 2170 	2168 	2314
f 2565 	2312 	2024
f 2313 	2302 	2308
f 2302 	2303 	2310
f 2566 	2314 	2312
f 2125 	2313 	2311
f 2311 	2124 	2125
f 2315 	1056 	796
f 2315 	2317 	1056
f 2434 	2308 	2310
f 2316 	2297 	2318
f 2323 	2317 	2315
f 2326 	2320 	2317
f 845 	850 	2322
f 2315 	845 	2322
f 2278 	2349 	2324
f 2315 	2322 	2323
f 2278 	2324 	2325
f 2323 	2326 	2317
f 2278 	2325 	2279
f 2279 	2325 	2327
f 850 	1695 	2322
f 2254 	2279 	2327
f 2322 	1696 	2323
f 2254 	2327 	2328
f 2356 	1306 	2324
f 1305 	2325 	2324
f 1305 	2327 	2325
f 1305 	2328 	2327
f 1695 	1696 	2322
f 1305 	2264 	2328
f 1305 	2265 	2264
f 2323 	1697 	2326
f 1305 	2275 	2265
f 2323 	1696 	1697
f 1305 	2276 	2275
f 1702 	2326 	1697
f 1060 	2320 	2329
f 2237 	2604 	2228
f 2237 	2244 	2604
f 2329 	1408 	1060
f 2611 	2606 	2263
f 2775 	2332 	2331
f 2333 	1312 	2331
f 2331 	2332 	2333
f 1311 	1312 	2333
f 2333 	2335 	1943
f 2332 	2334 	2335
f 2332 	2335 	2333
f 2153 	2268 	2192
f 1956 	1943 	2335
f 2192 	2160 	2153
f 2334 	2336 	2337
f 2339 	2336 	2786
f 2336 	2339 	2341
f 2336 	2341 	2337
f 2334 	2337 	2335
f 2338 	744 	2186
f 81 	744 	2338
f 2338 	2209 	81
f 1956 	2335 	2213
f 2337 	2213 	2335
f 2210 	2211 	2338
f 2186 	2203 	2338
f 2160 	2200 	2340
f 2340 	2200 	2205
f 2340 	2229 	2160
f 2340 	2234 	2229
f 2341 	2216 	2213
f 2341 	2213 	2337
f 2340 	2205 	2342
f 2340 	2342 	2234
f 2216 	2341 	2278
f 2349 	2278 	2341
f 2356 	2324 	2349
f 2367 	2234 	2342
f 2206 	935 	2345
f 2343 	2355 	2344
f 2206 	2345 	2346
f 2348 	3469 	2347
f 2349 	2341 	2339
f 2339 	2344 	2349
f 2350 	3470 	2351
f 2352 	3471 	2353
f 2355 	2343 	2364
f 2344 	2356 	2349
f 2344 	2355 	2356
f 935 	2354 	2345
f 2350 	2345 	2354
f 2348 	2347 	2354
f 2347 	2350 	2354
f 2351 	2345 	2350
f 2345 	2351 	2352
f 2358 	2359 	3106
f 2352 	2353 	2345
f 2360 	2346 	2345
f 2353 	2360 	2345
f 2360 	2353 	2834
f 2360 	2363 	2346
f 2363 	2834 	2365
f 2365 	2834 	2366
f 1306 	2357 	1308
f 1306 	2358 	2357
f 1306 	2359 	2358
f 1306 	2361 	2359
f 2206 	2346 	2342
f 1306 	2362 	2361
f 1306 	2364 	2362
f 2346 	2367 	2342
f 1306 	2355 	2364
f 1306 	2356 	2355
f 1305 	2324 	1306
f 2234 	2368 	2236
f 2234 	2367 	2368
f 1308 	2357 	2721
f 2737 	1778 	1300
f 1461 	2546 	2547
f 2367 	2346 	2363
f 2368 	2367 	2365
f 2363 	2365 	2367
f 2365 	2366 	2368
f 2366 	2834 	2369
f 2534 	1875 	1876
f 2259 	2257 	2369
f 2535 	1876 	1780
f 2373 	2475 	2262
f 2372 	2373 	2262
f 2092 	2386 	2387
f 2478 	2262 	2480
f 2092 	2387 	2098
f 2017 	2098 	2374
f 2376 	2037 	2374
f 2037 	2376 	2176
f 3093 	120 	2381
f 2377 	3093 	2378
f 2378 	3093 	2379
f 2379 	3093 	2380
f 2382 	2381 	120
f 2380 	3093 	2381
f 2381 	2376 	2380
f 2375 	2380 	2376
f 2382 	120 	2383
f 121 	2384 	2383
f 2385 	124 	126
f 2385 	2384 	121
f 2383 	2384 	2376
f 2376 	2382 	2383
f 2376 	2381 	2382
f 2385 	2176 	2384
f 126 	2176 	2385
f 2376 	2384 	2176
f 2388 	2098 	2387
f 2374 	2098 	2388
f 3131 	3093 	2389
f 2389 	3093 	2390
f 2390 	3093 	2377
f 2390 	3132 	2389
f 2378 	2392 	2377
f 2379 	2393 	2378
f 2375 	2391 	3214
f 2375 	3214 	2393
f 2391 	2375 	2376
f 2391 	2376 	2374
f 2377 	2392 	3215
f 2392 	2378 	2393
f 2321 	2297 	2316
f 2393 	2379 	2375
f 2380 	2375 	2379
f 2297 	2298 	2318
f 2318 	2298 	2319
f 2298 	2300 	2319
f 2310 	2303 	2321
f 2387 	2386 	3261
f 2303 	2304 	2321
f 2395 	2391 	2374
f 2374 	2388 	2395
f 2300 	1954 	2394
f 1952 	1954 	2300
f 485 	1911 	469
f 1954 	1955 	2394
f 1955 	2396 	2394
f 2396 	1958 	2397
f 1955 	1958 	2396
f 2401 	2397 	1958
f 2397 	2401 	2398
f 2401 	2402 	2398
f 1502 	1504 	2399
f 146 	3497 	2399
f 2400 	2399 	1503
f 1502 	2399 	3497
f 2404 	2403 	2470
f 2319 	2300 	2405
f 2300 	2394 	2405
f 2405 	2394 	2406
f 2406 	2396 	2407
f 2394 	2396 	2406
f 2396 	2397 	2407
f 2397 	2408 	2407
f 2398 	2409 	2408
f 2408 	2397 	2398
f 2455 	2415 	2416
f 2398 	2417 	2409
f 2417 	2410 	2409
f 2417 	2420 	2410
f 2411 	2419 	2412
f 2417 	2398 	2402
f 2418 	2419 	2411
f 2419 	2421 	2412
f 2410 	2420 	2722
f 2420 	2422 	2722
f 2412 	2421 	2413
f 2413 	2880 	2414
f 2421 	2880 	2413
f 2259 	2266 	2252
f 2951 	2422 	2420
f 2439 	2436 	2261
f 2423 	2261 	2436
f 2439 	2261 	2440
f 2426 	2432 	2424
f 2308 	2433 	2426
f 2425 	2441 	2591
f 2429 	2834 	2428
f 2430 	2427 	2836
f 2442 	2836 	2438
f 2425 	2076 	2424
f 2425 	2077 	2076
f 2076 	2311 	2424
f 2429 	2428 	2266
f 2424 	2311 	2426
f 2525 	2266 	2428
f 2591 	2077 	2425
f 2428 	2427 	2525
f 2430 	2601 	2525
f 2427 	2430 	2525
f 2436 	2437 	2423
f 2437 	2438 	2423
f 2431 	2424 	2432
f 2436 	2601 	2437
f 2436 	2439 	2601
f 2430 	2442 	2601
f 2431 	2425 	2424
f 2437 	2601 	2438
f 2432 	2426 	2433
f 2439 	2440 	2601
f 2438 	2601 	2442
f 2330 	1409 	1408
f 2369 	2834 	2370
f 2329 	2330 	1408
f 2257 	2368 	2366
f 2330 	2443 	1409
f 2366 	2369 	2257
f 2370 	2834 	2429
f 1409 	2443 	1410
f 2266 	2259 	2370
f 2369 	2370 	2259
f 2444 	1410 	2443
f 2370 	2429 	2266
f 1415 	2445 	2446
f 1415 	2446 	1416
f 2461 	2030 	1416
f 2232 	2447 	2223
f 2449 	2329 	2320
f 2451 	2457 	2443
f 2443 	2457 	2444
f 2444 	2458 	2445
f 2416 	2463 	2418
f 2462 	2464 	2446
f 2403 	2419 	2418
f 2463 	2403 	2418
f 2449 	2320 	2326
f 2419 	2404 	2421
f 2449 	2450 	2329
f 2403 	2404 	2419
f 2449 	1703 	2450
f 2404 	2866 	2421
f 2329 	2450 	2330
f 2330 	2451 	2443
f 2806 	2452 	2453
f 2452 	2454 	2453
f 2454 	2455 	2453
f 2450 	2451 	2330
f 2455 	2456 	2453
f 2456 	2411 	2453
f 2412 	2453 	2411
f 2413 	2453 	2412
f 2414 	2453 	2413
f 2458 	2444 	2457
f 2458 	2462 	2445
f 2459 	2460 	2452
f 2445 	2462 	2446
f 2452 	2460 	2454
f 2460 	2415 	2454
f 2454 	2415 	2455
f 2416 	2456 	2455
f 2456 	2418 	2411
f 2451 	1705 	2457
f 2416 	2418 	2456
f 2457 	1706 	2458
f 2446 	2461 	1416
f 2464 	2461 	2446
f 2463 	2466 	2467
f 2462 	1708 	2464
f 2463 	2467 	2403
f 2025 	2468 	2469
f 2025 	2035 	2468
f 2467 	2470 	2403
f 2469 	2024 	2025
f 2471 	2033 	2030
f 2471 	2030 	2461
f 2465 	2490 	2466
f 2104 	2536 	2474
f 2104 	2474 	2102
f 2585 	2373 	2267
f 2085 	2072 	2097
f 2472 	2468 	2035
f 2372 	2267 	2373
f 2371 	2475 	2476
f 2371 	2262 	2475
f 2585 	2476 	2475
f 2585 	2475 	2373
f 2476 	2585 	2477
f 2472 	2482 	2468
f 2468 	2481 	2469
f 2481 	2468 	2482
f 2569 	2469 	2481
f 2479 	2262 	1894
f 2485 	2461 	2464
f 2464 	1998 	2485
f 2461 	2485 	2471
f 2486 	2472 	2471
f 2485 	2486 	2471
f 2486 	2482 	2472
f 2478 	2267 	2372
f 2480 	2267 	2478
f 2466 	2473 	2467
f 2291 	2529 	2277
f 2008 	2569 	2481
f 2473 	3010 	2467
f 2467 	3010 	2470
f 1999 	2486 	2485
f 1702 	2449 	2326
f 2449 	1702 	1703
f 1703 	1704 	2450
f 2450 	1704 	2451
f 1704 	1705 	2451
f 1705 	1706 	2457
f 2465 	2488 	2490
f 1707 	2462 	2458
f 2488 	2493 	2490
f 2489 	2273 	2270
f 2458 	1706 	1707
f 2500 	2491 	2289
f 1707 	1708 	2462
f 2490 	2473 	2466
f 2482 	1709 	2481
f 1709 	2482 	1710
f 2287 	2491 	2492
f 2464 	1708 	1998
f 1998 	1999 	2485
f 2493 	2488 	2598
f 1710 	2486 	1999
f 2287 	2492 	2489
f 2493 	2494 	2490
f 1710 	2482 	2486
f 2600 	2493 	2598
f 2492 	2291 	2489
f 2088 	2602 	2495
f 1003 	2090 	2495
f 2490 	2494 	2473
f 2494 	3014 	2473
f 2495 	1012 	1003
f 2603 	1012 	2495
f 2489 	2291 	2273
f 2291 	2277 	2273
f 2307 	2496 	2498
f 2307 	2499 	2309
f 2307 	2498 	2499
f 2500 	2289 	2497
f 2502 	2460 	2459
f 2497 	2487 	2500
f 2501 	2502 	2459
f 2503 	2415 	2460
f 2492 	2491 	2504
f 2091 	2085 	2097
f 2500 	2504 	2491
f 2096 	2006 	2097
f 2096 	2099 	2006
f 2102 	2006 	2099
f 2487 	2530 	2500
f 2530 	2504 	2500
f 2538 	2006 	2474
f 2480 	2479 	2267
f 2484 	2290 	2483
f 2267 	2479 	2290
f 2102 	2474 	2006
f 2483 	2290 	2479
f 2505 	90 	2283
f 90 	2505 	2507
f 2508 	2506 	1874
f 1904 	1874 	2506
f 90 	2507 	2281
f 2535 	2534 	1876
f 2006 	2010 	2091
f 2287 	2281 	2507
f 2505 	2283 	2288
f 2284 	2288 	2283
f 2506 	2510 	1904
f 2091 	2097 	2006
f 2484 	1894 	2512
f 2505 	2289 	2507
f 2288 	2289 	2505
f 2507 	2289 	2491
f 1894 	1895 	2512
f 2507 	2491 	2287
f 2514 	3495 	2006
f 1686 	2001 	2000
f 2515 	2288 	2285
f 1686 	2002 	2001
f 2511 	2290 	2509
f 2484 	2512 	2290
f 2517 	2285 	2780
f 2516 	2524 	2059
f 2285 	2517 	2515
f 2515 	2519 	2497
f 2515 	2517 	2519
f 2519 	2487 	2497
f 2521 	2518 	984
f 2520 	2517 	2807
f 2517 	2520 	2522
f 2261 	2423 	2849
f 2517 	2522 	2519
f 2261 	2849 	2853
f 2252 	2232 	2231
f 2519 	2543 	2487
f 2520 	2807 	1205
f 2520 	1205 	1543
f 2522 	2520 	1543
f 2524 	2075 	2059
f 2522 	1543 	1544
f 2516 	2518 	2526
f 2232 	2525 	2447
f 2524 	2516 	2526
f 1208 	2277 	1533
f 2527 	2291 	2492
f 2232 	2252 	2525
f 2528 	2526 	2518
f 2913 	2440 	2523
f 2261 	2853 	2523
f 2518 	2521 	2528
f 2527 	2492 	2504
f 2526 	2528 	2545
f 2527 	2529 	2291
f 2509 	2290 	2513
f 2513 	2290 	2512
f 2521 	2660 	2528
f 2277 	2529 	1533
f 2773 	2528 	2660
f 2531 	2527 	2504
f 2511 	2510 	2290
f 2296 	2290 	2510
f 2531 	2504 	2530
f 2510 	2506 	2296
f 2527 	2532 	2529
f 2508 	2296 	2506
f 2527 	2531 	2532
f 2529 	2532 	1537
f 1537 	2532 	1540
f 2529 	1537 	1533
f 1780 	1763 	2535
f 2530 	2487 	2544
f 2508 	2533 	2296
f 2075 	2524 	2536
f 2533 	2534 	2296
f 2535 	2296 	2534
f 2075 	2536 	2104
f 2530 	2537 	2531
f 2538 	2474 	2536
f 1539 	2531 	2537
f 2524 	2539 	2536
f 1461 	2547 	2548
f 2542 	2538 	2536
f 1539 	2532 	2531
f 2532 	1539 	1540
f 2524 	2526 	2539
f 2536 	2539 	2541
f 2536 	2541 	2542
f 2228 	2540 	1316
f 2519 	2522 	2543
f 2544 	2487 	2543
f 2544 	2537 	2530
f 2604 	2540 	2228
f 2526 	2545 	2539
f 2522 	1544 	2543
f 2544 	2543 	1546
f 2559 	2558 	2545
f 2543 	1544 	1546
f 2544 	1546 	1547
f 2537 	2544 	1547
f 1467 	2548 	2549
f 2537 	1548 	1539
f 1548 	2537 	1547
f 2709 	1484 	2549
f 2540 	2550 	1316
f 3077 	2559 	2545
f 2773 	2545 	2528
f 1316 	2550 	2546
f 2546 	2553 	2547
f 2550 	2553 	2546
f 455 	2552 	457
f 2547 	2554 	2548
f 2538 	2542 	2006
f 2553 	2554 	2547
f 2541 	2006 	2542
f 2551 	2552 	455
f 2556 	457 	2552
f 2548 	2554 	2549
f 2555 	2549 	2554
f 2539 	2557 	2541
f 2552 	2563 	2556
f 2558 	2557 	2539
f 2556 	2208 	459
f 2539 	2545 	2558
f 2560 	2551 	1576
f 2560 	2561 	2551
f 2496 	2562 	2498
f 2551 	2561 	2552
f 2623 	2554 	2553
f 2554 	2623 	2555
f 2563 	2552 	2561
f 2556 	2563 	2567
f 2460 	2502 	2503
f 2556 	2567 	2208
f 2415 	2503 	2564
f 2564 	2416 	2415
f 2463 	2416 	2564
f 2565 	2024 	2469
f 2565 	2566 	2312
f 2563 	2561 	2578
f 2565 	2572 	2566
f 2579 	2563 	2578
f 2314 	2566 	2496
f 2282 	2208 	2567
f 2501 	2568 	2570
f 2569 	2565 	2469
f 2571 	2560 	1577
f 2571 	1577 	2123
f 2569 	2572 	2565
f 2571 	2574 	2560
f 2572 	2575 	2566
f 2496 	2566 	2575
f 2575 	2562 	2496
f 2560 	2574 	2561
f 2561 	2574 	2578
f 2573 	2577 	1920
f 2567 	2563 	2579
f 2009 	2010 	2572
f 2573 	1920 	2576
f 2282 	2567 	2744
f 2576 	1921 	1916
f 2575 	2006 	2562
f 2576 	1920 	1921
f 2567 	2579 	2744
f 2575 	2010 	2006
f 2123 	2580 	2571
f 2123 	2127 	2580
f 2580 	2582 	2571
f 2481 	1709 	2008
f 2008 	2009 	2569
f 1934 	2577 	2581
f 2569 	2009 	2572
f 2010 	2575 	2572
f 2574 	2571 	2582
f 2745 	2578 	2574
f 2583 	589 	2586
f 2578 	2746 	2579
f 2649 	2647 	2573
f 1916 	2262 	2576
f 400 	2671 	402
f 2584 	2586 	588
f 2371 	2573 	2576
f 588 	2586 	589
f 2308 	2434 	2433
f 2476 	2477 	2371
f 2310 	2435 	2434
f 2435 	2321 	2316
f 2683 	2577 	2681
f 2310 	2321 	2435
f 2591 	2441 	2712
f 2573 	2371 	2477
f 2441 	2425 	2431
f 2649 	2573 	2477
f 2501 	2570 	2502
f 2590 	2503 	2502
f 1 	2583 	4
f 2589 	2078 	2591
f 2502 	2570 	2590
f 2584 	590 	2
f 2590 	2465 	2503
f 2584 	3 	2586
f 3 	2584 	2
f 2586 	3 	4
f 2586 	4 	2583
f 2564 	2503 	2465
f 2564 	2466 	2463
f 2564 	2465 	2466
f 2592 	2088 	2079
f 2592 	2602 	2088
f 2171 	2301 	2593
f 2597 	2590 	2570
f 2593 	2172 	2171
f 2590 	2488 	2465
f 2593 	2594 	2172
f 2595 	2568 	2852
f 2568 	2595 	2596
f 2592 	2299 	2594
f 2568 	2596 	2570
f 2570 	2596 	2597
f 2590 	2597 	2488
f 2595 	2852 	2655
f 2597 	2598 	2488
f 2864 	2301 	2858
f 2598 	2597 	2657
f 2593 	2301 	2864
f 2599 	2598 	2657
f 2599 	2600 	2598
f 2865 	2594 	2593
f 2493 	3029 	2494
f 2601 	2447 	2525
f 2601 	2448 	2447
f 2006 	2541 	2514
f 2252 	2266 	2525
f 2557 	2514 	2541
f 2604 	2618 	2540
f 2557 	2558 	2514
f 2605 	2251 	2606
f 2603 	2495 	2602
f 2605 	2606 	2608
f 2251 	2263 	2606
f 2609 	2622 	2637
f 2603 	3180 	2000
f 2603 	2000 	1012
f 2855 	2607 	2853
f 2610 	2592 	2594
f 2592 	2610 	2602
f 2611 	2612 	2606
f 2276 	2613 	2263
f 2606 	2612 	2608
f 2559 	3077 	2514
f 2558 	2559 	2514
f 2611 	2263 	2613
f 2613 	2614 	2611
f 759 	2514 	3077
f 2611 	2614 	2612
f 2614 	2615 	2612
f 1698 	1672 	1671
f 2276 	1305 	2613
f 1307 	2613 	1305
f 1694 	1666 	1665
f 1307 	2614 	2613
f 1696 	1665 	1664
f 1307 	2615 	2614
f 1307 	2616 	2615
f 1663 	1683 	1697
f 2588 	2617 	2589
f 1307 	2703 	2702
f 1307 	2705 	2703
f 2078 	2589 	2617
f 2591 	2078 	2077
f 2540 	2618 	2550
f 2617 	3051 	3008
f 2618 	2619 	2550
f 2617 	3008 	2135
f 1077 	1076 	2625
f 2631 	2632 	2618
f 2625 	2626 	1077
f 2618 	2632 	2619
f 2629 	1079 	2626
f 2550 	2619 	2553
f 1999 	1998 	1675
f 2619 	2623 	2553
f 2624 	2625 	1076
f 2639 	2637 	2622
f 1078 	1077 	2626
f 2628 	2555 	2623
f 2630 	770 	2629
f 2628 	2659 	2555
f 2630 	769 	770
f 2622 	2867 	2627
f 2631 	2618 	2604
f 2625 	2624 	1675
f 2604 	2605 	2631
f 2261 	2523 	2440
f 2625 	1675 	2626
f 2626 	1675 	2629
f 2914 	2913 	2523
f 2619 	2634 	2623
f 2633 	2635 	2607
f 2635 	2914 	2607
f 2523 	2607 	2914
f 2632 	2634 	2619
f 2636 	2609 	2637
f 2636 	2633 	2609
f 2607 	2609 	2633
f 2634 	2638 	2628
f 1674 	769 	1675
f 2628 	2623 	2634
f 2638 	2664 	2628
f 2630 	1675 	769
f 2640 	2641 	2642
f 2642 	2641 	2643
f 2629 	1675 	2630
f 2628 	2664 	2659
f 2639 	2622 	2644
f 2477 	2585 	2587
f 2646 	2658 	1662
f 2605 	2608 	2631
f 1075 	2648 	2650
f 2587 	2649 	2477
f 2650 	2645 	1075
f 2587 	2647 	2649
f 2632 	2654 	2634
f 1673 	2646 	2645
f 1673 	2645 	1674
f 1721 	2651 	407
f 2651 	2674 	2652
f 2493 	2600 	3029
f 769 	1674 	2648
f 2608 	2653 	2631
f 2631 	2653 	2632
f 2650 	1674 	2645
f 2648 	1674 	2650
f 2653 	2654 	2632
f 2600 	214 	3029
f 1673 	2658 	2646
f 2656 	2596 	2595
f 2608 	2685 	2653
f 1686 	2000 	1687
f 2595 	2655 	2656
f 2653 	2686 	2654
f 2596 	2656 	2657
f 2002 	1685 	1684
f 1698 	1684 	1672
f 2656 	2665 	2657
f 1656 	1662 	2658
f 2672 	1656 	2658
f 2657 	2597 	2596
f 2663 	2656 	2655
f 1089 	2662 	2660
f 2655 	2661 	2663
f 2660 	2662 	2816
f 2665 	2656 	2663
f 2660 	2816 	2773
f 2599 	2657 	2665
f 2664 	2666 	2659
f 2662 	1091 	2667
f 2666 	2696 	2668
f 1108 	1112 	2669
f 1108 	2669 	2667
f 230 	2665 	2663
f 408 	2670 	409
f 2652 	2670 	408
f 1112 	1146 	2892
f 2669 	1112 	2892
f 2669 	2892 	2894
f 1143 	2903 	2892
f 2670 	2676 	2671
f 1143 	3027 	2903
f 2585 	402 	2671
f 2674 	2651 	2673
f 2675 	2670 	2652
f 2652 	2674 	2675
f 2676 	2670 	2675
f 2676 	2587 	2671
f 2585 	2671 	2587
f 2678 	2675 	2674
f 2647 	2587 	2676
f 2679 	2577 	2678
f 2677 	2678 	2577
f 2690 	2679 	2674
f 2677 	2675 	2678
f 2681 	2573 	2680
f 2647 	2680 	2573
f 2654 	2682 	2634
f 2638 	2634 	2682
f 2677 	2577 	2683
f 2573 	2681 	2577
f 2638 	2684 	2664
f 2682 	2684 	2638
f 2675 	2677 	2683
f 2675 	2681 	2676
f 2683 	2681 	2675
f 2666 	2664 	2695
f 2680 	2676 	2681
f 2684 	2695 	2664
f 2680 	2647 	2676
f 2608 	2612 	2685
f 2685 	2686 	2653
f 2682 	2654 	2687
f 2654 	2686 	2687
f 2687 	2689 	2682
f 2674 	2673 	2690
f 2693 	2577 	2692
f 2679 	2694 	2577
f 2673 	2688 	2690
f 2682 	2689 	2684
f 2678 	2674 	2679
f 2691 	2577 	2693
f 2612 	2615 	2685
f 2686 	2685 	2616
f 2688 	2693 	2690
f 2615 	2616 	2685
f 2692 	2690 	2693
f 2688 	2691 	2693
f 2687 	2686 	2616
f 2679 	2690 	2694
f 2694 	2692 	2577
f 2690 	2692 	2694
f 3016 	2673 	3012
f 2666 	2695 	2696
f 2651 	3012 	2673
f 2695 	2699 	2696
f 2697 	2699 	2695
f 3370 	2577 	3305
f 2689 	2697 	2684
f 2689 	2703 	2697
f 2688 	3305 	2691
f 2697 	2695 	2684
f 2616 	2700 	2687
f 2702 	2687 	2700
f 2687 	2702 	2689
f 2702 	2703 	2689
f 2697 	2705 	2699
f 2703 	2705 	2697
f 2706 	2926 	2701
f 2700 	2616 	1307
f 2704 	2706 	2701
f 1307 	2702 	2700
f 2909 	2929 	11
f 2555 	2713 	2549
f 2549 	2713 	2709
f 2713 	2714 	2709
f 2713 	2716 	2714
f 2709 	2714 	2710
f 2710 	2715 	1299
f 2714 	2715 	2710
f 1300 	1299 	2715
f 2713 	2555 	2659
f 2659 	2716 	2713
f 2716 	2717 	2714
f 2708 	2588 	2711
f 2712 	2711 	2589
f 2714 	2717 	2715
f 2588 	2589 	2711
f 2712 	2589 	2591
f 2659 	2666 	2716
f 2666 	2668 	2716
f 2716 	2668 	2717
f 2726 	2770 	2668
f 2696 	2699 	2728
f 2357 	3104 	2721
f 1308 	2719 	2718
f 1308 	2720 	2719
f 2722 	2422 	2723
f 1308 	2721 	2720
f 1308 	2732 	1307
f 2723 	2750 	2724
f 2750 	2751 	2724
f 2727 	2725 	2726
f 2726 	2668 	2728
f 2727 	2726 	2728
f 2668 	2696 	2728
f 2728 	2729 	2730
f 2727 	2728 	2730
f 2730 	2731 	2727
f 2699 	2729 	2728
f 2733 	2729 	2732
f 2705 	2732 	2729
f 2729 	2733 	2730
f 2733 	2734 	2730
f 2730 	2734 	2731
f 2432 	2735 	2431
f 2734 	2736 	2731
f 2699 	2705 	2729
f 2733 	2732 	1308
f 1308 	2734 	2733
f 2736 	2734 	1308
f 2405 	2735 	2319
f 1308 	2718 	2736
f 2705 	1307 	2732
f 1300 	2738 	2739
f 2410 	2735 	2409
f 2735 	2410 	2722
f 2582 	2580 	2741
f 2722 	2723 	2735
f 2723 	2724 	2735
f 2740 	2580 	2127
f 2127 	2132 	2740
f 2741 	2580 	2740
f 2754 	2755 	2735
f 2582 	2741 	2742
f 2755 	2759 	2735
f 2759 	2760 	2735
f 2741 	2790 	2742
f 2760 	2761 	2735
f 2761 	2762 	2735
f 2762 	2763 	2735
f 2763 	2764 	2735
f 2132 	2175 	2740
f 2764 	2620 	2735
f 2620 	2621 	2735
f 2621 	2707 	2735
f 2741 	2740 	2788
f 2707 	2708 	2735
f 2741 	2788 	2790
f 2708 	2711 	2735
f 2791 	2743 	2742
f 2711 	2712 	2735
f 2744 	2284 	2282
f 2745 	2574 	2582
f 2745 	2746 	2578
f 2735 	2724 	2747
f 2747 	2748 	2735
f 2748 	2749 	2735
f 2735 	2432 	2433
f 2735 	2433 	2434
f 2735 	2434 	2435
f 2316 	2735 	2435
f 2316 	2318 	2735
f 2318 	2319 	2735
f 2735 	2405 	2406
f 2406 	2407 	2735
f 2408 	2735 	2407
f 2735 	2408 	2409
f 2712 	2441 	2735
f 2441 	2431 	2735
f 2735 	2749 	2753
f 2735 	2753 	2754
f 2750 	2723 	2422
f 2747 	2724 	2751
f 2751 	2752 	2747
f 2959 	2961 	2751
f 2747 	2752 	2748
f 2959 	2751 	2750
f 2752 	2751 	2961
f 2610 	2758 	2756
f 2610 	2756 	2602
f 2756 	2603 	2602
f 1392 	1395 	2757
f 2754 	203 	2755
f 205 	2759 	2755
f 2760 	2759 	208
f 2759 	205 	208
f 2760 	208 	198
f 2760 	198 	2761
f 2761 	200 	2762
f 198 	200 	2761
f 2762 	200 	202
f 2762 	202 	2763
f 2748 	2766 	2749
f 2752 	2766 	2748
f 2767 	2753 	2749
f 2749 	2766 	2767
f 2767 	2768 	2753
f 2767 	591 	2768
f 2753 	2768 	2754
f 2768 	203 	2754
f 2768 	592 	203
f 2755 	203 	205
f 1300 	2739 	2737
f 2715 	2738 	1300
f 2738 	2769 	2739
f 2770 	2769 	2738
f 2768 	591 	592
f 2715 	2717 	2770
f 2715 	2770 	2738
f 2313 	2125 	2130
f 2770 	2725 	2769
f 2770 	2726 	2725
f 2771 	2744 	2579
f 2579 	2746 	2771
f 2717 	2668 	2770
f 2744 	2771 	2285
f 1826 	2772 	1827
f 1828 	1827 	2775
f 2744 	2285 	2284
f 2582 	2742 	2745
f 230 	2599 	2665
f 2745 	2743 	2746
f 2742 	2743 	2745
f 2501 	2459 	2842
f 2842 	2459 	2787
f 2774 	2772 	2777
f 2776 	2777 	2772
f 2774 	2777 	2778
f 2780 	2285 	2771
f 2774 	2778 	2775
f 2771 	2746 	2779
f 2332 	2775 	2778
f 2743 	2779 	2746
f 2778 	2334 	2332
f 2776 	2783 	2777
f 2778 	2784 	2334
f 2782 	2783 	2776
f 2777 	2784 	2778
f 2777 	2783 	2784
f 2783 	2815 	2785
f 2815 	2783 	2782
f 2783 	2785 	2786
f 2785 	2789 	2786
f 2783 	2786 	2784
f 2780 	2771 	2779
f 2784 	2336 	2334
f 2336 	2784 	2786
f 2459 	2452 	2806
f 2740 	2175 	2788
f 2339 	2786 	2789
f 2190 	2788 	2175
f 2788 	2191 	2790
f 2190 	2191 	2788
f 2781 	2842 	2787
f 2793 	2794 	3058
f 1856 	2792 	2795
f 2793 	2796 	2794
f 1826 	1856 	2795
f 1826 	2795 	2772
f 2790 	2791 	2742
f 2796 	2798 	2794
f 2798 	2800 	2794
f 2791 	2799 	2743
f 1303 	2797 	2801
f 2800 	2802 	2794
f 2802 	2803 	2794
f 1303 	2801 	2792
f 2803 	2804 	2794
f 2792 	2805 	2795
f 2804 	2806 	2794
f 2792 	2801 	2805
f 2779 	2743 	2799
f 2795 	2776 	2772
f 2806 	2453 	2794
f 2779 	2807 	2780
f 2776 	2795 	2805
f 2799 	2807 	2779
f 2517 	2780 	2807
f 2191 	2193 	2790
f 2790 	2193 	2791
f 2791 	2193 	2198
f 2791 	2198 	2799
f 2201 	2807 	2799
f 2801 	2809 	2810
f 2809 	2813 	2810
f 2201 	1205 	2807
f 2801 	2810 	2805
f 477 	2818 	475
f 2805 	2810 	2782
f 478 	2818 	477
f 2247 	2818 	479
f 2810 	2815 	2782
f 478 	479 	2818
f 482 	481 	2247
f 2810 	2813 	2815
f 481 	483 	2247
f 483 	484 	2247
f 2787 	2459 	2806
f 2782 	2776 	2805
f 2453 	3058 	2794
f 484 	488 	2247
f 488 	489 	2247
f 490 	2247 	489
f 2808 	2812 	2809
f 2808 	2811 	2812
f 2800 	3270 	2802
f 2813 	2809 	2812
f 2818 	497 	496
f 2818 	499 	500
f 496 	499 	2818
f 475 	2818 	501
f 501 	2818 	500
f 2819 	2822 	2815
f 479 	482 	2247
f 2817 	2825 	2819
f 2817 	3297 	2825
f 2802 	2814 	2803
f 2803 	2781 	2804
f 2824 	2821 	2823
f 2785 	2815 	2822
f 2781 	2803 	2814
f 2820 	2823 	2821
f 2822 	2789 	2785
f 2787 	2806 	2804
f 2804 	2781 	2787
f 2822 	2819 	2827
f 2825 	2827 	2819
f 2343 	2822 	2827
f 2854 	2758 	2900
f 2879 	2900 	2758
f 2833 	2816 	2662
f 2662 	2667 	2833
f 1395 	1381 	2757
f 2427 	2428 	2834
f 2757 	2835 	2765
f 2442 	2430 	2836
f 2834 	2836 	2427
f 1381 	2835 	2757
f 2423 	2438 	2836
f 2836 	2849 	2423
f 2836 	2869 	2849
f 2836 	2838 	2869
f 2837 	2838 	2834
f 2834 	2838 	2836
f 3270 	3282 	2814
f 3282 	2840 	2814
f 2839 	2841 	2837
f 2814 	2840 	2781
f 2757 	1730 	1392
f 1730 	2765 	1731
f 2842 	2781 	2840
f 2837 	2841 	2838
f 2757 	2765 	1730
f 2840 	2845 	2842
f 2839 	2843 	2841
f 2831 	2843 	2839
f 3180 	2603 	2756
f 2856 	2756 	2758
f 2850 	2851 	2756
f 2845 	2840 	2844
f 2847 	2756 	2846
f 2831 	3134 	2843
f 2845 	2568 	2501
f 2845 	2501 	2842
f 2847 	2846 	1381
f 2835 	1381 	2846
f 2847 	2850 	2756
f 2844 	2852 	2845
f 3191 	3180 	2851
f 2844 	2848 	2852
f 1435 	2851 	1381
f 1381 	2850 	2847
f 2852 	2568 	2845
f 2850 	1381 	2851
f 2846 	2756 	2856
f 2758 	2854 	2856
f 2848 	2857 	2859
f 2846 	2856 	2835
f 2856 	2854 	2835
f 2848 	2859 	2852
f 2869 	2871 	2849
f 3191 	2851 	1435
f 2849 	2871 	2853
f 2309 	2499 	2858
f 2855 	2853 	2875
f 2871 	2875 	2853
f 2858 	2301 	2309
f 2857 	2861 	2863
f 2523 	2853 	2607
f 2857 	2863 	2859
f 2655 	2852 	2859
f 2855 	2860 	2607
f 236 	254 	2861
f 2607 	2860 	2609
f 2861 	2857 	236
f 2860 	2862 	2609
f 259 	2861 	254
f 2855 	2887 	2860
f 2861 	261 	2863
f 2861 	259 	261
f 2609 	2862 	2622
f 2863 	2661 	2655
f 2863 	2655 	2859
f 2865 	2593 	2864
f 2610 	2594 	2865
f 2858 	2876 	2864
f 2864 	2876 	2879
f 2864 	2879 	2865
f 2622 	2862 	2867
f 2404 	3009 	2866
f 2498 	2562 	2868
f 2866 	2911 	2886
f 2867 	2862 	3038
f 2866 	3009 	2911
f 2868 	2499 	2498
f 2499 	2868 	2874
f 2499 	2874 	2858
f 2453 	2414 	2872
f 2870 	2872 	2414
f 2870 	2873 	2872
f 2869 	2878 	2871
f 3002 	2944 	2872
f 2869 	2838 	2877
f 2841 	2877 	2838
f 2876 	2858 	2874
f 2877 	2878 	2869
f 2871 	2878 	2875
f 2881 	2875 	2878
f 2882 	2870 	2414
f 2881 	3043 	2875
f 2865 	2758 	2610
f 2865 	2879 	2758
f 2880 	2882 	2414
f 2843 	2883 	2841
f 2843 	3134 	2883
f 2905 	2906 	2874
f 2841 	2883 	2877
f 2883 	2884 	2877
f 2877 	2884 	2878
f 2884 	2885 	2881
f 2884 	2881 	2878
f 2421 	2866 	2880
f 2765 	1756 	1757
f 1757 	1754 	2765
f 2882 	2880 	2886
f 2866 	2886 	2880
f 2667 	2669 	2889
f 2876 	2897 	2879
f 2889 	2833 	2667
f 2900 	2879 	2898
f 2894 	2889 	2669
f 2902 	2874 	2868
f 2765 	13 	11
f 2765 	2835 	13
f 2644 	2622 	2895
f 2627 	2895 	2622
f 2886 	2893 	2888
f 2641 	2640 	2627
f 2895 	2627 	2640
f 2888 	2896 	2890
f 2897 	2876 	2906
f 2893 	2896 	2888
f 2898 	2879 	2897
f 2601 	2635 	2448
f 2890 	2899 	2891
f 2633 	2636 	2448
f 3492 	2868 	2562
f 2637 	2639 	2448
f 2896 	2899 	2890
f 2633 	2448 	2635
f 2899 	2901 	2891
f 2904 	2902 	2868
f 2448 	2636 	2637
f 2892 	2903 	3035
f 2874 	2902 	2905
f 2876 	2874 	2906
f 3035 	2903 	3041
f 2448 	2639 	2644
f 2640 	2448 	2895
f 2640 	2642 	2448
f 2642 	2643 	2448
f 32 	2698 	2907
f 2893 	2920 	2896
f 2644 	2895 	2448
f 2698 	2926 	2907
f 2907 	976 	32
f 2920 	2908 	2896
f 2130 	2302 	2313
f 2899 	2896 	2908
f 2130 	1967 	2302
f 2897 	13 	2898
f 2898 	13 	2835
f 2898 	2835 	2900
f 2854 	2900 	2835
f 13 	2904 	24
f 2904 	13 	2902
f 2906 	2905 	13
f 2902 	13 	2905
f 13 	2897 	2906
f 2910 	977 	976
f 1967 	1968 	2303
f 1968 	1969 	2304
f 1969 	1949 	2304
f 1958 	1979 	2401
f 1034 	1 	5
f 2907 	2910 	976
f 597 	1038 	2912
f 2935 	2909 	2955
f 2911 	2893 	2886
f 2909 	2941 	2948
f 2 	590 	2912
f 1038 	6 	2912
f 2911 	3009 	2915
f 1979 	2931 	2401
f 2910 	2916 	977
f 2 	2912 	7
f 2912 	6 	7
f 1 	585 	2583
f 2930 	11 	2929
f 2915 	2917 	2911
f 2913 	2601 	2440
f 2635 	2601 	2914
f 2914 	2601 	2913
f 2915 	2924 	2917
f 2911 	2917 	2893
f 2918 	2919 	2246
f 2917 	2920 	2893
f 2916 	2922 	978
f 2243 	2921 	2918
f 2918 	2923 	2919
f 2921 	2923 	2918
f 2765 	11 	2704
f 2704 	11 	2706
f 3026 	2924 	2915
f 2245 	2223 	2925
f 2925 	2921 	2245
f 2917 	2927 	2920
f 2924 	2927 	2917
f 2926 	2698 	2701
f 2929 	2909 	2928
f 2920 	3130 	2908
f 2927 	3130 	2920
f 1967 	2130 	1944
f 2910 	2929 	2928
f 2930 	2910 	2907
f 2929 	2910 	2930
f 2034 	2933 	1978
f 2926 	2932 	2907
f 1978 	2933 	1979
f 2930 	2907 	2932
f 1979 	2934 	2931
f 2928 	2909 	2936
f 2936 	2909 	2935
f 2933 	2934 	1979
f 2928 	2936 	2910
f 2925 	2937 	2921
f 2910 	2936 	2916
f 2934 	86 	2931
f 2935 	2916 	2936
f 2921 	2937 	2923
f 2935 	2955 	2916
f 2925 	2223 	2447
f 2071 	2938 	2034
f 2925 	2447 	2448
f 2448 	2937 	2925
f 2034 	2938 	2933
f 2938 	87 	2933
f 2818 	2247 	2919
f 2926 	2706 	2939
f 3232 	2919 	2923
f 2938 	153 	87
f 2933 	87 	2934
f 2939 	11 	2940
f 2934 	88 	86
f 2939 	2940 	2926
f 87 	88 	2934
f 2926 	2940 	2932
f 2071 	1002 	2938
f 1002 	153 	2938
f 2932 	11 	2930
f 2932 	2940 	11
f 2939 	2706 	11
f 28 	2909 	11
f 2417 	2402 	2942
f 2942 	2420 	2417
f 2976 	227 	229
f 2962 	2946 	2943
f 2909 	28 	2941
f 2941 	234 	227
f 28 	234 	2941
f 2942 	2951 	2420
f 2950 	2944 	3002
f 2944 	2952 	2945
f 2949 	2948 	2941
f 2950 	2952 	2944
f 2949 	227 	2976
f 2941 	227 	2949
f 2951 	2953 	2422
f 2958 	2956 	2949
f 2750 	2422 	2953
f 2950 	2954 	2952
f 2942 	2402 	2994
f 2956 	2957 	2948
f 2946 	3055 	3056
f 2948 	2949 	2956
f 2948 	2955 	2909
f 2955 	2948 	2966
f 2946 	3056 	2943
f 2916 	2955 	2922
f 2966 	2948 	2957
f 2960 	2958 	2976
f 2750 	2953 	2959
f 2976 	2977 	2969
f 3083 	3240 	2448
f 2937 	2448 	3240
f 2643 	2641 	2962
f 2641 	2627 	2962
f 2946 	2962 	2627
f 2962 	2963 	2964
f 2956 	2958 	2986
f 2964 	2643 	2962
f 2958 	2960 	2986
f 2965 	2963 	2943
f 2962 	2943 	2963
f 2922 	2966 	2957
f 2943 	2968 	2965
f 2955 	2966 	2922
f 2766 	2752 	2967
f 2976 	2969 	2960
f 2752 	2961 	2967
f 2960 	2969 	2986
f 2971 	2995 	2986
f 2873 	2974 	2872
f 2974 	2975 	2872
f 2958 	2949 	2976
f 2870 	2882 	2978
f 2448 	2964 	3083
f 2963 	3083 	2964
f 2882 	2888 	2978
f 2978 	2873 	2870
f 3083 	2968 	2970
f 2973 	3083 	2970
f 3083 	2965 	2968
f 2873 	2979 	2974
f 2996 	550 	2998
f 2643 	2964 	2448
f 2963 	2965 	3083
f 2978 	2979 	2873
f 2974 	2980 	2975
f 2979 	2980 	2974
f 2980 	2981 	2975
f 2976 	229 	2977
f 229 	231 	2977
f 2975 	2981 	3001
f 551 	2998 	550
f 2922 	2986 	979
f 2886 	2888 	2882
f 2888 	2890 	2978
f 2978 	2890 	2979
f 2984 	3246 	2985
f 2985 	3247 	2987
f 2891 	2980 	2979
f 2985 	3246 	3247
f 2987 	3248 	2988
f 2890 	2891 	2979
f 2986 	2989 	1366
f 2987 	3247 	3248
f 2981 	2980 	2991
f 2967 	2972 	2766
f 2766 	2972 	2767
f 552 	2999 	551
f 3000 	2999 	552
f 591 	2767 	2972
f 2953 	96 	2959
f 1366 	2989 	1367
f 97 	2961 	2959
f 2991 	2980 	2891
f 99 	2967 	2961
f 2891 	2901 	2991
f 2989 	2992 	1367
f 2981 	2991 	2993
f 591 	2972 	133
f 3144 	2991 	2901
f 2402 	2401 	2931
f 2947 	2981 	2993
f 2971 	2969 	2977
f 2402 	2931 	2994
f 2996 	2995 	550
f 2951 	2942 	91
f 2986 	2922 	2956
f 2957 	2956 	2922
f 91 	2942 	2994
f 2977 	549 	2971
f 2995 	2971 	549
f 92 	2951 	91
f 549 	550 	2995
f 2953 	2951 	92
f 551 	2997 	2998
f 2997 	551 	2999
f 92 	96 	2953
f 3000 	552 	3007
f 97 	2959 	96
f 2969 	2971 	2986
f 2995 	2996 	2986
f 3001 	2872 	2975
f 2986 	2996 	2998
f 3001 	3002 	2872
f 99 	2961 	97
f 2972 	2967 	131
f 99 	131 	2967
f 2872 	2944 	2945
f 131 	133 	2972
f 2931 	86 	2994
f 3002 	3001 	2947
f 2998 	2997 	2986
f 2981 	2947 	3001
f 2989 	2986 	2997
f 86 	103 	2994
f 2947 	2950 	3002
f 3000 	2989 	2999
f 2997 	2999 	2989
f 2947 	3005 	2950
f 2993 	3005 	2947
f 3006 	3007 	552
f 3005 	2954 	2950
f 3000 	3007 	2989
f 2989 	3007 	2992
f 3013 	246 	243
f 3009 	2404 	2470
f 3006 	2992 	3007
f 552 	1124 	3006
f 3006 	3422 	2992
f 3003 	3018 	3004
f 3003 	3015 	3018
f 3009 	2470 	3011
f 3010 	3011 	2470
f 2915 	3009 	3011
f 3012 	2651 	1721
f 3013 	243 	584
f 2473 	3014 	3010
f 3010 	3017 	3011
f 3014 	3017 	3010
f 3026 	2915 	3017
f 3016 	3012 	3349
f 2494 	3019 	3014
f 2691 	3305 	2577
f 3004 	3020 	3008
f 3004 	3018 	3020
f 3019 	2399 	3014
f 584 	586 	3021
f 3019 	146 	2399
f 584 	3021 	3013
f 3014 	2399 	3017
f 3013 	3023 	3015
f 2400 	3026 	2399
f 3013 	3021 	3023
f 3015 	3024 	3018
f 3015 	3023 	3024
f 2688 	2673 	3016
f 3022 	2688 	3016
f 3018 	3024 	3025
f 2894 	2892 	3035
f 3011 	3017 	2915
f 2894 	3035 	3074
f 3017 	2399 	3026
f 3018 	3025 	3020
f 3026 	3028 	2924
f 2295 	3020 	3025
f 3044 	3042 	3027
f 2903 	3027 	3042
f 2400 	3028 	3026
f 3028 	3187 	2924
f 3032 	3044 	3027
f 1691 	2672 	2658
f 3023 	3021 	1009
f 2773 	3053 	2545
f 3023 	1009 	1010
f 2924 	3187 	2927
f 3023 	1010 	3024
f 3024 	1011 	3025
f 2816 	2833 	3060
f 1010 	1011 	3024
f 3064 	3060 	2833
f 3025 	1011 	653
f 653 	2295 	3025
f 3030 	2764 	2763
f 2494 	3029 	3019
f 2833 	2889 	3064
f 2600 	2599 	213
f 3030 	2763 	202
f 213 	214 	2600
f 3031 	2764 	3030
f 338 	3019 	3029
f 3030 	192 	3031
f 3031 	2620 	2764
f 3019 	338 	146
f 2620 	3033 	2621
f 3068 	3069 	2894
f 2620 	3031 	3033
f 2621 	3033 	3034
f 3066 	3058 	2945
f 2872 	2945 	3058
f 2875 	2887 	2855
f 2860 	2887 	3036
f 3042 	3041 	2903
f 3034 	2707 	2621
f 2894 	3074 	3068
f 2860 	3036 	2862
f 2707 	3034 	3037
f 3039 	3040 	3035
f 3040 	3074 	3035
f 3038 	2862 	3036
f 3035 	3041 	3045
f 3037 	2708 	2707
f 3035 	3045 	3039
f 3037 	2588 	2708
f 2875 	3043 	2887
f 202 	190 	3030
f 3043 	3046 	2887
f 1690 	1689 	2672
f 2887 	3046 	3036
f 192 	3030 	190
f 3050 	3038 	3036
f 3031 	192 	194
f 3050 	3036 	3046
f 3031 	194 	3033
f 3033 	3047 	3034
f 3048 	3043 	2881
f 2885 	3048 	2881
f 194 	3047 	3033
f 3049 	3034 	3047
f 3040 	3039 	1689
f 3047 	3003 	3049
f 3042 	3044 	1689
f 3034 	3049 	3037
f 3044 	3032 	1689
f 3039 	3045 	1689
f 3037 	3049 	3051
f 3043 	3052 	3046
f 3041 	3042 	1689
f 3048 	3052 	3043
f 3032 	2672 	1689
f 3052 	2820 	3046
f 3051 	2588 	3037
f 3051 	2617 	2588
f 3053 	3077 	2545
f 2820 	3050 	3046
f 3047 	194 	246
f 3003 	3047 	246
f 2946 	2627 	2867
f 2867 	3055 	2946
f 3066 	2945 	2952
f 3054 	3064 	3073
f 2453 	2872 	3058
f 3057 	3053 	2773
f 3057 	2773 	2816
f 3119 	3120 	3058
f 3059 	3061 	3058
f 3061 	2793 	3058
f 2816 	3060 	3057
f 3081 	3080 	3057
f 3062 	3063 	3060
f 3081 	3057 	3063
f 3060 	3063 	3057
f 3059 	264 	3061
f 3059 	285 	264
f 3060 	3065 	3062
f 3061 	264 	266
f 3054 	3065 	3064
f 3060 	3064 	3065
f 3061 	266 	2793
f 2889 	2894 	3069
f 3064 	2889 	3070
f 3066 	3071 	3072
f 3069 	3070 	2889
f 3070 	3073 	3064
f 3066 	3072 	3067
f 3067 	3075 	3118
f 3072 	3075 	3067
f 3066 	2952 	3071
f 3124 	3071 	3076
f 3062 	3065 	1688
f 3054 	1688 	3065
f 3063 	3062 	1688
f 3054 	3073 	1688
f 1688 	3070 	3069
f 1688 	3069 	3068
f 3070 	1688 	3073
f 3068 	3074 	1688
f 3074 	3040 	1688
f 3051 	3049 	3004
f 1689 	1688 	3040
f 3221 	3224 	2990
f 2990 	3224 	3264
f 2968 	2943 	3079
f 3078 	3077 	3053
f 2943 	3099 	3079
f 3053 	3057 	3078
f 3080 	3078 	3057
f 3079 	3103 	3082
f 759 	3077 	3078
f 3080 	759 	3078
f 3081 	759 	3080
f 3079 	3099 	3103
f 1688 	759 	3063
f 3081 	3063 	759
f 1694 	1667 	1666
f 1697 	1696 	1663
f 3085 	3082 	3105
f 1677 	1676 	1998
f 1998 	1676 	1675
f 3103 	3105 	3082
f 2002 	1686 	1685
f 2658 	1673 	1691
f 2672 	1691 	1690
f 3045 	3041 	1689
f 3079 	2970 	2968
f 3082 	2973 	3079
f 3124 	3072 	3071
f 2970 	3079 	2973
f 3082 	3101 	2973
f 3099 	2943 	3056
f 2867 	3087 	3055
f 3088 	3055 	3087
f 3055 	3088 	3056
f 2867 	3038 	3087
f 3089 	3087 	3090
f 3087 	3089 	3088
f 3089 	3114 	3088
f 3087 	3038 	3090
f 3050 	3090 	3038
f 3089 	3090 	3091
f 3090 	2821 	3091
f 3090 	3050 	2821
f 2820 	2821 	3050
f 3092 	3095 	3093
f 3094 	3107 	3113
f 3107 	3094 	3092
f 3095 	3092 	3094
f 3113 	3096 	3094
f 3094 	3097 	3095
f 3094 	3096 	3097
f 134 	129 	3097
f 3096 	3098 	2826
f 3096 	2826 	3097
f 2826 	134 	3097
f 3084 	3198 	3085
f 3083 	3100 	3086
f 2827 	2364 	2343
f 2822 	2343 	2789
f 2789 	2343 	2344
f 2789 	2344 	2339
f 2825 	2361 	2827
f 2827 	2362 	2364
f 3085 	3204 	3082
f 3082 	3102 	3101
f 2973 	3101 	3083
f 3100 	3083 	3102
f 3085 	3105 	3107
f 3102 	3083 	3101
f 3107 	3084 	3085
f 3092 	3084 	3107
f 3110 	3103 	3099
f 3103 	3110 	3105
f 3112 	3105 	3110
f 3108 	3093 	3202
f 3084 	3092 	3108
f 3122 	3123 	3093
f 3123 	3202 	3093
f 3093 	3108 	3092
f 3109 	3099 	3056
f 3109 	3056 	3088
f 3109 	3110 	3099
f 3113 	3107 	3105
f 3105 	3112 	3113
f 3051 	3004 	3008
f 3088 	3114 	3109
f 3109 	3115 	3110
f 3114 	3115 	3109
f 759 	2660 	2514
f 3112 	3110 	3116
f 3115 	3116 	3110
f 3072 	294 	3075
f 3112 	3116 	3117
f 2521 	2514 	2660
f 3071 	2952 	2954
f 3071 	2954 	3076
f 3112 	3117 	3113
f 3113 	3117 	3096
f 3058 	3066 	3067
f 3067 	3118 	3058
f 3118 	3119 	3058
f 3100 	3111 	3086
f 3058 	3120 	3121
f 3121 	3059 	3058
f 3201 	3197 	3084
f 2514 	2521 	351
f 3108 	3201 	3084
f 3118 	3075 	277
f 3118 	277 	3119
f 3120 	3119 	278
f 277 	278 	3119
f 3125 	3126 	3114
f 3120 	278 	281
f 3114 	3126 	3115
f 3120 	281 	3121
f 3115 	3126 	3127
f 3116 	3115 	3127
f 3121 	281 	285
f 3117 	3116 	3128
f 3116 	3127 	3128
f 3121 	285 	3059
f 3125 	3089 	3091
f 984 	351 	2521
f 3089 	3125 	3114
f 3124 	294 	3072
f 3236 	3124 	3076
f 294 	3124 	498
f 3236 	498 	3124
f 298 	277 	3075
f 298 	3075 	294
f 3117 	3098 	3096
f 3098 	3117 	3128
f 2821 	3316 	3091
f 3125 	3091 	3331
f 2831 	2832 	3134
f 3129 	2901 	2899
f 2899 	2908 	3129
f 2884 	3139 	2885
f 3122 	3093 	3131
f 3139 	3048 	2885
f 3102 	3082 	3204
f 3146 	3230 	3048
f 2820 	3052 	2823
f 3230 	2823 	3052
f 3316 	3331 	3091
f 3331 	3332 	3125
f 3100 	3123 	3111
f 3334 	3128 	3127
f 3098 	3128 	3323
f 3323 	3128 	3334
f 3098 	3323 	2826
f 2828 	2826 	3323
f 2821 	2824 	3316
f 3123 	3122 	3111
f 3122 	3131 	3111
f 3111 	3132 	3086
f 567 	3135 	2832
f 3135 	3136 	2832
f 2832 	3136 	3134
f 567 	571 	3135
f 3129 	2908 	3133
f 3130 	3133 	2908
f 2883 	3134 	3137
f 2883 	3137 	2884
f 3138 	2884 	3137
f 3138 	3139 	2884
f 3140 	3137 	3134
f 3134 	3136 	3140
f 3137 	3141 	3138
f 3140 	3141 	3137
f 3139 	3138 	3142
f 3141 	3142 	3138
f 3189 	3143 	3130
f 3143 	3133 	3130
f 3144 	2993 	2991
f 3142 	3141 	3192
f 3144 	3145 	2993
f 3048 	3139 	3146
f 3005 	2993 	3145
f 3142 	3147 	3139
f 3145 	3148 	3005
f 3139 	3147 	3146
f 3147 	3149 	3146
f 3005 	3148 	2954
f 3237 	3076 	3148
f 3144 	2901 	3150
f 3147 	3206 	3149
f 3205 	3206 	3147
f 3150 	2901 	3129
f 3206 	3207 	3149
f 3145 	3144 	3151
f 3150 	3151 	3144
f 3152 	3135 	571
f 3151 	3153 	3145
f 3135 	3154 	3136
f 3152 	3154 	3135
f 1148 	2660 	759
f 3145 	3153 	3148
f 571 	3155 	3152
f 3152 	3156 	3154
f 3155 	3156 	3152
f 3160 	3151 	3150
f 2660 	1148 	1089
f 3155 	658 	3157
f 3133 	3158 	3129
f 3155 	3159 	3156
f 3129 	3158 	3150
f 3159 	3155 	3157
f 3158 	3160 	3150
f 3159 	3161 	3156
f 984 	1089 	351
f 3151 	3162 	3153
f 3160 	3162 	3151
f 3162 	3242 	3153
f 658 	670 	3157
f 1148 	351 	1089
f 3133 	3163 	3158
f 3161 	3159 	3170
f 3143 	3163 	3133
f 3159 	3168 	3170
f 3163 	3164 	3158
f 3170 	3171 	3161
f 3158 	3164 	3160
f 3160 	3166 	3162
f 3164 	3166 	3160
f 3165 	3168 	3157
f 3165 	3176 	3168
f 1431 	3167 	3169
f 3157 	3168 	3159
f 1431 	3169 	1432
f 3169 	3172 	1433
f 3169 	1433 	1432
f 3165 	670 	3173
f 3167 	3175 	3169
f 3173 	3176 	3165
f 3167 	3174 	3175
f 3172 	3169 	3177
f 3175 	3177 	3169
f 3176 	3178 	3168
f 3168 	3178 	3170
f 3170 	3179 	3171
f 3178 	3179 	3170
f 672 	678 	3173
f 2829 	3176 	3173
f 2756 	2851 	3180
f 3191 	3193 	3180
f 1433 	3184 	1434
f 3172 	3184 	1433
f 2829 	3173 	678
f 2829 	3178 	3176
f 2829 	3179 	3178
f 2829 	3181 	3179
f 2829 	3182 	3181
f 2829 	3183 	3182
f 3164 	1500 	3166
f 2829 	3185 	3183
f 1434 	3186 	1435
f 2829 	3244 	3185
f 3136 	3154 	3188
f 3195 	3188 	3154
f 3188 	3140 	3136
f 3187 	3189 	2927
f 3188 	3190 	3140
f 3184 	3186 	1434
f 3140 	3190 	3141
f 2927 	3189 	3130
f 3190 	3192 	3141
f 3194 	3180 	3193
f 3490 	3180 	3194
f 2400 	1503 	1473
f 3192 	3205 	3142
f 1473 	1474 	2400
f 3154 	3156 	3195
f 1464 	1463 	3028
f 3156 	3161 	3195
f 1463 	3187 	3028
f 3188 	3196 	3190
f 3084 	3197 	3198
f 3195 	3196 	3188
f 3196 	3199 	3192
f 3192 	3190 	3196
f 3201 	3108 	3200
f 3108 	3202 	3200
f 3161 	3203 	3195
f 3195 	3203 	3196
f 3085 	3198 	3204
f 3203 	3216 	3196
f 3161 	3171 	3203
f 3100 	3197 	3201
f 3198 	3197 	3100
f 3171 	3222 	3203
f 3147 	3142 	3205
f 3100 	3201 	3200
f 3200 	3202 	3100
f 3100 	3202 	3123
f 3209 	3210 	3206
f 3206 	3210 	3207
f 3102 	3204 	3100
f 3192 	3199 	3208
f 3204 	3198 	3100
f 3208 	3205 	3192
f 3209 	3206 	3205
f 3208 	3209 	3205
f 2389 	3111 	3131
f 2389 	3132 	3111
f 3132 	2390 	3215
f 2377 	3215 	2390
f 3209 	3219 	3210
f 3211 	3215 	3212
f 3132 	3215 	3211
f 3212 	3213 	3277
f 3209 	3218 	3219
f 3196 	3216 	3199
f 3213 	3212 	2392
f 3199 	3217 	3208
f 3212 	3215 	2392
f 3216 	3217 	3199
f 2392 	2393 	3213
f 3213 	2393 	3214
f 3218 	3209 	3208
f 3208 	3217 	3218
f 3216 	3203 	3222
f 3222 	3223 	3216
f 3171 	3179 	3222
f 3221 	3212 	3224
f 3216 	3223 	3217
f 3223 	3225 	3217
f 3086 	3220 	3083
f 3223 	3183 	3225
f 3086 	3211 	3220
f 3086 	3132 	3211
f 3218 	3217 	3225
f 3221 	3220 	3211
f 3218 	3226 	3219
f 3225 	3226 	3218
f 3211 	3212 	3221
f 3224 	3212 	3277
f 3181 	3222 	3179
f 3228 	2818 	3227
f 3181 	3182 	3222
f 3227 	3232 	3233
f 3182 	3223 	3222
f 3227 	3233 	3228
f 3187 	1463 	1468
f 1468 	1469 	3187
f 2818 	3228 	2982
f 3182 	3183 	3223
f 3228 	3229 	2982
f 3225 	3185 	3226
f 1445 	3143 	3189
f 3228 	3235 	3229
f 3183 	3185 	3225
f 3185 	3244 	3226
f 1445 	1496 	3143
f 3163 	3143 	1496
f 2982 	3229 	2983
f 3052 	3048 	3230
f 3149 	3230 	3146
f 3230 	3231 	2823
f 3227 	2818 	2919
f 1498 	1497 	3163
f 3149 	3231 	3230
f 1496 	1498 	3163
f 2824 	2823 	3231
f 3149 	3207 	3231
f 3164 	1497 	1500
f 1501 	3166 	1500
f 3233 	3235 	3228
f 3237 	3236 	3076
f 2919 	3232 	3227
f 3232 	3238 	3233
f 2954 	3148 	3076
f 3239 	3236 	3237
f 3238 	3232 	3240
f 3233 	2990 	3235
f 3238 	2990 	3233
f 3239 	3237 	3241
f 3239 	502 	3236
f 2990 	3264 	3235
f 2937 	3240 	3232
f 2923 	2937 	3232
f 3219 	3276 	3210
f 3236 	502 	498
f 3240 	3220 	3238
f 3153 	3241 	3237
f 3153 	3237 	3148
f 3240 	3083 	3220
f 3241 	3242 	3243
f 3220 	3221 	3238
f 2829 	2830 	3244
f 3238 	3221 	2990
f 3244 	3245 	3306
f 3243 	3239 	3241
f 3239 	520 	502
f 3239 	3243 	520
f 3244 	2830 	3245
f 3153 	3242 	3241
f 3242 	3250 	3251
f 3246 	3281 	3257
f 1501 	1515 	3166
f 3242 	3251 	3243
f 3243 	573 	520
f 3251 	573 	3243
f 3242 	3162 	3166
f 3250 	3242 	3166
f 1514 	3251 	1513
f 3250 	1513 	3251
f 1514 	1892 	3251
f 3246 	3257 	3259
f 1892 	573 	3251
f 791 	3368 	3258
f 3257 	3266 	3268
f 3250 	3166 	1515
f 3257 	3268 	3259
f 2793 	266 	3260
f 3259 	3247 	3246
f 2830 	3249 	3245
f 3260 	2796 	2793
f 3247 	3259 	3261
f 2830 	3252 	3249
f 2830 	3253 	3252
f 3262 	2798 	2796
f 2830 	3254 	3253
f 2830 	3256 	3254
f 2830 	3258 	3256
f 3247 	3261 	3248
f 2796 	3260 	3262
f 2830 	791 	3258
f 2386 	3248 	3261
f 2798 	3262 	3263
f 3375 	3234 	3265
f 3255 	3264 	3257
f 3266 	3257 	3264
f 3263 	2800 	2798
f 3270 	2800 	3263
f 3267 	3269 	3265
f 3267 	3271 	3269
f 3270 	2814 	2802
f 3259 	3268 	3273
f 3272 	3260 	266
f 266 	268 	3272
f 3271 	3267 	3210
f 3207 	3210 	3267
f 3260 	3272 	3274
f 3259 	3273 	3261
f 3261 	3273 	2387
f 3274 	3262 	3260
f 3262 	3274 	3279
f 3269 	3271 	3275
f 3266 	3264 	3277
f 3224 	3277 	3264
f 3268 	3266 	3278
f 3275 	3271 	3276
f 3263 	3262 	3279
f 3266 	3277 	3278
f 3263 	3280 	3270
f 2395 	3273 	3268
f 3280 	3263 	3279
f 3270 	3280 	3282
f 3271 	3210 	3276
f 2388 	3273 	2395
f 2388 	2387 	3273
f 3292 	3272 	268
f 3268 	3278 	2395
f 3277 	3214 	3278
f 3213 	3214 	3277
f 3278 	2391 	2395
f 3214 	2391 	3278
f 2983 	3229 	3281
f 3229 	3255 	3281
f 3281 	2984 	2983
f 3281 	3246 	2984
f 3229 	3235 	3255
f 3255 	3257 	3281
f 3235 	3264 	3255
f 3294 	3279 	3274
f 1365 	1368 	1712
f 1724 	1712 	1368
f 3279 	3283 	3280
f 3280 	3284 	3282
f 3288 	3287 	3285
f 3280 	3283 	3284
f 3282 	3284 	2844
f 3288 	3285 	3286
f 3282 	2844 	2840
f 2581 	3290 	1934
f 2581 	3289 	3290
f 3291 	3290 	3289
f 3295 	3285 	3289
f 3289 	3285 	3291
f 3290 	185 	182
f 3290 	3291 	185
f 3292 	268 	456
f 3292 	3293 	3272
f 3272 	3293 	3274
f 3295 	3289 	2581
f 3285 	3295 	3286
f 3294 	3274 	3293
f 3294 	3283 	3279
f 3292 	456 	461
f 3292 	3296 	3293
f 3295 	1799 	3286
f 3292 	461 	3296
f 3293 	3296 	3298
f 3293 	3298 	3294
f 3294 	3299 	3283
f 3294 	3298 	3299
f 3345 	2721 	3104
f 3104 	2357 	2358
f 3104 	2358 	3106
f 3106 	2359 	3297
f 3297 	2361 	2825
f 3297 	2359 	2361
f 3283 	3299 	3300
f 2362 	2827 	2361
f 3302 	2812 	2811
f 3300 	3284 	3283
f 2811 	3301 	3302
f 3284 	3300 	2848
f 2812 	3302 	2817
f 3284 	2848 	2844
f 2813 	2812 	2817
f 3303 	3296 	461
f 461 	468 	3303
f 2813 	2817 	2819
f 3304 	3298 	3296
f 2813 	2819 	2815
f 3304 	3296 	3303
f 3301 	3104 	3106
f 3298 	3304 	3309
f 3301 	3106 	3302
f 3302 	3297 	2817
f 3297 	3302 	3106
f 2808 	2797 	3335
f 3309 	3299 	3298
f 2797 	2809 	2801
f 2797 	2808 	2809
f 3300 	3299 	236
f 2797 	3312 	3335
f 3300 	2857 	2848
f 3335 	2811 	2808
f 3300 	236 	2857
f 3276 	3306 	3307
f 3301 	3342 	3104
f 3345 	3104 	3342
f 2688 	3022 	3305
f 1926 	2737 	3418
f 237 	3304 	3303
f 3276 	3307 	3275
f 1913 	1926 	3418
f 237 	239 	3304
f 3307 	3308 	3275
f 3304 	239 	3309
f 1304 	1302 	1919
f 3310 	3392 	3327
f 3306 	3276 	3226
f 3219 	3226 	3276
f 236 	3299 	3309
f 3309 	254 	236
f 1303 	1304 	2797
f 3312 	2797 	1304
f 3309 	239 	254
f 3306 	3245 	3307
f 3245 	3249 	3307
f 3307 	3249 	3308
f 1913 	3418 	3313
f 3249 	3252 	3308
f 3313 	3314 	1913
f 3226 	3244 	3306
f 2824 	3318 	3234
f 3265 	3234 	3318
f 2824 	3234 	3316
f 3313 	3319 	3314
f 3320 	3314 	3319
f 3316 	3336 	3331
f 3234 	3336 	3316
f 3314 	3320 	3321
f 3231 	3318 	2824
f 3318 	3267 	3265
f 3318 	3231 	3267
f 3207 	3267 	3231
f 3314 	3321 	3315
f 3315 	3321 	3322
f 3315 	3322 	3317
f 3317 	3312 	1304
f 3317 	3322 	3312
f 3325 	3326 	3327
f 3328 	2828 	3323
f 3323 	3324 	3328
f 3325 	3329 	3326
f 1255 	1253 	3328
f 3126 	3125 	3332
f 3127 	3126 	3333
f 3332 	3333 	3126
f 3322 	3335 	3312
f 3333 	3334 	3127
f 3310 	3327 	3402
f 3331 	3337 	3332
f 3336 	3337 	3331
f 3326 	3329 	3402
f 3327 	3326 	3402
f 3332 	3337 	3333
f 3339 	3333 	3337
f 3329 	3330 	3402
f 3333 	3339 	3340
f 3338 	2811 	3335
f 3330 	3329 	3325
f 3333 	3340 	3334
f 3334 	3340 	3324
f 3341 	3345 	3342
f 3341 	3343 	3345
f 3334 	3324 	3323
f 3401 	3342 	3338
f 2811 	3338 	3301
f 3342 	3301 	3338
f 3234 	3375 	3336
f 3375 	3376 	3336
f 3336 	3376 	3337
f 3337 	3376 	3339
f 3379 	3339 	3376
f 3380 	3340 	3339
f 1717 	1716 	3346
f 3339 	3379 	3380
f 3347 	1718 	1717
f 3347 	1717 	3346
f 1718 	3347 	3349
f 3349 	1720 	1718
f 3324 	3348 	3350
f 1721 	1720 	3012
f 1720 	3349 	3012
f 3352 	3402 	3330
f 3348 	3351 	3353
f 3352 	3344 	3402
f 3346 	3352 	3354
f 3344 	3352 	3346
f 3348 	3353 	3350
f 3355 	3347 	3346
f 3355 	3346 	3354
f 3351 	3358 	3360
f 3347 	3355 	3356
f 3353 	3351 	3360
f 3347 	3356 	3349
f 3016 	3349 	3356
f 3343 	2721 	3345
f 3343 	2720 	2721
f 3365 	3358 	3357
f 3352 	3330 	3369
f 3369 	3354 	3352
f 3359 	3366 	3361
f 2769 	2725 	3364
f 3364 	3359 	2769
f 3363 	3365 	3357
f 3363 	3256 	3365
f 3364 	3366 	3359
f 3366 	3397 	3361
f 3358 	3368 	3360
f 3358 	3365 	3368
f 3367 	3369 	3330
f 3367 	3330 	3325
f 3403 	3404 	3364
f 3404 	3366 	3364
f 3252 	3253 	71
f 3362 	71 	3253
f 3254 	3362 	3253
f 3367 	3374 	3371
f 3367 	3371 	3369
f 3367 	3370 	3374
f 3362 	3254 	3363
f 2581 	2577 	3370
f 3256 	3363 	3254
f 3371 	3354 	3369
f 3368 	3365 	3258
f 3365 	3256 	3258
f 3372 	3373 	3370
f 3373 	3374 	3370
f 3372 	3355 	3373
f 3348 	3324 	3340
f 3354 	3373 	3355
f 3350 	3328 	3324
f 3371 	3374 	3354
f 3373 	3354 	3374
f 3375 	3382 	3376
f 3377 	3356 	3355
f 3372 	3370 	3378
f 3372 	3378 	3355
f 3378 	3377 	3355
f 3370 	3305 	3386
f 3348 	3340 	3380
f 3356 	3377 	3022
f 3265 	3269 	3381
f 3381 	3375 	3265
f 3381 	3382 	3375
f 3022 	3016 	3356
f 3379 	3376 	3383
f 3382 	3383 	3376
f 3378 	3370 	3384
f 3379 	3383 	3385
f 3377 	3378 	3384
f 3379 	3385 	3380
f 3380 	3351 	3348
f 3384 	3370 	3386
f 3377 	3384 	3386
f 3380 	3385 	3351
f 3388 	3381 	3269
f 3022 	3377 	3386
f 3305 	3022 	3386
f 3387 	2581 	3370
f 3382 	3390 	3383
f 3295 	2581 	3387
f 3269 	3275 	3388
f 3275 	3308 	3388
f 1126 	1164 	3415
f 3388 	3390 	3381
f 3389 	3417 	1164
f 3388 	71 	3390
f 1164 	1168 	3389
f 3308 	71 	3388
f 3381 	3390 	3382
f 3391 	3383 	3390
f 1171 	3409 	3389
f 3383 	3357 	3385
f 3389 	1170 	1171
f 3391 	3357 	3383
f 3385 	3358 	3351
f 3358 	3385 	3357
f 1171 	3393 	3392
f 3362 	3391 	71
f 3392 	3393 	3367
f 3390 	71 	3391
f 3362 	3363 	3391
f 3391 	3363 	3357
f 3308 	3252 	71
f 1762 	1769 	3393
f 3319 	3361 	3320
f 3394 	3320 	3361
f 3393 	3370 	3367
f 3321 	3320 	3395
f 3393 	1769 	3370
f 3395 	3320 	3394
f 3387 	3370 	1769
f 3396 	3322 	3321
f 3321 	3395 	3396
f 1795 	3387 	1769
f 3361 	3397 	3394
f 1724 	3398 	3399
f 3394 	3397 	3400
f 3397 	3406 	3400
f 3394 	3400 	3395
f 3395 	3401 	3396
f 3400 	3401 	3395
f 3415 	1164 	3417
f 3396 	3401 	3338
f 3407 	3408 	3389
f 3392 	3410 	1171
f 3399 	1725 	1724
f 3325 	3327 	3392
f 3396 	3338 	3335
f 3392 	3367 	3325
f 3310 	3311 	3392
f 3399 	3402 	1725
f 3342 	3401 	3341
f 3403 	2725 	2727
f 2727 	2731 	3403
f 3364 	2725 	3403
f 3422 	3006 	1124
f 3398 	1724 	2992
f 1125 	3421 	1124
f 1125 	1126 	3423
f 3403 	3412 	3404
f 1126 	3415 	3416
f 2731 	3412 	3403
f 3405 	3397 	3404
f 3366 	3404 	3397
f 3417 	3389 	3408
f 3405 	3406 	3397
f 3407 	3389 	3409
f 3400 	3341 	3401
f 3409 	1171 	3410
f 3406 	3341 	3400
f 3410 	3392 	3411
f 3398 	3408 	3399
f 3408 	3407 	3399
f 3407 	3409 	3399
f 3404 	3412 	3405
f 3413 	3405 	3412
f 3413 	3414 	3405
f 3409 	3410 	3399
f 3410 	3411 	3399
f 1125 	3423 	3421
f 3423 	1126 	3416
f 3405 	3414 	3406
f 3414 	3343 	3406
f 3416 	3415 	3398
f 3406 	3343 	3341
f 3415 	3417 	3398
f 2731 	2736 	3412
f 3417 	3408 	3398
f 3413 	3412 	2718
f 2736 	2718 	3412
f 2718 	2719 	3413
f 3414 	3413 	2719
f 3414 	2720 	3343
f 2720 	3414 	2719
f 3399 	3311 	3402
f 3322 	3396 	3335
f 3310 	3402 	3311
f 3411 	3392 	3419
f 3420 	3418 	2737
f 2737 	2739 	3420
f 3392 	3311 	3419
f 3418 	3319 	3313
f 3420 	3319 	3418
f 2739 	2769 	3359
f 3359 	3420 	2739
f 3359 	3361 	3420
f 3420 	3361 	3319
f 3399 	3411 	3419
f 3419 	3311 	3399
f 3422 	1124 	3421
f 2354 	1385 	1384
f 2992 	3422 	3398
f 1437 	2354 	1388
f 1386 	1388 	2354
f 1384 	1386 	2354
f 3398 	3422 	3421
f 3421 	3423 	3398
f 3416 	3398 	3423
f 1440 	1442 	2354
f 1440 	2354 	1439
f 1443 	2354 	1442
f 1443 	1449 	2354
f 1449 	1448 	2354
f 1437 	1439 	2354
f 3427 	3428 	1448
f 1490 	3436 	1487
f 1490 	1771 	3435
f 1771 	1879 	3435
f 1487 	3425 	1448
f 1879 	1878 	3435
f 1880 	2176 	1878
f 2176 	3435 	1878
f 1886 	2176 	1882
f 1880 	1882 	2176
f 1886 	1887 	2176
f 1887 	1889 	2176
f 1890 	2176 	1889
f 3427 	1448 	3426
f 3431 	3424 	2354
f 3432 	2354 	3424
f 3428 	3429 	2354
f 3431 	2354 	3430
f 2354 	1448 	3428
f 3430 	2354 	3429
f 3432 	3433 	2354
f 3433 	2348 	2354
f 3426 	1448 	3425
f 3437 	1487 	3436
f 3436 	1490 	3435
f 3437 	3425 	1487
f 3440 	3441 	2176
f 3435 	2176 	3434
f 3434 	2176 	100
f 2176 	3438 	3439
f 3440 	2176 	3439
f 2176 	125 	3438
f 100 	2176 	3441
f 3295 	1795 	1799
f 3295 	3387 	1795
f 1799 	1806 	3286
f 3286 	1806 	3288
f 1806 	2988 	3288
f 3285 	3287 	3291
f 3442 	3291 	3287
f 3442 	1508 	3291
f 3287 	3444 	3442
f 3444 	3287 	3443
f 3444 	2061 	3442
f 3442 	2061 	1508
f 3443 	2065 	2067
f 3444 	3443 	2067
f 3444 	2089 	2061
f 3444 	2067 	2089
f 3287 	3288 	3443
f 3443 	3445 	2386
f 2386 	2065 	3443
f 3288 	3445 	3443
f 2988 	3445 	3288
f 2988 	3248 	3445
f 2386 	3445 	3248
f 1378 	1721 	394
f 407 	394 	1721
f 2826 	2828 	137
f 1253 	137 	2828
f 793 	2829 	678
f 2829 	793 	2830
f 772 	3446 	3447
f 772 	460 	3446
f 2831 	3448 	564
f 2831 	564 	2832
f 3424 	3431 	3450
f 3432 	3424 	3450
f 3454 	3450 	3449
f 3480 	3451 	3425
f 3426 	3425 	3451
f 3426 	3451 	3452
f 3426 	3452 	3427
f 3428 	3453 	3429
f 3452 	3453 	3428
f 3452 	3428 	3427
f 3430 	3449 	3431
f 3453 	3449 	3430
f 3453 	3430 	3429
f 3449 	3450 	3431
f 3461 	3451 	3480
f 3461 	3462 	3451
f 3452 	3463 	3453
f 3453 	3463 	3454
f 3453 	3454 	3449
f 3450 	3454 	3455
f 3454 	3456 	3455
f 3457 	3455 	3456
f 3458 	3459 	3457
f 3458 	3457 	3456
f 3459 	3460 	3457
f 463 	431 	3468
f 431 	3459 	3458
f 3459 	433 	3460
f 3451 	3462 	3452
f 3463 	3452 	3462
f 3461 	3464 	3465
f 3464 	3467 	3465
f 3461 	3465 	3462
f 3462 	3466 	3463
f 3462 	3465 	3466
f 3463 	3456 	3454
f 3463 	3466 	3456
f 3484 	3447 	3464
f 3467 	3464 	3446
f 3468 	3465 	3467
f 3468 	3466 	3465
f 3466 	3468 	3458
f 3466 	3458 	3456
f 3446 	460 	462
f 3446 	462 	3467
f 3467 	462 	3468
f 463 	3468 	462
f 3458 	3468 	431
f 3469 	3432 	3450
f 3432 	3469 	3433
f 3469 	3470 	2347
f 3469 	2348 	3433
f 3469 	3473 	3470
f 2347 	3470 	2350
f 2351 	3471 	2352
f 3470 	3471 	2351
f 3471 	2834 	2353
f 3450 	3472 	3469
f 3469 	3472 	3473
f 3470 	3474 	3471
f 3450 	3455 	3472
f 3475 	3476 	3472
f 3472 	3476 	3473
f 3473 	3474 	3470
f 3457 	3475 	3455
f 3472 	3455 	3475
f 3473 	3477 	3474
f 3476 	3477 	3473
f 3460 	3475 	3457
f 3478 	3476 	3475
f 3475 	3460 	3478
f 3478 	3448 	3476
f 3476 	3448 	3477
f 563 	3478 	3460
f 433 	563 	3460
f 563 	3448 	3478
f 2360 	2834 	2363
f 3425 	3437 	3480
f 3461 	3482 	3464
f 3446 	3464 	3447
f 3434 	100 	101
f 3434 	101 	3479
f 3479 	3435 	3434
f 3436 	3480 	3437
f 3436 	3435 	3479
f 3436 	3479 	3480
f 3479 	3482 	3480
f 101 	107 	3481
f 3481 	3479 	101
f 3482 	3479 	3481
f 3461 	3480 	3482
f 107 	113 	3483
f 3483 	3481 	107
f 3481 	3484 	3482
f 3481 	3483 	3484
f 3484 	3464 	3482
f 3485 	3483 	113
f 3485 	113 	118
f 3483 	3485 	3447
f 3483 	3447 	3484
f 118 	1240 	3485
f 3485 	771 	3447
f 772 	3447 	771
f 3471 	3474 	2834
f 2837 	2834 	3474
f 3477 	2839 	2837
f 3477 	2837 	3474
f 2839 	3477 	2831
f 3448 	2831 	3477
f 102 	3439 	3438
f 125 	124 	3438
f 3440 	3439 	3486
f 102 	3486 	3439
f 3441 	3440 	3486
f 101 	3441 	3486
f 106 	3486 	102
f 3486 	107 	101
f 3486 	106 	107
f 101 	100 	3441
f 3194 	1435 	3186
f 3193 	1435 	3194
f 3180 	3489 	2000
f 3193 	3191 	1435
f 3177 	3487 	3172
f 3172 	3487 	3184
f 3184 	3487 	3488
f 3488 	3186 	3184
f 3489 	3180 	3490
f 3489 	3491 	2000
f 3489 	3490 	3186
f 3491 	3489 	3488
f 3186 	3488 	3489
f 3186 	3490 	3194
f 3492 	2562 	2006
f 3493 	2868 	3492
f 3494 	2868 	3493
f 3496 	3492 	2006
f 2868 	3494 	2904
f 3496 	2006 	3495
f 3496 	3493 	3492
f 340 	24 	343
f 3493 	24 	3494
f 2904 	3494 	24
f 3493 	3496 	24
f 3496 	3495 	24
f 343 	24 	3495
f 2514 	351 	343
f 343 	3495 	2514
f 511 	3174 	875
f 3174 	511 	3175
f 512 	3175 	511
f 512 	513 	3177
f 512 	3177 	3175
f 514 	3487 	513
f 3177 	513 	3487
f 3491 	516 	2000
f 1687 	2000 	516
f 515 	3487 	514
f 3488 	3487 	515
f 516 	3491 	515
f 3488 	515 	3491
f 146 	3498 	3497
f 3501 	3500 	146
f 3498 	146 	3500
f 3499 	1505 	3497
f 3497 	3498 	3499
f 348 	3504 	345
f 3498 	3500 	3499
f 1505 	3499 	3167
f 3501 	345 	3502
f 3500 	3501 	3499
f 3502 	3503 	3501
f 3499 	3501 	3503
f 3502 	345 	3504
f 348 	346 	3507
f 3506 	348 	3505
f 3507 	3505 	348
f 3504 	348 	3506
f 346 	3508 	3509
f 3506 	3503 	3504
f 3505 	3503 	3506
f 3502 	3504 	3503
f 3499 	3174 	3167
f 3499 	3503 	3174
f 346 	3509 	3507
f 363 	369 	3510
f 3510 	3508 	363
f 3509 	3508 	3503
f 3507 	3509 	3503
f 3505 	3507 	3503
f 3510 	875 	3508
f 742 	875 	369
f 875 	3174 	3503
f 3503 	3508 	875
f 3510 	369 	875
f 151 	152 	145
f 161 	145 	152
# 7024 faces

 #end of obj_0

