# Object Export From Tinkercad Server 2015

mtllib obj.mtl

o obj_0
v 111.7 		-4.665 		0
v 98.804 		-4.665 		0
v 98.803 		-4.665 		0
v 102.225 		67.791 		1.5
v 102.225 		67.791 		12.483
v 102.225 		61.466 		1.5
v 98.804 		-7.203 		0
v 98.803 		-7.203 		0
v 61.819 		20.075 		9.82
v 61.819 		19.193 		9.82
v 61.819 		17.524 		9.82
v 61.819 		16.642 		9.82
v 61.819 		14.973 		9.82
v 62.2 		14.566 		9.82
v 94.801 		25.373 		1.5
v 60.149 		14.973 		9.82
v 60.149 		16.642 		9.82
v 60.149 		17.524 		9.82
v 60.149 		19.193 		9.82
v 98.074 		23.982 		1
v 60.149 		20.075 		9.82
v 68.895 		63.428 		8
v 59.7 		14.566 		9.82
v 66.97 		46.161 		7.051
v 68.591 		33.882 		2.997
v 67.849 		33.765 		2.997
v 95.539 		23.611 		1.5
v 59.7 		14.566 		1.5
v 66.177 		45.757 		7.051
v 68.61 		33.8917 		2.997
v 61.819 		20.075 		1.5
v 60.149 		20.075 		1.5
v 61.819 		17.524 		1.5
v 60.149 		17.524 		1.5
v 61.819 		14.973 		1.5
v 60.149 		14.973 		1.5
v 64.481 		61.736 		7.961
v 60.149 		16.642 		1.5
v 61.819 		16.642 		1.5
v 95.541 		23.611 		1.5
v 60.149 		19.193 		1.5
v 61.819 		19.193 		1.5
v 99.226 		67.791 		11.324
v 100.795 		67.791 		9.003
v 100.795 		67.791 		9.6826
v 97.9465 		24.0585 		1
v 100.8 		67.791 		9.003
v 99.226 		67.791 		11.3059
v 67.106 		45.742 		7.392
v 100.8 		67.791 		2.998
v 65.905 		34.755 		2.997
v 65.8027 		34.956 		2.997
v 66.27 		34.39 		2.997
v 95.132 		24.902 		1.5
v 67.849 		45.859 		7.392
v 66.553 		-3.06 		1.5
v 97.689 		25.103 		1
v 99.226 		57.512 		11.324
v 64.528 		32.938 		2.997
v 64.528 		32.938 		1.5
v 70.575 		32.938 		1.5
v 70.575 		32.938 		2.997
v 99.226 		57.512 		2.998
v 66.26 		-3.031 		1.5
v 66.437 		45.4 		7.392
v 97.975 		25.337 		1
v 70.575 		33.112 		5.899
v 65.967 		-3.06 		1.5
v 70.575 		33.112 		2.997
v 99.226 		58.348 		2.998
v 65.685 		-3.146 		1.5
v 99.226 		58.447 		11.3059
v 99.226 		58.447 		9.003
v 97.881 		20.935 		1
v 99.226 		58.348 		9.003
v 71.655 		33.112 		5.899
v 68.591 		45.742 		7.392
v 65.425 		-3.284 		1.5
v 71.655 		32.526 		5.899
v 71.17 		33.112 		2.997
v 71.17 		33.112 		1.5
v 100.795 		58.447 		9.003
v 100.8 		58.348 		9.003
v 65.197 		-3.471 		1.5
v 97.881 		20.933 		0.998
v 100.795 		58.447 		9.6826
v 98.7243 		20.935 		1
v 98.7242 		20.933 		1
v 65.011 		-3.699 		1.5
v 100.8 		58.348 		2.998
v 71.655 		32.526 		9.053
v 97.382 		20.933 		0.998
v 78.828 		33.112 		1.5
v 78.828 		33.112 		5.899
v 66.97 		46.161 		3.338
v 67.849 		45.859 		2.997
v 77.704 		33.112 		5.899
v 77.704 		32.526 		5.899
v 64.872 		-3.959 		1.5
v 99.047 		67.185 		5.56
v 95.532 		24.48 		1.5
v 99.047 		67.185 		8.744
v 99.047 		57.782 		8.744
v 99.047 		57.782 		5.56
v 77.704 		32.526 		9.053
v 95.989 		24.116 		1.5
v 67.106 		45.742 		2.997
v 64.786 		-4.241 		1.5
v 66.437 		45.4 		2.997
v 66.177 		45.757 		3.338
v 97.382 		20.933 		1
v 98.4337 		25.9044 		1
v 98.5746 		26.198 		1
v 97.409 		19.237 		0.998
v 97.409 		19.237 		1
v 95.996 		23.967 		1.5
v 97.382 		19.2325 		1
v 98.2222 		25.5999 		1
v 97.576 		19.285 		1
v 97.576 		19.285 		0.998
v 97.734 		19.349 		0.998
v 97.734 		19.349 		1
v 66.553 		-6.007 		1.5
v 67.302 		61.736 		7.961
v 66.26 		-6.036 		1.5
v 97.5556 		19.2791 		1
v 67.233 		61.736 		7.525
v 97.4254 		19.2417 		1
v 67.033 		61.736 		7.131
v 66.721 		61.736 		6.819
v 66.327 		61.736 		6.619
v 65.891 		61.736 		6.55
v 65.455 		61.736 		6.619
v 65.062 		61.736 		6.819
v 64.75 		61.736 		7.131
v 95.997 		23.967 		1.5
v 98.021 		19.525 		0.998
v 64.55 		61.736 		7.525
v 98.021 		19.525 		1
v 98.226 		25.604 		1
v 98.433 		25.903 		1
v 97.7456 		19.3561 		1
v 64.757 		-4.534 		1.5
v 66.3348 		45.298 		2.997
v 98.267 		19.759 		0.998
v 98.267 		19.759 		1
v 98.0287 		19.5324 		1
v 68.591 		45.742 		2.997
v 68.61 		45.7323 		2.997
v 64.786 		-4.827 		1.5
v 98.466 		20.042 		1
v 98.466 		20.042 		0.998
v 98.614 		20.367 		0.998
v 98.614 		20.367 		1
v 64.872 		-5.109 		1.5
v 65.011 		-5.368 		1.5
v 98.4606 		20.0343 		1
v 62.2 		34.956 		9.82
v 98.2733 		19.7679 		1
v 62.2 		34.956 		1.5
v 65.197 		-5.596 		1.5
v 98.707 		20.726 		0.998
v 61.819 		30.279 		9.82
v 98.707 		20.726 		1
v 60.149 		30.279 		9.82
v 98.6165 		20.3767 		1
v 96.1168 		24.0395 		1.5
v 99.504 		25.847 		1
v 65.425 		-5.783 		1.5
v 99.254 		25.348 		1
v 98.923 		24.894 		1
v 60.149 		31.948 		9.82
v 61.819 		31.948 		9.82
v 61.819 		32.83 		9.82
v 60.149 		32.83 		9.82
v 65.685 		-5.922 		1.5
v 60.149 		34.5 		9.82
v 61.819 		34.5 		9.82
v 96.1176 		24.0395 		1.5
v 98.7082 		20.7405 		1
v 65.967 		-6.007 		1.5
v 99.677 		20.503 		0.998
v 66.835 		-5.922 		1.5
v 99.529 		19.965 		0.998
v 59.7 		34.956 		9.82
v 67.095 		-5.783 		1.5
v 98.523 		24.487 		1
v 98.067 		24.131 		1
v 59.7 		34.956 		1.5
v 98.975 		19.055 		0.998
v 61.819 		32.83 		1.5
v 60.149 		32.83 		1.5
v 61.819 		30.279 		1.5
v 60.149 		30.279 		1.5
v 98.5883 		26.2264 		1
v 99.293 		19.479 		0.998
v 82.828 		46.232 		1.5
v 60.149 		31.948 		1.5
v 61.819 		31.948 		1.5
v 67.322 		-5.596 		1.5
v 82.828 		46.232 		4.5
v 60.149 		34.5 		1.5
v 97.5798 		28.7826 		1
v 61.819 		34.5 		1.5
v 98.582 		18.706 		0.998
v 67.509 		-5.368 		1.5
v 86.248 		46.232 		4.5
v 97.7073 		28.7293 		1
v 95.5136 		26.198 		1.5
v 86.247 		46.2215 		4.5
v 95.644 		25.918 		1.5
v 67.648 		-5.109 		1.5
v 95.851 		25.609 		1.5
v 96.1014 		25.3327 		1.5
v 96.387 		25.093 		1.5
v 96.702 		24.896 		1.5
v 86.247 		46.2215 		1.5
v 67.734 		-4.827 		1.5
v 86.248 		46.232 		1.5
v 98.124 		18.442 		0.998
v 98.6872 		26.573 		1
v 67.762 		-4.534 		1.5
v 98.59 		26.23 		1
v 86.247 		46.2426 		1.5
v 97.871 		18.346 		0.998
v 97.606 		18.275 		0.998
v 67.734 		-4.241 		1.5
v 61.393 		61.466 		1.5
v 96.702 		24.895 		1.5
v 67.648 		-3.959 		1.5
v 61.393 		63.428 		1.5
v 67.509 		-3.699 		1.5
v 70.392 		63.428 		1.5
v 70.392 		61.466 		1.5
v 96.102 		25.332 		1.5
v 67.322 		-3.471 		1.5
v 97.4122 		28.833 		1
v 97.562 		28.79 		1
v 67.095 		-3.284 		1.5
v 90.225 		61.466 		1.5
v 90.225 		67.791 		1.5
v 98.723 		26.9499 		1
v 66.835 		-3.146 		1.5
v 98.809 		57.782 		8.639
v 98.809 		57.58 		8.639
v 98.809 		57.58 		5.639
v 98.69 		26.583 		1
v 98.809 		57.782 		5.639
v 95.99 		24.116 		1.5
v 60.415 		48.964 		1.5
v 95.534 		24.48 		1.5
v 60.155 		48.826 		1.5
v 59.927 		48.639 		1.5
v 94.553 		25.887 		1.5
v 94.803 		25.372 		1.5
v 95.134 		24.901 		1.5
v 92.995 		-3.274 		1.5
v 59.741 		48.411 		1.5
v 94.339 		29.7393 		1.5
v 96.738 		29.866 		1.5
v 97.395 		28.838 		1
v 97.382 		28.8402 		1
v 86.2417 		46.298 		1.5
v 59.602 		48.151 		1.5
v 82.8343 		46.298 		1.5
v 59.516 		47.869 		1.5
v 96.459 		29.823 		1.5
v 59.487 		47.576 		1.5
v 98.6942 		27.3277 		1
v 59.516 		47.283 		1.5
v 98.723 		26.9733 		1
v 92.767 		-3.461 		1.5
v 95.941 		29.656 		1.5
v 104.87 		58.148 		3.5
v 104.87 		58.148 		1.5
v 96.193 		29.752 		1.5
v 98.6026 		27.6892 		1
v 110.869 		58.148 		1.5
v 110.869 		58.148 		3.5
v 98.693 		27.342 		1
v 59.602 		47.001 		1.5
v 92.581 		-3.689 		1.5
v 107.87 		56.648 		3.5
v 59.741 		46.742 		1.5
v 102.225 		51.347 		12.483
v 102.225 		51.347 		1.5
v 95.482 		29.392 		1.5
v 59.927 		46.514 		1.5
v 98.4565 		28.0141 		1
v 98.6 		27.699 		1
v 60.155 		46.327 		1.5
v 95.09 		29.042 		1.5
v 92.442 		-3.949 		1.5
v 65.5299 		43.984 		2.997
v 98.2593 		28.3 		1
v 65.4978 		43.782 		2.997
v 98.452 		28.024 		1
v 60.415 		46.188 		1.5
v 94.535 		28.133 		1.5
v 94.771 		28.619 		1.5
v 92.356 		-4.231 		1.5
v 61.407 		48.811 		1.5
v 61.407 		49.0122 		1.5
v 61.565 		48.964 		1.5
v 94.387 		27.595 		1.5
v 61.825 		48.826 		1.5
v 61.8432 		48.811 		1.5
v 62.239 		46.742 		1.5
v 62.378 		47.001 		1.5
v 94.392 		26.438 		1.5
v 92.327 		-4.524 		1.5
v 62.464 		47.283 		1.5
v 98.0148 		28.5375 		1
v 98.253 		28.309 		1
v 62.492 		47.576 		1.5
v 92.356 		-4.817 		1.5
v 96.85 		28.865 		1.5
v 62.464 		47.869 		1.5
v 96.681 		28.838 		1.5
v 96.515 		28.791 		1.5
v 96.357 		28.728 		1.5
v 96.07 		28.555 		1.5
v 95.824 		28.326 		1.5
v 95.625 		28.048 		1.5
v 92.442 		-5.099 		1.5
v 95.477 		27.729 		1.5
v 95.385 		27.376 		1.5
v 95.353 		26.998 		1.5
v 95.388 		26.617 		1.5
v 95.487 		26.255 		1.5
v 62.378 		48.151 		1.5
v 92.581 		-5.358 		1.5
v 102.152 		47.11 		3.856
v 98.007 		28.545 		1
v 92.767 		-5.586 		1.5
v 62.239 		48.411 		1.5
v 102.152 		47.11 		1.5
v 97.72 		28.724 		1
v 62.052 		48.639 		1.5
v 92.995 		-5.773 		1.5
v 102.914 		46.298 		3.856
v 103.914 		46.298 		3.856
v 102.914 		46.298 		9.589
v 103.914 		46.298 		9.589
v 94.123 		-3.05 		1.5
v 61.283 		49.05 		1.5
v 103.914 		45.298 		3.856
v 102.914 		45.298 		3.856
v 60.99 		49.079 		1.5
v 103.914 		45.298 		9.589
v 102.914 		45.298 		9.589
v 93.537 		-3.05 		1.5
v 60.697 		49.05 		1.5
v 93.255 		-3.136 		1.5
v 61.283 		46.103 		1.5
v 60.99 		46.074 		1.5
v 61.565 		46.188 		1.5
v 94.123 		-5.997 		1.5
v 93.83 		-6.026 		1.5
v 104.87 		52.149 		3.5
v 61.825 		46.327 		1.5
v 104.87 		52.149 		1.5
v 105.414 		46.298 		3.856
v 94.339 		27.017 		1.5
v 94.395 		26.437 		1.5
v 105.414 		46.298 		9.589
v 93.255 		-5.912 		1.5
v 62.052 		46.514 		1.5
v 93.537 		-5.997 		1.5
v 105.414 		45.298 		3.856
v 65.005 		42.782 		2.997
v 94.773 		28.617 		1.5
v 105.414 		45.298 		9.589
v 94.537 		28.131 		1.5
v 94.39 		27.594 		1.5
v 96.738 		29.863 		1.5
v 96.459 		29.82 		1.5
v 96.194 		29.75 		1.5
v 95.942 		29.653 		1.5
v 95.483 		29.39 		1.5
v 95.091 		29.04 		1.5
v 82.513 		-5.821 		1.5
v 94.551 		25.887 		1.5
v 68.7752 		41.265 		2.997
v 99.662 		26.385 		1
v 69.261 		41.513 		2.997
v 106.37 		55.148 		3.5
v 60.697 		46.103 		1.5
v 98.724 		26.961 		1
v 94.553 		25.887 		1
v 110.869 		52.149 		3.5
v 110.869 		52.149 		1.5
v 99.284 		28.578 		1
v 69.793 		42.044 		2.997
v 99.52 		28.083 		1
v 99.667 		27.539 		1
v 107.152 		47.11 		3.856
v 99.718 		26.96 		1
v 107.152 		47.11 		1.5
v 70.0668 		42.582 		2.997
v 70.41 		48.811 		1.5
v 106.414 		46.298 		3.856
v 70.134 		42.714 		2.997
v 90.1 		-5.821 		1.5
v 106.414 		46.298 		9.589
v 70.1448 		42.782 		2.997
v 95.541 		23.611 		1
v 106.414 		45.298 		3.856
v 65.905 		42.044 		2.997
v 106.414 		45.298 		9.589
v 65.6312 		42.582 		2.997
v 94.803 		25.372 		1
v 66.437 		41.513 		2.997
v 66.9221 		41.265 		2.997
v 84.538 		48.015 		1.5
v 65.564 		42.714 		2.997
v 65.5532 		42.782 		2.997
v 107.87 		53.648 		3.5
v 69.261 		41.513 		7.392
v 85.96 		47.222 		1.5
v 85.747 		47.492 		1.5
v 69.793 		42.044 		7.392
v 85.488 		47.714 		1.5
v 109.37 		55.148 		3.5
v 97.598 		29.818 		1
v 97.863 		29.744 		1
v 98.115 		29.645 		1
v 98.574 		29.372 		1
v 85.192 		47.879 		1.5
v 98.966 		29.012 		1
v 95.134 		24.901 		1
v 84.872 		47.98 		1.5
v 99.674 		20.504 		1
v 99.527 		19.967 		1
v 70.134 		42.714 		7.392
v 99.291 		19.481 		1
v 107.87 		53.648 		4.5
v 108.162 		53.677 		4.5
v 108.444 		53.762 		4.5
v 108.703 		53.901 		4.5
v 108.93 		54.087 		4.5
v 109.117 		54.315 		4.5
v 109.255 		54.574 		4.5
v 84.204 		47.98 		1.5
v 109.341 		54.855 		4.5
v 107.577 		53.677 		4.5
v 83.883 		47.879 		1.5
v 65.905 		42.044 		7.392
v 66.437 		41.513 		7.392
v 83.588 		47.714 		1.5
v 109.37 		55.148 		4.5
v 109.341 		55.441 		4.5
v 109.255 		55.722 		4.5
v 109.117 		55.981 		4.5
v 108.93 		56.209 		4.5
v 108.703 		56.395 		4.5
v 108.444 		56.534 		4.5
v 108.162 		56.619 		4.5
v 83.329 		47.492 		1.5
v 107.87 		56.648 		4.5
v 107.577 		56.619 		4.5
v 65.564 		42.714 		7.392
v 83.116 		47.222 		1.5
v 67.233 		61.736 		8.397
v 107.296 		56.534 		4.5
v 64.55 		61.736 		8.397
v 107.036 		56.395 		4.5
v 106.809 		56.209 		4.5
v 106.622 		55.981 		4.5
v 64.528 		46.686 		1.5
v 106.484 		55.722 		4.5
v 106.398 		55.441 		4.5
v 106.37 		55.148 		4.5
v 106.398 		54.855 		4.5
v 106.484 		54.574 		4.5
v 106.622 		54.315 		4.5
v 106.809 		54.087 		4.5
v 107.036 		53.901 		4.5
v 107.296 		53.762 		4.5
v 71.17 		46.686 		1.5
v 95.997 		23.967 		1
v 110.151 		21.614 		9.82
v 108.482 		21.614 		9.82
v 108.482 		23.283 		9.82
v 110.151 		23.283 		9.82
v 60.722 		-4.663 		1.5
v 59.7 		-3.273 		1.5
v 70.15 		41.785 		3.338
v 98.973 		19.058 		1
v 98.581 		18.708 		1
v 98.123 		18.444 		1
v 97.871 		18.348 		1
v 97.605 		18.278 		1
v 86.215 		46.58 		1.5
v 95.534 		24.48 		1
v 86.1865 		46.678 		1.5
v 110.151 		21.614 		1.5
v 108.482 		21.614 		1.5
v 108.482 		23.283 		1.5
v 110.151 		23.283 		1.5
v 70.554 		42.578 		3.338
v 95.99 		24.116 		1
v 82.861 		46.58 		1.5
v 82.8895 		46.678 		1.5
v 111.7 		-4.665 		1.5
v 62.2 		-3.273 		1.5
v 98.804 		-7.203 		1.5
v 98.803 		-7.203 		1.5
v 63.3135 		-7.203 		1.5
v 86.118 		46.914 		1.5
v 70.15 		41.785 		7.051
v 110.124 		12.469 		9.821
v 108.455 		12.469 		9.821
v 70.554 		42.578 		7.051
v 108.455 		14.138 		9.821
v 110.124 		14.138 		9.821
v 108.2 		11.956 		9.821
v 99.672 		21.66 		1.5
v 82.958 		46.914 		1.5
v 110.124 		12.469 		1.5
v 108.455 		12.469 		1.5
v 108.455 		14.138 		1.5
v 110.124 		14.138 		1.5
v 98.7052 		21.466 		1.5
v 98.702 		21.501 		1.5
v 98.603 		21.869 		1.5
v 97.382 		21.992 		1.5
v 97.382 		21.466 		1.5
v 97.881 		21.466 		1.5
v 96.1176 		24.0395 		1
v 60.774 		-4.663 		1.5
v 70.41 		59.984 		8.5
v 99.67 		21.661 		1.5
v 70.392 		59.984 		8.5
v 70.409 		59.984 		8.5
v 99.513 		22.21 		1.5
v 70.41 		59.984 		1.5
v 70.392 		59.984 		1.5
v 60.722 		-4.715 		1.5
v 99.263 		22.725 		1.5
v 98.932 		23.196 		1.5
v 93.83 		-3.021 		1.5
v 96.1014 		25.3327 		1
v 96.387 		25.093 		1
v 98.446 		22.212 		1.5
v 98.239 		22.527 		1.5
v 98.107 		22.676 		1.5
v 97.989 		22.808 		1.5
v 97.703 		23.052 		1.5
v 97.388 		23.253 		1.5
v 110.379 		-3.159 		9.821
v 97.388 		23.254 		1.5
v 97.989 		22.809 		1.5
v 96.702 		24.895 		1
v 96.102 		25.332 		1
v 99.511 		22.211 		1.5
v 99.261 		22.725 		1.5
v 98.93 		23.197 		1.5
v 64.528 		39.396 		1.5
v 96.738 		29.863 		1
v 82.828 		39.101 		1.5
v 110.379 		-3.159 		1.5
v 71.17 		39.396 		1.5
v 108.2 		-3.159 		9.821
v 59.7 		11.956 		1.5
v 99.67 		21.661 		1
v 62.2 		11.956 		1.5
v 62.2 		14.566 		1.5
v 96.459 		29.82 		1
v 107.577 		53.677 		3.5
v 86.248 		39.101 		1.5
v 65.144 		42.578 		7.051
v 99.511 		22.211 		1
v 70.575 		-2.643 		1.5
v 96.194 		29.75 		1
v 95.942 		29.653 		1
v 107.522 		53.6936 		3.5
v 65.548 		41.785 		7.051
v 78.828 		-2.643 		1.5
v 82.513 		-0.834 		1.5
v 99.261 		22.725 		1
v 86.247 		39.0905 		1.5
v 109.3425 		54.87 		3.5
v 109.341 		54.855 		3.5
v 86.247 		39.1116 		1.5
v 95.483 		29.39 		1
v 98.93 		23.197 		1
v 109.255 		54.574 		3.5
v 84.538 		37.319 		1.5
v 109.117 		54.315 		3.5
v 90.1 		-0.834 		1.5
v 84.872 		37.353 		1.5
v 95.091 		29.04 		1
v 108.2 		-3.159 		1.5
v 85.192 		37.454 		1.5
v 108.93 		54.087 		3.5
v 85.488 		37.619 		1.5
v 108.703 		53.901 		3.5
v 94.537 		28.131 		1
v 94.773 		28.617 		1
v 108.444 		53.762 		3.5
v 85.747 		37.841 		1.5
v 65.144 		42.578 		3.338
v 85.96 		38.111 		1.5
v 97.703 		23.052 		1
v 108.162 		53.677 		3.5
v 65.548 		41.785 		3.338
v 86.118 		38.419 		1.5
v 86.1374 		38.486 		1.5
v 61.819 		11.558 		1.5
v 60.149 		11.558 		1.5
v 60.149 		9.888 		1.5
v 61.819 		9.888 		1.5
v 82.958 		38.419 		1.5
v 82.9386 		38.486 		1.5
v 61.819 		9.03 		1.5
v 60.149 		9.03 		1.5
v 98.107 		22.676 		1
v 60.149 		7.36 		1.5
v 61.819 		7.36 		1.5
v 94.39 		27.594 		1
v 61.819 		6.502 		1.5
v 83.116 		38.111 		1.5
v 60.149 		6.502 		1.5
v 60.149 		4.832 		1.5
v 61.819 		4.832 		1.5
v 107.522 		56.6024 		3.5
v 107.577 		56.619 		3.5
v 61.819 		3.974 		1.5
v 60.149 		3.974 		1.5
v 60.149 		2.304 		1.5
v 83.329 		37.841 		1.5
v 61.819 		2.304 		1.5
v 97.388 		23.254 		1
v 61.819 		1.445 		1.5
v 60.149 		1.445 		1.5
v 60.149 		-0.224 		1.5
v 61.819 		-0.224 		1.5
v 83.588 		37.619 		1.5
v 94.339 		27.017 		1
v 61.819 		-1.083 		1.5
v 60.149 		-1.083 		1.5
v 83.883 		37.454 		1.5
v 60.149 		-2.752 		1.5
v 61.819 		-2.752 		1.5
v 97.989 		22.809 		1
v 84.204 		37.353 		1.5
v 108.162 		56.619 		3.5
v 110.124 		-2.793 		9.821
v 108.455 		-2.793 		9.821
v 94.395 		26.437 		1
v 108.444 		56.534 		3.5
v 108.455 		-1.124 		9.821
v 86.215 		38.754 		1.5
v 110.124 		-1.124 		9.821
v 110.124 		-0.249 		9.821
v 108.455 		-0.249 		9.821
v 108.455 		1.42 		9.821
v 110.124 		1.42 		9.821
v 110.124 		2.294 		9.821
v 108.455 		2.294 		9.821
v 82.861 		38.754 		1.5
v 96.85 		21.466 		1
v 108.703 		56.395 		3.5
v 96.85 		21.466 		0.998
v 110.151 		24.173 		9.82
v 108.482 		24.173 		9.82
v 96.85 		21.991 		0.998
v 108.455 		3.964 		9.821
v 110.124 		3.964 		9.821
v 110.124 		4.838 		9.821
v 96.85 		21.991 		1
v 108.455 		4.838 		9.821
v 108.482 		25.842 		9.82
v 110.151 		25.842 		9.82
v 110.151 		26.732 		9.82
v 108.482 		26.732 		9.82
v 108.455 		6.507 		9.821
v 110.124 		6.507 		9.821
v 110.124 		7.382 		9.821
v 108.482 		28.401 		9.82
v 108.455 		7.382 		9.821
v 110.151 		28.401 		9.82
v 110.151 		29.23 		9.82
v 108.482 		29.23 		9.82
v 64.528 		40.227 		1.5
v 108.455 		9.051 		9.821
v 110.124 		9.051 		9.821
v 110.124 		9.925 		9.821
v 108.455 		9.925 		9.821
v 108.455 		11.595 		9.821
v 110.124 		11.595 		9.821
v 71.17 		40.227 		1.5
v 110.151 		24.173 		1.5
v 108.482 		24.173 		1.5
v 108.482 		25.842 		1.5
v 110.151 		25.842 		1.5
v 58.288 		-4.663 		1.5
v 108.93 		56.209 		3.5
v 110.124 		9.925 		1.5
v 108.455 		9.925 		1.5
v 109.117 		55.981 		3.5
v 110.124 		7.382 		1.5
v 108.455 		7.382 		1.5
v 110.124 		4.838 		1.5
v 108.455 		4.838 		1.5
v 109.255 		55.722 		3.5
v 66.553 		-3.06 		0
v 110.124 		2.294 		1.5
v 108.455 		2.294 		1.5
v 110.151 		26.732 		1.5
v 66.26 		-3.031 		0
v 108.482 		26.732 		1.5
v 110.124 		-0.249 		1.5
v 108.455 		-0.249 		1.5
v 108.482 		28.401 		1.5
v 65.967 		-3.06 		0
v 110.151 		28.401 		1.5
v 110.124 		-2.793 		1.5
v 108.455 		-2.793 		1.5
v 65.685 		-3.146 		0
v 108.455 		-1.124 		1.5
v 110.124 		-1.124 		1.5
v 65.425 		-3.284 		0
v 109.341 		55.441 		3.5
v 108.455 		1.42 		1.5
v 110.124 		1.42 		1.5
v 65.197 		-3.471 		0
v 108.455 		3.964 		1.5
v 110.124 		3.964 		1.5
v 108.455 		6.507 		1.5
v 65.011 		-3.699 		0
v 110.124 		6.507 		1.5
v 108.455 		9.051 		1.5
v 110.124 		9.051 		1.5
v 64.872 		-3.959 		0
v 64.528 		39.396 		2.997
v 108.455 		11.595 		1.5
v 110.124 		11.595 		1.5
v 64.786 		-4.241 		0
v 110.151 		29.23 		1.5
v 71.17 		39.396 		2.997
v 108.482 		29.23 		1.5
v 70.134 		35.425 		7.392
v 66.553 		-6.007 		0
v 66.26 		-6.036 		0
v 70.252 		36.167 		7.392
v 70.134 		36.91 		7.392
v 64.757 		-4.534 		0
v 69.793 		37.579 		7.392
v 64.786 		-4.827 		0
v 58.288 		49.079 		1.5
v 64.872 		-5.109 		0
v 69.261 		38.111 		7.392
v 65.011 		-5.368 		0
v 65.197 		-5.596 		0
v 65.425 		-5.783 		0
v 65.685 		-5.922 		0
v 99.72 		26.961 		1.5
v 65.967 		-6.007 		0
v 65.446 		36.167 		7.392
v 65.564 		35.425 		7.392
v 110.379 		17.087 		9.821
v 110.379 		17.087 		1.5
v 108.2 		17.087 		1.5
v 108.2 		17.087 		9.821
v 58.288 		39.491 		1.5
v 110.124 		15.013 		9.821
v 108.455 		15.013 		9.821
v 66.835 		-5.922 		0
v 108.455 		16.682 		9.821
v 110.124 		16.682 		9.821
v 67.095 		-5.783 		0
v 67.106 		38.452 		7.392
v 67.322 		-5.596 		0
v 107.296 		53.762 		3.5
v 66.437 		38.111 		7.392
v 110.124 		15.013 		1.5
v 108.455 		15.013 		1.5
v 58.288 		61.466 		1.5
v 61.393 		59.963 		1.5
v 67.509 		-5.368 		0
v 68.591 		38.452 		7.392
v 108.455 		16.682 		1.5
v 110.124 		16.682 		1.5
v 61.407 		59.963 		1.5
v 61.407 		56.648 		1.5
v 107.036 		53.901 		3.5
v 67.648 		-5.109 		0
v 67.734 		-4.827 		0
v 98.804 		-4.665 		1.5
v 106.809 		54.087 		3.5
v 65.905 		37.579 		7.392
v 65.564 		36.91 		7.392
v 67.762 		-4.534 		0
v 67.734 		-4.241 		0
v 67.849 		38.57 		7.392
v 67.648 		-3.959 		0
v 98.803 		-4.665 		1.5
v 99.256 		25.349 		1.5
v 106.622 		54.315 		3.5
v 67.509 		-3.699 		0
v 90.225 		51.347 		1.5
v 70.554 		35.288 		7.051
v 98.925 		24.894 		1.5
v 67.322 		-3.471 		0
v 67.095 		-3.284 		0
v 70.693 		36.167 		7.051
v 66.835 		-3.146 		0
v 70.554 		37.046 		7.051
v 58.288 		61.466 		0
v 70.15 		37.839 		7.051
v 97.332 		25.99 		1.5
v 97.374 		24.905 		1.5
v 106.484 		54.574 		3.5
v 92.995 		-3.274 		0
v 98.532 		23.618 		1.5
v 60.415 		48.964 		0
v 97.374 		24.904 		1.5
v 69.521 		38.468 		7.051
v 92.767 		-3.461 		0
v 106.398 		54.855 		3.5
v 60.155 		48.826 		0
v 92.581 		-3.689 		0
v 59.927 		48.639 		0
v 92.442 		-3.949 		0
v 98.531 		23.618 		1.5
v 59.741 		48.411 		0
v 92.356 		-4.231 		0
v 59.602 		48.151 		0
v 98.525 		24.487 		1.5
v 59.516 		47.869 		0
v 92.327 		-4.524 		0
v 59.487 		47.576 		0
v 92.356 		-4.817 		0
v 59.516 		47.283 		0
v 92.442 		-5.099 		0
v 97.382 		28.8382 		1.5
v 59.602 		47.001 		0
v 97.332 		28.8468 		1.5
v 97.332 		27.928 		1.5
v 97.332 		27.926 		1.5
v 98.075 		23.982 		1.5
v 92.581 		-5.358 		0
v 59.741 		46.742 		0
v 92.767 		-5.586 		0
v 59.927 		46.514 		0
v 92.995 		-5.773 		0
v 60.155 		46.327 		0
v 98.074 		23.982 		1.5
v 60.415 		46.188 		0
v 106.398 		55.441 		3.5
v 94.123 		-3.05 		0
v 99.506 		25.847 		1.5
v 106.484 		55.722 		3.5
v 93.537 		-3.05 		0
v 62.239 		46.742 		0
v 93.255 		-3.136 		0
v 62.378 		47.001 		0
v 62.464 		47.283 		0
v 94.123 		-5.997 		0
v 93.83 		-6.026 		0
v 98.068 		24.131 		1.5
v 106.622 		55.981 		3.5
v 62.492 		47.576 		0
v 93.255 		-5.912 		0
v 62.464 		47.869 		0
v 93.537 		-5.997 		0
v 106.809 		56.209 		3.5
v 110.407 		18.681 		9.82
v 110.407 		18.681 		1.5
v 60.722 		-4.663 		0
v 108.227 		18.681 		9.82
v 108.227 		18.681 		1.5
v 62.378 		48.151 		0
v 70.134 		35.425 		2.997
v 70.554 		35.288 		3.338
v 110.151 		19.055 		9.82
v 108.482 		19.055 		9.82
v 60.722 		-4.715 		0
v 96.85 		21.992 		1.5
v 107.036 		56.395 		3.5
v 108.482 		20.725 		9.82
v 62.239 		48.411 		0
v 63.3135 		-7.203 		0
v 110.151 		20.725 		9.82
v 69.8953 		34.956 		2.997
v 62.052 		48.639 		0
v 60.774 		-4.663 		0
v 61.825 		48.826 		0
v 107.296 		56.534 		3.5
v 93.83 		-3.021 		0
v 110.151 		19.055 		1.5
v 108.482 		19.055 		1.5
v 108.482 		20.725 		1.5
v 110.151 		20.725 		1.5
v 61.565 		48.964 		0
v 70.693 		36.167 		3.338
v 58.288 		-4.663 		0
v 96.901 		25.991 		1.5
v 61.283 		49.05 		0
v 96.9 		25.991 		1.5
v 95.304 		-4.231 		0
v 96.901 		25.99 		1.5
v 95.218 		-3.949 		0
v 60.99 		49.079 		0
v 70.252 		36.167 		2.997
v 60.697 		49.05 		0
v 95.079 		-3.689 		0
v 94.892 		-3.461 		0
v 110.407 		43.984 		9.82
v 70.134 		36.91 		2.997
v 70.554 		37.046 		3.338
v 110.407 		43.984 		1.5
v 108.227 		43.984 		9.82
v 97.9473 		24.0586 		1.5
v 61.283 		46.103 		0
v 108.227 		43.984 		1.5
v 60.99 		46.074 		0
v 69.793 		37.579 		2.997
v 96.9 		28.8684 		1.5
v 70.15 		37.839 		3.338
v 96.9 		27.928 		1.5
v 97.606 		18.275 		1.5
v 96.901 		28.8685 		1.5
v 97.9465 		24.0585 		1.5
v 61.565 		46.188 		0
v 108.482 		35.956 		9.82
v 110.151 		35.956 		9.82
v 96.856 		28.866 		1.5
v 110.151 		36.83 		9.82
v 108.482 		36.83 		9.82
v 61.825 		46.327 		0
v 108.482 		38.5 		9.82
v 110.151 		38.5 		9.82
v 97.689 		25.103 		1.5
v 110.151 		39.374 		9.82
v 69.261 		38.111 		2.997
v 97.975 		25.337 		1.5
v 108.482 		39.374 		9.82
v 98.124 		18.442 		1.5
v 69.521 		38.468 		3.338
v 98.225 		25.604 		1.5
v 98.432 		25.902 		1.5
v 62.052 		46.514 		0
v 98.5741 		26.198 		1.5
v 97.871 		18.346 		1.5
v 108.482 		41.044 		9.82
v 110.151 		41.044 		9.82
v 110.151 		41.933 		9.82
v 108.482 		41.933 		9.82
v 108.482 		43.602 		9.82
v 110.151 		43.602 		9.82
v 68.61 		38.4423 		2.997
v 60.697 		46.103 		0
v 98.582 		18.706 		1.5
v 98.975 		19.055 		1.5
v 58.288 		21.466 		0
v 97.052 		23.407 		1.5
v 94.665 		-3.274 		0
v 97.052 		23.408 		1.5
v 99.529 		19.965 		1.5
v 99.293 		19.479 		1.5
v 99.254 		25.348 		1.5
v 102.914 		43.782 		3.856
v 103.914 		43.782 		3.856
v 105.414 		43.782 		3.856
v 106.414 		43.782 		3.856
v 99.677 		20.503 		1.5
v 94.405 		-3.136 		0
v 102.914 		43.782 		9.589
v 103.914 		43.782 		9.589
v 99.504 		25.847 		1.5
v 98.923 		24.894 		1.5
v 106.414 		43.782 		9.589
v 97.038 		24.744 		1.5
v 105.414 		43.782 		9.589
v 97.881 		20.935 		1.5
v 97.881 		20.933 		1.5
v 98.722 		20.933 		1.5
v 98.7222 		20.935 		1.5
v 98.067 		24.131 		1.5
v 98.523 		24.487 		1.5
v 98.116 		29.647 		1.5
v 97.382 		19.2345 		1.5
v 106.414 		42.782 		3.856
v 97.409 		19.239 		1.5
v 105.414 		42.782 		3.856
v 97.575 		19.287 		1.5
v 103.914 		42.782 		3.856
v 102.914 		42.782 		3.856
v 97.733 		19.351 		1.5
v 98.02 		19.527 		1.5
v 98.266 		19.761 		1.5
v 102.914 		41.265 		3.856
v 98.465 		20.044 		1.5
v 103.914 		41.265 		3.856
v 98.613 		20.369 		1.5
v 105.414 		41.265 		3.856
v 98.705 		20.728 		1.5
v 106.414 		41.265 		3.856
v 94.405 		-5.912 		0
v 68.728 		38.872 		3.338
v 94.665 		-5.773 		0
v 102.914 		41.265 		9.589
v 103.914 		41.265 		9.589
v 94.892 		-5.586 		0
v 106.414 		41.265 		9.589
v 105.414 		41.265 		9.589
v 98.575 		29.374 		1.5
v 97.382 		20.933 		1.5
v 95.079 		-5.358 		0
v 107.152 		39.491 		1.5
v 95.218 		-5.099 		0
v 107.152 		39.491 		3.856
v 102.152 		39.491 		3.856
v 102.152 		39.491 		1.5
v 97.029 		29.881 		1.5
v 68.728 		38.872 		7.051
v 95.304 		-4.817 		0
v 74.276 		29.055 		9.053
v 98.968 		29.014 		1.5
v 74.654 		29.115 		9.053
v 95.332 		-4.524 		0
v 73.935 		28.881 		9.053
v 106.414 		40.265 		3.856
v 99.286 		28.58 		1.5
v 105.414 		40.265 		3.856
v 103.914 		40.265 		3.856
v 73.664 		28.61 		9.053
v 102.914 		40.265 		3.856
v 73.49 		28.269 		9.053
v 99.522 		28.084 		1.5
v 103.914 		40.265 		9.589
v 102.914 		40.265 		9.589
v 75.818 		28.269 		9.053
v 106.414 		40.265 		9.589
v 105.414 		40.265 		9.589
v 75.644 		28.61 		9.053
v 96.265 		-7.203 		0
v 97.319 		29.865 		1.5
v 99.67 		27.541 		1.5
v 65.005 		36.167 		7.051
v 75.374 		28.881 		9.053
v 75.032 		29.055 		9.053
v 65.144 		35.288 		7.051
v 97.598 		29.82 		1.5
v 97.319 		29.863 		1.5
v 73.43 		27.89 		9.053
v 73.49 		27.512 		9.053
v 99.665 		26.386 		1.5
v 73.664 		27.171 		9.053
v 97.22 		28.866 		1.5
v 97.038 		28.876 		1.5
v 97.864 		29.747 		1.5
v 73.935 		26.9 		9.053
v 74.276 		26.726 		9.053
v 74.654 		26.666 		9.053
v 97.029 		29.878 		1.5
v 75.032 		26.726 		9.053
v 75.374 		26.9 		9.053
v 103.914 		42.782 		9.589
v 102.914 		42.782 		9.589
v 75.644 		27.171 		9.053
v 96.901 		27.926 		1.5
v 106.414 		42.782 		9.589
v 105.414 		42.782 		9.589
v 75.818 		27.512 		9.053
v 98.589 		26.229 		1.5
v 98.688 		26.582 		1.5
v 98.723 		26.96 		1.5
v 98.691 		27.34 		1.5
v 96.85 		21.466 		1.5
v 98.599 		27.697 		1.5
v 75.878 		27.89 		9.053
v 98.451 		28.022 		1.5
v 98.252 		28.307 		1.5
v 98.006 		28.543 		1.5
v 97.719 		28.722 		1.5
v 96.85 		46.074 		0
v 97.561 		28.788 		1.5
v 97.395 		28.836 		1.5
v 66.177 		38.468 		7.051
v 65.548 		37.839 		7.051
v 97.382 		21.991 		1
v 97.382 		21.991 		0.998
v 65.144 		37.046 		7.051
v 96.9 		27.928 		0.998
v 74.276 		29.055 		9.024
v 74.654 		29.115 		9.024
v 97.332 		27.928 		1
v 97.332 		27.928 		0.998
v 96.35 		20.933 		0.998
v 73.935 		28.881 		9.024
v 96.9 		28.8704 		1
v 96.901 		28.8705 		1
v 97.038 		28.878 		1
v 97.038 		28.878 		0.998
v 73.664 		28.61 		9.024
v 95.3834 		20.933 		1
v 95.3832 		20.935 		1
v 97.22 		28.868 		1
v 97.22 		28.868 		0.998
v 97.0744 		28.876 		1
v 73.49 		28.269 		9.024
v 97.2372 		28.8651 		1
v 97.282 		28.8574 		1
v 96.85 		20.933 		0.998
v 97.029 		29.881 		0.998
v 75.818 		28.269 		9.024
v 75.644 		28.61 		9.024
v 75.374 		28.881 		9.024
v 97.332 		28.8488 		1
v 97.319 		29.865 		0.998
v 75.032 		29.055 		9.024
v 96.85 		20.933 		1
v 99.662 		26.385 		1.5
v 96.371 		19.355 		0.998
v 99.718 		26.96 		1.5
v 99.667 		27.539 		1.5
v 96.371 		19.355 		1
v 99.52 		28.083 		1.5
v 96.083 		19.537 		1
v 99.284 		28.578 		1.5
v 96.083 		19.537 		0.998
v 73.43 		27.89 		9.024
v 96.901 		25.991 		1
v 97.332 		25.991 		1
v 96.0754 		19.5445 		1
v 97.332 		25.991 		0.998
v 95.837 		19.778 		1
v 73.49 		27.512 		9.024
v 95.837 		19.778 		0.998
v 96.9 		25.991 		0.998
v 73.664 		27.171 		9.024
v 97.038 		24.744 		1
v 98.966 		29.012 		1.5
v 97.038 		24.744 		0.998
v 108.482 		35.956 		1.5
v 98.574 		29.372 		1.5
v 98.115 		29.645 		1.5
v 97.382 		20.409 		1.5
v 95.8308 		19.7871 		1
v 97.863 		29.744 		1.5
v 110.151 		35.956 		1.5
v 97.382 		20.407 		1.5
v 95.638 		20.068 		1
v 95.638 		20.068 		0.998
v 97.598 		29.818 		1.5
v 110.151 		36.83 		1.5
v 108.482 		36.83 		1.5
v 95.6336 		20.0779 		1
v 95.49 		20.399 		1
v 95.49 		20.399 		0.998
v 97.052 		23.407 		0.998
v 108.482 		38.5 		1.5
v 110.151 		38.5 		1.5
v 110.151 		39.374 		1.5
v 108.482 		39.374 		1.5
v 95.4875 		20.4089 		1
v 95.397 		20.763 		1
v 95.397 		20.763 		0.998
v 108.482 		41.044 		1.5
v 110.151 		41.044 		1.5
v 67.3201 		38.486 		2.997
v 67.106 		38.452 		2.997
v 110.151 		41.933 		1.5
v 108.482 		41.933 		1.5
v 95.396 		20.776 		1
v 108.482 		43.602 		1.5
v 110.151 		43.602 		1.5
v 66.437 		38.111 		2.997
v 66.177 		38.468 		3.338
v 96.85 		19.2124 		1
v 96.695 		19.239 		1
v 96.856 		28.868 		0.998
v 96.695 		19.239 		0.998
v 96.856 		28.868 		1
v 65.548 		37.839 		3.338
v 98.531 		23.618 		1
v 96.6788 		19.2438 		1
v 65.905 		37.579 		2.997
v 96.85 		28.867 		1
v 96.529 		19.288 		1
v 96.529 		19.288 		0.998
v 99.674 		20.504 		1.5
v 90.225 		67.791 		12.483
v 96.5135 		19.2946 		1
v 96.3805 		19.351 		1
v 65.144 		37.046 		3.338
v 99.291 		19.481 		1.5
v 99.527 		19.967 		1.5
v 96.2 		18.351 		0.998
v 95.948 		18.451 		0.998
v 97.605 		18.278 		1.5
v 108.482 		30.899 		9.82
v 110.151 		30.899 		9.82
v 110.151 		31.758 		9.82
v 108.482 		31.758 		9.82
v 73.935 		26.9 		9.024
v 96.466 		18.278 		0.998
v 108.482 		33.428 		9.82
v 110.151 		33.428 		9.82
v 97.332 		27.926 		1
v 110.151 		34.287 		9.82
v 65.564 		36.91 		2.997
v 108.482 		34.287 		9.82
v 74.276 		26.726 		9.024
v 96.745 		18.233 		0.998
v 74.654 		26.666 		9.024
v 94.394 		20.557 		0.998
v 65.005 		36.167 		3.338
v 75.032 		26.726 		9.024
v 94.542 		20.013 		0.998
v 97.871 		18.348 		1.5
v 98.123 		18.444 		1.5
v 98.581 		18.708 		1.5
v 98.973 		19.058 		1.5
v 108.482 		30.899 		1.5
v 110.151 		30.899 		1.5
v 110.151 		31.758 		1.5
v 108.482 		31.758 		1.5
v 108.482 		33.428 		1.5
v 110.151 		33.428 		1.5
v 94.779 		19.518 		0.998
v 97.374 		24.905 		0.998
v 110.151 		34.287 		1.5
v 65.446 		36.167 		2.997
v 93.221 		67.791 		11.324
v 108.482 		34.287 		1.5
v 95.097 		19.084 		0.998
v 65.564 		35.425 		2.997
v 65.144 		35.288 		3.338
v 93.221 		67.791 		11.3028
v 95.489 		18.724 		0.998
v 91.796 		67.791 		2.998
v 97.382 		21.466 		0.998
v 91.791 		67.791 		9.8233
v 91.791 		67.791 		8.945
v 91.796 		67.791 		8.945
v 75.374 		26.9 		9.024
v 75.644 		27.171 		9.024
v 93.221 		57.512 		11.324
v 75.818 		27.512 		9.024
v 75.878 		27.89 		9.024
v 93.221 		57.512 		2.998
v 93.221 		58.348 		2.998
v 93.221 		58.447 		11.3028
v 93.221 		58.447 		9.003
v 68.591 		38.452 		2.997
v 93.221 		58.348 		9.003
v 109.493 		47.92 		1.5
v 109.2 		47.949 		1.5
v 91.796 		58.348 		9.003
v 91.796 		58.447 		9.003
v 108.907 		47.92 		1.5
v 108.625 		47.834 		1.5
v 108.365 		47.695 		1.5
v 91.796 		58.348 		2.998
v 68.3772 		38.486 		2.997
v 108.137 		47.509 		1.5
v 107.951 		47.281 		1.5
v 91.796 		58.447 		8.945
v 60.149 		21.744 		9.82
v 61.819 		21.744 		9.82
v 61.819 		22.626 		9.82
v 60.149 		22.626 		9.82
v 60.149 		24.295 		9.82
v 61.819 		24.295 		9.82
v 91.791 		58.447 		8.945
v 61.819 		25.177 		9.82
v 60.149 		25.177 		9.82
v 91.791 		58.447 		9.8233
v 107.812 		47.021 		1.5
v 60.149 		26.846 		9.82
v 61.819 		26.846 		9.82
v 61.819 		27.728 		9.82
v 60.149 		27.728 		9.82
v 60.149 		29.397 		9.82
v 61.819 		29.397 		9.82
v 107.726 		46.739 		1.5
v 93.507 		57.782 		5.56
v 93.507 		57.782 		8.744
v 93.507 		67.185 		8.744
v 93.507 		67.185 		5.56
v 107.697 		46.446 		1.5
v 61.819 		27.728 		1.5
v 60.149 		27.728 		1.5
v 61.819 		25.177 		1.5
v 60.149 		25.177 		1.5
v 107.726 		46.153 		1.5
v 61.819 		22.626 		1.5
v 60.149 		22.626 		1.5
v 66.97 		38.872 		3.338
v 67.849 		38.57 		2.997
v 67.849 		39.011 		3.338
v 110.674 		46.153 		1.5
v 110.702 		46.446 		1.5
v 60.149 		21.744 		1.5
v 61.819 		21.744 		1.5
v 110.674 		46.739 		1.5
v 110.588 		47.021 		1.5
v 110.449 		47.281 		1.5
v 110.262 		47.509 		1.5
v 66.97 		38.872 		7.051
v 67.849 		39.011 		7.051
v 110.035 		47.695 		1.5
v 109.775 		47.834 		1.5
v 60.149 		24.295 		1.5
v 61.819 		24.295 		1.5
v 60.149 		26.846 		1.5
v 61.819 		26.846 		1.5
v 93.81 		57.58 		8.639
v 93.81 		57.782 		8.639
v 93.81 		57.782 		5.639
v 93.81 		57.58 		5.639
v 60.149 		29.397 		1.5
v 61.819 		29.397 		1.5
v 97.374 		24.904 		1
v 61.407 		48.811 		8.5
v 94.337 		27.019 		1.5
v 70.41 		48.811 		8.5
v 97.382 		21.466 		1
v 111.7 		49.079 		1.5
v 96.745 		18.235 		1
v 96.466 		18.28 		1
v 70.409 		48.811 		8.5
v 70.319 		48.811 		9.172
v 96.201 		18.353 		1
v 70.049 		48.811 		9.843
v 58.288 		49.079 		0
v 69.644 		48.811 		10.444
v 69.059 		48.811 		10.975
v 95.949 		18.453 		1
v 95.49 		18.726 		1
v 68.384 		48.811 		11.434
v 67.619 		48.811 		11.753
v 66.764 		48.811 		11.965
v 65.909 		48.811 		12
v 65.009 		48.811 		11.965
v 64.154 		48.811 		11.753
v 63.389 		48.811 		11.434
v 109.493 		44.973 		1.5
v 109.2 		44.944 		1.5
v 62.714 		48.811 		10.975
v 62.129 		48.811 		10.444
v 61.724 		48.811 		9.843
v 107.812 		45.871 		1.5
v 61.454 		48.811 		9.172
v 61.409 		48.811 		8.5
v 107.951 		45.611 		1.5
v 108.137 		45.384 		1.5
v 108.365 		45.197 		1.5
v 108.625 		45.058 		1.5
v 95.098 		19.086 		1
v 94.781 		19.52 		1
v 94.544 		20.015 		1
v 108.907 		44.973 		1.5
v 94.397 		20.559 		1
v 109.775 		45.058 		1.5
v 110.035 		45.197 		1.5
v 94.337 		27.019 		0.998
v 110.262 		45.384 		1.5
v 110.449 		45.611 		1.5
v 97.382 		20.409 		1
v 97.382 		20.407 		0.998
v 110.588 		45.871 		1.5
v 82.828 		39.101 		4.5
v 86.248 		39.101 		4.5
v 86.247 		39.1116 		4.5
v 97.382 		20.935 		1.5
v 97.382 		20.935 		1
v 84.204 		37.353 		4.5
v 84.538 		37.319 		4.5
v 84.872 		37.353 		4.5
v 85.192 		37.454 		4.5
v 85.488 		37.619 		4.5
v 85.747 		37.841 		4.5
v 85.96 		38.111 		4.5
v 86.118 		38.419 		4.5
v 82.958 		38.419 		4.5
v 83.116 		38.111 		4.5
v 83.329 		37.841 		4.5
v 83.588 		37.619 		4.5
v 83.883 		37.454 		4.5
v 97.052 		23.408 		1
v 86.215 		38.754 		4.5
v 82.861 		38.754 		4.5
v 96.681 		28.84 		0.998
v 96.681 		28.84 		1
v 61.393 		63.428 		12.5
v 61.393 		59.963 		12.5
v 61.407 		59.963 		8.5
v 96.265 		-7.203 		1.5
v 95.304 		-4.231 		1.5
v 95.218 		-3.949 		1.5
v 96.515 		28.793 		1
v 96.515 		28.793 		0.998
v 96.356 		28.73 		0.998
v 96.356 		28.73 		1
v 70.392 		63.428 		12.5
v 70.392 		60.094 		8.6269
v 70.392 		60.094 		8.5
v 96.5323 		28.7979 		1
v 96.6648 		28.8354 		1
v 96.069 		28.557 		0.998
v 96.069 		28.557 		1
v 96.3442 		28.7229 		1
v 95.823 		28.328 		0.998
v 95.823 		28.328 		1
v 96.0611 		28.5496 		1
v 95.624 		28.049 		1
v 95.624 		28.049 		0.998
v 68.389 		63.428 		9.668
v 95.476 		27.73 		0.998
v 95.476 		27.73 		1
v 68.015 		63.428 		10.123
v 95.6282 		28.0549 		1
v 95.8168 		28.3193 		1
v 67.56 		63.428 		10.496
v 95.383 		27.377 		0.998
v 95.383 		27.377 		1
v 67.041 		63.428 		10.774
v 95.4741 		27.7227 		1
v 97.319 		29.863 		1
v 95.352 		26.999 		0.998
v 66.478 		63.428 		10.945
v 95.352 		26.999 		1
v 95.353 		27.0112 		1
v 95.382 		27.3643 		1
v 65.892 		63.428 		11.003
v 95.486 		26.256 		0.998
v 95.486 		26.256 		1
v 95.386 		26.618 		1
v 95.386 		26.618 		0.998
v 65.307 		63.428 		10.945
v 95.3852 		26.6274 		1
v 95.353 		26.9878 		1
v 64.743 		63.428 		10.774
v 64.528 		40.227 		2.997
v 64.224 		63.428 		10.496
v 63.769 		63.428 		10.123
v 65.005 		40.227 		2.997
v 95.513 		26.198 		1
v 95.4878 		26.2522 		1
v 63.396 		63.428 		9.668
v 71.17 		40.227 		2.997
v 97.029 		29.878 		1
v 63.118 		63.428 		9.149
v 95.079 		-3.689 		1.5
v 94.892 		-3.461 		1.5
v 62.948 		63.428 		8.586
v 94.665 		-3.274 		1.5
v 94.392 		26.438 		0.998
v 68.837 		63.428 		8.586
v 96.901 		27.926 		1
v 68.666 		63.428 		9.149
v 94.405 		-3.136 		1.5
v 111.7 		61.466 		1.5
v 94.405 		-5.912 		1.5
v 94.665 		-5.773 		1.5
v 94.892 		-5.586 		1.5
v 92.327 		-6.036 		0
v 95.079 		-5.358 		1.5
v 95.218 		-5.099 		1.5
v 95.304 		-4.817 		1.5
v 95.332 		-4.524 		1.5
v 94.387 		27.595 		0.998
v 94.535 		28.133 		0.998
v 68.61 		41.1807 		2.997
v 111.7 		61.466 		0
v 109.493 		47.92 		0
v 67.106 		41.171 		2.997
v 109.2 		47.949 		0
v 95.09 		29.042 		0.998
v 108.907 		47.92 		0
v 67.849 		41.054 		2.997
v 94.771 		28.619 		0.998
v 108.625 		47.834 		0
v 68.591 		41.171 		2.997
v 108.365 		47.695 		0
v 108.137 		47.509 		0
v 107.951 		47.281 		0
v 82.513 		-5.821 		3.5
v 107.812 		47.021 		0
v 107.726 		46.739 		0
v 83.25 		-5.107 		3.5
v 83.25 		-4.107 		3.5
v 67.106 		41.171 		7.392
v 83.25 		-5.107 		9
v 83.25 		-4.107 		9
v 67.849 		41.054 		7.392
v 107.697 		46.446 		0
v 84.25 		-4.107 		3.5
v 84.25 		-5.107 		3.5
v 85.805 		-5.107 		3.5
v 85.805 		-4.107 		3.5
v 68.591 		41.171 		7.392
v 107.726 		46.153 		0
v 85.805 		-5.107 		9
v 85.805 		-4.107 		9
v 68.728 		40.752 		3.338
v 86.805 		-4.107 		3.5
v 86.805 		-5.107 		3.5
v 110.674 		46.153 		0
v 88.335 		-5.107 		3.5
v 88.335 		-4.107 		3.5
v 88.335 		-5.107 		9
v 88.335 		-4.107 		9
v 110.702 		46.446 		0
v 90.1 		-5.821 		3.5
v 69.521 		41.156 		3.338
v 110.674 		46.739 		0
v 110.588 		47.021 		0
v 95.482 		29.392 		0.998
v 89.335 		-4.107 		3.5
v 110.449 		47.281 		0
v 89.335 		-5.107 		3.5
v 95.941 		29.656 		0.998
v 110.262 		47.509 		0
v 89.335 		-4.107 		9
v 89.335 		-5.107 		9
v 96.459 		29.823 		0.998
v 96.193 		29.752 		0.998
v 110.035 		47.695 		0
v 64.75 		61.736 		8.79
v 65.062 		61.736 		9.102
v 109.775 		47.834 		0
v 65.455 		61.736 		9.302
v 65.891 		61.736 		9.371
v 66.327 		61.736 		9.302
v 66.721 		61.736 		9.102
v 96.738 		29.866 		0.998
v 67.033 		61.736 		8.79
v 109.493 		44.973 		0
v 109.2 		44.944 		0
v 86.805 		-4.107 		9
v 86.805 		-5.107 		9
v 68.728 		40.752 		7.051
v 95.643 		25.919 		0.998
v 95.643 		25.919 		1
v 107.812 		45.871 		0
v 95.85 		25.609 		0.998
v 95.85 		25.609 		1
v 95.6448 		25.9164 		1
v 69.521 		41.156 		7.051
v 107.951 		45.611 		0
v 96.101 		25.333 		1
v 96.101 		25.333 		0.998
v 96.387 		25.093 		0.998
v 108.137 		45.384 		0
v 96.702 		24.896 		0.998
v 108.365 		45.197 		0
v 84.25 		-4.107 		9
v 84.25 		-5.107 		9
v 95.8538 		25.6048 		1
v 108.625 		45.058 		0
v 108.907 		44.973 		0
v 109.775 		45.058 		0
v 110.035 		45.197 		0
v 110.262 		45.384 		0
v 95.948 		18.451 		1.5
v 110.449 		45.611 		0
v 110.588 		45.871 		0
v 62.2 		-3.273 		9.82
v 95.132 		24.902 		0.998
v 95.489 		18.724 		1.5
v 59.7 		-3.273 		9.82
v 95.097 		19.084 		1.5
v 95.532 		24.48 		0.998
v 94.779 		19.518 		1.5
v 96.1168 		24.0395 		0.998
v 94.542 		20.013 		1.5
v 98.007 		28.545 		0.998
v 97.72 		28.724 		0.998
v 96.745 		18.233 		1.5
v 95.989 		24.116 		0.998
v 98.253 		28.309 		0.998
v 77.704 		11.956 		9.053
v 94.394 		20.557 		1.5
v 98.452 		28.024 		0.998
v 98.6 		27.699 		0.998
v 62.2 		11.956 		9.82
v 96.466 		18.278 		1.5
v 59.7 		11.956 		9.82
v 98.693 		27.342 		0.998
v 95.996 		23.967 		0.998
v 96.2 		18.351 		1.5
v 98.724 		26.961 		0.998
v 94.801 		25.373 		0.998
v 95.3849 		20.935 		1.5
v 95.385 		20.933 		1.5
v 96.35 		20.933 		1.5
v 97.395 		28.838 		0.998
v 64.6024 		53.808 		8.5
v 64.75 		53.808 		8.79
v 94.551 		25.887 		0.998
v 98.69 		26.583 		0.998
v 96.85 		20.933 		1.5
v 95.399 		20.764 		1.5
v 95.491 		20.401 		1.5
v 95.639 		20.07 		1.5
v 95.838 		19.78 		1.5
v 96.084 		19.539 		1.5
v 96.371 		19.357 		1.5
v 96.529 		19.29 		1.5
v 95.539 		23.611 		0.998
v 97.562 		28.79 		0.998
v 96.695 		19.241 		1.5
v 96.85 		19.2144 		1.5
v 96.85 		20.407 		1.5
v 96.85 		20.409 		1.5
v 65.062 		53.808 		9.102
v 98.59 		26.23 		0.998
v 95.657 		22.228 		0.998
v 95.657 		22.228 		1
v 65.455 		53.808 		9.302
v 95.864 		22.531 		1
v 95.864 		22.531 		0.998
v 70.575 		-2.643 		5.899
v 95.8652 		22.5323 		1
v 96.115 		22.804 		1
v 96.115 		22.804 		0.998
v 71.655 		-2.643 		5.899
v 65.891 		53.808 		9.371
v 95.6548 		22.2233 		1
v 96.716 		23.244 		0.998
v 96.716 		23.244 		1
v 71.655 		-2.67 		5.899
v 71.655 		-2.67 		9.053
v 98.116 		29.647 		0.998
v 66.327 		53.808 		9.302
v 97.864 		29.747 		0.998
v 96.401 		23.042 		1
v 96.401 		23.042 		0.998
v 96.1193 		22.8076 		1
v 99.665 		26.386 		0.998
v 66.177 		41.156 		7.051
v 78.828 		-2.643 		5.899
v 66.721 		53.808 		9.102
v 97.598 		29.82 		0.998
v 94.558 		22.251 		0.998
v 95.949 		18.453 		1.5
v 94.809 		22.749 		0.998
v 96.201 		18.353 		1.5
v 77.704 		-2.643 		5.899
v 96.466 		18.28 		1.5
v 96.745 		18.235 		1.5
v 66.97 		40.752 		7.051
v 95.49 		18.726 		1.5
v 99.72 		26.961 		0.998
v 67.033 		53.808 		8.79
v 67.849 		40.613 		7.051
v 95.14 		23.203 		0.998
v 94.397 		20.559 		1.5
v 94.544 		20.015 		1.5
v 94.781 		19.52 		1.5
v 77.704 		-2.67 		9.053
v 95.098 		19.086 		1.5
v 67.1806 		53.808 		8.5
v 77.704 		-2.67 		5.899
v 95.4 		21.535 		1
v 95.4 		21.535 		0.998
v 95.3939 		21.466 		1
v 99.67 		27.541 		0.998
v 95.4028 		21.5452 		1
v 95.5 		21.894 		1
v 95.5 		21.894 		0.998
v 68.389 		53.808 		9.668
v 99.522 		28.084 		0.998
v 95.5018 		21.8977 		1
v 99.286 		28.58 		0.998
v 94.399 		21.712 		0.998
v 68.015 		53.808 		10.123
v 98.968 		29.014 		0.998
v 94.344 		21.137 		1.5
v 67.56 		53.808 		10.496
v 98.575 		29.374 		0.998
v 74.68 		-1.429 		9.053
v 73.7318 		-2.67 		9.053
v 73.692 		-2.417 		9.053
v 98.226 		25.604 		0.998
v 73.74 		-2.112 		9.053
v 98.433 		25.903 		0.998
v 73.881 		-1.836 		9.053
v 97.975 		25.337 		0.998
v 67.041 		53.808 		10.774
v 74.099 		-1.618 		9.053
v 74.375 		-1.477 		9.053
v 66.478 		53.808 		10.945
v 97.689 		25.103 		0.998
v 74.985 		-1.477 		9.053
v 65.892 		53.808 		11.003
v 75.261 		-1.618 		9.053
v 97.9473 		24.0586 		0.998
v 75.479 		-1.836 		9.053
v 65.307 		53.808 		10.945
v 98.068 		24.131 		0.998
v 75.619 		-2.112 		9.053
v 75.668 		-2.417 		9.053
v 64.743 		53.808 		10.774
v 75.6274 		-2.67 		9.053
v 64.224 		53.808 		10.496
v 98.525 		24.487 		0.998
v 96.35 		21.465 		1.5
v 95.3956 		21.465 		1.5
v 95.367 		21.151 		1.5
v 96.351 		21.465 		1.5
v 96.351 		21.466 		1.5
v 95.3956 		21.466 		1.5
v 63.769 		53.808 		10.123
v 74.276 		3.619 		9.053
v 74.654 		3.679 		9.053
v 99.256 		25.349 		0.998
v 73.935 		3.445 		9.053
v 99.506 		25.847 		0.998
v 63.396 		53.808 		9.668
v 73.664 		3.174 		9.053
v 94.346 		21.138 		1.5
v 73.49 		2.833 		9.053
v 63.118 		53.808 		9.149
v 70.409 		60.094 		8.5
v 73.43 		2.455 		9.053
v 61.409 		59.963 		8.5
v 62.948 		53.808 		8.586
v 99.728 		21.079 		1.5
v 73.49 		2.077 		9.053
v 98.925 		24.894 		0.998
v 98.075 		23.982 		0.998
v 73.664 		1.735 		9.053
v 61.454 		59.963 		9.172
v 73.935 		1.465 		9.053
v 74.276 		1.291 		9.053
v 68.837 		53.808 		8.586
v 98.532 		23.618 		0.998
v 74.654 		1.231 		9.053
v 70.392 		59.963 		12.5
v 70.392 		59.963 		8.6269
v 68.666 		53.808 		9.149
v 96.85 		20.409 		1
v 96.85 		20.407 		0.998
v 66.177 		41.156 		3.338
v 98.447 		22.212 		0.998
v 98.447 		22.212 		1
v 98.4972 		22.102 		1
v 70.319 		59.963 		9.172
v 98.24 		22.527 		0.998
v 98.24 		22.527 		1
v 98.4437 		22.217 		1
v 75.032 		1.291 		9.053
v 97.989 		22.808 		0.998
v 96.85 		20.935 		1
v 97.703 		23.052 		0.998
v 75.374 		1.465 		9.053
v 96.85 		20.935 		1.5
v 97.388 		23.253 		0.998
v 75.644 		1.735 		9.053
v 66.97 		40.752 		3.338
v 75.818 		2.077 		9.053
v 98.2362 		22.5312 		1
v 75.878 		2.455 		9.053
v 61.724 		59.963 		9.843
v 97.036 		18.217 		1.5
v 75.818 		2.833 		9.053
v 75.644 		3.174 		9.053
v 98.932 		23.196 		0.998
v 75.374 		3.445 		9.053
v 67.849 		40.613 		3.338
v 62.129 		59.963 		10.444
v 75.032 		3.619 		9.053
v 97.327 		18.232 		1.5
v 99.263 		22.725 		0.998
v 99.513 		22.21 		0.998
v 97.282 		19.218 		1.5
v 98.604 		21.868 		0.998
v 98.604 		21.868 		1
v 98.704 		21.499 		1
v 98.704 		21.499 		0.998
v 62.714 		59.963 		10.975
v 97.326 		18.234 		1.5
v 98.7047 		21.4908 		1
v 98.707 		21.466 		1
v 98.6022 		21.8719 		1
v 96.87 		19.211 		1.5
v 97.052 		19.201 		1.5
v 97.234 		19.21 		1.5
v 99.672 		21.66 		0.998
v 63.389 		59.963 		11.434
v 97.036 		18.22 		1.5
v 64.154 		59.963 		11.753
v 73.7318 		-2.67 		8.87
v 98.737 		21.113 		1.5
v 75.6274 		-2.67 		8.87
v 94.402 		21.713 		1
v 65.009 		59.963 		11.965
v 99.725 		21.081 		1.5
v 65.909 		59.963 		12
v 97.234 		19.208 		0.998
v 97.234 		19.208 		1
v 97.1066 		19.201 		1
v 97.052 		19.198 		1
v 97.052 		19.198 		0.998
v 96.351 		20.935 		1.5
v 97.282 		19.216 		1
v 97.2512 		19.2109 		1
v 74.68 		-1.429 		8.87
v 96.87 		19.209 		1
v 96.87 		19.209 		0.998
v 97.0024 		19.201 		1
v 73.692 		-2.417 		8.87
v 96.8528 		19.2119 		1
v 73.74 		-2.112 		8.87
v 73.881 		-1.836 		8.87
v 66.764 		59.963 		11.965
v 97.036 		18.217 		0.998
v 74.099 		-1.618 		8.87
v 74.375 		-1.477 		8.87
v 67.619 		59.963 		11.753
v 97.327 		18.232 		0.998
v 68.384 		59.963 		11.434
v 74.985 		-1.477 		8.87
v 75.261 		-1.618 		8.87
v 69.059 		59.963 		10.975
v 75.479 		-1.836 		8.87
v 75.619 		-2.112 		8.87
v 75.668 		-2.417 		8.87
v 69.644 		59.963 		10.444
v 70.049 		59.963 		9.843
v 97.326 		18.234 		1
v 94.56 		22.251 		1
v 94.811 		22.749 		1
v 95.141 		23.204 		1
v 74.276 		3.619 		9.024
v 74.654 		3.679 		9.024
v 73.935 		3.445 		9.024
v 73.664 		3.174 		9.024
v 70.252 		43.456 		2.997
v 73.49 		2.833 		9.024
v 73.43 		2.455 		9.024
v 65.446 		43.456 		2.997
v 73.49 		2.077 		9.024
v 97.036 		18.22 		1
v 73.664 		1.735 		9.024
v 97.881 		21.465 		1
v 97.881 		21.465 		0.998
v 73.935 		1.465 		9.024
v 98.739 		21.112 		0.998
v 98.739 		21.112 		1
v 98.737 		21.0879 		1
v 74.276 		1.291 		9.024
v 98.7071 		21.465 		1
v 98.737 		21.1341 		1
v 99.728 		21.079 		0.998
v 74.654 		1.231 		9.024
v 96.35 		21.465 		0.998
v 95.367 		21.1375 		1
v 95.366 		21.15 		1
v 95.366 		21.15 		0.998
v 95.367 		21.1613 		1
v 95.3938 		21.465 		1
v 75.032 		1.291 		9.024
v 94.344 		21.137 		0.998
v 75.374 		1.465 		9.024
v 75.644 		1.735 		9.024
v 75.818 		2.077 		9.024
v 70.252 		43.456 		7.392
v 75.878 		2.455 		9.024
v 75.818 		2.833 		9.024
v 75.644 		3.174 		9.024
v 65.446 		43.456 		7.392
v 97.382 		21.465 		0.998
v 96.85 		21.465 		0.998
v 75.374 		3.445 		9.024
v 70.693 		43.456 		7.051
v 75.032 		3.619 		9.024
v 96.85 		21.465 		1
v 96.351 		21.465 		1
v 97.382 		21.465 		1
v 70.693 		43.456 		3.338
v 82.513 		-0.834 		3.5
v 83.25 		-2.599 		3.5
v 83.25 		-1.599 		3.5
v 83.25 		-2.599 		9
v 83.25 		-1.599 		9
v 84.25 		-1.599 		3.5
v 84.25 		-2.599 		3.5
v 85.805 		-2.599 		3.5
v 85.805 		-1.599 		3.5
v 65.005 		43.456 		7.051
v 85.805 		-2.599 		9
v 85.805 		-1.599 		9
v 86.805 		-1.599 		3.5
v 86.805 		-2.599 		3.5
v 96.351 		20.935 		1
v 88.335 		-2.599 		3.5
v 88.335 		-1.599 		3.5
v 111.7 		46.074 		0
v 88.335 		-2.599 		9
v 88.335 		-1.599 		9
v 90.1 		-0.834 		3.5
v 89.335 		-1.599 		3.5
v 89.335 		-2.599 		3.5
v 65.005 		43.456 		3.338
v 89.335 		-1.599 		9
v 89.335 		-2.599 		9
v 94.346 		21.138 		1
v 86.805 		-1.599 		9
v 86.805 		-2.599 		9
v 84.25 		-1.599 		9
v 84.25 		-2.599 		9
v 69.261 		34.223 		7.392
v 69.793 		34.755 		7.392
v 66.437 		34.223 		7.392
v 67.106 		33.882 		7.392
v 67.849 		33.765 		7.392
v 61.819 		-2.752 		9.82
v 99.725 		21.081 		1
v 60.149 		-2.752 		9.82
v 60.149 		-1.083 		9.82
v 61.819 		-1.083 		9.82
v 61.819 		-0.224 		9.82
v 60.149 		-0.224 		9.82
v 68.591 		33.882 		7.392
v 65.891 		53.808 		6.55
v 65.455 		53.808 		6.619
v 60.149 		1.445 		9.82
v 61.819 		1.445 		9.82
v 61.819 		2.304 		9.82
v 60.149 		2.304 		9.82
v 60.149 		3.974 		9.82
v 61.819 		3.974 		9.82
v 61.819 		4.832 		9.82
v 60.149 		4.832 		9.82
v 65.905 		34.755 		7.392
v 65.062 		53.808 		6.819
v 60.149 		6.502 		9.82
v 61.819 		6.502 		9.82
v 61.819 		7.36 		9.82
v 60.149 		7.36 		9.82
v 60.149 		9.03 		9.82
v 61.819 		9.03 		9.82
v 61.819 		9.888 		9.82
v 60.149 		9.888 		9.82
v 60.149 		11.558 		9.82
v 61.819 		11.558 		9.82
v 64.75 		53.808 		7.131
v 68.728 		33.462 		3.338
v 64.55 		53.808 		7.525
v 64.481 		53.808 		7.961
v 69.521 		33.866 		3.338
v 64.5176 		53.808 		8.192
v 69.261 		34.223 		2.997
v 67.2654 		53.808 		8.192
v 67.302 		53.808 		7.961
v 67.233 		53.808 		7.525
v 67.033 		53.808 		7.131
v 66.721 		53.808 		6.819
v 66.327 		53.808 		6.619
v 69.428 		34.39 		2.997
v 68.728 		33.462 		7.051
v 66.478 		53.808 		5.055
v 65.892 		53.808 		4.998
v 67.041 		53.808 		5.226
v 69.521 		33.866 		7.051
v 67.56 		53.808 		5.504
v 68.015 		53.808 		5.877
v 68.389 		53.808 		6.332
v 62.89 		53.808 		8
v 62.948 		53.808 		7.414
v 63.118 		53.808 		6.851
v 70.15 		34.496 		7.051
v 63.396 		53.808 		6.332
v 63.769 		53.808 		5.877
v 64.224 		53.808 		5.504
v 64.743 		53.808 		5.226
v 65.307 		53.808 		5.055
v 71.655 		18.681 		9.053
v 68.666 		53.808 		6.851
v 68.837 		53.808 		7.414
v 68.895 		53.808 		8
v 70.15 		34.496 		3.338
v 64.55 		53.808 		8.397
v 69.793 		34.755 		2.997
v 67.233 		53.808 		8.397
v 66.437 		34.223 		2.997
v 66.177 		33.866 		3.338
v 94.399 		21.712 		1.5
v 66.97 		33.462 		3.338
v 95.501 		21.895 		1.5
v 95.402 		21.536 		1.5
v 67.106 		33.882 		2.997
v 94.402 		21.713 		1.5
v 94.809 		22.749 		1.5
v 67.849 		33.323 		3.338
v 95.14 		23.203 		1.5
v 94.558 		22.251 		1.5
v 96.716 		23.244 		1.5
v 96.401 		23.042 		1.5
v 96.116 		22.804 		1.5
v 95.865 		22.532 		1.5
v 95.658 		22.228 		1.5
v 94.811 		22.749 		1.5
v 94.56 		22.251 		1.5
v 95.141 		23.204 		1.5
v 66.177 		33.866 		7.051
v 66.97 		33.462 		7.051
v 90.225 		51.347 		12.483
v 67.849 		33.323 		7.051
v 85.96 		47.222 		4.5
v 85.747 		47.492 		4.5
v 85.488 		47.714 		4.5
v 85.192 		47.879 		4.5
v 84.872 		47.98 		4.5
v 84.538 		48.015 		4.5
v 84.204 		47.98 		4.5
v 83.883 		47.879 		4.5
v 83.588 		47.714 		4.5
v 83.329 		47.492 		4.5
v 83.116 		47.222 		4.5
v 65.548 		34.496 		7.051
v 64.528 		46.686 		2.997
v 65.892 		63.428 		4.998
v 71.17 		46.686 		2.997
v 71.17 		46.3 		2.997
v 66.478 		63.428 		5.055
v 65.005 		46.3 		2.997
v 67.041 		63.428 		5.226
v 67.56 		63.428 		5.504
v 68.015 		63.428 		5.877
v 68.389 		63.428 		6.332
v 67.849 		46.3 		7.051
v 65.548 		34.496 		3.338
v 62.89 		63.428 		8
v 62.948 		63.428 		7.414
v 67.849 		46.3 		3.338
v 63.118 		63.428 		6.851
v 63.396 		63.428 		6.332
v 63.769 		63.428 		5.877
v 64.224 		63.428 		5.504
v 64.743 		63.428 		5.226
v 65.307 		63.428 		5.055
v 86.215 		46.58 		4.5
v 68.666 		63.428 		6.851
v 82.861 		46.58 		4.5
v 86.118 		46.914 		4.5
v 82.958 		46.914 		4.5
v 68.837 		63.428 		7.414
v 70.134 		44.199 		2.997
v 69.793 		44.869 		2.997
v 69.3632 		45.298 		2.997
v 65.905 		44.869 		2.997
v 65.564 		44.199 		2.997
v 70.134 		44.199 		7.392
v 69.793 		44.869 		7.392
v 65.905 		44.869 		7.392
v 65.564 		44.199 		7.392
v 70.554 		44.335 		7.051
v 70.15 		45.128 		7.051
v 70.554 		44.335 		3.338
v 70.15 		45.128 		3.338
v 65.548 		45.128 		7.051
v 65.144 		44.335 		7.051
v 65.548 		45.128 		3.338
v 65.144 		44.335 		3.338
v 69.261 		45.4 		2.997
v 69.261 		45.4 		7.392
v 69.521 		45.757 		7.051
v 68.728 		46.161 		7.051
v 69.521 		45.757 		3.338
v 68.728 		46.161 		3.338
# 2070 vertices

g group_0_2829873

usemtl color_2829873
s 0

f 14 	9 	10
f 14 	10 	11
f 12 	14 	11
f 13 	14 	12
f 18 	23 	17
f 16 	17 	23
f 19 	23 	18
f 21 	23 	19
f 9 	31 	32
f 9 	32 	21
f 11 	33 	34
f 11 	34 	18
f 13 	35 	36
f 13 	36 	16
f 17 	38 	39
f 17 	39 	12
f 19 	41 	42
f 19 	42 	10
f 33 	11 	10
f 33 	10 	42
f 35 	13 	12
f 35 	12 	39
f 18 	34 	41
f 18 	41 	19
f 16 	36 	38
f 16 	38 	17
f 69 	62 	67
f 76 	67 	79
f 81 	80 	93
f 76 	97 	80
f 69 	67 	80
f 76 	80 	67
f 94 	97 	98
f 94 	93 	97
f 93 	80 	97
f 98 	97 	76
f 98 	76 	79
f 105 	98 	79
f 105 	79 	91
f 172 	173 	174
f 172 	174 	175
f 178 	158 	177
f 185 	177 	158
f 158 	178 	174
f 158 	174 	173
f 158 	173 	163
f 175 	185 	172
f 177 	185 	175
f 165 	172 	185
f 174 	191 	192
f 174 	192 	175
f 163 	193 	194
f 163 	194 	165
f 172 	198 	199
f 172 	199 	173
f 177 	202 	204
f 177 	204 	178
f 191 	174 	178
f 191 	178 	204
f 193 	163 	173
f 193 	173 	199
f 175 	192 	202
f 175 	202 	177
f 165 	194 	198
f 165 	198 	172
f 233 	234 	231
f 228 	231 	234
f 302 	303 	304
f 302 	304 	306
f 302 	306 	307
f 342 	333 	341
f 333 	965 	348
f 1962 	2022 	2041
f 348 	341 	333
f 333 	397 	399
f 333 	399 	337
f 333 	342 	397
f 363 	397 	342
f 402 	397 	363
f 370 	363 	342
f 370 	342 	347
f 347 	967 	370
f 397 	402 	408
f 870 	485 	482
f 484 	667 	873
f 482 	497 	498
f 482 	498 	483
f 484 	499 	500
f 484 	500 	485
f 497 	482 	485
f 497 	485 	500
f 483 	498 	499
f 483 	499 	484
f 512 	692 	763
f 513 	515 	517
f 512 	520 	521
f 512 	521 	513
f 515 	522 	523
f 515 	523 	516
f 520 	512 	516
f 520 	516 	523
f 513 	521 	522
f 513 	522 	515
f 532 	537 	535
f 537 	538 	535
f 534 	535 	538
f 551 	564 	594
f 551 	594 	562
f 551 	562 	764
f 564 	649 	650
f 653 	655 	656
f 653 	656 	657
f 658 	659 	660
f 658 	660 	661
f 485 	666 	667
f 485 	667 	484
f 669 	670 	671
f 669 	671 	673
f 674 	675 	676
f 674 	676 	677
f 678 	679 	680
f 678 	680 	682
f 681 	683 	684
f 681 	684 	685
f 687 	688 	689
f 687 	689 	690
f 691 	692 	512
f 513 	517 	512
f 870 	684 	683
f 870 	683 	676
f 870 	676 	675
f 666 	870 	675
f 485 	870 	666
f 674 	677 	873
f 677 	681 	873
f 681 	685 	873
f 685 	1196 	873
f 667 	674 	873
f 692 	689 	763
f 689 	688 	763
f 688 	680 	763
f 551 	763 	680
f 551 	680 	679
f 551 	679 	671
f 551 	671 	670
f 551 	670 	660
f 659 	551 	660
f 656 	551 	659
f 655 	551 	656
f 649 	551 	655
f 564 	551 	649
f 666 	694 	695
f 666 	695 	667
f 674 	696 	697
f 674 	697 	675
f 564 	650 	653
f 564 	653 	657
f 564 	657 	658
f 564 	658 	661
f 564 	661 	669
f 673 	517 	669
f 678 	517 	673
f 682 	517 	678
f 687 	517 	682
f 690 	517 	687
f 691 	517 	690
f 691 	512 	517
f 564 	669 	517
f 517 	765 	594
f 517 	594 	564
f 2041 	1976 	1962
f 689 	700 	701
f 689 	701 	690
f 680 	703 	704
f 680 	704 	682
f 671 	705 	706
f 671 	706 	673
f 660 	709 	710
f 660 	710 	661
f 676 	711 	713
f 676 	713 	677
f 656 	714 	715
f 656 	715 	657
f 681 	716 	718
f 681 	718 	683
f 649 	719 	720
f 649 	720 	650
f 22 	1980 	1734
f 653 	722 	723
f 653 	723 	655
f 658 	726 	727
f 658 	727 	659
f 669 	729 	730
f 669 	730 	670
f 678 	731 	733
f 678 	733 	679
f 687 	734 	735
f 687 	735 	688
f 691 	738 	739
f 691 	739 	692
f 700 	689 	692
f 700 	692 	739
f 684 	741 	743
f 684 	743 	685
f 694 	666 	675
f 694 	675 	697
f 703 	680 	688
f 703 	688 	735
f 711 	676 	683
f 711 	683 	718
f 705 	671 	679
f 705 	679 	733
f 667 	695 	696
f 667 	696 	674
f 709 	660 	670
f 709 	670 	730
f 677 	713 	716
f 677 	716 	681
f 714 	656 	659
f 714 	659 	727
f 685 	743 	1219
f 719 	649 	655
f 719 	655 	723
f 690 	701 	738
f 690 	738 	691
f 682 	704 	734
f 682 	734 	687
f 673 	706 	731
f 673 	731 	678
f 661 	710 	729
f 661 	729 	669
f 657 	715 	726
f 657 	726 	658
f 650 	720 	722
f 650 	722 	653
f 763 	764 	766
f 765 	766 	764
f 763 	551 	764
f 516 	768 	769
f 516 	769 	515
f 771 	772 	763
f 763 	772 	768
f 516 	512 	763
f 768 	516 	763
f 771 	766 	769
f 763 	766 	771
f 517 	515 	766
f 769 	766 	515
f 766 	765 	517
f 768 	778 	779
f 768 	779 	769
f 771 	784 	785
f 771 	785 	772
f 778 	768 	772
f 778 	772 	785
f 769 	779 	784
f 769 	784 	771
f 1970 	2036 	2034
f 874 	871 	870
f 874 	870 	873
f 879 	873 	878
f 870 	886 	878
f 883 	873 	879
f 870 	878 	873
f 878 	893 	894
f 878 	894 	879
f 883 	895 	896
f 883 	896 	886
f 893 	878 	886
f 893 	886 	896
f 879 	894 	895
f 879 	895 	883
f 918 	911 	914
f 911 	918 	915
f 928 	929 	931
f 928 	931 	932
f 934 	935 	937
f 934 	937 	940
f 948 	949 	950
f 948 	950 	951
f 911 	915 	953
f 911 	953 	950
f 911 	950 	949
f 911 	949 	937
f 911 	937 	935
f 911 	935 	931
f 911 	931 	929
f 934 	915 	932
f 940 	915 	934
f 948 	915 	940
f 951 	915 	948
f 952 	915 	951
f 952 	953 	915
f 928 	932 	915
f 408 	370 	967
f 347 	348 	965
f 965 	966 	347
f 966 	967 	347
f 967 	968 	408
f 1015 	397 	968
f 67 	62 	1620
f 1620 	79 	67
f 988 	990 	997
f 995 	997 	990
f 991 	995 	990
f 991 	965 	1016
f 997 	999 	988
f 986 	988 	999
f 999 	1001 	986
f 1015 	986 	1001
f 105 	1579 	98
f 1013 	1015 	1016
f 1013 	1016 	1017
f 1015 	1026 	1028
f 1015 	1028 	1029
f 1031 	1016 	1029
f 1015 	1029 	1016
f 1025 	91 	1030
f 1032 	1030 	91
f 1031 	995 	1016
f 2022 	1962 	1961
f 1039 	105 	1044
f 1045 	1044 	105
f 1028 	999 	997
f 1028 	997 	1029
f 91 	1977 	1049
f 1015 	1001 	1026
f 2030 	2029 	1967
f 337 	1017 	333
f 1016 	333 	1017
f 1064 	1579 	1068
f 333 	1016 	965
f 995 	991 	1016
f 1039 	1036 	105
f 1579 	105 	1075
f 1068 	1579 	1075
f 1036 	1075 	105
f 2041 	1975 	1976
f 988 	967 	966
f 988 	966 	990
f 1061 	1579 	1064
f 1060 	1579 	1061
f 1057 	1977 	1058
f 1977 	1579 	1058
f 1056 	1977 	1057
f 1052 	1977 	1056
f 1050 	1049 	1977
f 1049 	1032 	91
f 1052 	1050 	1977
f 2030 	1967 	1978
f 408 	968 	397
f 1015 	968 	986
f 1025 	1021 	91
f 1021 	1023 	91
f 105 	91 	1023
f 1023 	1045 	105
f 397 	1015 	399
f 1013 	399 	1015
f 22 	2047 	1980
f 1021 	1089 	1090
f 1021 	1090 	1023
f 1025 	1094 	1089
f 1025 	1089 	1021
f 1030 	1099 	1094
f 1030 	1094 	1025
f 1032 	1105 	1099
f 1032 	1099 	1030
f 1245 	1036 	1110
f 1110 	1036 	1039
f 1110 	1039 	1111
f 1111 	1039 	1044
f 1111 	1044 	1112
f 1112 	1044 	1045
f 1112 	1045 	1115
f 1115 	1045 	1023
f 1115 	1023 	1090
f 1032 	1049 	1105
f 1126 	1105 	1049
f 918 	874 	915
f 1050 	1132 	1126
f 1050 	1126 	1049
f 928 	1139 	1145
f 928 	1145 	929
f 931 	1150 	1151
f 931 	1151 	932
f 934 	1156 	1157
f 934 	1157 	935
f 937 	1158 	1159
f 937 	1159 	940
f 948 	1163 	1164
f 948 	1164 	949
f 950 	1167 	1168
f 950 	1168 	951
f 952 	1170 	1171
f 952 	1171 	953
f 1227 	929 	1145
f 1150 	931 	935
f 1150 	935 	1157
f 1158 	937 	949
f 1158 	949 	1164
f 1167 	950 	953
f 1167 	953 	1171
f 928 	1230 	1139
f 932 	1151 	1156
f 932 	1156 	934
f 940 	1159 	1163
f 940 	1163 	948
f 951 	1168 	1170
f 951 	1170 	952
f 870 	914 	911
f 1052 	1135 	1132
f 1052 	1132 	1050
f 1196 	1197 	1198
f 1196 	1198 	1199
f 1056 	1200 	1135
f 1056 	1135 	1052
f 1202 	1203 	1205
f 1202 	1205 	1207
f 1057 	1208 	1200
f 1057 	1200 	1056
f 1205 	1203 	911
f 1203 	1198 	911
f 870 	911 	1198
f 1197 	870 	1198
f 684 	870 	1197
f 929 	1205 	911
f 1058 	1210 	1208
f 1058 	1208 	1057
f 915 	873 	1199
f 1202 	915 	1199
f 1207 	915 	1202
f 928 	915 	1207
f 1196 	1199 	873
f 1196 	1219 	1220
f 1196 	1220 	1197
f 1198 	1221 	1222
f 1198 	1222 	1199
f 1202 	1223 	1224
f 1202 	1224 	1203
f 1205 	1227 	1230
f 1205 	1230 	1207
f 1197 	1220 	684
f 741 	684 	1220
f 1221 	1198 	1203
f 1221 	1203 	1224
f 1227 	1205 	929
f 685 	1219 	1196
f 1199 	1222 	1223
f 1199 	1223 	1202
f 1060 	1213 	1210
f 1060 	1210 	1058
f 1061 	1241 	1213
f 1061 	1213 	1060
f 1207 	1230 	928
f 1241 	1061 	1064
f 1241 	1064 	1242
f 1242 	1064 	1068
f 1242 	1068 	1244
f 1244 	1068 	1075
f 1244 	1075 	1245
f 1036 	1245 	1075
f 1110 	1111 	1099
f 1245 	1110 	1099
f 1105 	1242 	1099
f 1094 	1099 	1111
f 1089 	1094 	1111
f 1090 	1089 	1111
f 1112 	1115 	1111
f 1090 	1111 	1115
f 1105 	1126 	1132
f 1105 	1132 	1135
f 1105 	1135 	1200
f 1105 	1200 	1208
f 1105 	1208 	1210
f 1105 	1210 	1213
f 1105 	1213 	1241
f 1105 	1241 	1242
f 1244 	1099 	1242
f 1245 	1099 	1244
f 568 	160 	158
f 1264 	1265 	1266
f 1264 	1266 	1267
f 1268 	1269 	1271
f 1268 	1271 	1272
f 1275 	1276 	1277
f 1275 	1277 	1278
f 1279 	1280 	163
f 1279 	163 	165
f 158 	163 	1280
f 158 	1280 	1277
f 158 	1277 	1276
f 1271 	158 	1276
f 1269 	14 	1271
f 1266 	14 	1269
f 1265 	14 	1266
f 1268 	1272 	23
f 185 	23 	1272
f 1275 	185 	1272
f 1278 	185 	1275
f 1279 	185 	1278
f 165 	185 	1279
f 1267 	1268 	23
f 1277 	1287 	1288
f 1277 	1288 	1278
f 1271 	1289 	1290
f 1271 	1290 	1272
f 1266 	1292 	1293
f 1266 	1293 	1267
f 1264 	1299 	1300
f 1264 	1300 	1265
f 1268 	1309 	1310
f 1268 	1310 	1269
f 1275 	1311 	1312
f 1275 	1312 	1276
f 1279 	1317 	1318
f 1279 	1318 	1280
f 1287 	1277 	1280
f 1287 	1280 	1318
f 1289 	1271 	1276
f 1289 	1276 	1312
f 1292 	1266 	1269
f 1292 	1269 	1310
f 1278 	1288 	1317
f 1278 	1317 	1279
f 1272 	1290 	1311
f 1272 	1311 	1275
f 1267 	1293 	1309
f 1267 	1309 	1268
f 787 	303 	1320
f 1320 	303 	302
f 401 	537 	1322
f 1327 	1328 	1330
f 1327 	1330 	1332
f 1327 	1332 	1333
f 1327 	1333 	1336
f 1327 	1336 	1337
f 1327 	1337 	1338
f 1327 	1338 	1339
f 1327 	1339 	1340
f 1327 	1340 	1341
f 1327 	1341 	1342
f 1347 	1327 	1346
f 1349 	1327 	1347
f 1345 	1346 	1327
f 1350 	1327 	1349
f 1342 	1345 	1327
f 1350 	307 	1327
f 1322 	1327 	401
f 1320 	302 	1350
f 307 	1350 	302
f 401 	1327 	307
f 1349 	1724 	1350
f 1327 	1738 	1328
f 1347 	1762 	1349
f 1762 	1347 	1346
f 1788 	1342 	1341
f 1340 	1795 	1341
f 1391 	231 	228
f 781 	1392 	228
f 1391 	228 	1392
f 781 	1393 	1392
f 786 	1393 	781
f 1338 	1814 	1339
f 786 	787 	1393
f 1320 	1393 	787
f 1814 	1338 	1337
f 1322 	537 	532
f 1401 	1402 	1403
f 1333 	1823 	1336
f 1823 	1333 	1332
f 1427 	1401 	1423
f 1423 	1401 	1420
f 1828 	1332 	1330
f 1746 	1828 	1328
f 1330 	1328 	1828
f 1439 	1441 	1391
f 1452 	1391 	1449
f 1446 	1449 	1391
f 1414 	1401 	1457
f 1417 	1401 	1414
f 1417 	1420 	1401
f 1427 	1431 	1401
f 1391 	1401 	1431
f 1391 	1431 	1436
f 1439 	1391 	1436
f 1391 	1441 	1442
f 1442 	1446 	1391
f 1455 	1457 	1401
f 1880 	382 	1484
f 1487 	1488 	1484
f 1488 	1881 	1484
f 404 	1484 	382
f 1495 	1496 	1494
f 1494 	1496 	1497
f 1504 	1496 	1484
f 1503 	1504 	1506
f 1503 	1506 	1507
f 1511 	1484 	404
f 1518 	1511 	1516
f 1518 	1506 	1511
f 1484 	1511 	1504
f 1506 	1504 	1511
f 1511 	1902 	1516
f 1496 	1495 	1484
f 1503 	1887 	1497
f 1495 	1487 	1484
f 1565 	1568 	506
f 487 	506 	1568
f 565 	1585 	567
f 567 	1585 	1583
f 870 	871 	914
f 1880 	1484 	1881
f 483 	484 	873
f 883 	483 	873
f 482 	483 	883
f 883 	886 	482
f 870 	482 	886
f 1887 	1886 	1494
f 61 	574 	62
f 91 	79 	1977
f 1624 	1977 	79
f 1507 	1516 	1902
f 1494 	1497 	1887
f 1895 	1893 	1503
f 1060 	1058 	1579
f 1881 	1488 	1494
f 915 	874 	873
f 158 	1271 	14
f 9 	14 	1265
f 21 	1264 	23
f 1264 	1267 	23
f 579 	1646 	574
f 1620 	574 	1624
f 28 	23 	189
f 185 	189 	23
f 1629 	1630 	1624
f 1630 	1977 	1624
f 1646 	579 	1639
f 1697 	1436 	1431
f 31 	9 	1265
f 31 	1265 	1300
f 1299 	1264 	32
f 21 	32 	1264
f 1646 	1579 	1658
f 1661 	1646 	1658
f 1711 	1446 	1442
f 1736 	1733 	1689
f 1699 	1658 	1696
f 1658 	1699 	1700
f 1658 	1700 	1702
f 1685 	1630 	1683
f 1681 	1683 	1630
f 1680 	1681 	1630
f 1455 	22 	1734
f 1457 	1455 	1734
f 1739 	1669 	1457
f 1402 	1722 	1403
f 1724 	1731 	1393
f 1718 	1977 	1720
f 1723 	1720 	1977
f 1392 	1393 	1731
f 1731 	1762 	1392
f 1730 	1630 	1732
f 1724 	1349 	1731
f 1738 	1402 	1737
f 1401 	1737 	1402
f 1737 	1746 	1738
f 1746 	1328 	1738
f 1327 	535 	1738
f 1402 	1738 	535
f 1402 	535 	1722
f 1717 	1596 	1721
f 1711 	1596 	1717
f 1703 	1613 	1711
f 1757 	1658 	1759
f 1769 	1779 	1392
f 1762 	1769 	1392
f 1762 	1731 	1349
f 1739 	1652 	1669
f 1734 	1984 	1739
f 1779 	1788 	1392
f 1765 	1579 	1767
f 1770 	1767 	1579
f 1346 	1769 	1762
f 1764 	1761 	1579
f 1658 	1579 	1761
f 1761 	1759 	1658
f 1613 	1703 	1701
f 1625 	1617 	1697
f 1693 	1690 	1625
f 1632 	1625 	1690
f 1690 	1687 	1632
f 1677 	1640 	1687
f 1658 	1757 	1754
f 1689 	1679 	1736
f 1688 	1689 	1733
f 1733 	1732 	1688
f 1685 	1688 	1732
f 1750 	1736 	1679
f 1679 	1692 	1750
f 1692 	1694 	1750
f 1754 	1750 	1694
f 1694 	1696 	1754
f 1658 	1754 	1696
f 1345 	1779 	1769
f 1345 	1769 	1346
f 1788 	1790 	1392
f 1725 	1721 	1982
f 1718 	1715 	1977
f 1715 	1712 	1977
f 1712 	1713 	1977
f 1579 	1977 	1713
f 1579 	1713 	1770
f 1765 	1764 	1579
f 1596 	1711 	1613
f 1630 	1685 	1732
f 1727 	1630 	1730
f 1977 	1630 	1723
f 1727 	1723 	1630
f 1624 	574 	1646
f 1788 	1779 	1342
f 1613 	1701 	1617
f 1701 	1697 	1617
f 1661 	1629 	1624
f 1661 	1624 	1646
f 1342 	1779 	1345
f 1341 	1790 	1788
f 1697 	1693 	1625
f 1674 	1640 	1677
f 1795 	1797 	1392
f 1790 	1795 	1392
f 1702 	1793 	1658
f 1391 	1392 	1401
f 1632 	1687 	1640
f 1661 	1658 	1793
f 1629 	1661 	1791
f 1793 	1791 	1661
f 1790 	1341 	1795
f 1640 	1674 	1652
f 1814 	1737 	1797
f 1630 	1629 	1791
f 1630 	1791 	1680
f 1737 	1401 	1392
f 1791 	1810 	1681
f 1791 	1681 	1680
f 1674 	1669 	1652
f 1980 	1954 	1734
f 1339 	1797 	1795
f 1340 	1339 	1795
f 1812 	1683 	1681
f 1812 	1681 	1810
f 1392 	1797 	1737
f 1818 	1737 	1814
f 1813 	1685 	1683
f 1813 	1683 	1812
f 1816 	1688 	1685
f 1816 	1685 	1813
f 1814 	1797 	1339
f 1817 	1689 	1688
f 1817 	1688 	1816
f 1350 	1724 	1320
f 1337 	1818 	1814
f 1689 	1817 	1806
f 1689 	1806 	1679
f 1820 	1823 	1737
f 1818 	1820 	1737
f 1679 	1806 	1692
f 1821 	1692 	1806
f 1336 	1820 	1818
f 1336 	1818 	1337
f 1822 	1694 	1692
f 1822 	1692 	1821
f 1827 	1737 	1823
f 1824 	1696 	1694
f 1824 	1694 	1822
f 1825 	1699 	1696
f 1825 	1696 	1824
f 1823 	1820 	1336
f 1826 	1700 	1699
f 1826 	1699 	1825
f 1702 	1700 	1826
f 1702 	1826 	1793
f 1828 	1737 	1827
f 1969 	2034 	1968
f 1332 	1827 	1823
f 1969 	1970 	2034
f 1793 	1821 	1806
f 1793 	1806 	1817
f 1793 	1817 	1816
f 1793 	1816 	1813
f 1793 	1813 	1812
f 1793 	1812 	1810
f 1793 	1810 	1791
f 1332 	1828 	1827
f 1793 	1826 	1825
f 1793 	1825 	1824
f 1822 	1793 	1824
f 1821 	1793 	1822
f 1828 	1746 	1737
f 1712 	1833 	1834
f 1712 	1834 	1713
f 1715 	1835 	1833
f 1715 	1833 	1712
f 1718 	1836 	1835
f 1718 	1835 	1715
f 1720 	1838 	1836
f 1720 	1836 	1718
f 1839 	1838 	1720
f 1839 	1720 	1723
f 1727 	1841 	1839
f 1727 	1839 	1723
f 1730 	1843 	1841
f 1730 	1841 	1727
f 1732 	1846 	1843
f 1732 	1843 	1730
f 1733 	1850 	1846
f 1733 	1846 	1732
f 1736 	1854 	1850
f 1736 	1850 	1733
f 1750 	1854 	1736
f 1750 	1861 	1854
f 1754 	1863 	1861
f 1754 	1861 	1750
f 1757 	1864 	1863
f 1757 	1863 	1754
f 1864 	1757 	1759
f 1864 	1759 	1865
f 1865 	1759 	1761
f 1865 	1761 	1867
f 1867 	1761 	1764
f 1867 	1764 	1868
f 1868 	1764 	1765
f 1868 	1765 	1869
f 1869 	1765 	1767
f 1869 	1767 	1873
f 1873 	1767 	1770
f 1873 	1770 	1875
f 1713 	1834 	1770
f 1875 	1770 	1834
f 1834 	1833 	1835
f 1834 	1835 	1836
f 1834 	1836 	1838
f 1834 	1838 	1839
f 1834 	1839 	1841
f 1834 	1841 	1843
f 1834 	1843 	1846
f 1850 	1875 	1846
f 1854 	1875 	1850
f 1863 	1864 	1861
f 1864 	1865 	1861
f 1854 	1861 	1865
f 1854 	1865 	1867
f 1854 	1867 	1868
f 1854 	1868 	1869
f 1854 	1869 	1873
f 1854 	1873 	1875
f 1834 	1846 	1875
f 580 	382 	1880
f 1881 	1882 	1880
f 1886 	1887 	1885
f 1881 	1494 	1886
f 1887 	1888 	1885
f 1880 	1885 	1888
f 1436 	1697 	1439
f 1893 	1895 	1892
f 1895 	1896 	1892
f 1900 	1892 	1896
f 591 	580 	1900
f 404 	591 	1511
f 1900 	1511 	591
f 1511 	1900 	1902
f 1902 	1895 	1507
f 1901 	1902 	1900
f 1711 	1442 	1441
f 1503 	1507 	1895
f 1900 	1896 	1901
f 1449 	1446 	1721
f 1979 	2047 	1978
f 1725 	1452 	1721
f 1449 	1721 	1452
f 1980 	2047 	1979
f 1887 	1503 	1893
f 185 	158 	189
f 1888 	1892 	1880
f 1900 	1880 	1892
f 160 	189 	158
f 1900 	580 	1880
f 1739 	1457 	1734
f 1880 	1882 	1885
f 567 	1583 	506
f 1565 	506 	1583
f 1568 	1565 	1918
f 1919 	1920 	1921
f 1919 	1921 	1922
f 1926 	1927 	1928
f 1926 	1928 	1929
f 1930 	1931 	1932
f 1930 	1932 	1933
f 1936 	1937 	1938
f 1936 	1938 	1939
f 1940 	1941 	1942
f 1940 	1942 	1943
f 1945 	1583 	1944
f 1585 	1944 	1583
f 1583 	1945 	1942
f 1583 	1942 	1941
f 1583 	1941 	1938
f 1583 	1938 	1937
f 1583 	1937 	1932
f 1583 	1932 	1931
f 1928 	1565 	1931
f 1927 	1565 	1928
f 1921 	1565 	1927
f 1920 	1565 	1921
f 1916 	1565 	1920
f 1916 	1918 	1565
f 1583 	1931 	1565
f 1568 	1918 	1919
f 1568 	1919 	1922
f 1568 	1922 	1926
f 1568 	1926 	1929
f 1568 	1929 	1930
f 1933 	1585 	1930
f 1936 	1585 	1933
f 1939 	1585 	1936
f 1940 	1585 	1939
f 1943 	1585 	1940
f 1944 	1585 	1943
f 1568 	1930 	1585
f 1568 	1585 	487
f 565 	487 	1585
f 1942 	613 	612
f 1942 	612 	1943
f 1938 	620 	619
f 1938 	619 	1939
f 1932 	626 	625
f 1932 	625 	1933
f 1928 	633 	631
f 1928 	631 	1929
f 1921 	638 	637
f 1921 	637 	1922
f 1916 	645 	644
f 1916 	644 	1918
f 1919 	642 	641
f 1919 	641 	1920
f 1926 	636 	635
f 1926 	635 	1927
f 1930 	630 	629
f 1930 	629 	1931
f 1936 	624 	622
f 1936 	622 	1937
f 1940 	617 	616
f 1940 	616 	1941
f 1944 	611 	610
f 1944 	610 	1945
f 613 	1942 	1945
f 613 	1945 	610
f 620 	1938 	1941
f 620 	1941 	616
f 626 	1932 	1937
f 626 	1937 	622
f 633 	1928 	1931
f 633 	1931 	629
f 638 	1921 	1927
f 638 	1927 	635
f 645 	1916 	1920
f 645 	1920 	641
f 1943 	612 	611
f 1943 	611 	1944
f 1939 	619 	617
f 1939 	617 	1940
f 1933 	625 	624
f 1933 	624 	1936
f 1929 	631 	630
f 1929 	630 	1930
f 1922 	637 	636
f 1922 	636 	1926
f 1918 	644 	642
f 1918 	642 	1919
f 23 	28 	14
f 568 	14 	28
f 1624 	79 	1620
f 579 	93 	1639
f 94 	98 	1639
f 94 	1639 	93
f 1414 	1669 	1674
f 1414 	1674 	1417
f 1968 	2033 	1725
f 1420 	1417 	1677
f 1674 	1677 	1417
f 1620 	62 	574
f 1420 	1677 	1423
f 1687 	1423 	1677
f 98 	1646 	1639
f 1595 	1982 	1721
f 1968 	1725 	1949
f 1972 	1970 	1946
f 1973 	1972 	1946
f 1968 	1949 	1969
f 1973 	1935 	1974
f 1948 	1946 	1970
f 1969 	1948 	1970
f 98 	1579 	1646
f 158 	14 	568
f 23 	14 	16
f 13 	16 	14
f 1423 	1687 	1690
f 1423 	1690 	1427
f 1974 	1935 	1975
f 1958 	1957 	1963
f 1967 	1966 	1956
f 1965 	1957 	1966
f 1963 	1961 	1958
f 1924 	1958 	1961
f 1961 	1962 	1924
f 1925 	1924 	1976
f 1975 	1925 	1976
f 17 	12 	11
f 17 	11 	18
f 19 	10 	9
f 19 	9 	21
f 1953 	1734 	1954
f 1967 	1956 	1978
f 1431 	1427 	1693
f 1690 	1693 	1427
f 1962 	1976 	1924
f 1925 	1975 	1935
f 1935 	1973 	1946
f 1431 	1693 	1697
f 1948 	1969 	1949
f 1949 	1725 	1951
f 1439 	1697 	1701
f 1954 	1979 	1955
f 1955 	1978 	1956
f 1965 	1963 	1957
f 1439 	1701 	1441
f 1956 	1966 	1957
f 1703 	1441 	1701
f 1978 	1955 	1979
f 1596 	1595 	1721
f 1703 	1711 	1441
f 1951 	1725 	1982
f 1717 	1446 	1711
f 1660 	1739 	1984
f 1652 	1739 	1660
f 1984 	1734 	1953
f 1979 	1954 	1980
f 1446 	1717 	1721
f 1414 	1457 	1669
f 1403 	1722 	535
f 1403 	535 	534
f 532 	535 	1327
f 532 	1327 	1322
f 1724 	1393 	1320
f 534 	538 	1403
f 234 	233 	1403
f 234 	1403 	538
f 1401 	1403 	233
f 2028 	233 	2027
f 2038 	231 	2037
f 2040 	231 	2039
f 2041 	231 	2040
f 2039 	231 	2038
f 233 	231 	2022
f 2047 	233 	2043
f 2030 	2043 	233
f 1401 	233 	22
f 2029 	2030 	233
f 2047 	22 	233
f 1455 	1401 	22
f 2041 	2022 	231
f 233 	2022 	2025
f 233 	2025 	2027
f 2029 	233 	2028
f 1391 	1452 	2033
f 2034 	231 	2033
f 2036 	231 	2034
f 2037 	231 	2036
f 1391 	2033 	231
f 1961 	2025 	2022
f 1963 	2027 	2025
f 1963 	2025 	1961
f 2027 	1963 	2028
f 1965 	2028 	1963
f 2028 	1965 	2029
f 1966 	2029 	1965
f 1966 	1967 	2029
f 1978 	2043 	2030
f 1452 	1725 	2033
f 1968 	2034 	2033
f 1970 	1972 	2036
f 2036 	1972 	2037
f 2037 	1972 	1973
f 2037 	1973 	2038
f 1974 	2039 	2038
f 1974 	2038 	1973
f 2039 	1974 	2040
f 2040 	1974 	1975
f 2041 	2040 	1975
f 2047 	2043 	1978
# 1100 faces

g group_0_9771553

usemtl color_9771553
s 0

f 440 	458 	439
f 441 	458 	440
f 442 	458 	441
f 443 	458 	442
f 438 	439 	458
f 445 	453 	443
f 437 	438 	458
f 452 	453 	451
f 445 	451 	453
f 454 	443 	453
f 455 	443 	454
f 456 	443 	455
f 457 	443 	456
f 458 	443 	457
f 460 	479 	458
f 461 	479 	460
f 465 	478 	461
f 468 	469 	467
f 469 	471 	467
f 465 	467 	471
f 465 	471 	472
f 465 	472 	473
f 465 	473 	474
f 465 	474 	475
f 465 	475 	476
f 465 	476 	477
f 465 	477 	478
f 479 	461 	478
f 446 	437 	458
f 479 	446 	458
f 443 	584 	445
f 441 	440 	598
f 440 	439 	598
f 584 	583 	445
f 473 	472 	852
f 472 	471 	852
f 469 	468 	869
f 467 	882 	869
f 467 	869 	468
f 882 	467 	465
f 446 	570 	418
f 446 	418 	437
f 776 	577 	479
f 446 	577 	570
f 443 	588 	584
f 442 	590 	588
f 442 	588 	443
f 590 	442 	596
f 441 	596 	442
f 441 	598 	596
f 598 	439 	601
f 606 	601 	438
f 439 	438 	601
f 438 	437 	418
f 438 	418 	606
f 465 	461 	627
f 628 	627 	461
f 628 	461 	283
f 460 	283 	461
f 458 	648 	283
f 458 	283 	460
f 648 	458 	652
f 457 	652 	458
f 456 	664 	652
f 456 	652 	457
f 664 	456 	699
f 455 	699 	456
f 454 	702 	699
f 454 	699 	455
f 702 	454 	707
f 453 	707 	454
f 452 	725 	707
f 452 	707 	453
f 725 	452 	424
f 451 	424 	452
f 451 	445 	583
f 424 	451 	583
f 446 	479 	577
f 478 	788 	776
f 478 	776 	479
f 788 	478 	792
f 477 	792 	478
f 476 	801 	792
f 476 	792 	477
f 801 	476 	815
f 475 	815 	476
f 474 	822 	815
f 474 	815 	475
f 822 	474 	387
f 473 	387 	474
f 852 	387 	473
f 852 	471 	855
f 471 	469 	864
f 471 	864 	855
f 469 	869 	864
f 465 	891 	882
f 627 	891 	465
# 97 faces

g group_0_10988977

usemtl color_10988977
s 0

f 628 	283 	274
f 279 	274 	283
f 283 	648 	279
f 279 	278 	275
f 279 	275 	274
f 343 	344 	342
f 343 	342 	341
f 347 	350 	351
f 347 	351 	348
f 351 	343 	341
f 351 	341 	348
f 350 	344 	343
f 350 	343 	351
f 350 	347 	342
f 350 	342 	344
f 360 	274 	275
f 360 	275 	362
f 366 	402 	363
f 373 	366 	363
f 373 	363 	370
f 822 	387 	360
f 274 	360 	387
f 387 	852 	274
f 366 	405 	402
f 408 	410 	373
f 408 	373 	370
f 366 	373 	405
f 410 	405 	373
f 410 	408 	402
f 410 	402 	405
f 362 	392 	360
f 391 	360 	392
f 596 	598 	391
f 360 	391 	418
f 570 	360 	418
f 570 	577 	360
f 606 	418 	391
f 392 	278 	391
f 279 	391 	278
f 664 	699 	279
f 707 	725 	279
f 279 	725 	424
f 583 	391 	424
f 584 	588 	391
f 279 	424 	391
f 588 	590 	391
f 590 	596 	391
f 598 	601 	391
f 391 	601 	606
f 648 	652 	279
f 664 	279 	652
f 699 	702 	279
f 707 	279 	702
f 584 	391 	583
f 776 	360 	577
f 776 	788 	360
f 788 	792 	360
f 792 	801 	360
f 801 	815 	360
f 822 	360 	815
f 855 	864 	274
f 852 	855 	274
f 864 	869 	274
f 869 	882 	274
f 882 	891 	274
f 891 	627 	274
f 628 	274 	627
f 971 	972 	966
f 971 	966 	965
f 975 	968 	967
f 975 	967 	977
f 1005 	1006 	997
f 1005 	997 	995
f 1008 	1001 	999
f 1008 	999 	1009
f 1029 	1034 	1035
f 1029 	1035 	1031
f 1026 	1037 	1038
f 1026 	1038 	1028
f 1035 	1005 	995
f 1035 	995 	1031
f 1034 	1006 	1005
f 1034 	1005 	1035
f 1034 	1029 	997
f 1034 	997 	1006
f 1038 	1009 	999
f 1038 	999 	1028
f 1037 	1008 	1009
f 1037 	1009 	1038
f 1037 	1026 	1001
f 1037 	1001 	1008
f 990 	1062 	1063
f 990 	1063 	991
f 986 	1066 	1067
f 986 	1067 	988
f 1063 	971 	965
f 1063 	965 	991
f 1062 	972 	971
f 1062 	971 	1063
f 1062 	990 	966
f 1062 	966 	972
f 1067 	977 	967
f 1067 	967 	988
f 1066 	975 	977
f 1066 	977 	1067
f 1066 	986 	968
f 1066 	968 	975
f 1490 	1491 	1488
f 1490 	1488 	1487
f 1500 	1501 	1497
f 1500 	1497 	1496
f 1508 	1509 	1507
f 1508 	1507 	1506
f 1516 	1521 	1522
f 1516 	1522 	1518
f 1522 	1508 	1506
f 1522 	1506 	1518
f 1521 	1509 	1508
f 1521 	1508 	1522
f 1521 	1516 	1507
f 1521 	1507 	1509
f 1503 	1537 	1538
f 1503 	1538 	1504
f 1538 	1500 	1496
f 1538 	1496 	1504
f 1537 	1501 	1500
f 1537 	1500 	1538
f 1537 	1503 	1497
f 1537 	1497 	1501
f 1494 	1554 	1555
f 1494 	1555 	1495
f 1555 	1490 	1487
f 1555 	1487 	1495
f 1554 	1491 	1490
f 1554 	1490 	1555
f 1554 	1494 	1488
f 1554 	1488 	1491
f 1881 	1883 	1884
f 1881 	1884 	1882
f 1887 	1890 	1891
f 1887 	1891 	1888
f 1895 	1898 	1899
f 1895 	1899 	1896
f 1901 	1904 	1905
f 1901 	1905 	1902
f 1904 	1899 	1898
f 1904 	1898 	1905
f 1905 	1898 	1895
f 1905 	1895 	1902
f 1904 	1901 	1896
f 1904 	1896 	1899
f 1892 	1907 	1908
f 1892 	1908 	1893
f 1907 	1891 	1890
f 1907 	1890 	1908
f 1908 	1890 	1887
f 1908 	1887 	1893
f 1907 	1892 	1888
f 1907 	1888 	1891
f 1885 	1909 	1910
f 1885 	1910 	1886
f 1909 	1884 	1883
f 1909 	1883 	1910
f 1910 	1883 	1881
f 1910 	1881 	1886
f 1909 	1885 	1882
f 1909 	1882 	1884
# 167 faces

g group_0_14935265

usemtl color_14935265
s 0

f 113 	168 	112
f 118 	171 	66
f 141 	170 	140
f 112 	170 	141
f 247 	385 	221
f 57 	66 	187
f 140 	171 	118
f 171 	140 	170
f 187 	66 	171
f 57 	188 	1319
f 46 	1319 	188
f 195 	168 	113
f 221 	385 	223
f 223 	168 	195
f 214 	251 	235
f 213 	256 	214
f 209 	330 	254
f 209 	254 	211
f 242 	398 	247
f 179 	229 	249
f 215 	249 	229
f 235 	251 	215
f 249 	215 	251
f 211 	255 	213
f 255 	211 	254
f 256 	213 	255
f 251 	214 	256
f 280 	277 	396
f 297 	393 	289
f 427 	428 	338
f 329 	365 	330
f 364 	365 	328
f 365 	254 	330
f 326 	375 	327
f 87 	1917 	88
f 372 	374 	324
f 323 	372 	324
f 154 	434 	151
f 208 	203 	427
f 426 	427 	203
f 378 	379 	320
f 377 	378 	319
f 317 	376 	319
f 151 	436 	157
f 338 	208 	427
f 425 	426 	237
f 436 	489 	159
f 261 	425 	237
f 238 	237 	426
f 329 	328 	365
f 364 	328 	327
f 326 	324 	374
f 322 	381 	323
f 320 	319 	378
f 375 	326 	374
f 364 	327 	375
f 203 	238 	426
f 159 	157 	436
f 321 	320 	379
f 379 	380 	321
f 322 	321 	380
f 381 	322 	380
f 372 	323 	381
f 390 	254 	365
f 168 	223 	385
f 271 	269 	398
f 290 	289 	395
f 269 	280 	396
f 389 	271 	398
f 385 	247 	398
f 314 	430 	295
f 122 	142 	491
f 297 	295 	393
f 313 	430 	314
f 119 	122 	491
f 142 	139 	490
f 490 	491 	142
f 393 	395 	289
f 395 	396 	277
f 390 	412 	255
f 390 	255 	254
f 126 	119 	492
f 128 	126 	492
f 290 	395 	277
f 491 	492 	119
f 396 	398 	269
f 170 	112 	168
f 389 	398 	242
f 136 	481 	407
f 136 	407 	40
f 412 	431 	256
f 412 	256 	255
f 334 	338 	428
f 393 	295 	430
f 146 	159 	489
f 164 	180 	433
f 434 	166 	433
f 164 	433 	166
f 313 	334 	428
f 147 	146 	489
f 490 	139 	147
f 436 	151 	434
f 430 	313 	428
f 166 	434 	154
f 261 	262 	425
f 88 	433 	180
f 1849 	1917 	87
f 117 	115 	493
f 1804 	117 	493
f 179 	481 	136
f 490 	147 	489
f 251 	495 	502
f 251 	502 	249
f 526 	525 	556
f 481 	179 	530
f 530 	179 	502
f 249 	502 	179
f 495 	251 	256
f 431 	495 	256
f 546 	558 	547
f 553 	547 	558
f 558 	827 	553
f 549 	553 	827
f 235 	555 	543
f 235 	543 	214
f 545 	557 	546
f 544 	215 	229
f 544 	229 	554
f 556 	545 	526
f 555 	235 	215
f 555 	215 	544
f 557 	545 	556
f 558 	546 	557
f 573 	556 	566
f 533 	566 	556
f 560 	569 	377
f 560 	377 	376
f 378 	575 	576
f 378 	576 	379
f 569 	575 	378
f 569 	378 	377
f 573 	581 	557
f 573 	557 	556
f 576 	586 	380
f 576 	380 	379
f 581 	587 	558
f 581 	558 	557
f 586 	593 	381
f 586 	381 	380
f 599 	374 	372
f 599 	372 	600
f 827 	558 	587
f 381 	593 	372
f 600 	372 	593
f 621 	375 	374
f 621 	374 	599
f 640 	364 	375
f 640 	375 	621
f 553 	646 	547
f 618 	547 	646
f 365 	651 	390
f 605 	549 	552
f 605 	552 	634
f 646 	553 	549
f 646 	549 	605
f 365 	364 	640
f 365 	640 	651
f 827 	850 	549
f 552 	549 	850
f 819 	976 	926
f 1998 	1997 	136
f 926 	552 	850
f 930 	376 	317
f 1059 	376 	925
f 921 	925 	376
f 377 	319 	376
f 930 	921 	376
f 974 	964 	943
f 939 	974 	943
f 552 	926 	961
f 1997 	961 	179
f 976 	961 	926
f 229 	179 	976
f 944 	943 	964
f 973 	944 	964
f 926 	982 	819
f 936 	819 	982
f 982 	983 	936
f 939 	936 	983
f 974 	939 	983
f 1059 	1054 	1048
f 840 	1048 	1053
f 1053 	1048 	1054
f 925 	1054 	1059
f 842 	900 	813
f 1065 	900 	842
f 904 	813 	900
f 881 	1073 	527
f 1073 	528 	527
f 944 	973 	946
f 973 	1117 	1069
f 1069 	946 	973
f 1137 	1140 	1078
f 1140 	1141 	1079
f 1081 	1079 	1141
f 1117 	1119 	1070
f 1074 	1122 	1076
f 1122 	1124 	1076
f 1078 	1077 	1137
f 1124 	1137 	1077
f 1077 	1076 	1124
f 1120 	1072 	1119
f 1122 	1074 	1120
f 1079 	1078 	1140
f 1071 	1070 	1119
f 1072 	1120 	1074
f 1071 	1119 	1072
f 1070 	1069 	1117
f 1141 	1144 	1081
f 1082 	1081 	1144
f 1144 	1149 	1082
f 838 	1082 	1149
f 840 	838 	1149
f 840 	1149 	1048
f 998 	1186 	1000
f 994 	1191 	996
f 993 	1218 	994
f 992 	989 	1216
f 1215 	1216 	989
f 827 	1180 	20
f 827 	20 	850
f 1215 	989 	987
f 827 	587 	1180
f 980 	1000 	1186
f 1191 	1192 	996
f 998 	996 	1192
f 1216 	1217 	992
f 1186 	998 	1192
f 974 	171 	170
f 974 	170 	964
f 1215 	987 	1195
f 993 	992 	1217
f 1218 	993 	1217
f 1191 	994 	1218
f 983 	187 	974
f 171 	974 	187
f 385 	973 	168
f 170 	168 	973
f 170 	973 	964
f 46 	850 	20
f 982 	187 	983
f 187 	982 	188
f 850 	46 	926
f 982 	926 	188
f 1215 	492 	491
f 1215 	491 	1216
f 188 	926 	46
f 1215 	1195 	493
f 1215 	493 	492
f 1326 	1329 	1181
f 936 	57 	819
f 491 	490 	1217
f 491 	1217 	1216
f 1140 	428 	427
f 1140 	427 	1141
f 490 	489 	1218
f 490 	1218 	1217
f 1161 	1359 	1169
f 1137 	430 	428
f 1137 	428 	1140
f 1191 	436 	434
f 1191 	434 	1192
f 1124 	393 	1137
f 1137 	393 	430
f 436 	1191 	489
f 1191 	1218 	489
f 1122 	395 	393
f 1122 	393 	1124
f 434 	433 	1186
f 434 	1186 	1192
f 1120 	396 	395
f 1120 	395 	1122
f 1147 	1143 	1356
f 1119 	398 	396
f 1119 	396 	1120
f 425 	1425 	1149
f 187 	188 	57
f 1335 	1123 	1121
f 1329 	1334 	1188
f 1117 	385 	398
f 1117 	398 	1119
f 1325 	1326 	1175
f 1144 	426 	425
f 1144 	425 	1149
f 1136 	1319 	46
f 1175 	1326 	1181
f 1113 	425 	262
f 385 	1117 	973
f 1184 	1181 	1329
f 1188 	1184 	1329
f 427 	426 	1144
f 427 	1144 	1141
f 1113 	1107 	425
f 1335 	1121 	1334
f 1121 	1189 	1334
f 1189 	1188 	1334
f 1335 	1129 	1123
f 1153 	1357 	1160
f 1153 	1152 	1357
f 1359 	1160 	1357
f 1335 	1355 	1129
f 1355 	1131 	1129
f 1143 	1131 	1355
f 1355 	1356 	1143
f 1152 	1147 	1356
f 1356 	1357 	1152
f 1160 	1359 	1161
f 1178 	560 	1095
f 1169 	1359 	1100
f 1359 	1906 	1100
f 1371 	1011 	111
f 1371 	111 	1372
f 1095 	560 	1096
f 1448 	1096 	560
f 1390 	1405 	569
f 1386 	1136 	46
f 1386 	530 	1136
f 554 	1136 	530
f 425 	1107 	1425
f 1104 	1425 	1102
f 1102 	1425 	1106
f 1425 	1104 	1448
f 1096 	1448 	1097
f 1107 	1106 	1425
f 1097 	1448 	1104
f 1456 	1204 	1127
f 1127 	1204 	1128
f 1323 	663 	672
f 1323 	672 	1085
f 961 	634 	552
f 1319 	819 	57
f 1048 	1149 	1425
f 1059 	1448 	560
f 1059 	560 	376
f 1127 	900 	1456
f 1065 	1456 	900
f 634 	961 	1386
f 554 	229 	976
f 554 	976 	1136
f 1136 	976 	1319
f 819 	1319 	976
f 1048 	1425 	1059
f 1425 	1448 	1059
f 842 	1204 	1065
f 1065 	1204 	1456
f 1605 	1604 	1650
f 1591 	1719 	1592
f 1602 	1657 	1603
f 1655 	1656 	1601
f 1650 	1643 	1605
f 1659 	1650 	1604
f 1604 	1603 	1659
f 1610 	1609 	1648
f 1784 	1610 	1648
f 1789 	1784 	1648
f 1647 	1648 	1609
f 1645 	1647 	1609
f 1606 	1605 	1643
f 1643 	1645 	1606
f 1601 	1600 	1655
f 1600 	1592 	1655
f 1602 	1601 	1656
f 1656 	1657 	1602
f 1659 	1603 	1657
f 1650 	1335 	1334
f 1650 	1334 	1643
f 1650 	1659 	1335
f 1335 	1659 	1355
f 1659 	1657 	1356
f 1659 	1356 	1355
f 1657 	1656 	1357
f 1657 	1357 	1356
f 1648 	1325 	1789
f 1656 	1655 	1359
f 1656 	1359 	1357
f 1710 	1992 	1706
f 1648 	1647 	1326
f 1648 	1326 	1325
f 1707 	1706 	1719
f 1655 	1592 	1719
f 1707 	1719 	1591
f 1647 	1645 	1329
f 1647 	1329 	1326
f 1645 	1643 	1334
f 1645 	1334 	1329
f 1752 	1116 	1599
f 1752 	1599 	1755
f 1774 	1786 	1780
f 987 	985 	1195
f 1609 	1606 	1645
f 1786 	1785 	1780
f 1789 	1780 	1785
f 985 	1774 	1195
f 1780 	1195 	1774
f 1785 	1784 	1789
f 1371 	1755 	1599
f 1612 	1011 	1599
f 1142 	1011 	1612
f 1371 	1599 	1011
f 1794 	1830 	1666
f 1794 	1662 	1664
f 1792 	533 	524
f 524 	533 	525
f 1662 	1794 	1666
f 1186 	1796 	980
f 556 	525 	533
f 533 	1792 	1796
f 1792 	981 	1796
f 981 	980 	1796
f 978 	529 	528
f 1073 	1755 	528
f 1709 	1708 	1073
f 1708 	1755 	1073
f 1803 	1755 	1708
f 1755 	1371 	528
f 978 	528 	1371
f 1634 	1636 	407
f 1621 	1618 	1832
f 1832 	407 	1622
f 1636 	1622 	407
f 1831 	1832 	1618
f 1616 	1626 	1831
f 1618 	1616 	1831
f 1831 	1626 	1830
f 1667 	1666 	1830
f 1622 	1621 	1832
f 115 	128 	493
f 492 	493 	128
f 1671 	1830 	1626
f 1805 	1804 	1829
f 1671 	1667 	1830
f 1811 	1325 	1174
f 1809 	1801 	1842
f 1807 	1325 	1811
f 1175 	1174 	1325
f 530 	1628 	481
f 1634 	481 	1628
f 1386 	1628 	530
f 1805 	1829 	1799
f 493 	1829 	1804
f 1807 	1809 	1325
f 1325 	1809 	1842
f 1800 	1799 	1829
f 1829 	1842 	1800
f 481 	1634 	407
f 1801 	1800 	1842
f 111 	1116 	1752
f 111 	1752 	1372
f 1116 	111 	1740
f 1365 	1740 	111
f 530 	502 	554
f 495 	431 	1548
f 1776 	573 	1777
f 1195 	1780 	493
f 1829 	493 	1780
f 573 	566 	1777
f 1852 	1851 	566
f 1842 	1829 	1789
f 1780 	1789 	1829
f 544 	554 	502
f 1789 	1325 	1842
f 46 	20 	634
f 502 	495 	544
f 555 	544 	495
f 634 	1386 	46
f 20 	1180 	605
f 1365 	1142 	1740
f 1612 	1740 	1142
f 1749 	1748 	581
f 1544 	1556 	431
f 1556 	1548 	431
f 431 	412 	1544
f 1548 	543 	495
f 543 	555 	495
f 1372 	74 	978
f 1372 	978 	1371
f 1744 	1749 	581
f 1745 	1744 	581
f 587 	581 	1748
f 1748 	1760 	587
f 1755 	1803 	1894
f 1755 	1894 	1752
f 1776 	1783 	573
f 1745 	573 	1783
f 581 	573 	1745
f 390 	1541 	412
f 1545 	1544 	412
f 605 	634 	20
f 1180 	587 	646
f 646 	605 	1180
f 618 	646 	587
f 1760 	618 	587
f 1545 	412 	1541
f 1433 	1445 	390
f 1860 	1859 	1906
f 1857 	1856 	1906
f 1856 	1101 	1906
f 1101 	1100 	1906
f 1541 	390 	1444
f 1857 	1906 	1859
f 1906 	1794 	1860
f 1860 	1794 	1664
f 390 	651 	1433
f 1444 	390 	1445
f 1781 	1777 	566
f 1852 	1917 	1848
f 1849 	1848 	1917
f 433 	88 	1917
f 1852 	566 	1917
f 1782 	1781 	566
f 1851 	1782 	566
f 1894 	1877 	1876
f 1878 	1372 	1876
f 1844 	74 	1878
f 74 	1372 	1878
f 1372 	1752 	1876
f 1894 	1876 	1752
f 1323 	1878 	1876
f 1323 	1876 	663
f 599 	600 	1412
f 1719 	1906 	1655
f 1359 	1655 	1906
f 600 	593 	1419
f 1410 	593 	1411
f 1719 	1992 	1906
f 1708 	1877 	1894
f 1708 	1894 	1803
f 1917 	1796 	433
f 1186 	433 	1796
f 1917 	533 	1796
f 1917 	566 	533
f 1397 	1400 	576
f 576 	575 	1397
f 1404 	1397 	575
f 1419 	1418 	600
f 586 	1411 	593
f 1416 	1424 	599
f 621 	599 	1424
f 1424 	1422 	621
f 1422 	1430 	621
f 1430 	1429 	640
f 1428 	1437 	651
f 586 	576 	1408
f 1400 	1408 	576
f 1408 	1407 	586
f 1418 	1412 	600
f 1407 	1411 	586
f 1416 	599 	1412
f 640 	621 	1430
f 651 	640 	1428
f 1429 	1428 	640
f 1434 	1433 	651
f 1437 	1434 	651
f 1428 	1438 	1437
f 569 	560 	1390
f 1183 	1390 	560
f 1178 	1183 	560
f 1410 	1419 	593
f 1405 	1404 	575
f 575 	569 	1405
f 1989 	2003 	1990
f 1710 	1990 	1992
f 1719 	1706 	1992
f 976 	179 	961
f 179 	136 	1997
f 2002 	2003 	2001
f 136 	40 	1998
f 2000 	1999 	2004
f 40 	2004 	1999
f 1992 	1990 	2003
f 2004 	2002 	2000
f 2001 	2000 	2002
f 1989 	2001 	2003
f 1999 	1998 	40
f 1794 	1906 	1992
f 2004 	1832 	1831
f 2004 	1831 	2002
f 1832 	2004 	407
f 40 	407 	2004
f 1992 	2003 	1830
f 1992 	1830 	1794
f 2003 	2002 	1831
f 2003 	1831 	1830
f 1997 	1628 	1386
f 1997 	1386 	961
# 595 faces

g group_0_16448250

usemtl color_16448250
s 0

f 100 	102 	103
f 100 	103 	104
f 248 	104 	244
f 103 	244 	104
f 102 	1284 	1283
f 102 	1283 	103
f 1285 	100 	104
f 102 	100 	1285
f 102 	1285 	1284
f 248 	1315 	104
f 244 	103 	1314
f 1283 	1314 	103
f 1282 	1283 	1284
f 1282 	1284 	1285
f 1285 	104 	1282
f 1315 	1314 	1282
f 1283 	1282 	1314
f 1282 	104 	1315
# 18 faces

g group_0_-1040157015

usemtl color_-1040157015
s 0

f 7 	8 	2
f 8 	3 	2
f 7 	508 	8
f 56 	243 	567
f 64 	567 	68
f 68 	567 	71
f 93 	1995 	15
f 106 	101 	27
f 71 	567 	78
f 162 	1847 	88
f 1871 	92 	85
f 84 	506 	89
f 54 	1995 	101
f 54 	15 	1995
f 78 	567 	84
f 85 	92 	111
f 99 	506 	108
f 114 	115 	117
f 99 	89 	506
f 119 	120 	121
f 119 	121 	122
f 128 	114 	126
f 115 	114 	128
f 114 	120 	126
f 119 	126 	120
f 139 	142 	137
f 121 	137 	142
f 121 	142 	122
f 146 	147 	145
f 137 	145 	147
f 137 	147 	139
f 143 	506 	150
f 151 	152 	153
f 151 	153 	154
f 116 	167 	106
f 151 	157 	152
f 157 	159 	152
f 145 	152 	159
f 145 	159 	146
f 156 	155 	509
f 164 	166 	162
f 153 	162 	166
f 153 	166 	154
f 88 	180 	162
f 162 	180 	164
f 161 	509 	169
f 176 	509 	181
f 123 	509 	382
f 183 	123 	382
f 186 	183 	382
f 205 	956 	190
f 206 	200 	382
f 213 	902 	211
f 214 	902 	213
f 215 	904 	214
f 216 	904 	215
f 382 	574 	218
f 239 	236 	574
f 243 	239 	567
f 574 	567 	239
f 250 	787 	252
f 253 	252 	752
f 258 	253 	752
f 264 	258 	752
f 267 	654 	276
f 276 	654 	273
f 281 	767 	284
f 288 	284 	767
f 272 	591 	282
f 220 	120 	225
f 205 	121 	220
f 226 	225 	114
f 196 	184 	152
f 190 	137 	205
f 153 	152 	184
f 184 	182 	153
f 162 	153 	182
f 114 	225 	120
f 257 	591 	272
f 120 	220 	121
f 293 	591 	301
f 121 	205 	137
f 282 	591 	293
f 308 	470 	309
f 137 	190 	145
f 152 	145 	196
f 190 	196 	145
f 309 	470 	312
f 311 	404 	316
f 324 	923 	323
f 323 	923 	322
f 326 	923 	324
f 321 	322 	923
f 320 	321 	923
f 319 	320 	923
f 327 	923 	326
f 328 	923 	327
f 329 	923 	328
f 330 	923 	329
f 211 	902 	209
f 209 	923 	330
f 315 	470 	318
f 325 	404 	332
f 331 	401 	336
f 303 	787 	346
f 349 	346 	787
f 349 	787 	353
f 361 	686 	368
f 367 	404 	369
f 1394 	358 	359
f 1394 	369 	404
f 340 	404 	367
f 359 	369 	1394
f 368 	686 	308
f 357 	355 	686
f 232 	574 	236
f 218 	212 	382
f 227 	222 	574
f 298 	767 	388
f 1590 	1597 	383
f 15 	1590 	383
f 340 	335 	404
f 335 	332 	404
f 316 	404 	325
f 301 	404 	311
f 307 	339 	401
f 339 	336 	401
f 331 	318 	401
f 470 	401 	318
f 312 	470 	315
f 423 	421 	803
f 116 	27 	1607
f 420 	803 	421
f 423 	803 	429
f 429 	803 	432
f 432 	803 	415
f 101 	1570 	54
f 415 	537 	444
f 222 	218 	574
f 212 	206 	382
f 200 	186 	382
f 1394 	382 	509
f 125 	509 	123
f 125 	181 	509
f 382 	1394 	404
f 444 	537 	447
f 447 	537 	450
f 450 	537 	459
f 459 	537 	463
f 116 	1607 	1587
f 116 	1587 	167
f 167 	1587 	1572
f 480 	401 	470
f 494 	337 	496
f 263 	337 	494
f 224 	337 	263
f 504 	519 	480
f 1572 	1577 	106
f 197 	265 	480
f 503 	504 	480
f 7 	507 	508
f 176 	169 	509
f 161 	156 	509
f 506 	509 	150
f 155 	150 	509
f 143 	108 	506
f 496 	337 	510
f 510 	803 	420
f 537 	401 	519
f 498 	497 	500
f 498 	500 	499
f 463 	537 	519
f 401 	480 	519
f 1726 	874 	518
f 487 	531 	506
f 526 	545 	529
f 525 	526 	529
f 528 	529 	527
f 524 	525 	529
f 509 	506 	531
f 265 	503 	480
f 486 	531 	487
f 539 	531 	486
f 518 	874 	536
f 536 	874 	540
f 355 	356 	686
f 767 	686 	356
f 388 	767 	356
f 214 	543 	544
f 214 	544 	215
f 542 	1584 	352
f 1552 	216 	544
f 215 	544 	216
f 546 	527 	545
f 547 	527 	546
f 549 	527 	548
f 548 	527 	547
f 550 	527 	549
f 354 	591 	257
f 480 	693 	197
f 506 	84 	567
f 64 	56 	567
f 232 	230 	574
f 574 	382 	579
f 1109 	1018 	1533
f 189 	160 	767
f 559 	767 	160
f 1773 	1787 	518
f 623 	614 	93
f 1533 	260 	267
f 563 	686 	559
f 567 	574 	568
f 568 	28 	567
f 565 	567 	28
f 582 	654 	1017
f 536 	1773 	518
f 1524 	276 	273
f 61 	568 	574
f 604 	259 	608
f 602 	259 	604
f 597 	259 	602
f 230 	227 	574
f 1524 	267 	276
f 540 	1772 	1773
f 540 	1773 	536
f 382 	580 	579
f 287 	1515 	273
f 541 	1766 	1772
f 541 	1772 	540
f 647 	93 	589
f 592 	589 	259
f 292 	1515 	287
f 93 	259 	589
f 595 	592 	259
f 404 	301 	591
f 352 	1584 	354
f 345 	1576 	542
f 595 	259 	597
f 1478 	300 	1469
f 299 	1469 	300
f 1475 	292 	1478
f 300 	1478 	292
f 548 	1751 	605
f 548 	605 	549
f 549 	605 	550
f 610 	611 	612
f 610 	612 	613
f 305 	1468 	299
f 615 	563 	614
f 616 	617 	619
f 616 	619 	620
f 1751 	548 	618
f 547 	618 	548
f 563 	93 	614
f 639 	632 	93
f 622 	624 	625
f 622 	625 	626
f 629 	630 	631
f 629 	631 	633
f 623 	93 	632
f 1362 	1468 	305
f 635 	636 	637
f 635 	637 	638
f 639 	93 	643
f 647 	643 	93
f 641 	642 	644
f 641 	644 	645
f 310 	383 	1597
f 267 	1017 	654
f 662 	563 	615
f 561 	563 	662
f 663 	665 	668
f 663 	668 	672
f 559 	686 	767
f 563 	561 	693
f 42 	41 	34
f 42 	34 	33
f 686 	563 	693
f 39 	38 	36
f 39 	36 	35
f 486 	487 	698
f 487 	565 	698
f 565 	28 	698
f 809 	56 	708
f 708 	56 	64
f 708 	64 	712
f 561 	197 	693
f 68 	717 	712
f 68 	712 	64
f 71 	721 	717
f 71 	717 	68
f 559 	160 	60
f 721 	71 	724
f 78 	724 	71
f 84 	728 	724
f 84 	724 	78
f 89 	732 	728
f 89 	728 	84
f 99 	736 	732
f 99 	732 	89
f 608 	259 	609
f 260 	1017 	267
f 563 	81 	93
f 108 	740 	736
f 108 	736 	99
f 740 	108 	749
f 143 	749 	108
f 123 	745 	746
f 123 	746 	125
f 183 	745 	123
f 192 	191 	204
f 192 	204 	202
f 194 	193 	199
f 194 	199 	198
f 150 	751 	749
f 150 	749 	143
f 268 	266 	752
f 767 	270 	752
f 268 	752 	270
f 155 	753 	751
f 155 	751 	150
f 156 	755 	753
f 156 	753 	155
f 695 	694 	697
f 695 	697 	696
f 281 	270 	767
f 161 	756 	755
f 161 	755 	156
f 713 	711 	718
f 713 	718 	716
f 169 	757 	756
f 169 	756 	161
f 743 	741 	1219
f 361 	357 	686
f 176 	758 	757
f 176 	757 	169
f 291 	288 	767
f 298 	291 	767
f 181 	760 	758
f 181 	758 	176
f 125 	746 	760
f 125 	760 	181
f 183 	770 	745
f 874 	1013 	1042
f 186 	773 	770
f 186 	770 	183
f 470 	308 	686
f 200 	775 	773
f 200 	773 	186
f 228 	780 	781
f 206 	782 	775
f 206 	775 	200
f 1027 	1033 	1013
f 786 	781 	787
f 212 	789 	782
f 212 	782 	206
f 854 	800 	874
f 240 	234 	537
f 218 	790 	789
f 218 	789 	212
f 234 	538 	537
f 222 	795 	790
f 222 	790 	218
f 529 	545 	527
f 227 	796 	795
f 227 	795 	222
f 505 	562 	594
f 791 	505 	594
f 959 	881 	550
f 266 	264 	752
f 752 	252 	787
f 250 	353 	787
f 781 	780 	787
f 752 	787 	780
f 230 	798 	796
f 230 	796 	227
f 240 	537 	803
f 232 	802 	798
f 232 	798 	230
f 236 	806 	802
f 236 	802 	232
f 831 	817 	805
f 800 	805 	874
f 239 	807 	806
f 239 	806 	236
f 799 	508 	791
f 507 	791 	508
f 807 	239 	809
f 243 	809 	239
f 537 	415 	803
f 863 	843 	831
f 874 	805 	540
f 56 	809 	243
f 780 	228 	811
f 814 	936 	813
f 936 	939 	813
f 816 	257 	272
f 816 	272 	821
f 541 	540 	805
f 521 	520 	523
f 521 	523 	522
f 818 	250 	252
f 818 	252 	823
f 282 	824 	821
f 282 	821 	272
f 505 	764 	562
f 823 	252 	253
f 823 	253 	825
f 293 	826 	824
f 293 	824 	282
f 258 	828 	825
f 258 	825 	253
f 701 	700 	739
f 701 	739 	738
f 264 	830 	828
f 264 	828 	258
f 301 	829 	826
f 301 	826 	293
f 704 	703 	735
f 704 	735 	734
f 541 	805 	817
f 266 	832 	830
f 266 	830 	264
f 706 	705 	733
f 706 	733 	731
f 833 	829 	301
f 833 	301 	311
f 710 	709 	730
f 710 	730 	729
f 834 	832 	266
f 834 	266 	268
f 316 	835 	833
f 316 	833 	311
f 270 	836 	834
f 270 	834 	268
f 715 	714 	727
f 715 	727 	726
f 325 	837 	835
f 325 	835 	316
f 836 	270 	839
f 281 	839 	270
f 720 	719 	723
f 720 	723 	722
f 840 	841 	838
f 842 	1076 	841
f 332 	844 	837
f 332 	837 	325
f 284 	845 	839
f 284 	839 	281
f 594 	924 	791
f 505 	871 	764
f 335 	846 	844
f 335 	844 	332
f 288 	847 	845
f 288 	845 	284
f 340 	848 	846
f 340 	846 	335
f 291 	849 	847
f 291 	847 	288
f 849 	291 	851
f 291 	298 	851
f 765 	957 	594
f 779 	778 	785
f 779 	785 	784
f 892 	853 	345
f 1 	505 	2
f 791 	2 	505
f 507 	2 	791
f 352 	856 	892
f 352 	892 	542
f 354 	858 	856
f 354 	856 	352
f 857 	308 	309
f 857 	309 	859
f 3 	8 	508
f 858 	257 	816
f 354 	257 	858
f 312 	860 	309
f 859 	309 	860
f 358 	861 	862
f 358 	862 	359
f 799 	3 	508
f 817 	831 	843
f 7 	2 	507
f 860 	312 	315
f 860 	315 	865
f 219 	337 	224
f 848 	340 	866
f 367 	866 	340
f 318 	867 	865
f 318 	865 	315
f 369 	868 	866
f 369 	866 	367
f 609 	259 	654
f 359 	862 	868
f 359 	868 	369
f 1041 	1017 	1018
f 899 	872 	486
f 331 	875 	867
f 331 	867 	318
f 486 	872 	880
f 486 	880 	539
f 1997 	1998 	881
f 336 	884 	875
f 336 	875 	331
f 1998 	1999 	881
f 509 	531 	885
f 339 	888 	884
f 339 	884 	336
f 885 	531 	889
f 888 	307 	890
f 339 	307 	888
f 306 	890 	307
f 539 	880 	889
f 539 	889 	531
f 542 	892 	345
f 304 	897 	890
f 304 	890 	306
f 698 	899 	486
f 902 	214 	904
f 900 	902 	904
f 897 	303 	901
f 304 	303 	897
f 346 	901 	303
f 765 	764 	874
f 871 	874 	764
f 874 	962 	765
f 916 	843 	863
f 976 	813 	216
f 923 	209 	902
f 349 	906 	901
f 349 	901 	346
f 353 	908 	906
f 353 	906 	349
f 962 	874 	969
f 963 	765 	962
f 956 	594 	957
f 894 	893 	896
f 894 	896 	895
f 908 	353 	818
f 250 	818 	353
f 355 	917 	919
f 355 	919 	356
f 921 	923 	925
f 357 	927 	917
f 357 	917 	355
f 921 	930 	923
f 930 	317 	923
f 317 	319 	923
f 927 	361 	933
f 357 	361 	927
f 368 	945 	933
f 368 	933 	361
f 924 	594 	947
f 944 	813 	943
f 939 	943 	813
f 946 	1069 	813
f 944 	946 	813
f 947 	594 	941
f 941 	594 	956
f 945 	368 	857
f 308 	857 	368
f 851 	298 	955
f 388 	955 	298
f 356 	919 	955
f 356 	955 	388
f 527 	550 	881
f 881 	959 	1997
f 957 	765 	963
f 960 	1080 	910
f 856 	858 	945
f 814 	813 	976
f 904 	216 	813
f 978 	979 	980
f 978 	980 	981
f 1004 	1040 	1002
f 1022 	1013 	1010
f 1020 	3 	1014
f 3 	1040 	1014
f 585 	1017 	217
f 1024 	3 	1020
f 903 	3 	1024
f 905 	3 	903
f 905 	909 	3
f 945 	857 	856
f 1018 	1017 	260
f 1004 	1007 	1040
f 1012 	1014 	1040
f 1042 	759 	874
f 910 	1080 	909
f 1055 	1017 	1047
f 1047 	1017 	1041
f 1396 	905 	903
f 923 	841 	840
f 923 	840 	1053
f 923 	1053 	1054
f 923 	1054 	925
f 1450 	909 	1396
f 905 	1396 	909
f 909 	1450 	910
f 874 	1051 	854
f 358 	1460 	861
f 1002 	1461 	1004
f 1462 	1007 	1461
f 1004 	1461 	1007
f 1071 	813 	1070
f 1069 	1070 	813
f 1072 	842 	1071
f 1074 	842 	1072
f 1076 	842 	1074
f 1077 	841 	1076
f 1078 	841 	1077
f 1079 	841 	1078
f 1081 	841 	1079
f 1082 	841 	1081
f 838 	841 	1082
f 813 	1071 	842
f 1007 	1462 	1012
f 1012 	1465 	1014
f 234 	240 	811
f 228 	234 	811
f 1466 	1020 	1465
f 1014 	1465 	1020
f 1020 	1466 	1024
f 668 	1086 	672
f 1085 	672 	1086
f 1097 	1098 	1096
f 1098 	1176 	1096
f 1100 	1101 	1162
f 1098 	1104 	1103
f 1097 	1104 	1098
f 1102 	1103 	1104
f 1102 	1106 	1103
f 1103 	1106 	1107
f 1103 	1107 	1113
f 1108 	1093 	1116
f 1118 	1121 	1123
f 1118 	1123 	1125
f 1131 	1133 	1129
f 1133 	1125 	1129
f 1123 	1129 	1125
f 1128 	1130 	1127
f 1134 	1127 	1130
f 996 	1146 	994
f 994 	1146 	993
f 992 	993 	1146
f 989 	992 	1146
f 987 	989 	1146
f 979 	1142 	998
f 1000 	979 	998
f 980 	979 	1000
f 996 	998 	1146
f 1011 	1142 	979
f 1146 	998 	1142
f 985 	987 	1146
f 1147 	1148 	1143
f 1148 	1133 	1143
f 1131 	1143 	1133
f 216 	1552 	1136
f 1153 	1154 	1152
f 1154 	1148 	1152
f 1147 	1152 	1148
f 1161 	1162 	1160
f 1162 	1154 	1160
f 1153 	1160 	1154
f 800 	1714 	805
f 1100 	1162 	1169
f 1161 	1169 	1162
f 1088 	923 	1134
f 1174 	1175 	1177
f 1176 	1178 	1095
f 1095 	1096 	1176
f 1176 	1183 	1178
f 1184 	1185 	1181
f 1185 	1177 	1181
f 1175 	1181 	1177
f 817 	1735 	541
f 1189 	1118 	1188
f 1121 	1118 	1189
f 1118 	1185 	1188
f 1184 	1188 	1185
f 1138 	1136 	1552
f 805 	1704 	831
f 1091 	1092 	1204
f 1128 	1204 	1130
f 1092 	1130 	1204
f 262 	1594 	1113
f 1819 	924 	226
f 550 	1756 	959
f 226 	947 	225
f 941 	220 	225
f 941 	225 	947
f 1086 	668 	1237
f 665 	1237 	668
f 1714 	800 	854
f 1088 	1134 	1092
f 1134 	1130 	1092
f 1098 	1103 	1114
f 1114 	1109 	1098
f 1231 	1133 	1225
f 1214 	1225 	1148
f 1148 	1154 	1214
f 1125 	1133 	1231
f 1211 	1214 	1154
f 1154 	1162 	1211
f 1235 	1194 	1118
f 1194 	1193 	1185
f 1177 	1185 	1193
f 1193 	1201 	1177
f 1201 	1209 	1177
f 1808 	1177 	1209
f 1231 	1235 	1125
f 1148 	1225 	1133
f 863 	831 	1698
f 1253 	1252 	392
f 1185 	1118 	1194
f 1257 	362 	1258
f 843 	916 	1695
f 1258 	362 	1261
f 1261 	362 	1262
f 1118 	1125 	1235
f 1523 	1524 	1389
f 1098 	1109 	1176
f 1274 	399 	1281
f 1286 	399 	1291
f 924 	947 	226
f 1226 	57 	814
f 220 	941 	205
f 956 	205 	941
f 1594 	1641 	1103
f 1678 	1022 	1010
f 1678 	1010 	1631
f 984 	1631 	1010
f 957 	190 	956
f 1678 	1675 	1022
f 190 	957 	196
f 962 	184 	196
f 962 	196 	963
f 1027 	1022 	1675
f 1307 	1324 	1308
f 963 	196 	957
f 1665 	1042 	1670
f 1027 	1670 	1033
f 1303 	1302 	1324
f 1304 	1303 	1324
f 182 	184 	962
f 969 	182 	962
f 1298 	1324 	1301
f 1302 	1301 	1324
f 1033 	1670 	1042
f 1297 	1324 	1298
f 362 	286 	399
f 1665 	1651 	1042
f 1114 	1641 	1047
f 286 	803 	337
f 803 	510 	337
f 1321 	93 	310
f 1274 	1262 	399
f 299 	93 	305
f 1286 	1281 	399
f 1637 	854 	1051
f 300 	93 	299
f 1055 	1633 	984
f 292 	259 	300
f 287 	259 	292
f 287 	273 	259
f 1237 	1323 	1085
f 1237 	1085 	1086
f 958 	767 	1331
f 752 	1331 	767
f 1256 	362 	1257
f 1253 	392 	1256
f 1252 	1308 	392
f 1324 	392 	1308
f 1307 	1304 	1324
f 399 	1262 	362
f 362 	1256 	392
f 1331 	780 	811
f 752 	780 	1331
f 568 	61 	60
f 160 	568 	60
f 828 	1331 	825
f 305 	93 	1321
f 300 	259 	93
f 273 	654 	259
f 579 	580 	93
f 1288 	1287 	1318
f 1288 	1318 	1317
f 1290 	1289 	1312
f 1290 	1312 	1311
f 1348 	1013 	1351
f 1352 	1351 	918
f 1293 	1292 	1310
f 1293 	1310 	1309
f 845 	958 	839
f 836 	839 	958
f 847 	958 	845
f 849 	958 	847
f 851 	958 	849
f 1354 	918 	1358
f 860 	1080 	859
f 698 	28 	767
f 85 	979 	74
f 978 	74 	979
f 1362 	1321 	310
f 1321 	1362 	305
f 890 	1471 	888
f 979 	85 	111
f 979 	111 	1011
f 906 	811 	901
f 111 	92 	1365
f 92 	1366 	1365
f 818 	811 	908
f 1146 	1142 	1365
f 1146 	1365 	1366
f 1363 	914 	1364
f 708 	958 	809
f 3 	909 	1080
f 2 	3 	1080
f 960 	970 	1080
f 712 	958 	708
f 1364 	914 	1367
f 1453 	1771 	1458
f 1367 	914 	1297
f 721 	958 	717
f 1324 	1297 	914
f 1080 	860 	865
f 1080 	865 	867
f 1080 	867 	875
f 1080 	875 	884
f 884 	888 	1471
f 897 	811 	890
f 724 	958 	721
f 1460 	358 	1394
f 728 	958 	724
f 853 	892 	1080
f 970 	853 	1080
f 892 	856 	1080
f 1493 	1499 	1080
f 732 	958 	728
f 736 	889 	732
f 1363 	1361 	914
f 1360 	914 	1361
f 914 	1360 	1343
f 918 	914 	1344
f 1358 	918 	1344
f 1354 	1353 	918
f 1343 	1344 	914
f 1331 	832 	834
f 1331 	834 	836
f 1331 	836 	958
f 1471 	890 	811
f 897 	901 	811
f 811 	906 	908
f 823 	811 	818
f 823 	825 	811
f 830 	1331 	828
f 832 	1331 	830
f 811 	825 	1331
f 1390 	1183 	1389
f 1176 	1389 	1183
f 918 	1013 	874
f 1562 	1567 	591
f 1571 	580 	1569
f 591 	1567 	580
f 1676 	93 	1580
f 751 	753 	889
f 853 	970 	345
f 885 	889 	753
f 755 	885 	753
f 756 	885 	755
f 1139 	1230 	1145
f 1227 	1145 	1230
f 1151 	1150 	1157
f 1151 	1157 	1156
f 758 	885 	757
f 1397 	1398 	1399
f 1397 	1399 	1400
f 746 	885 	760
f 1159 	1158 	1164
f 1159 	1164 	1163
f 1168 	1167 	1171
f 1168 	1171 	1170
f 1397 	1404 	1398
f 1389 	1398 	1404
f 1389 	1404 	1405
f 1389 	1405 	1390
f 914 	871 	1324
f 1010 	1017 	984
f 1027 	1013 	1022
f 1407 	1408 	1406
f 1399 	1406 	1408
f 1399 	1408 	1400
f 741 	1220 	1219
f 1222 	1221 	1224
f 1222 	1224 	1223
f 1410 	1411 	1409
f 1406 	1409 	1411
f 1406 	1411 	1407
f 789 	1463 	782
f 1412 	1413 	1415
f 1412 	1415 	1416
f 1409 	1413 	1419
f 1410 	1409 	1419
f 1418 	1419 	1413
f 1412 	1418 	1413
f 1353 	1352 	918
f 1348 	1291 	1013
f 1422 	1424 	1421
f 1415 	1421 	1424
f 1415 	1424 	1416
f 807 	821 	806
f 399 	1013 	1291
f 1428 	1429 	1426
f 1429 	1430 	1426
f 1421 	1426 	1430
f 1421 	1430 	1422
f 809 	958 	807
f 1432 	1433 	1434
f 1432 	1434 	1435
f 1017 	337 	217
f 1438 	1428 	1437
f 1428 	1426 	1437
f 1426 	1435 	1437
f 1434 	1437 	1435
f 1017 	1010 	1013
f 829 	833 	796
f 795 	796 	833
f 796 	798 	829
f 1433 	1432 	1445
f 1444 	1445 	1432
f 848 	1463 	846
f 846 	1463 	844
f 219 	217 	337
f 571 	1017 	585
f 310 	1454 	1362
f 918 	1351 	1013
f 1454 	310 	1597
f 858 	958 	927
f 1396 	799 	1450
f 984 	1017 	1055
f 571 	582 	1017
f 1033 	1042 	1013
f 1459 	278 	1324
f 1002 	1040 	861
f 1459 	6 	275
f 1459 	275 	278
f 337 	399 	286
f 362 	275 	286
f 6 	286 	275
f 1155 	959 	1756
f 862 	1040 	868
f 866 	1463 	848
f 1461 	1394 	1462
f 795 	844 	1463
f 866 	868 	1463
f 1040 	1463 	868
f 861 	1040 	862
f 1462 	1394 	1464
f 814 	1136 	1226
f 1464 	1394 	1465
f 835 	795 	833
f 837 	795 	835
f 795 	837 	844
f 1463 	790 	795
f 826 	829 	798
f 798 	802 	826
f 824 	826 	802
f 821 	824 	802
f 806 	821 	802
f 1394 	799 	1465
f 1466 	799 	1467
f 758 	760 	885
f 746 	745 	885
f 770 	1463 	745
f 745 	1463 	885
f 773 	1463 	770
f 775 	1463 	773
f 782 	1463 	775
f 790 	1463 	789
f 1040 	885 	1463
f 1468 	1469 	299
f 756 	757 	885
f 740 	889 	736
f 1467 	799 	1395
f 1395 	799 	1396
f 1450 	1771 	1451
f 1324 	278 	392
f 880 	872 	889
f 816 	958 	858
f 1461 	1460 	1394
f 1459 	1471 	6
f 1472 	1252 	1253
f 1472 	1253 	1474
f 842 	841 	1091
f 842 	1091 	1204
f 1256 	1476 	1474
f 1256 	1474 	1253
f 821 	807 	958
f 712 	717 	958
f 740 	749 	889
f 749 	751 	889
f 1471 	811 	240
f 240 	6 	1471
f 1257 	1479 	1476
f 1257 	1476 	1256
f 1997 	959 	1628
f 791 	1771 	799
f 1451 	1771 	1453
f 917 	927 	958
f 919 	917 	958
f 816 	821 	958
f 927 	933 	858
f 933 	945 	858
f 1258 	1481 	1479
f 1258 	1479 	1257
f 899 	958 	872
f 872 	958 	889
f 732 	889 	958
f 1261 	1482 	1481
f 1261 	1481 	1258
f 1396 	903 	1395
f 885 	1394 	509
f 1040 	1394 	885
f 1262 	1483 	1482
f 1262 	1482 	1261
f 1451 	910 	1450
f 1483 	1262 	1485
f 1274 	1485 	1262
f 1134 	902 	1127
f 900 	1127 	902
f 910 	1451 	960
f 1453 	960 	1451
f 1281 	1486 	1485
f 1281 	1485 	1274
f 216 	1136 	976
f 960 	1453 	970
f 1458 	970 	1453
f 902 	1134 	923
f 1458 	345 	970
f 1281 	1286 	1486
f 1493 	1486 	1286
f 1002 	861 	1460
f 1291 	1499 	1493
f 1291 	1493 	1286
f 1002 	1460 	1461
f 1499 	1291 	1348
f 1564 	1367 	1505
f 1297 	1505 	1367
f 1464 	1012 	1462
f 1012 	1464 	1465
f 1298 	1510 	1505
f 1297 	1298 	1505
f 1301 	1513 	1510
f 1301 	1510 	1298
f 1302 	1514 	1513
f 1302 	1513 	1301
f 292 	1475 	1515
f 1514 	1303 	1517
f 1302 	1303 	1514
f 1092 	1091 	1088
f 1519 	273 	1515
f 1304 	1520 	1517
f 1304 	1517 	1303
f 1523 	267 	1524
f 1307 	1525 	1520
f 1307 	1520 	1304
f 1524 	273 	1519
f 1308 	1528 	1525
f 1308 	1525 	1307
f 267 	1523 	1533
f 1528 	1308 	1472
f 1252 	1472 	1308
f 1627 	1628 	1155
f 959 	1155 	1628
f 1343 	1535 	1536
f 1343 	1536 	1344
f 1360 	1559 	1535
f 1360 	1535 	1343
f 1541 	1444 	1540
f 1432 	1540 	1444
f 1348 	1542 	1499
f 1544 	1545 	1543
f 1540 	1543 	1545
f 1540 	1545 	1541
f 1351 	1547 	1542
f 1351 	1542 	1348
f 1550 	543 	1549
f 544 	543 	1550
f 1548 	1549 	543
f 1352 	1551 	1547
f 1352 	1547 	1351
f 1550 	1552 	544
f 1551 	1352 	1553
f 1353 	1553 	1352
f 1138 	1226 	1136
f 976 	1136 	814
f 1354 	1557 	1553
f 1354 	1553 	1353
f 1544 	1543 	1556
f 1543 	1549 	1556
f 1548 	1556 	1549
f 1358 	1558 	1557
f 1358 	1557 	1354
f 1467 	1024 	1466
f 1344 	1536 	1558
f 1344 	1558 	1358
f 1467 	903 	1024
f 1395 	903 	1467
f 1361 	1560 	1559
f 1361 	1559 	1360
f 1109 	1114 	1018
f 1363 	1561 	1560
f 1363 	1560 	1361
f 260 	1533 	1018
f 1364 	1563 	1561
f 1364 	1561 	1363
f 1041 	1114 	1047
f 1041 	1018 	1114
f 1367 	1564 	1563
f 1367 	1563 	1364
f 591 	1584 	1588
f 1569 	580 	1567
f 1570 	1566 	54
f 841 	923 	1091
f 1580 	580 	1573
f 1573 	580 	1571
f 334 	1574 	1575
f 334 	1575 	338
f 591 	354 	1584
f 1458 	1763 	345
f 167 	1572 	106
f 1574 	313 	1578
f 334 	313 	1574
f 314 	1578 	313
f 1578 	295 	1581
f 314 	295 	1578
f 297 	1581 	295
f 923 	1088 	1091
f 1570 	106 	1577
f 1581 	289 	1582
f 297 	289 	1581
f 290 	1582 	289
f 101 	106 	1570
f 1582 	277 	1586
f 290 	277 	1582
f 280 	1586 	277
f 1562 	591 	1588
f 1586 	269 	1589
f 280 	269 	1586
f 269 	271 	1589
f 389 	1589 	271
f 54 	1566 	15
f 1590 	15 	1566
f 1591 	1592 	1593
f 1103 	1113 	1594
f 261 	1594 	262
f 1589 	242 	1598
f 389 	242 	1589
f 247 	1598 	242
f 1594 	237 	1608
f 261 	237 	1594
f 238 	1608 	237
f 1592 	1600 	1593
f 1600 	1601 	1593
f 1601 	1602 	1593
f 1603 	1611 	1602
f 1604 	1611 	1603
f 1593 	1602 	1612
f 1605 	1611 	1604
f 1606 	1611 	1605
f 1609 	1611 	1606
f 1610 	1611 	1609
f 1612 	1602 	1611
f 1599 	1593 	1612
f 27 	1995 	1654
f 1607 	27 	1654
f 1598 	221 	1614
f 247 	221 	1598
f 223 	1614 	221
f 1615 	1616 	1618
f 1615 	1618 	1619
f 238 	203 	1608
f 1575 	1608 	203
f 1575 	203 	208
f 1575 	208 	338
f 1622 	1623 	1621
f 1623 	1619 	1621
f 1618 	1621 	1619
f 1616 	1615 	1626
f 1626 	1615 	1668
f 223 	195 	1614
f 1614 	195 	113
f 1631 	984 	1633
f 1623 	1636 	1635
f 1622 	1636 	1623
f 1634 	1635 	1636
f 1627 	1635 	1634
f 1627 	1634 	1628
f 1633 	1055 	1641
f 1047 	1641 	1055
f 759 	1651 	1051
f 1637 	1051 	1651
f 1588 	1194 	1562
f 1662 	1663 	1664
f 1567 	1235 	1569
f 759 	1042 	1651
f 1667 	1668 	1666
f 1668 	1663 	1666
f 1662 	1666 	1663
f 1235 	1567 	1194
f 1562 	1194 	1567
f 1626 	1668 	1671
f 1667 	1671 	1668
f 1987 	93 	1676
f 1670 	1027 	1672
f 189 	767 	28
f 1571 	1569 	1225
f 1231 	1225 	1569
f 1299 	32 	1300
f 31 	1300 	32
f 1235 	1231 	1569
f 1672 	1027 	1675
f 140 	1682 	1684
f 140 	1684 	141
f 1214 	1573 	1225
f 1571 	1225 	1573
f 1406 	1399 	1515
f 1475 	1406 	1515
f 1399 	1398 	1519
f 1524 	1519 	1398
f 1398 	1389 	1524
f 1682 	118 	1686
f 140 	118 	1682
f 66 	1686 	118
f 1211 	1573 	1214
f 112 	1684 	113
f 1614 	113 	1684
f 1684 	112 	141
f 66 	57 	1691
f 66 	1691 	1686
f 1415 	1413 	1469
f 1478 	1469 	1413
f 1469 	1468 	1415
f 1421 	1415 	1468
f 1362 	1454 	1426
f 1435 	1426 	1454
f 1597 	1432 	1454
f 1201 	1584 	1209
f 1576 	1209 	1584
f 936 	814 	57
f 57 	1226 	1691
f 1533 	1523 	1389
f 863 	1695 	916
f 1109 	1533 	1176
f 1695 	863 	1698
f 1389 	1176 	1533
f 1573 	1211 	1580
f 1519 	1515 	1399
f 1406 	1475 	1409
f 580 	1580 	93
f 1862 	1580 	1211
f 1698 	831 	1704
f 1413 	1409 	1478
f 1475 	1478 	1409
f 1706 	1707 	1705
f 1593 	1705 	1707
f 1593 	1707 	1591
f 1708 	1709 	1705
f 1709 	2001 	1705
f 1706 	1705 	1710
f 1193 	1588 	1201
f 1426 	1421 	1362
f 1468 	1362 	1421
f 854 	1716 	1714
f 1194 	1588 	1193
f 1716 	854 	1637
f 1432 	1597 	1540
f 1543 	1540 	1590
f 1566 	1543 	1590
f 1570 	1549 	1566
f 1584 	1201 	1588
f 505 	1324 	871
f 759 	1051 	874
f 805 	1728 	1704
f 1577 	1572 	1552
f 1552 	1572 	1138
f 843 	1695 	1729
f 1435 	1454 	1432
f 1590 	1540 	1597
f 1543 	1566 	1549
f 1728 	805 	1714
f 1549 	1570 	1550
f 1552 	1550 	1577
f 1093 	1593 	1116
f 1599 	1116 	1593
f 1570 	1577 	1550
f 1735 	817 	843
f 1735 	843 	1729
f 1741 	1108 	1740
f 1116 	1740 	1108
f 1743 	1744 	1745
f 1748 	1749 	1747
f 1743 	1747 	1749
f 1743 	1749 	1744
f 1741 	1740 	1611
f 1612 	1611 	1740
f 1627 	1155 	1572
f 1751 	1753 	605
f 1635 	1627 	1587
f 1607 	1635 	1587
f 550 	605 	1756
f 1753 	1756 	605
f 799 	1771 	1450
f 1654 	1623 	1607
f 1466 	1465 	799
f 1747 	1751 	618
f 1747 	618 	1760
f 1747 	1760 	1748
f 1138 	1572 	1155
f 1673 	1663 	1642
f 1766 	541 	1735
f 1576 	345 	1763
f 1584 	542 	1576
f 1763 	1458 	1771
f 1619 	1623 	1654
f 1615 	1619 	1644
f 1771 	791 	924
f 1774 	985 	1146
f 1572 	1587 	1627
f 1635 	1607 	1623
f 1775 	1776 	1777
f 1775 	1777 	1778
f 1782 	1778 	1781
f 1777 	1781 	1778
f 1668 	1642 	1663
f 1783 	1775 	1745
f 1743 	1745 	1775
f 1775 	1783 	1776
f 1644 	1642 	1615
f 1615 	1642 	1668
f 1785 	1786 	1611
f 1786 	1774 	1611
f 1146 	1611 	1774
f 1784 	1785 	1611
f 1610 	1784 	1611
f 1654 	1644 	1619
f 1608 	1575 	1631
f 1631 	1633 	1608
f 1641 	1594 	1633
f 874 	1726 	969
f 1007 	1012 	1040
f 857 	1080 	856
f 1586 	1589 	1651
f 1637 	1651 	1598
f 1651 	1665 	1586
f 1582 	1586 	1665
f 1581 	1582 	1670
f 1578 	1581 	1672
f 1672 	1675 	1578
f 1678 	1574 	1675
f 524 	529 	1792
f 529 	978 	1792
f 981 	1792 	978
f 1575 	1574 	1678
f 1678 	1631 	1575
f 3 	799 	1040
f 1670 	1672 	1581
f 1578 	1675 	1574
f 1108 	92 	1871
f 1665 	1670 	1582
f 1741 	1611 	1366
f 1589 	1598 	1651
f 1611 	1146 	1366
f 1798 	1799 	1800
f 1801 	1802 	1800
f 1798 	1800 	1802
f 1114 	1103 	1641
f 1799 	1798 	1805
f 1804 	1805 	1798
f 1716 	1637 	1614
f 1802 	1809 	1808
f 1801 	1809 	1802
f 1807 	1808 	1809
f 1608 	1633 	1594
f 1177 	1808 	1174
f 1811 	1174 	1808
f 1807 	1811 	1808
f 1614 	1684 	1716
f 1771 	1819 	1815
f 859 	1080 	857
f 117 	1804 	114
f 1798 	114 	1804
f 1553 	2 	1551
f 1686 	1691 	1704
f 1698 	1704 	1691
f 1682 	1686 	1728
f 1226 	1138 	1695
f 1714 	1682 	1728
f 1598 	1614 	1637
f 92 	1108 	1366
f 1741 	1366 	1108
f 1798 	1802 	1819
f 1815 	1819 	1802
f 1802 	1808 	1815
f 1209 	1815 	1808
f 1704 	1728 	1686
f 1684 	1682 	1714
f 1714 	1716 	1684
f 1691 	1226 	1698
f 1695 	1698 	1226
f 114 	1798 	226
f 1819 	226 	1798
f 1138 	1155 	1695
f 1729 	1695 	1756
f 955 	919 	958
f 1753 	1729 	1756
f 1756 	1695 	1155
f 1729 	1753 	1735
f 1753 	1751 	1735
f 1766 	1747 	1772
f 1775 	1773 	1743
f 1735 	1751 	1766
f 1743 	1772 	1747
f 1747 	1766 	1751
f 851 	955 	958
f 1772 	1743 	1773
f 1773 	1778 	1787
f 74 	1844 	1845
f 74 	1845 	85
f 1778 	1773 	1775
f 1847 	1848 	1849
f 87 	88 	1847
f 1849 	87 	1847
f 1851 	1852 	1847
f 1847 	1852 	1848
f 1394 	1040 	799
f 1093 	1855 	1593
f 1705 	1593 	1855
f 1576 	1763 	1209
f 1857 	1858 	1856
f 1162 	1101 	1858
f 1856 	1858 	1101
f 1815 	1763 	1771
f 924 	1819 	1771
f 1857 	1859 	1858
f 1858 	1859 	1860
f 1815 	1209 	1763
f 1855 	1093 	1108
f 1871 	1872 	1108
f 85 	1845 	1871
f 1855 	1108 	1872
f 1847 	162 	1853
f 182 	1853 	162
f 1787 	1847 	1853
f 1858 	1862 	1162
f 1211 	1162 	1862
f 1876 	1877 	1872
f 1855 	1872 	1877
f 1855 	1877 	1705
f 1871 	1845 	1844
f 1871 	1844 	1878
f 1871 	1237 	665
f 1871 	665 	1872
f 1872 	665 	663
f 1872 	663 	1876
f 1860 	1664 	1663
f 1860 	1663 	1858
f 1862 	1673 	1676
f 1862 	1858 	1673
f 1663 	1673 	1858
f 1324 	1897 	1471
f 1237 	1871 	1878
f 1237 	1878 	1323
f 1324 	505 	1897
f 1 	1897 	505
f 1459 	1324 	1471
f 1782 	1851 	1778
f 1847 	1778 	1851
f 1787 	1778 	1847
f 1485 	1080 	1483
f 1486 	1080 	1485
f 1482 	1483 	1080
f 1080 	1486 	1493
f 1510 	1897 	1505
f 1525 	1471 	1520
f 1897 	1510 	1513
f 1471 	1897 	1514
f 1517 	1471 	1514
f 1517 	1520 	1471
f 1528 	1471 	1525
f 1513 	1514 	1897
f 1472 	1471 	1528
f 1474 	1471 	1472
f 1476 	1471 	1474
f 1481 	1471 	1479
f 1476 	1479 	1471
f 1080 	1471 	1482
f 884 	1471 	1080
f 1499 	1542 	1080
f 1557 	2 	1553
f 1536 	2 	1558
f 1564 	1897 	1563
f 1505 	1897 	1564
f 1897 	1 	1563
f 1557 	1558 	2
f 1535 	1 	1536
f 1559 	1 	1535
f 2 	1536 	1
f 1 	1559 	1560
f 1 	1560 	1561
f 1561 	1563 	1
f 899 	698 	958
f 767 	958 	698
f 1542 	1547 	1080
f 1080 	1547 	2
f 1551 	2 	1547
f 1481 	1482 	1471
f 1580 	1862 	1676
f 1877 	1708 	1705
f 182 	969 	1853
f 1726 	1853 	969
f 1787 	1853 	1726
f 518 	1787 	1726
f 1987 	1996 	93
f 1999 	2000 	881
f 1990 	1705 	1989
f 1710 	1705 	1990
f 1073 	881 	1709
f 1993 	93 	1996
f 27 	101 	1995
f 1993 	1995 	93
f 116 	106 	27
f 1989 	1705 	2001
f 1709 	881 	2001
f 2000 	2001 	881
f 1996 	1987 	1642
f 1676 	1673 	1987
f 1673 	1642 	1987
f 1654 	1995 	1644
f 1993 	1644 	1995
f 1644 	1993 	1642
f 1996 	1642 	1993
f 15 	383 	93
f 310 	93 	383
# 1545 faces

g group_0_-1025645852

usemtl color_-1025645852
s 0

f 285 	6 	5
f 4 	5 	6
f 44 	45 	47
f 5 	45 	48
f 5 	48 	43
f 50 	47 	4
f 5 	4 	47
f 5 	47 	45
f 65 	49 	24
f 29 	65 	24
f 58 	43 	72
f 48 	72 	43
f 73 	75 	72
f 58 	72 	75
f 70 	63 	75
f 63 	58 	75
f 47 	83 	82
f 47 	82 	44
f 83 	75 	82
f 73 	82 	75
f 86 	45 	44
f 86 	44 	82
f 45 	86 	72
f 45 	72 	48
f 55 	77 	2068
f 73 	72 	86
f 73 	86 	82
f 75 	83 	90
f 75 	90 	70
f 70 	90 	50
f 50 	90 	83
f 50 	83 	47
f 107 	95 	96
f 109 	110 	107
f 95 	107 	110
f 2063 	110 	109
f 2063 	109 	144
f 29 	24 	110
f 95 	110 	24
f 2063 	2061 	110
f 2035 	2031 	2068
f 244 	245 	246
f 244 	246 	248
f 285 	286 	6
f 294 	296 	1903
f 448 	449 	419
f 449 	1489 	419
f 462 	448 	419
f 394 	488 	386
f 501 	394 	400
f 501 	488 	394
f 488 	511 	1546
f 488 	501 	514
f 488 	514 	511
f 511 	422 	1546
f 422 	419 	1546
f 435 	422 	511
f 514 	435 	511
f 435 	514 	1866
f 400 	403 	501
f 1879 	501 	403
f 1879 	403 	406
f 501 	1879 	514
f 578 	448 	572
f 449 	448 	578
f 411 	409 	607
f 409 	413 	1742
f 607 	409 	1742
f 1758 	1742 	413
f 1758 	413 	414
f 572 	603 	578
f 607 	578 	603
f 462 	1889 	572
f 572 	448 	462
f 417 	416 	603
f 1229 	1187 	43
f 43 	58 	1229
f 607 	603 	416
f 607 	416 	411
f 241 	1236 	4
f 572 	1889 	603
f 1316 	1315 	246
f 248 	246 	1315
f 246 	245 	1316
f 1314 	245 	244
f 748 	1934 	747
f 750 	762 	748
f 754 	762 	750
f 754 	783 	762
f 777 	793 	783
f 794 	761 	783
f 761 	762 	783
f 793 	794 	783
f 797 	774 	783
f 774 	777 	783
f 808 	747 	804
f 747 	744 	804
f 748 	747 	808
f 810 	748 	808
f 750 	748 	810
f 812 	750 	810
f 750 	812 	754
f 4 	6 	241
f 820 	754 	812
f 876 	877 	887
f 898 	877 	876
f 907 	898 	876
f 912 	913 	907
f 913 	898 	907
f 920 	922 	912
f 922 	913 	912
f 942 	922 	938
f 920 	938 	922
f 1981 	877 	1971
f 804 	1971 	877
f 808 	804 	898
f 877 	898 	804
f 913 	810 	898
f 808 	898 	810
f 812 	810 	922
f 913 	922 	810
f 820 	812 	942
f 922 	942 	812
f 1003 	942 	938
f 820 	942 	1019
f 1003 	1019 	942
f 762 	761 	1043
f 1046 	762 	1043
f 1083 	1084 	793
f 1083 	793 	777
f 1087 	794 	1084
f 794 	793 	1084
f 1043 	761 	1087
f 761 	794 	1087
f 783 	754 	820
f 1172 	1173 	1166
f 241 	240 	1187
f 1179 	1173 	1182
f 1172 	1182 	1173
f 1190 	1179 	1182
f 803 	2007 	240
f 1206 	1190 	1182
f 1212 	1190 	1206
f 1228 	1212 	1206
f 1232 	1233 	1228
f 1229 	1234 	1187
f 50 	4 	1236
f 1238 	1239 	1187
f 1233 	1212 	1228
f 1240 	1236 	1239
f 1236 	241 	1239
f 1187 	1239 	241
f 1238 	1187 	1234
f 50 	1236 	70
f 1229 	1243 	1248
f 1229 	1248 	1234
f 240 	241 	6
f 1243 	1251 	1248
f 1249 	1248 	1251
f 1243 	1246 	1251
f 1247 	1251 	1246
f 1251 	1254 	1255
f 1251 	1255 	1249
f 1255 	1273 	1249
f 1247 	1259 	1254
f 1247 	1254 	1251
f 1259 	1247 	1236
f 1247 	70 	1236
f 1259 	1236 	1263
f 1240 	1263 	1236
f 1255 	1254 	1263
f 1259 	1263 	1254
f 1084 	1083 	1179
f 1173 	1179 	1083
f 1270 	1239 	1238
f 1270 	1238 	1273
f 1239 	1270 	1263
f 1239 	1263 	1240
f 1084 	1179 	1087
f 1190 	1087 	1179
f 1238 	1234 	1273
f 1248 	1273 	1234
f 1273 	1255 	1270
f 1248 	1249 	1273
f 1263 	1270 	1255
f 1212 	1043 	1087
f 1212 	1087 	1190
f 1043 	1212 	1046
f 1233 	1046 	1212
f 285 	5 	1187
f 1046 	1233 	2020
f 1295 	1165 	1294
f 1166 	1294 	1165
f 1294 	1296 	1295
f 1173 	1294 	1166
f 58 	1243 	1229
f 938 	954 	1003
f 1250 	1003 	954
f 5 	43 	1187
f 1296 	1003 	1250
f 1296 	1250 	1260
f 1296 	1260 	1295
f 1294 	1305 	1306
f 1294 	1306 	1296
f 1246 	63 	1247
f 1294 	1173 	1083
f 1294 	1083 	1305
f 1019 	1003 	1306
f 1296 	1306 	1003
f 63 	70 	1247
f 774 	797 	1306
f 58 	63 	1243
f 1313 	1314 	1315
f 1313 	1315 	1316
f 1306 	1305 	774
f 777 	774 	1305
f 777 	1305 	1083
f 1246 	1243 	63
f 1316 	245 	1313
f 783 	820 	1019
f 245 	1314 	1313
f 797 	1019 	1306
f 1019 	797 	783
f 1498 	419 	1492
f 1492 	419 	1489
f 386 	1512 	384
f 1480 	1470 	1512
f 384 	1512 	1470
f 1512 	1502 	1480
f 386 	488 	1512
f 1512 	488 	1546
f 1512 	1546 	1502
f 1539 	1502 	1546
f 419 	1498 	1539
f 1539 	1546 	419
f 1638 	449 	578
f 1649 	1489 	1638
f 1638 	1489 	449
f 1492 	1489 	1649
f 1653 	1492 	1649
f 1539 	1498 	1653
f 1498 	1492 	1653
f 1473 	1758 	414
f 1477 	1768 	1473
f 1768 	1758 	1473
f 1502 	1768 	1477
f 1539 	1653 	1502
f 1502 	1477 	1480
f 578 	607 	1638
f 1638 	607 	1742
f 1758 	1649 	1742
f 1638 	1742 	1649
f 1768 	1653 	1758
f 1649 	1758 	1653
f 1768 	1502 	1653
f 2053 	1870 	1866
f 1866 	1870 	435
f 435 	1870 	422
f 462 	419 	1870
f 419 	422 	1870
f 1874 	1866 	514
f 1837 	1879 	406
f 1874 	514 	1879
f 462 	1870 	1889
f 1840 	1903 	296
f 603 	1840 	417
f 603 	1903 	1840
f 1903 	603 	1889
f 747 	1934 	744
f 744 	1934 	1912
f 1911 	1912 	1934
f 1913 	1914 	1915
f 1923 	1934 	1915
f 1911 	1934 	1923
f 1913 	1915 	1934
f 1934 	748 	762
f 1950 	1947 	25
f 1950 	1964 	1947
f 25 	30 	1950
f 1952 	1950 	30
f 2008 	1947 	1960
f 1947 	1964 	1960
f 1960 	1923 	2008
f 1964 	1911 	1960
f 1923 	1960 	1911
f 1912 	1911 	1964
f 1964 	1950 	1971
f 1964 	1971 	1912
f 1971 	744 	1912
f 744 	1971 	804
f 1981 	1950 	1952
f 1952 	1959 	1981
f 1983 	1981 	1959
f 877 	1983 	887
f 877 	1981 	1983
f 1981 	1971 	1950
f 53 	1985 	1986
f 1988 	1986 	1985
f 1991 	1988 	1985
f 26 	1994 	1991
f 1994 	1988 	1991
f 1994 	26 	1947
f 1947 	2008 	1994
f 1947 	26 	25
f 2005 	2020 	1986
f 2005 	1986 	2006
f 1988 	2006 	1986
f 1187 	240 	2007
f 1994 	2008 	1988
f 2006 	1988 	2008
f 285 	1187 	2007
f 285 	2007 	286
f 803 	286 	2007
f 2006 	1914 	2005
f 1914 	1913 	2005
f 1915 	1914 	2006
f 2008 	1915 	2006
f 1923 	1915 	2008
f 2020 	1934 	1046
f 762 	1046 	1934
f 2020 	1913 	1934
f 1913 	2020 	2005
f 24 	49 	2031
f 49 	55 	2031
f 2032 	1233 	1232
f 55 	2068 	2031
f 95 	2035 	96
f 2032 	2020 	1233
f 1232 	52 	2032
f 51 	2032 	52
f 1986 	51 	53
f 2035 	148 	96
f 2032 	51 	1986
f 24 	2031 	95
f 2035 	95 	2031
f 1986 	2020 	2032
f 1870 	2053 	2056
f 2054 	2056 	2053
f 49 	65 	2066
f 2056 	2066 	2055
f 2057 	2060 	2058
f 2053 	1866 	1874
f 2057 	2053 	1874
f 2058 	2054 	2057
f 2054 	2053 	2057
f 2066 	2054 	2058
f 1837 	2048 	2059
f 2059 	1879 	1837
f 2060 	2059 	2048
f 2049 	2060 	2048
f 2057 	1874 	1879
f 2057 	1879 	2059
f 2059 	2060 	2057
f 2061 	2055 	29
f 2055 	65 	29
f 2056 	2055 	2061
f 2062 	2056 	2061
f 1889 	1870 	2062
f 2062 	1870 	2056
f 2051 	2063 	144
f 2052 	2064 	2051
f 2064 	2063 	2051
f 2064 	2052 	1903
f 1903 	1889 	2064
f 1903 	2052 	294
f 29 	110 	2061
f 2064 	2062 	2063
f 2061 	2063 	2062
f 2062 	2064 	1889
f 2054 	2066 	2056
f 65 	2055 	2066
f 55 	2066 	77
f 2066 	55 	49
f 2067 	2058 	2069
f 2069 	2068 	2067
f 2067 	2066 	2058
f 2068 	77 	2067
f 77 	2066 	2067
f 2049 	2050 	2069
f 2065 	2069 	2050
f 2069 	2060 	2049
f 2070 	2069 	2065
f 2065 	149 	2070
f 148 	2070 	149
f 148 	2035 	2070
f 2069 	2058 	2060
f 2068 	2069 	2070
f 2070 	2035 	2068
# 388 faces

g group_0_-1037357519

usemtl color_-1037357519
s 0

f 52 	59 	51
f 59 	60 	61
f 59 	61 	62
f 80 	1983 	69
f 2026 	371 	296
f 296 	294 	2026
f 386 	384 	1447
f 400 	394 	1447
f 386 	1447 	394
f 403 	400 	1447
f 371 	1443 	411
f 417 	371 	416
f 371 	411 	416
f 59 	737 	559
f 81 	563 	80
f 742 	80 	563
f 1206 	737 	1228
f 1182 	737 	1206
f 1182 	1172 	737
f 59 	1228 	737
f 80 	742 	907
f 80 	907 	876
f 80 	876 	887
f 912 	907 	742
f 912 	742 	920
f 920 	742 	938
f 954 	938 	742
f 954 	742 	1250
f 1250 	742 	1260
f 737 	1295 	742
f 1166 	737 	1172
f 1228 	59 	1232
f 52 	1232 	59
f 1295 	737 	1165
f 1260 	742 	1295
f 1166 	1165 	737
f 742 	563 	559
f 742 	559 	737
f 1440 	1443 	371
f 1440 	686 	1443
f 1443 	686 	693
f 1443 	693 	1447
f 1447 	1477 	1443
f 1473 	414 	1443
f 409 	1443 	413
f 384 	1470 	1447
f 1480 	1477 	1447
f 1480 	1447 	1470
f 409 	411 	1443
f 413 	1443 	414
f 1473 	1443 	1477
f 470 	686 	1440
f 2026 	2021 	371
f 480 	2024 	693
f 1837 	406 	1447
f 406 	403 	1447
f 417 	1840 	371
f 1840 	296 	371
f 60 	59 	559
f 480 	2023 	2024
f 2023 	2021 	2026
f 2023 	2026 	2024
f 2023 	480 	470
f 2023 	470 	2021
f 1985 	53 	59
f 69 	30 	62
f 25 	62 	30
f 1440 	2021 	470
f 1440 	371 	2021
f 1952 	69 	1959
f 1447 	693 	2024
f 1959 	69 	1983
f 2048 	1837 	2024
f 1447 	2024 	1837
f 1983 	80 	887
f 53 	51 	59
f 59 	1991 	1985
f 2026 	2051 	144
f 1991 	59 	26
f 2051 	2026 	2052
f 2026 	294 	2052
f 62 	26 	59
f 26 	62 	25
f 1952 	30 	69
f 2049 	2048 	2024
f 2024 	2050 	2049
f 2050 	2024 	2065
f 2065 	2024 	149
f 2026 	107 	96
f 96 	2024 	2026
f 109 	2026 	144
f 107 	2026 	109
f 149 	2024 	148
f 148 	2024 	96
# 94 faces

g group_0_-1027618868

usemtl color_-1027618868
s 0

f 130 	131 	129
f 127 	129 	131
f 131 	132 	127
f 124 	127 	132
f 124 	132 	133
f 124 	133 	134
f 124 	134 	135
f 124 	135 	138
f 138 	37 	124
f 124 	37 	466
f 124 	466 	464
f 464 	466 	1526
f 1955 	1956 	127
f 1984 	1953 	464
f 1924 	133 	132
f 1946 	135 	134
f 135 	1946 	138
f 1948 	138 	1946
f 1948 	37 	138
f 1949 	1951 	37
f 1955 	127 	124
f 129 	127 	1956
f 1956 	130 	129
f 1924 	132 	131
f 1982 	1595 	466
f 1527 	1529 	1526
f 1526 	1529 	1530
f 1526 	1530 	1531
f 1526 	1531 	1532
f 1526 	1532 	1534
f 1526 	1534 	464
f 37 	1948 	1949
f 466 	37 	1951
f 1982 	466 	1951
f 1925 	133 	1924
f 1925 	1935 	133
f 134 	1935 	1946
f 1955 	124 	1954
f 130 	1956 	1957
f 130 	1957 	131
f 1984 	464 	1660
f 124 	464 	1953
f 1954 	124 	1953
f 1527 	1596 	1613
f 1613 	1617 	1529
f 1613 	1529 	1527
f 134 	133 	1935
f 1530 	1529 	1625
f 1617 	1625 	1529
f 1625 	1632 	1530
f 1640 	1652 	1534
f 1652 	1660 	1534
f 1957 	1958 	131
f 466 	1595 	1526
f 1958 	1924 	131
f 1526 	1596 	1527
f 1632 	1531 	1530
f 1531 	1632 	1532
f 1640 	1532 	1632
f 1640 	1534 	1532
f 1534 	1660 	464
f 1596 	1526 	1595
# 62 faces

g group_0_-1029198415

usemtl color_-1029198415
s 0

f 210 	217 	219
f 210 	219 	207
f 219 	224 	207
f 210 	207 	2044
f 2044 	201 	210
f 263 	207 	224
f 2044 	265 	201
f 1369 	582 	571
f 571 	585 	1370
f 571 	1370 	1369
f 1377 	1378 	1383
f 1383 	1384 	1377
f 1378 	1379 	1383
f 1382 	1383 	1379
f 1379 	1380 	1382
f 1381 	1382 	1380
f 1376 	1377 	1384
f 1375 	1376 	1384
f 1374 	1375 	1384
f 1373 	1374 	1384
f 1373 	1384 	1385
f 1387 	1369 	1388
f 1370 	1388 	1369
f 1387 	1388 	1380
f 1381 	1380 	1388
f 1368 	1388 	1370
f 1374 	589 	592
f 1374 	592 	1375
f 592 	595 	1376
f 592 	1376 	1375
f 595 	597 	1377
f 595 	1377 	1376
f 597 	602 	1378
f 597 	1378 	1377
f 602 	604 	1379
f 602 	1379 	1378
f 604 	608 	1380
f 604 	1380 	1379
f 1387 	1380 	609
f 608 	609 	1380
f 615 	614 	1381
f 614 	623 	1382
f 614 	1382 	1381
f 623 	632 	1383
f 623 	1383 	1382
f 632 	639 	1384
f 632 	1384 	1383
f 639 	643 	1385
f 639 	1385 	1384
f 643 	647 	1373
f 643 	1373 	1385
f 647 	589 	1374
f 647 	1374 	1373
f 609 	654 	1387
f 1369 	1387 	582
f 654 	582 	1387
f 662 	1388 	1368
f 662 	1368 	561
f 662 	615 	1388
f 1381 	1388 	615
f 1368 	201 	561
f 585 	217 	1370
f 1368 	1370 	201
f 210 	201 	1370
f 2012 	2013 	2011
f 2013 	2014 	2011
f 2014 	2015 	2011
f 2015 	2016 	2011
f 2016 	2017 	2011
f 2017 	2018 	2011
f 2010 	2011 	2018
f 2018 	2019 	2009
f 2045 	2009 	2019
f 420 	421 	2010
f 420 	2010 	2009
f 421 	423 	2011
f 421 	2011 	2010
f 423 	429 	2012
f 423 	2012 	2011
f 429 	432 	2013
f 429 	2013 	2012
f 432 	415 	2014
f 432 	2014 	2013
f 2014 	415 	444
f 2014 	444 	2015
f 444 	447 	2016
f 444 	2016 	2015
f 447 	450 	2017
f 447 	2017 	2016
f 450 	459 	2018
f 450 	2018 	2017
f 463 	2019 	2018
f 463 	2018 	459
f 2046 	2044 	2045
f 2042 	2045 	2044
f 2009 	2010 	2018
f 2045 	2019 	2046
f 207 	2042 	2044
f 494 	2042 	263
f 207 	263 	2042
f 2045 	2042 	496
f 494 	496 	2042
f 504 	503 	2044
f 504 	2044 	2046
f 197 	201 	265
f 503 	265 	2044
f 496 	510 	2045
f 510 	420 	2009
f 510 	2009 	2045
f 519 	2046 	2019
f 519 	2019 	463
f 2046 	519 	504
f 561 	201 	197
f 210 	1370 	217
# 114 faces

 #end of obj_0

