# Object Export From Tinkercad Server 2015

mtllib obj.mtl

o obj_0
v -36.012 		50.745 		9.9809
v -36.012 		50.985 		9.9809
v -32.873 		59.9 		9.5
v -32.373 		59.766 		9.5
v -32.373 		59.766 		9.52
v -43 		62 		9.5
v -43 		62 		8.5
v -38.953 		59.111 		9.6
v -38.953 		59.111 		9.5
v -38.953 		59.72 		9.5
v -38.953 		59.72 		9.6
v -36.012 		50.317 		10.0159
v -32.873 		59.9 		9.52
v -36.012 		50.077 		10.0159
v -37.1151 		48.284 		9.5
v -31.873 		59.9 		9.5
v -26.1098 		51.443 		9.5
v -25.968 		51.481 		9.5
v -25.8262 		51.443 		9.5
v -25.968 		51.481 		9.52
v -29.8 		51.443 		9.5
v -29.8 		51.682 		9.5
v -29.8 		50.999 		9.5
v -29.842 		50.999 		9.5
v -24.5 		50.76 		9.5
v -26.228 		50.713 		9.52
v -25.728 		50.713 		9.52
v -26.8938 		50.76 		9.5
v -26.9063 		50.713 		9.5
v -25.0302 		50.713 		9.5
v -25.0428 		50.76 		9.5
v -26.968 		50.76 		9.5
v -29.8 		50.76 		9.5
v -29.842 		50.76 		9.5
v -25.728 		37.363 		11
v -25.728 		37.363 		9.52
v -31.873 		59.9 		9.52
v -25.728 		37.863 		9.52
v -25.728 		37.863 		11
v -31.87 		59.903 		9.5
v -25.728 		37.863 		6.1
v -25.728 		37.363 		6.1
v -25.728 		37.363 		0
v -31.507 		60.266 		9.5
v -25.728 		37.863 		0
v -25.728 		39.943 		9.52
v -25.728 		39.943 		11
v -26.228 		39.943 		11
v -26.228 		39.943 		9.52
v -26.228 		39.943 		6.1
v -26.228 		39.943 		0
v -25.728 		39.943 		0
v -25.728 		39.943 		6.1
v -26.228 		40.443 		0
v -25.728 		40.443 		0
v -25.728 		40.443 		11
v -26.228 		40.443 		11
v -28.907 		40.27 		9.6
v -28.907 		40.27 		9.5
v -27.103 		40.27 		9.5
v -27.103 		40.27 		9.6
v -26.968 		40.161 		9.52
v -26.228 		40.443 		9.52
v -26.893 		40.443 		9.5
v -26.968 		40.161 		9.5
v -26.91 		39.943 		9.5
v -29.842 		39.943 		9.5
v -40.377 		42.88 		9.5
v -40.377 		42.88 		9.6
v -30.333 		55.221 		9.6
v -31.507 		60.266 		9.52
v -38.573 		42.88 		9.6
v -30.333 		55.83 		9.6
v -38.573 		42.88 		9.5
v -31.373 		60.766 		9.5
v -31.373 		60.766 		9.52
v -36.012 		50.077 		9.9809
v -36.012 		50.317 		9.9809
v -31.507 		61.266 		9.5
v -31.507 		61.266 		9.52
v -38.189 		59.111 		9.5
v -38.189 		59.111 		9.6
v -30.333 		55.83 		9.5
v -38.189 		59.72 		9.6
v -38.189 		59.72 		9.5
v -36.012 		52.114 		10.0159
v -36.012 		52.114 		9.9809
v -31.87 		61.629 		9.5
v -36.012 		51.67 		9.9809
v -36.012 		51.67 		10.0159
v -31.873 		61.632 		9.5
v -31.873 		61.632 		9.52
v -41.278 		43.003 		9.52
v -41.278 		42.503 		9.52
v -36.012 		52.783 		10.0159
v -40.518 		42.741 		9.52
v -36.012 		52.783 		9.9809
v -30.333 		55.221 		9.5
v -37.042 		59.72 		9.5
v -36.012 		52.354 		9.9809
v -36.012 		52.354 		10.0159
v -37.042 		59.111 		9.5
v -32.373 		61.766 		9.5
v -32.373 		61.766 		9.52
v -36.012 		53.468 		10.0159
v -40.5818 		42.503 		9.5
v -36.012 		53.468 		9.9809
v -40.518 		42.741 		9.5
v -37.483 		58.73 		9.6
v -37.483 		58.73 		12
v -36.012 		53.022 		9.9809
v -26.228 		40.443 		6.1
v -36.012 		53.022 		10.0159
v -32.122 		61.201 		9.5
v -32.122 		61.201 		9.52
v -40.5882 		43.003 		9.5
v -32.373 		61.268 		9.52
v -32.373 		61.268 		9.5
v -31.938 		61.017 		9.5
v -31.938 		61.017 		9.52
v -41.778 		48.153 		9.52
v -41.278 		48.153 		9.52
v -25.728 		50.713 		6.1
v -31.87 		60.766 		9.5
v -26.228 		50.713 		6.1
v -31.87 		60.766 		9.52
v -42.4207 		48.284 		9.5
v -31.938 		60.515 		9.5
v -31.938 		60.515 		9.52
v -42.4558 		48.153 		9.5
v -32.122 		60.331 		9.5
v -32.122 		60.331 		9.52
v -36.012 		54.149 		10.0159
v -36.012 		54.149 		9.9809
v -36.012 		53.707 		9.9809
v -36.012 		53.707 		10.0159
v -37.493 		61.268 		9.52
v -32.373 		60.263 		9.5
v -37.242 		61.201 		9.52
v -32.373 		60.263 		9.52
v -40.6153 		48.284 		9.5
v -37.058 		61.017 		9.52
v -37.2 		48.284 		9.5
v -24.5 		39.943 		9.5
v -24.5 		50.999 		9.5
v -36.012 		54.879 		10.9
v -36.012 		54.879 		9.6
v -36.012 		54.389 		9.9809
v -36.012 		54.389 		10.0159
v -37.058 		60.515 		9.52
v -25.728 		40.443 		9.52
v -37.2 		48.729 		9.5
v -32.624 		60.331 		9.5
v -37.1151 		48.729 		9.5
v -32.624 		60.331 		9.52
v -24.968 		40.161 		9.52
v -43 		48.969 		9.5
v -37.242 		60.331 		9.52
v -24.968 		40.161 		9.5
v -41.278 		42.503 		6.1
v -41.278 		43.003 		6.1
v -32.808 		60.515 		9.5
v -32.808 		60.515 		9.52
v -36.012 		51.43 		10.0159
v -37.493 		60.263 		9.52
v -36.012 		51.43 		9.9809
v -32.875 		60.766 		9.5
v -32.875 		60.766 		9.52
v -37.744 		60.331 		9.52
v -37.2 		48.969 		9.5
v -37.1151 		48.969 		9.5
v -36.012 		48.969 		10.0159
v -36.012 		48.729 		10.0159
v -37.928 		60.515 		9.52
v -41.278 		42.503 		11
v -32.808 		61.017 		9.5
v -32.808 		61.017 		9.52
v -37.1151 		49.41 		9.5
v -37.2 		49.41 		9.5
v -36.012 		48.729 		9.9809
v -36.012 		48.969 		9.9809
v -37.995 		60.766 		9.52
v -26.817 		50.999 		9.5
v -41.278 		43.003 		11
v -26.835 		50.981 		9.5
v -32.624 		61.201 		9.5
v -32.624 		61.201 		9.52
v -37.928 		61.017 		9.52
v -36.597 		41.924 		9.5
v -36.597 		41.924 		9.9
v -41.278 		42.503 		0
v -41.278 		43.003 		0
v -37.744 		61.201 		9.52
v -36.897 		41.924 		9.5
v -36.897 		41.924 		9.9
v -41.278 		45.073 		9.52
v -25.102 		50.981 		9.5
v -41.278 		45.073 		11
v -41.778 		45.073 		11
v -25.728 		40.443 		6.1
v -41.778 		45.073 		9.52
v -25.12 		50.999 		9.5
v -41.778 		45.073 		6.1
v -41.778 		45.073 		0
v -36.597 		40.924 		9.9
v -41.278 		45.073 		0
v -41.278 		45.073 		6.1
v -26.835 		50.981 		9.52
v -37.493 		59.766 		9.52
v -25.102 		50.981 		9.52
v -35.658 		59.111 		9.5
v -36.897 		40.924 		9.9
v -37.993 		59.9 		9.52
v -35.658 		59.111 		9.6
v -35.658 		59.72 		9.6
v -35.658 		59.72 		9.5
v -36.897 		40.924 		9.5
v -43 		50.077 		9.5
v -38.359 		61.266 		9.52
v -38.493 		60.766 		9.52
v -38.359 		60.266 		9.52
v -36.435 		57.22 		12
v -36.435 		57.72 		12
v -25.728 		42.503 		9.52
v -25.728 		42.503 		11
v -26.228 		42.503 		11
v -42.384 		49.981 		9.52
v -36.435 		57.72 		9.6
v -36.435 		57.22 		9.6
v -26.228 		42.503 		9.52
v -40.652 		49.981 		9.52
v -37.493 		61.766 		9.52
v -26.228 		42.503 		6.1
v -26.228 		42.503 		0
v -25.728 		42.503 		0
v -42.4097 		50.077 		9.5
v -25.728 		42.503 		6.1
v -37.993 		61.632 		9.52
v -42.518 		45.321 		9.52
v -34.933 		61.268 		9.52
v -26.228 		52.793 		6.1
v -34.682 		61.201 		9.52
v -26.228 		52.793 		0
v -25.728 		52.793 		0
v -42.384 		49.981 		9.5
v -25.728 		52.793 		6.1
v -37.493 		61.766 		9.5
v -37.993 		61.632 		9.5
v -26.228 		43.003 		0
v -25.728 		43.003 		0
v -34.498 		61.017 		9.52
v -25.728 		52.793 		9.52
v -42.4505 		45.573 		9.5
v -25.728 		52.793 		11
v -42.052 		49.649 		9.5
v -26.228 		52.793 		11
v -42.518 		45.321 		9.5
v -26.228 		52.793 		9.52
v -25.728 		43.003 		11
v -26.228 		43.003 		11
v -38.357 		61.268 		9.5
v -38.359 		61.266 		9.5
v -34.43 		60.766 		9.52
v -42.4515 		45.073 		9.5
v -40.984 		49.649 		9.5
v -40.652 		49.981 		9.5
v -27.103 		42.88 		9.5
v -27.103 		42.88 		9.6
v -34.498 		60.515 		9.52
v -38.493 		60.766 		9.5
v -40.6263 		50.077 		9.5
v -38.359 		60.266 		9.5
v -34.682 		60.331 		9.52
v -37.995 		59.902 		9.5
v -37.2 		49.649 		9.5
v -29.842 		42.88 		9.5
v -37.1151 		49.649 		9.5
v -37.993 		59.9 		9.5
v -34.933 		60.263 		9.52
v -37.1151 		50.077 		9.5
v -37.2 		50.077 		9.5
v -26.968 		42.741 		9.52
v -35.184 		60.331 		9.52
v -26.228 		43.003 		9.52
v -37.493 		59.766 		9.5
v -35.368 		60.515 		9.52
v -26.8983 		43.003 		9.5
v -26.968 		42.741 		9.5
v -36.9 		56.759 		9.52
v -37.042 		59.8869 		9.5
v -26.9047 		42.503 		9.5
v -35.435 		60.766 		9.52
v -35.943 		57.033 		9.52
v -37.042 		61.6451 		9.5
v -35.368 		61.017 		9.52
v -37.242 		61.201 		9.5
v -35.184 		61.201 		9.52
v -37.493 		61.268 		9.5
v -26.9023 		52.794 		9.5
v -36.063 		56.983 		9.52
v -26.902 		52.793 		9.5
v -37.058 		61.017 		9.5
v -36.193 		56.966 		9.52
v -39.999 		45.397 		9.5
v -34.933 		59.766 		9.52
v -34.433 		59.9 		9.52
v -37.042 		60.9579 		9.5
v -36.322 		56.983 		9.52
v -39.051 		45.397 		9.5
v -35.433 		59.9 		9.52
v -36.443 		57.033 		9.52
v -37.058 		60.515 		9.5
v -40.518 		45.321 		9.52
v -37.042 		60.5741 		9.5
v -35.799 		61.266 		9.52
v -35.933 		60.766 		9.52
v -37.242 		60.331 		9.5
v -35.799 		60.266 		9.52
v -40.518 		45.321 		9.5
v -26.228 		43.003 		6.1
v -36.546 		57.112 		9.52
v -40.5384 		45.397 		9.5
v -37.493 		60.263 		9.5
v -34.433 		61.632 		9.52
v -34.933 		61.766 		9.52
v -35.433 		61.632 		9.52
v -36.626 		57.216 		9.52
v -37.744 		60.331 		9.5
v -37.1151 		45.397 		9.5
v -37.2 		45.397 		9.5
v -36.193 		56.466 		9.52
v -37.928 		60.515 		9.5
v -34.067 		60.266 		9.52
v -24.5 		42.503 		9.5
v -33.933 		60.766 		9.52
v -34.067 		61.266 		9.52
v -24.5 		52.793 		9.5
v -36.693 		56.6 		9.52
v -36.452 		56.5 		9.52
v -25.728 		43.003 		9.52
v -37.995 		60.766 		9.5
v -34.933 		61.766 		9.5
v -35.433 		61.632 		9.5
v -24.968 		42.741 		9.52
v -25.0345 		52.793 		9.5
v -35.797 		61.268 		9.5
v -25.0342 		52.794 		9.5
v -35.799 		61.266 		9.5
v -37.928 		61.017 		9.5
v -25.0318 		42.503 		9.5
v -24.968 		42.741 		9.5
v -37.744 		61.201 		9.5
v -35.933 		60.766 		9.5
v -25.0382 		43.003 		9.5
v -36.9 		58.173 		9.52
v -35.799 		60.266 		9.5
v -36.676 		57.336 		9.52
v -35.435 		59.902 		9.5
v -35.433 		59.9 		9.5
v -42.384 		58.661 		9.52
v -41.778 		58.434 		9.52
v -41.518 		49.481 		9.5
v -41.278 		58.434 		9.52
v -36.693 		57.466 		9.52
v -41.518 		59.161 		9.52
v -42.018 		59.027 		9.52
v -36.676 		57.595 		9.52
v -41.518 		59.161 		9.5
v -42.018 		59.027 		9.5
v -34.933 		59.766 		9.5
v -36.626 		57.716 		9.52
v -42.384 		58.661 		9.5
v -42.018 		49.615 		9.5
v -42.4448 		58.434 		9.5
v -36.546 		57.819 		9.52
v -34.433 		59.9 		9.5
v -36.443 		57.899 		9.52
v -36.322 		57.949 		9.52
v -41.018 		49.615 		9.5
v -41.053 		59.0364 		9.5
v -25.728 		43.003 		6.1
v -36.193 		57.966 		9.52
v -26.228 		50.713 		11
v -25.728 		50.713 		11
v -25.728 		50.713 		0
v -26.228 		50.713 		0
v -34.43 		59.903 		9.5
v -41.518 		49.481 		9.52
v -24.5 		49.641 		9.5
v -41.018 		49.615 		9.52
v -42.018 		49.615 		9.52
v -36.063 		57.949 		9.52
v -34.067 		60.266 		9.5
v -26.835 		49.981 		9.52
v -40.757 		59.72 		9.6
v -40.757 		59.72 		9.5
v -33.933 		60.766 		9.5
v -25.102 		49.981 		9.52
v -36.693 		58.332 		9.52
v -26.8613 		50.08 		9.5
v -26.835 		49.981 		9.5
v -25.728 		45.073 		9.52
v -25.728 		45.073 		11
v -35.943 		57.899 		9.52
v -26.228 		45.073 		11
v -26.228 		45.073 		9.52
v -34.067 		61.266 		9.5
v -26.4941 		49.641 		9.5
v -26.228 		45.073 		6.1
v -40.757 		59.111 		9.6
v -26.228 		45.073 		0
v -34.43 		61.629 		9.5
v -34.433 		61.632 		9.5
v -25.728 		45.073 		0
v -25.728 		45.073 		6.1
v -25.442 		49.641 		9.5
v -25.102 		49.981 		9.5
v -25.0755 		50.08 		9.5
v -36.452 		58.432 		9.52
v -34.682 		61.201 		9.5
v -29.842 		49.641 		9.5
v -29.8 		49.641 		9.5
v -41.018 		59.027 		9.52
v -34.933 		61.268 		9.5
v -29.8 		50.08 		9.5
v -29.842 		50.08 		9.5
v -28.893 		45.389 		9.5
v -40.652 		58.661 		9.52
v -34.498 		61.017 		9.5
v -36.193 		58.466 		9.52
v -40.757 		59.111 		9.5
v -36.9 		56.759 		9.5
v -27.123 		45.389 		9.5
v -37.042 		56.9439 		9.5
v -34.43 		60.766 		9.5
v -36.822 		56.6991 		9.5
v -40.5912 		58.434 		9.5
v -40.652 		58.661 		9.5
v -34.498 		60.515 		9.5
v -41.018 		59.027 		9.5
v -36.435 		57.22 		9.5
v -26.968 		45.321 		9.52
v -34.682 		60.331 		9.5
v -41.778 		50.213 		6.1
v -41.278 		50.213 		6.1
v -40.053 		61.268 		9.52
v -34.933 		60.263 		9.5
v -26.9499 		45.389 		9.5
v -39.802 		61.201 		9.52
v -26.968 		45.321 		9.5
v -39.999 		45.51 		9.5
v -39.618 		61.017 		9.52
v -35.184 		60.331 		9.5
v -35.942 		57.0338 		9.5
v -35.943 		57.033 		9.5
v -39.051 		45.51 		9.5
v -36.063 		56.983 		9.5
v -39.55 		60.766 		9.52
v -35.368 		60.515 		9.5
v -40.377 		50.101 		9.5
v -36.193 		56.966 		9.5
v -29.8 		45.389 		9.5
v -39.618 		60.515 		9.52
v -29.842 		45.389 		9.5
v -35.435 		60.766 		9.5
v -36.322 		56.983 		9.5
v -40.5855 		45.573 		9.5
v -39.802 		60.331 		9.52
v -38.573 		50.101 		9.5
v -36.435 		57.0297 		9.5
v -36.443 		57.033 		9.5
v -35.368 		61.017 		9.5
v -40.053 		60.263 		9.52
v -40.304 		60.331 		9.52
v -36.546 		57.112 		9.5
v -39.051 		45.51 		9.6
v -39.999 		45.51 		9.6
v -42.4462 		50.213 		9.5
v -40.488 		60.515 		9.52
v -35.184 		61.201 		9.5
v -36.0623 		56.4832 		9.5
v -35.942 		56.4989 		9.5
v -40.555 		60.766 		9.52
v -26.228 		50.213 		6.1
v -25.728 		50.213 		6.1
v -30.132 		42.271 		9.5
v -40.488 		61.017 		9.52
v -30.132 		42.271 		9.6
v -36.626 		57.216 		9.5
v -30.132 		42.88 		9.6
v -30.132 		42.88 		9.5
v -36.193 		56.466 		9.5
v -40.304 		61.201 		9.52
v -40.377 		50.101 		9.6
v -38.573 		50.101 		9.6
v -36.666 		57.312 		9.5
v -28.61 		50.101 		9.5
v -40.053 		59.766 		9.52
v -39.553 		59.9 		9.52
v -36.693 		56.6 		9.5
v -35.047 		36.724 		9.5
v -40.553 		59.9 		9.52
v -35.047 		36.724 		9.9
v -36.452 		56.5 		9.5
v -28.893 		45.51 		9.5
v -27.42 		50.101 		9.5
v -41.278 		50.213 		9.52
v -41.778 		50.213 		9.52
v -36.435 		56.4978 		9.5
v -35.047 		37.724 		9.9
v -35.047 		37.724 		9.5
v -27.123 		45.51 		9.5
v -36.822 		58.2329 		9.5
v -36.9 		58.173 		9.5
v -40.919 		61.266 		9.52
v -41.053 		60.766 		9.52
v -40.919 		60.266 		9.52
v -26.8967 		50.213 		9.5
v -37.042 		57.9881 		9.5
v -26.901 		45.573 		9.5
v -35.047 		38.824 		9.5
v -28.893 		45.51 		9.6
v -39.553 		61.632 		9.52
v -40.053 		61.766 		9.52
v -40.553 		61.632 		9.52
v -36.435 		57.72 		9.5
v -35.047 		38.824 		9.9
v -27.123 		45.51 		9.6
v -25.0398 		50.213 		9.5
v -35.047 		39.824 		9.9
v -35.047 		39.824 		9.5
v -28.61 		50.101 		9.6
v -41.278 		47.653 		9.52
v -41.278 		47.653 		11
v -41.778 		47.653 		11
v -39.187 		60.266 		9.52
v -41.778 		47.653 		9.52
v -39.053 		60.766 		9.52
v -39.187 		61.266 		9.52
v -36.676 		57.336 		9.5
v -27.42 		50.101 		9.6
v -41.778 		47.653 		6.1
v -43 		48.729 		9.5
v -41.778 		47.653 		0
v -40.053 		61.766 		9.5
v -41.278 		47.653 		0
v -41.278 		47.653 		6.1
v -40.553 		61.632 		9.5
v -36.693 		57.466 		9.5
v -40.917 		61.268 		9.5
v -35.047 		40.924 		9.5
v -41.778 		48.153 		0
v -35.047 		40.924 		9.9
v -41.278 		48.153 		0
v -40.919 		61.266 		9.5
v -36.676 		57.595 		9.5
v -35.063 		55.83 		9.5
v -41.278 		48.153 		11
v -35.063 		55.83 		9.6
v -41.778 		48.153 		11
v -35.063 		55.221 		9.6
v -35.063 		55.221 		9.5
v -25.728 		50.213 		9.52
v -36.626 		57.716 		9.5
v -26.228 		50.213 		9.52
v -43 		48.153 		9.5
v -36.546 		57.819 		9.5
v -42.518 		47.921 		9.52
v -41.053 		60.766 		9.5
v -36.443 		57.899 		9.5
v -40.919 		60.266 		9.5
v -30.197 		41.914 		9.5
v -30.197 		41.914 		9.9
v -36.435 		57.9023 		9.5
v -42.518 		47.921 		9.5
v -40.555 		59.902 		9.5
v -40.553 		59.9 		9.5
v -36.322 		57.949 		9.5
v -24.5 		49.402 		9.5
v -42.4462 		47.653 		9.5
v -36.193 		57.966 		9.5
v -41.518 		48.921 		9.5
v -29.842 		48.981 		9.5
v -29.8 		48.981 		9.5
v -40.053 		59.766 		9.5
v -30.207 		41.914 		9.9
v -30.207 		41.914 		9.5
v -36.063 		57.949 		9.5
v -42.018 		48.787 		9.5
v -29.8 		49.402 		9.5
v -29.842 		49.402 		9.5
v -30.197 		40.914 		9.9
v -30.197 		40.914 		9.5
v -39.553 		59.9 		9.5
v -36.7947 		58.2539 		9.5
v -42.076 		48.729 		9.5
v -24.968 		45.321 		9.52
v -39.55 		59.903 		9.5
v -25.0345 		45.073 		9.5
v -24.968 		45.321 		9.5
v -35.943 		57.899 		9.5
v -30.207 		40.914 		9.5
v -30.207 		40.914 		9.9
v -41.778 		48.153 		6.1
v -39.187 		60.266 		9.5
v -25.0355 		45.573 		9.5
v -36.693 		58.332 		9.5
v -40.96 		48.729 		9.5
v -36.6834 		58.336 		9.5
v -41.018 		48.787 		9.5
v -39.053 		60.766 		9.5
v -39.187 		61.266 		9.5
v -39.55 		61.629 		9.5
v -35.942 		57.8982 		9.5
v -35.047 		41.924 		9.9
v -39.553 		61.632 		9.5
v -35.047 		41.924 		9.5
v -41.018 		48.787 		9.52
v -41.518 		48.921 		9.52
v -42.018 		48.787 		9.52
v -35.942 		58.433 		9.5
v -36.193 		58.466 		9.5
v -30.197 		39.814 		9.5
v -30.197 		39.814 		9.9
v -40.377 		48.044 		9.5
v -36.452 		58.432 		9.5
v -36.435 		58.4342 		9.5
v -38.573 		48.044 		9.5
v -30.207 		39.814 		9.9
v -35.397 		36.724 		9.5
v -30.207 		39.814 		9.5
v -35.397 		36.724 		9.9
v -39.802 		61.201 		9.5
v -40.053 		61.268 		9.5
v -30.197 		38.814 		9.9
v -30.197 		38.814 		9.5
v -35.347 		36.724 		9.9
v -35.347 		36.724 		9.5
v -39.618 		61.017 		9.5
v -40.518 		47.921 		9.52
v -35.397 		37.724 		9.9
v -35.397 		37.724 		9.5
v -30.207 		38.814 		9.5
v -30.207 		38.814 		9.9
v -40.5898 		47.653 		9.5
v -40.518 		47.921 		9.5
v -35.347 		37.724 		9.5
v -35.347 		37.724 		9.9
v -39.55 		60.766 		9.5
v -25.728 		47.653 		9.52
v -25.728 		47.653 		11
v -26.228 		47.653 		11
v -26.228 		47.653 		9.52
v -40.551 		48.044 		9.5
v -26.228 		47.653 		6.1
v -26.228 		47.653 		0
v -39.618 		60.515 		9.5
v -25.728 		47.653 		0
v -25.728 		47.653 		6.1
v -37.042 		35.099 		9.5
v -37.042 		35.099 		13.1
v -26.228 		48.153 		0
v -35.942 		26.099 		9.597
v -25.728 		48.153 		0
v -36.944 		26.099 		11.597
v -39.802 		60.331 		9.5
v -41.278 		48.153 		6.1
v -37.1151 		48.044 		9.5
v -25.728 		48.153 		11
v -37.2 		48.044 		9.5
v -30.197 		37.714 		9.5
v -30.197 		37.714 		9.9
v -26.228 		48.153 		11
v -36.0405 		26.099 		9.5
v -25.968 		49.481 		9.5
v -35.397 		38.824 		9.5
v -35.397 		38.824 		9.9
v -36.944 		26.099 		13.002
v -30.207 		37.714 		9.9
v -30.207 		37.714 		9.5
v -29.535 		48.059 		9.5
v -40.053 		60.263 		9.5
v -30.197 		36.714 		9.9
v -30.197 		36.714 		9.5
v -37.042 		26.099 		13.1
v -27.103 		48.059 		9.5
v -35.347 		38.824 		9.9
v -37.042 		26.099 		11.498
v -35.347 		38.824 		9.5
v -40.304 		60.331 		9.5
v -43 		45.637 		9.5
v -43 		46.065 		9.5
v -26.468 		49.615 		9.5
v -30.207 		36.714 		9.5
v -36.944 		27.9 		11.3025
v -30.207 		36.714 		9.9
v -36.0891 		27.9 		9.597
v -35.397 		39.824 		9.9
v -35.397 		39.824 		9.5
v -40.488 		60.515 		9.5
v -36.0891 		27.902 		9.597
v -36.0405 		27.902 		9.5
v -37.042 		27.902 		11.498
v -36.944 		27.902 		11.3025
v -36.944 		27.9 		11.597
v -35.942 		27.9 		9.597
v -25.468 		49.615 		9.5
v -42.384 		45.821 		9.52
v -35.347 		39.824 		9.5
v -35.347 		39.824 		9.9
v -40.652 		45.821 		9.52
v -40.555 		60.766 		9.5
v -42.14 		46.065 		9.5
v -26.968 		47.921 		9.52
v -42.384 		45.821 		9.5
v -25.968 		49.481 		9.52
v -25.468 		49.615 		9.52
v -40.488 		61.017 		9.5
v -26.468 		49.615 		9.52
v -26.9313 		48.059 		9.5
v -26.968 		47.921 		9.5
v -42.4333 		45.637 		9.5
v -40.304 		61.201 		9.5
v -26.8967 		47.653 		9.5
v -40.6027 		45.637 		9.5
v -40.652 		45.821 		9.5
v -30.795 		57.22 		12.2
v -30.795 		57.72 		12.2
v -35.397 		40.924 		9.5
v -35.397 		40.924 		9.9
v -40.896 		46.065 		9.5
v -29.8 		48.059 		9.5
v -35.347 		40.924 		9.9
v -36.944 		27.902 		9.597
v -35.347 		40.924 		9.5
v -30.795 		57.72 		12
v -30.795 		57.22 		12
v -37.042 		62 		9.5
v -39.053 		62 		9.5
v -37.042 		27.902 		9.5
v -37.2 		45.637 		9.5
v -37.1151 		45.637 		9.5
v -30.795 		57.22 		9.6
v -30.795 		57.72 		9.6
v -37.1151 		46.065 		9.5
v -40.377 		48.1 		9.5
v -37.2 		46.065 		9.5
v -36.944 		35.002 		13.002
v -36.944 		35.002 		9.597
v -38.573 		48.1 		9.5
v -24.5 		48.298 		9.5
v -35.942 		26.599 		11.2987
v -35.942 		26.599 		11.9
v -35.942 		34.799 		11.9
v -35.942 		34.799 		11.2987
v -26.835 		48.421 		9.52
v -40.377 		48.1 		9.6
v -24.5 		62 		8.5
v -24.5 		62 		9.5
v -25.102 		48.421 		9.52
v -38.573 		48.1 		9.6
v -26.228 		48.153 		6.1
v -26.195 		59.704 		9.5
v -26.195 		59.704 		9.6
v -26.5131 		48.742 		9.5
v -26.835 		48.421 		9.5
v -26.8677 		48.298 		9.5
v -29.535 		48.1 		9.5
v -25.069 		48.298 		9.5
v -25.102 		48.421 		9.5
v -25.423 		48.742 		9.5
v -27.103 		48.1 		9.5
v -26.195 		59.094 		9.6
v -26.195 		59.094 		9.52
v -26.195 		59.1002 		9.52
v -29.842 		48.298 		9.5
v -29.8 		48.298 		9.5
v -29.8 		48.742 		9.5
v -29.842 		48.742 		9.5
v -26.218 		59.094 		9.52
v -29.535 		48.1 		9.6
v -30.709 		57.112 		9.52
v -25.468 		59.027 		9.52
v -25.968 		59.161 		9.52
v -27.103 		48.1 		9.6
v -25.728 		58.434 		9.52
v -25.102 		58.661 		9.52
v -30.813 		57.033 		9.52
v -26.228 		58.434 		9.52
v -26.195 		59.1002 		9.5
v -35.397 		41.924 		9.9
v -26.218 		59.094 		9.5
v -35.397 		41.924 		9.5
v -26.228 		48.153 		9.52
v -30.933 		56.983 		9.52
v -41.778 		50.213 		0
v -25.968 		59.161 		9.5
v -41.278 		50.213 		0
v -35.347 		41.924 		9.5
v -35.347 		41.924 		9.9
v -26.253 		59.0846 		9.5
v -41.278 		50.213 		11
v -41.778 		50.213 		11
v -25.0412 		58.434 		9.5
v -25.102 		58.661 		9.5
v -41.778 		50.713 		0
v -41.278 		50.713 		0
v -25.468 		59.027 		9.5
v -41.278 		45.583 		6.1
v -41.778 		45.583 		6.1
v -41.278 		50.713 		11
v -41.778 		50.713 		11
v -27.992 		59.704 		9.6
v -27.992 		59.704 		9.5
v -24.5 		48.153 		9.5
v -30.804 		56.5 		9.52
v -25.728 		48.153 		9.52
v -24.968 		47.921 		9.52
v -35.935 		57.22 		9.6
v -35.935 		57.72 		9.6
v -42.518 		50.481 		9.52
v -25.0398 		47.653 		9.5
v -30.63 		57.216 		9.52
v -41.778 		50.713 		9.52
v -24.968 		47.921 		9.5
v -27.992 		59.094 		9.5
v -27.992 		59.094 		9.6
v -42.4558 		50.713 		9.5
v -25.0302 		48.153 		9.5
v -30.563 		56.6 		9.52
v -30.356 		56.759 		9.52
v -30.197 		56.966 		9.52
v -30.097 		57.207 		9.52
v -42.518 		50.481 		9.5
v -42.4478 		45.583 		9.5
v -30.933 		57.949 		9.52
v -30.813 		57.899 		9.52
v -40.5882 		45.583 		9.5
v -30.709 		57.819 		9.52
v -26.835 		58.661 		9.52
v -26.468 		59.027 		9.52
v -35.839 		57.112 		9.52
v -25.728 		48.153 		6.1
v -41.778 		45.583 		9.52
v -41.778 		50.713 		6.1
v -26.468 		59.027 		9.5
v -25.968 		48.921 		9.5
v -41.278 		45.583 		9.52
v -26.835 		58.661 		9.5
v -30.563 		57.466 		9.52
v -30.58 		57.336 		9.52
v -26.468 		48.787 		9.5
v -30.63 		57.716 		9.52
v -27.253 		61.268 		9.52
v -40.377 		50.71 		9.6
v -27.002 		61.201 		9.52
v -26.228 		50.213 		0
v -25.728 		50.213 		0
v -40.377 		50.71 		9.5
v -40.377 		50.317 		9.5
v -30.58 		57.595 		9.52
v -38.573 		50.71 		9.5
v -38.573 		50.71 		9.6
v -38.573 		50.317 		9.5
v -26.818 		61.017 		9.52
v -25.728 		50.213 		11
v -25.468 		48.787 		9.5
v -26.228 		50.213 		11
v -26.75 		60.766 		9.52
v -30.063 		57.466 		9.52
v -30.097 		57.725 		9.52
v -30.197 		57.966 		9.52
v -30.356 		58.173 		9.52
v -30.563 		58.332 		9.52
v -41.278 		50.713 		9.52
v -26.818 		60.515 		9.52
v -25.468 		48.787 		9.52
v -40.518 		50.481 		9.52
v -25.968 		48.921 		9.52
v -28.61 		50.71 		9.6
v -26.468 		48.787 		9.52
v -28.61 		50.71 		9.5
v -28.61 		50.319 		9.5
v -30.804 		58.432 		9.52
v -40.562 		50.317 		9.5
v -40.518 		50.481 		9.5
v -27.42 		50.71 		9.5
v -27.42 		50.71 		9.6
v -43 		46.304 		9.5
v -43 		46.709 		9.5
v -27.002 		60.331 		9.52
v -27.42 		50.319 		9.5
v -30.795 		57.22 		9.5
v -40.5802 		50.713 		9.5
v -41.518 		46.321 		9.52
v -27.253 		60.263 		9.52
v -41.518 		46.321 		9.5
v -41.5814 		46.304 		9.5
v -35.934 		56.5 		9.52
v -26.968 		50.481 		9.52
v -27.504 		60.331 		9.52
v -37.2 		50.317 		9.5
v -37.1151 		50.317 		9.5
v -41.4546 		46.304 		9.5
v -26.968 		50.481 		9.5
v -27.688 		60.515 		9.52
v -35.839 		57.819 		9.52
v -37.2 		46.304 		9.5
v -37.1151 		46.304 		9.5
v -26.9249 		50.319 		9.5
v -27.755 		60.766 		9.52
v -37.1151 		46.709 		9.5
v -37.2 		46.709 		9.5
v -29.842 		50.319 		9.5
v -29.8 		50.319 		9.5
v -27.688 		61.017 		9.52
v -41.278 		50.713 		6.1
v -30.678 		57.1528 		9.5
v -30.709 		57.112 		9.5
v -27.504 		61.201 		9.52
v -30.795 		57.0467 		9.5
v -35.693 		57.466 		9.52
v -35.71 		57.336 		9.52
v -35.76 		57.216 		9.52
v -27.253 		59.766 		9.52
v -26.753 		59.9 		9.52
v -30.813 		57.033 		9.5
v -27.753 		59.9 		9.52
v -30.933 		56.983 		9.5
v -30.942 		56.9818 		9.5
v -35.693 		56.6 		9.52
v -30.6834 		56.5501 		9.5
v -30.678 		56.5523 		9.5
v -28.119 		61.266 		9.52
v -28.253 		60.766 		9.52
v -28.119 		60.266 		9.52
v -30.9323 		56.4832 		9.5
v -30.804 		56.5 		9.5
v -35.76 		57.716 		9.52
v -30.795 		56.5037 		9.5
v -35.71 		57.595 		9.52
v -40.268 		59.378 		6.1
v -40.268 		59.378 		8.5
v -26.753 		61.632 		9.52
v -30.942 		56.4819 		9.5
v -27.253 		61.766 		9.52
v -27.753 		61.632 		9.52
v -42.788 		59.378 		8.5
v -42.788 		59.378 		6.1
v -35.486 		56.759 		9.52
v -35.327 		56.966 		9.52
v -35.227 		57.207 		9.52
v -35.193 		57.466 		9.52
v -35.227 		57.725 		9.52
v -35.327 		57.966 		9.52
v -30.59 		57.312 		9.5
v -41.278 		58.434 		6.1
v -35.486 		58.173 		9.52
v -30.63 		57.216 		9.5
v -41.778 		58.434 		6.1
v -35.693 		58.332 		9.52
v -26.387 		60.266 		9.52
v -26.253 		60.766 		9.52
v -26.387 		61.266 		9.52
v -30.563 		56.6 		9.5
v -35.934 		58.432 		9.52
v -27.253 		61.766 		9.5
v -27.753 		61.632 		9.5
v -30.356 		56.759 		9.5
v -28.117 		61.268 		9.5
v -28.119 		61.266 		9.5
v -30.197 		56.966 		9.5
v -41.778 		58.434 		11
v -41.278 		58.434 		11
v -30.097 		57.207 		9.5
v -35.935 		57.22 		9.5
v -41.278 		58.434 		0
v -41.778 		58.434 		0
v -30.0832 		57.312 		9.5
v -28.253 		60.766 		9.5
v -43 		55.854 		9.5
v -43 		57.934 		9.5
v -30.795 		57.72 		9.5
v -28.119 		60.266 		9.5
v -24.5 		47.618 		9.5
v -35.798 		57.166 		9.5
v -35.839 		57.112 		9.5
v -27.755 		59.902 		9.5
v -27.753 		59.9 		9.5
v -35.935 		57.0391 		9.5
v -29.535 		47.618 		9.5
v -41.778 		57.934 		6.1
v -41.278 		57.934 		6.1
v -41.278 		55.854 		6.1
v -41.778 		55.854 		6.1
v -30.942 		57.9502 		9.5
v -27.103 		47.618 		9.5
v -30.933 		57.949 		9.5
v -30.813 		57.899 		9.5
v -35.8134 		56.5501 		9.5
v -35.798 		56.5564 		9.5
v -30.795 		57.8851 		9.5
v -30.709 		57.819 		9.5
v -27.253 		59.766 		9.5
v -40.377 		55.854 		9.5
v -42.018 		46.187 		9.5
v -41.778 		53.294 		0
v -41.278 		53.294 		0
v -40.377 		55.91 		9.5
v -38.573 		55.854 		9.5
v -26.8874 		47.618 		9.5
v -26.753 		59.9 		9.5
v -41.278 		53.294 		11
v -41.778 		53.294 		11
v -38.573 		55.91 		9.5
v -35.935 		56.4999 		9.5
v -30.678 		57.7786 		9.5
v -35.934 		56.5 		9.5
v -25.0492 		47.618 		9.5
v -24.968 		50.481 		9.52
v -30.563 		57.466 		9.5
v -26.75 		59.903 		9.5
v -30.58 		57.336 		9.5
v -42.518 		53.041 		9.52
v -41.778 		53.294 		9.52
v -35.935 		57.72 		9.5
v -26.387 		60.266 		9.5
v -29.842 		47.618 		9.5
v -41.018 		46.187 		9.5
v -29.8 		47.618 		9.5
v -40.377 		57.811 		9.5
v -24.968 		50.481 		9.5
v -42.518 		53.041 		9.5
v -26.253 		60.766 		9.5
v -30.63 		57.716 		9.5
v -37.193 		57.466 		9.5
v -42.4518 		52.794 		9.5
v -38.573 		57.811 		9.5
v -30.58 		57.595 		9.5
v -26.387 		61.266 		9.5
v -35.935 		57.8928 		9.5
v -35.839 		57.819 		9.5
v -26.75 		61.629 		9.5
v -26.753 		61.632 		9.5
v -42.018 		46.187 		9.52
v -30.063 		57.466 		9.5
v -30.097 		57.725 		9.5
v -41.018 		46.187 		9.52
v -41.518 		57.161 		9.5
v -30.197 		57.966 		9.5
v -41.518 		56.601 		9.5
v -35.798 		57.7655 		9.5
v -30.356 		58.173 		9.5
v -35.693 		57.466 		9.5
v -42.018 		56.467 		9.5
v -35.71 		57.336 		9.5
v -41.778 		53.294 		6.1
v -27.002 		61.201 		9.5
v -30.563 		58.332 		9.5
v -27.253 		61.268 		9.5
v -35.76 		57.216 		9.5
v -42.384 		56.101 		9.5
v -30.5726 		58.336 		9.5
v -26.818 		61.017 		9.5
v -42.4502 		55.854 		9.5
v -40.5858 		55.854 		9.5
v -35.693 		56.6 		9.5
v -40.652 		56.101 		9.5
v -26.75 		60.766 		9.5
v -30.795 		58.4283 		9.5
v -30.804 		58.432 		9.5
v -35.5894 		56.6796 		9.5
v -40.377 		53.022 		9.5
v -30.942 		58.4501 		9.5
v -26.818 		60.515 		9.5
v -41.018 		56.467 		9.5
v -26.228 		53.294 		0
v -35.76 		57.716 		9.5
v -38.573 		53.022 		9.5
v -42.4572 		57.934 		9.5
v -27.002 		60.331 		9.5
v -25.728 		53.294 		0
v -42.384 		57.661 		9.5
v -35.71 		57.595 		9.5
v -25.728 		53.294 		11
v -24.5 		47.379 		9.5
v -26.228 		53.294 		11
v -24.5 		46.939 		9.5
v -27.253 		60.263 		9.5
v -43 		46.948 		9.5
v -42.018 		57.295 		9.5
v -28.907 		53.031 		9.5
v -41.278 		53.294 		9.52
v -26.468 		47.055 		9.52
v -41.018 		57.295 		9.5
v -40.518 		53.041 		9.52
v -35.193 		57.466 		9.5
v -25.468 		47.055 		9.52
v -35.227 		57.725 		9.5
v -27.504 		60.331 		9.5
v -42.018 		47.055 		9.52
v -40.652 		57.661 		9.5
v -41.018 		47.055 		9.52
v -35.327 		57.966 		9.5
v -27.103 		53.031 		9.5
v -40.5231 		53.022 		9.5
v -40.518 		53.041 		9.5
v -26.7929 		47.379 		9.5
v -26.468 		47.055 		9.5
v -40.5788 		57.934 		9.5
v -27.688 		60.515 		9.5
v -42.339 		47.376 		9.5
v -42.018 		47.055 		9.5
v -40.5858 		53.294 		9.5
v -26.0352 		46.939 		9.5
v -35.486 		58.173 		9.5
v -41.6188 		46.948 		9.5
v -26.968 		53.041 		9.52
v -27.755 		60.766 		9.5
v -35.693 		58.332 		9.5
v -26.228 		53.294 		9.52
v -25.9008 		46.939 		9.5
v -25.468 		47.055 		9.5
v -41.4173 		46.948 		9.5
v -27.688 		61.017 		9.5
v -41.018 		47.055 		9.5
v -26.9007 		53.294 		9.5
v -26.968 		53.041 		9.5
v -37.2 		53.022 		9.5
v -25.144 		47.379 		9.5
v -35.7026 		58.336 		9.5
v -37.1151 		53.022 		9.5
v -29.842 		35.099 		13.1
v -40.697 		47.376 		9.5
v -29.842 		35.099 		9.5
v -26.9653 		53.031 		9.5
v -27.504 		61.201 		9.5
v -37.159 		57.207 		9.5
v -35.486 		56.759 		9.5
v -40.518 		47.376 		9.5
v -29.842 		53.031 		9.5
v -29.8 		53.031 		9.5
v -29.939 		26.099 		11.599
v -37.2 		46.948 		9.5
v -35.327 		56.966 		9.5
v -30.942 		26.099 		9.597
v -37.1151 		46.948 		9.5
v -29.842 		46.939 		9.5
v -37.1151 		47.376 		9.5
v -29.8 		46.939 		9.5
v -37.2 		47.376 		9.5
v -37.059 		56.966 		9.5
v -26.968 		47.379 		9.5
v -35.227 		57.207 		9.5
v -30.8425 		26.099 		9.5
v -29.8 		47.379 		9.5
v -29.842 		47.379 		9.5
v -28.995 		59.704 		9.5
v -28.995 		59.704 		9.6
v -28.995 		59.094 		9.6
v -28.995 		59.094 		9.5
v -41.278 		53.294 		6.1
v -35.934 		58.432 		9.5
v -29.939 		26.099 		13.002
v -37.0723 		57.934 		9.5
v -35.935 		58.4321 		9.5
v -29.842 		26.099 		11.496
v -29.842 		26.099 		13.1
v -37.159 		57.725 		9.5
v -29.842 		59.704 		9.5
v -30.7939 		27.9 		9.597
v -29.939 		27.9 		11.3025
v -26.228 		53.294 		6.1
v -29.842 		59.094 		9.5
v -30.8425 		27.902 		9.5
v -30.7939 		27.902 		9.597
v -29.723 		58.73 		12
v -40.377 		55.91 		9.6
v -29.723 		58.73 		9.6
v -29.939 		27.902 		11.3025
v -29.842 		27.902 		11.496
v -38.573 		55.91 		9.6
v -29.804 		58.718 		18.2
v -30.942 		27.9 		9.597
v -29.804 		58.718 		12.2
v -29.939 		27.9 		11.599
v -37.483 		56.21 		12
v -37.483 		56.21 		9.6
v -40.5842 		52.794 		9.5
v -33.355 		57.22 		9.6
v -33.355 		57.72 		9.6
v -40.377 		57.811 		9.6
v -38.573 		57.811 		9.6
v -33.855 		57.72 		9.6
v -33.855 		57.22 		9.6
v -29.939 		27.902 		9.597
v -29.842 		27.902 		9.5
v -42.384 		56.101 		9.52
v -41.778 		55.854 		9.52
v -41.278 		55.854 		9.52
v -40.652 		56.101 		9.52
v -41.018 		56.467 		9.52
v -41.518 		56.601 		9.52
v -42.018 		56.467 		9.52
v -29.939 		35.002 		13.002
v -29.939 		35.002 		9.597
v -29.813 		61.268 		9.52
v -29.562 		61.201 		9.52
v -29.378 		61.017 		9.52
v -29.31 		60.766 		9.52
v -41.518 		57.161 		9.52
v -41.018 		57.295 		9.52
v -40.652 		57.661 		9.52
v -41.278 		57.934 		9.52
v -41.778 		57.934 		9.52
v -42.384 		57.661 		9.52
v -29.378 		60.515 		9.52
v -42.018 		57.295 		9.52
v -33.752 		56.983 		9.52
v -29.562 		60.331 		9.52
v -41.518 		46.921 		9.5
v -30.942 		26.599 		11.9
v -33.873 		57.033 		9.52
v -29.813 		60.263 		9.52
v -30.942 		26.599 		11.297
v -30.942 		34.799 		11.297
v -30.942 		34.799 		11.9
v -33.976 		57.112 		9.52
v -41.278 		55.354 		9.52
v -41.278 		55.354 		11
v -41.778 		55.354 		11
v -29.535 		47.491 		9.5
v -41.778 		55.354 		9.52
v -25.728 		53.294 		9.52
v -24.968 		53.041 		9.52
v -41.778 		55.354 		6.1
v -41.778 		55.354 		0
v -41.278 		55.354 		0
v -34.056 		57.216 		9.52
v -41.278 		55.354 		6.1
v -29.813 		59.766 		9.52
v -29.313 		59.9 		9.52
v -27.103 		47.491 		9.5
v -41.778 		55.854 		0
v -24.968 		53.041 		9.5
v -41.278 		55.854 		0
v -25.0358 		53.294 		9.5
v -41.278 		55.854 		11
v -41.778 		55.854 		11
v -34.844 		56.198 		18.2
v -41.518 		46.921 		9.52
v -26.835 		47.421 		9.5
v -29.313 		61.632 		9.52
v -29.813 		61.766 		9.52
v -34.844 		58.718 		18.2
v -34.123 		56.6 		9.52
v -42.518 		55.601 		9.52
v -33.882 		56.5 		9.52
v -37.159 		57.207 		9.52
v -37.059 		56.966 		9.52
v -25.102 		47.421 		9.5
v -42.518 		55.601 		9.5
v -34.589 		57.207 		9.52
v -34.489 		56.966 		9.52
v -34.33 		56.759 		9.52
v -28.947 		60.266 		9.52
v -28.813 		60.766 		9.52
v -28.947 		61.266 		9.52
v -42.4518 		55.354 		9.5
v -25.728 		53.294 		6.1
v -29.813 		61.766 		9.5
v -29.535 		47.491 		9.6
v -37.193 		57.466 		9.52
v -34.106 		57.336 		9.52
v -29.842 		61.7582 		9.5
v -35.935 		57.72 		18.1
v -35.935 		57.22 		18.1
v -37.159 		57.725 		9.52
v -34.123 		57.466 		9.52
v -27.103 		47.491 		9.6
v -29.842 		59.7738 		9.5
v -29.813 		59.766 		9.5
v -34.106 		57.595 		9.52
v -29.313 		59.9 		9.5
v -34.056 		57.716 		9.52
v -43 		47.615 		9.5
v -29.31 		59.903 		9.5
v -25.728 		55.354 		9.52
v -25.728 		55.354 		11
v -26.228 		55.354 		11
v -26.228 		55.354 		9.52
v -33.976 		57.819 		9.52
v -26.835 		47.421 		9.52
v -28.947 		60.266 		9.5
v -25.102 		47.421 		9.52
v -34.623 		57.466 		9.52
v -26.228 		55.354 		6.1
v -26.228 		55.354 		0
v -28.813 		60.766 		9.5
v -25.728 		55.354 		0
v -25.728 		55.354 		6.1
v -40.377 		47.615 		9.5
v -41.778 		57.934 		0
v -41.278 		57.934 		0
v -33.873 		57.899 		9.52
v -26.228 		55.854 		0
v -25.728 		55.854 		0
v -38.573 		47.615 		9.5
v -28.947 		61.266 		9.5
v -41.278 		57.934 		11
v -25.728 		55.854 		11
v -26.228 		55.854 		11
v -34.589 		57.725 		9.52
v -41.778 		57.934 		11
v -29.31 		61.629 		9.5
v -29.313 		61.632 		9.5
v -33.752 		57.949 		9.52
v -37.53 		55.83 		9.6
v -37.53 		55.83 		9.5
v -34.33 		58.173 		9.52
v -34.489 		57.966 		9.52
v -29.562 		61.201 		9.5
v -34.123 		58.332 		9.52
v -29.813 		61.268 		9.5
v -26.968 		55.601 		9.52
v -26.228 		55.854 		9.52
v -29.378 		61.017 		9.5
v -37.042 		55.83 		9.5
v -42.436 		47.615 		9.5
v -26.968 		55.601 		9.5
v -40.6 		47.615 		9.5
v -42.518 		58.161 		9.52
v -29.31 		60.766 		9.5
v -40.518 		55.601 		9.52
v -29.378 		60.515 		9.5
v -24.5 		46.701 		9.5
v -24.5 		46.306 		9.5
v -33.19 		57.216 		9.52
v -42.518 		58.161 		9.5
v -40.518 		55.601 		9.5
v -29.562 		60.331 		9.5
v -25.968 		46.321 		9.52
v -33.269 		57.112 		9.52
v -25.968 		46.321 		9.5
v -26.024 		46.306 		9.5
v -29.813 		60.263 		9.5
v -37.2 		47.615 		9.5
v -37.1151 		47.615 		9.5
v -25.912 		46.306 		9.5
v -29.842 		60.2709 		9.5
v -33.373 		57.033 		9.52
v -26.228 		55.854 		6.1
v -32.657 		57.207 		9.52
v -29.842 		46.306 		9.5
v -29.8 		46.306 		9.5
v -29.842 		61.2603 		9.5
v -29.8 		46.701 		9.5
v -29.842 		46.701 		9.5
v -33.493 		56.983 		9.52
v -32.757 		56.966 		9.52
v -33.623 		56.966 		9.52
v -25.728 		55.854 		9.52
v -24.968 		55.601 		9.52
v -33.123 		56.6 		9.52
v -32.916 		56.759 		9.52
v -25.0342 		55.354 		9.5
v -24.968 		55.601 		9.5
v -40.377 		58.42 		9.5
v -33.623 		56.466 		9.52
v -33.364 		56.5 		9.52
v -40.518 		58.161 		9.5
v -25.0358 		55.854 		9.5
v -25.587 		46.306 		9.5
v -36.435 		57.72 		18.1
v -36.435 		57.22 		18.1
v -38.573 		58.42 		9.5
v -33.123 		57.466 		9.52
v -33.14 		57.336 		9.52
v -28.813 		62 		9.5
v -33.623 		57.966 		9.52
v -33.493 		57.949 		9.52
v -33.355 		57.22 		12.2
v -25.728 		55.854 		6.1
v -33.355 		57.72 		12.2
v -33.373 		57.899 		9.52
v -37.059 		57.966 		9.5
v -31.295 		57.72 		12.2
v -31.295 		57.22 		12.2
v -33.269 		57.819 		9.52
v -31.295 		57.22 		12
v -31.295 		57.72 		12
v -40.377 		47.491 		9.5
v -33.355 		57.72 		12
v -33.355 		57.22 		12
v -24.5 		45.628 		9.5
v -40.377 		58.42 		9.6
v -33.19 		57.716 		9.52
v -38.573 		47.491 		9.5
v -38.573 		58.42 		9.6
v -26.835 		45.821 		9.52
v -34.844 		56.198 		12.2
v -25.102 		45.821 		9.52
v -33.14 		57.595 		9.52
v -26.5883 		46.067 		9.5
v -26.835 		45.821 		9.5
v -26.8863 		45.628 		9.5
v -42.384 		47.421 		9.5
v -25.0503 		45.628 		9.5
v -25.102 		45.821 		9.5
v -34.844 		58.718 		12.2
v -32.623 		57.466 		9.52
v -32.657 		57.725 		9.52
v -32.757 		57.966 		9.52
v -32.916 		58.173 		9.52
v -40.518 		58.161 		9.52
v -33.123 		58.332 		9.52
v -40.652 		47.421 		9.5
v -36.435 		57.72 		8.5
v -25.348 		46.067 		9.5
v -36.435 		57.22 		8.5
v -33.855 		57.72 		12.2
v -33.855 		57.22 		12.2
v -33.882 		58.432 		9.52
v -29.842 		45.628 		9.5
v -33.855 		57.22 		12
v -29.8 		45.628 		9.5
v -33.855 		57.72 		12
v -35.935 		57.72 		12
v -29.8 		46.067 		9.5
v -35.935 		57.22 		12
v -29.842 		46.067 		9.5
v -40.377 		47.491 		9.6
v -33.364 		58.432 		9.52
v -33.623 		58.466 		9.52
v -38.573 		47.491 		9.6
v -37.059 		57.966 		9.52
v -33.855 		57.22 		9.5
v -33.75 		56.9827 		9.5
v -42.384 		47.421 		9.52
v -40.652 		47.421 		9.52
v -33.752 		56.983 		9.5
v -37.042 		26 		9.5
v -43 		53.468 		9.5
v -36.435 		57.72 		7.1
v -36.435 		57.22 		7.1
v -33.855 		57.0256 		9.5
v -33.873 		57.033 		9.5
v -40.377 		53.31 		9.6
v -40.377 		53.31 		9.5
v -38.573 		53.31 		9.5
v -38.573 		53.31 		9.6
v -33.976 		57.112 		9.5
v -34.056 		57.216 		9.5
v -33.7505 		56.4827 		9.5
v -33.75 		56.4827 		9.5
v -42.4036 		53.468 		9.5
v -41.278 		45.583 		0
v -41.778 		45.583 		0
v -29.842 		62 		9.5
v -41.778 		45.583 		11
v -34.589 		57.207 		9.5
v -41.278 		45.583 		11
v -40.6324 		53.468 		9.5
v -36.416 		59.72 		9.5
v -36.416 		59.111 		9.5
v -34.489 		56.966 		9.5
v -36.493 		60.766 		9.5
v -34.33 		56.759 		9.5
v -34.123 		56.6 		9.5
v -33.882 		56.5 		9.5
v -37.1151 		53.468 		9.5
v -37.2 		53.468 		9.5
v -33.855 		56.4965 		9.5
v -33.855 		57.72 		9.5
v -26.468 		46.187 		9.5
v -34.106 		57.336 		9.5
v -34.123 		57.466 		9.5
v -34.106 		57.595 		9.5
v -34.056 		57.716 		9.5
v -30.795 		57.22 		8.5
v -30.795 		57.72 		8.5
v -30.795 		62 		9.5
v -33.976 		57.819 		9.5
v -25.468 		46.187 		9.5
v -36.993 		59.9 		9.5
v -29.842 		26 		9.5
v -34.6052 		57.3303 		9.5
v -36.627 		60.266 		9.5
v -30.795 		57.22 		7.1
v -36.99 		59.903 		9.5
v -30.795 		57.72 		7.1
v -33.873 		57.899 		9.5
v -24.718 		59.378 		6.1
v -26.468 		46.187 		9.52
v -24.718 		59.378 		8.5
v -34.6059 		57.5961 		9.5
v -25.468 		46.187 		9.52
v -34.623 		57.466 		9.5
v -36.627 		61.266 		9.5
v -27.238 		59.378 		8.5
v -27.238 		59.378 		6.1
v -43 		53.707 		9.5
v -43 		54.149 		9.5
v -36.993 		61.632 		9.5
v -36.99 		61.629 		9.5
v -25.728 		58.434 		6.1
v -26.228 		58.434 		6.1
v -42.018 		53.907 		9.52
v -41.018 		53.907 		9.52
v -33.855 		57.9064 		9.5
v -41.518 		54.041 		9.52
v -36.99 		60.766 		9.5
v -33.752 		57.949 		9.5
v -41.518 		54.041 		9.5
v -42.018 		53.907 		9.5
v -36.597 		36.724 		9.5
v -36.897 		36.724 		9.5
v -34.5391 		57.8453 		9.5
v -42.218 		53.707 		9.5
v -34.589 		57.725 		9.5
v -40.818 		53.707 		9.5
v -41.018 		53.907 		9.5
v -36.897 		37.724 		9.5
v -25.728 		58.434 		11
v -36.597 		37.724 		9.5
v -33.75 		57.9493 		9.5
v -29.8849 		54.381 		9.5
v -37.2 		53.707 		9.5
v -37.1151 		53.707 		9.5
v -36.597 		38.824 		9.5
v -26.228 		58.434 		11
v -36.897 		38.824 		9.5
v -34.1134 		58.336 		9.5
v -37.1151 		54.149 		9.5
v -37.2 		54.149 		9.5
v -34.123 		58.332 		9.5
v -34.33 		58.173 		9.5
v -34.489 		57.966 		9.5
v -25.728 		58.434 		0
v -26.228 		58.434 		0
v -24.5 		57.934 		9.5
v -37.042 		39.943 		9.5
v -33.355 		57.22 		9.5
v -36.897 		39.824 		9.5
v -36.597 		39.824 		9.5
v -25.728 		45.583 		6.1
v -36.597 		40.924 		9.5
v -26.228 		45.583 		6.1
v -28.907 		55.91 		9.6
v -28.907 		55.91 		9.5
v -27.103 		55.91 		9.5
v -27.103 		55.91 		9.6
v -30.063 		61.699 		9.5
v -43 		43.003 		9.5
v -33.19 		57.216 		9.5
v -30.063 		59.833 		9.5
v -33.269 		57.112 		9.5
v -31.295 		57.72 		8.5
v -39.999 		44.901 		9.6
v -31.295 		57.22 		8.5
v -39.051 		44.901 		9.6
v -33.355 		57.22 		8.5
v -29.804 		56.198 		12.2
v -33.355 		57.72 		8.5
v -29.804 		56.198 		18.2
v -33.355 		57.0467 		9.5
v -39.999 		44.901 		9.5
v -30.063 		61.2013 		9.5
v -33.355 		62 		9.5
v -30.063 		60.3307 		9.5
v -39.051 		44.901 		9.5
v -33.373 		57.033 		9.5
v -29.842 		53.714 		9.5
v -29.842 		54.142 		9.5
v -29.8849 		54.142 		9.5
v -33.355 		57.22 		7.1
v -33.355 		57.72 		7.1
v -37.042 		55.221 		9.5
v -29.8849 		53.714 		9.5
v -33.855 		57.72 		8.5
v -33.493 		56.983 		9.5
v -33.855 		57.22 		8.5
v -35.935 		57.22 		8.5
v -29.723 		56.21 		9.6
v -29.723 		56.21 		12
v -35.935 		57.72 		8.5
v -26.8983 		45.583 		9.5
v -32.7073 		57.0857 		9.5
v -32.657 		57.207 		9.5
v -29.842 		53.475 		9.5
v -29.8849 		53.475 		9.5
v -42.384 		43.241 		9.52
v -29.8849 		53.031 		9.5
v -41.778 		43.003 		9.52
v -25.0382 		45.583 		9.5
v -32.6432 		57.312 		9.5
v -40.652 		43.241 		9.52
v -41.018 		43.607 		9.52
v -41.518 		43.741 		9.52
v -26.228 		45.583 		9.52
v -42.018 		43.607 		9.52
v -25.728 		45.583 		9.52
v -35.935 		57.22 		7.1
v -35.935 		57.72 		7.1
v -33.623 		56.966 		9.5
v -41.518 		43.741 		9.5
v -42.018 		43.607 		9.5
v -32.8366 		56.8624 		9.5
v -32.757 		56.966 		9.5
v -42.384 		43.241 		9.5
v -29.842 		52.351 		9.5
v -29.842 		52.792 		9.5
v -29.8849 		52.792 		9.5
v -33.623 		56.466 		9.5
v -28.907 		57.811 		9.5
v -28.907 		57.811 		9.6
v -42.4478 		43.003 		9.5
v -29.8849 		52.351 		9.5
v -33.364 		56.5 		9.5
v -40.652 		43.241 		9.5
v -33.355 		56.5037 		9.5
v -27.103 		57.811 		9.6
v -33.123 		56.6 		9.5
v -27.103 		57.811 		9.5
v -29.842 		51.682 		9.5
v -29.842 		52.112 		9.5
v -29.8849 		52.112 		9.5
v -41.018 		43.607 		9.5
v -29.8849 		51.682 		9.5
v -42.384 		53.541 		9.5
v -32.916 		56.759 		9.5
v -33.355 		57.72 		9.5
v -41.518 		44.321 		9.52
v -29.842 		51.443 		9.5
v -41.018 		44.455 		9.52
v -40.652 		44.821 		9.52
v -33.855 		57.72 		7.1
v -33.855 		57.22 		7.1
v -29.8849 		51.443 		9.5
v -29.8849 		50.999 		9.5
v -42.384 		44.821 		9.52
v -40.652 		53.541 		9.5
v -42.018 		44.455 		9.52
v -26.835 		56.101 		9.52
v -42.384 		44.821 		9.5
v -25.102 		56.101 		9.52
v -25.468 		56.467 		9.52
v -25.968 		56.601 		9.52
v -33.123 		57.466 		9.5
v -26.468 		56.467 		9.52
v -33.14 		57.336 		9.5
v -29.8849 		50.76 		9.5
v -42.018 		44.455 		9.5
v -25.968 		56.601 		9.5
v -29.8849 		50.319 		9.5
v -26.468 		56.467 		9.5
v -42.384 		53.541 		9.52
v -40.652 		53.541 		9.52
v -41.518 		44.321 		9.5
v -26.835 		56.101 		9.5
v -29.8849 		50.08 		9.5
v -29.8849 		49.641 		9.5
v -41.018 		44.455 		9.5
v -33.623 		57.966 		9.5
v -25.102 		56.101 		9.5
v -31.295 		57.72 		7.1
v -31.295 		57.22 		7.1
v -40.652 		44.821 		9.5
v -33.493 		57.949 		9.5
v -29.8849 		49.402 		9.5
v -25.468 		56.467 		9.5
v -29.8849 		48.981 		9.5
v -33.373 		57.899 		9.5
v -25.968 		57.161 		9.52
v -25.468 		57.295 		9.52
v -25.102 		57.661 		9.52
v -33.355 		57.8851 		9.5
v -25.728 		57.934 		9.52
v -26.228 		57.934 		9.52
v -33.269 		57.819 		9.5
v -26.835 		57.661 		9.52
v -25.968 		46.921 		9.5
v -26.468 		57.295 		9.52
v -29.8849 		48.742 		9.5
v -29.8849 		48.298 		9.5
v -26.835 		57.661 		9.5
v -26.468 		57.295 		9.5
v -33.19 		57.716 		9.5
v -43 		54.389 		9.5
v -25.968 		57.161 		9.5
v -33.14 		57.595 		9.5
v -40.377 		55.301 		9.5
v -25.468 		57.295 		9.5
v -40.377 		55.301 		9.6
v -29.8849 		48.059 		9.5
v -29.8849 		47.618 		9.5
v -37.53 		55.221 		9.5
v -25.102 		57.661 		9.5
v -37.53 		55.221 		9.6
v -32.623 		57.466 		9.5
v -32.657 		57.725 		9.5
v -25.0288 		57.934 		9.5
v -32.757 		57.966 		9.5
v -32.916 		58.173 		9.5
v -25.968 		46.921 		9.52
v -33.123 		58.332 		9.5
v -29.8849 		47.379 		9.5
v -29.8849 		46.939 		9.5
v -38.573 		55.301 		9.6
v -33.1326 		58.336 		9.5
v -38.573 		55.301 		9.5
v -31.063 		58.466 		9.5
v -29.8849 		46.701 		9.5
v -29.8849 		46.306 		9.5
v -33.355 		58.4283 		9.5
v -33.364 		58.432 		9.5
v -33.623 		58.466 		9.5
v -41.518 		54.601 		9.52
v -41.018 		54.735 		9.52
v -29.8849 		46.067 		9.5
v -40.652 		55.101 		9.52
v -25.728 		45.583 		0
v -29.8849 		45.628 		9.5
v -33.882 		58.432 		9.5
v -26.228 		45.583 		0
v -42.384 		55.101 		9.52
v -42.018 		54.735 		9.52
v -26.228 		45.583 		11
v -33.855 		58.4355 		9.5
v -25.728 		45.583 		11
v -42.384 		55.101 		9.5
v -42.018 		54.735 		9.5
v -31.492 		55.221 		9.5
v -31.492 		55.221 		9.6
v -31.492 		55.83 		9.6
v -29.8849 		45.389 		9.5
v -31.492 		55.83 		9.5
v -41.518 		54.601 		9.5
v -33.373 		60.766 		9.5
v -41.018 		54.735 		9.5
v -33.826 		59.72 		9.5
v -33.826 		59.111 		9.5
v -29.842 		42.271 		9.5
v -40.652 		55.101 		9.5
v -29.897 		41.914 		9.5
v -37.2 		54.389 		9.5
v -37.1151 		54.389 		9.5
v -29.897 		40.914 		9.5
v -29.897 		39.814 		9.5
v -31.012 		54.879 		9.6
v -32.658 		59.091 		9.5
v -29.897 		38.814 		9.5
v -32.658 		59.7 		9.5
v -29.897 		37.714 		9.5
v -31.012 		44.879 		9.6
v -29.897 		36.714 		9.5
v -41.778 		43.003 		6.1
v -31.466 		59.7 		9.5
v -31.466 		59.091 		9.5
v -26.228 		57.934 		6.1
v -25.728 		57.934 		6.1
v -31.012 		54.381 		9.9916
v -41.778 		43.003 		11
v -31.012 		54.381 		10.0263
v -30.813 		60.766 		9.5
v -41.778 		43.003 		0
v -31.012 		53.714 		9.9916
v -31.012 		53.714 		10.0263
v -40.377 		42.271 		9.5
v -40.377 		42.271 		9.6
v -25.728 		57.934 		11
v -26.228 		57.934 		11
v -38.573 		42.271 		9.6
v -38.573 		42.271 		9.5
v -26.228 		57.934 		0
v -25.728 		57.934 		0
v -31.012 		53.475 		10.0263
v -30.111 		59.094 		9.5
v -31.012 		53.475 		9.9916
v -30.111 		59.704 		9.5
v -32.873 		61.632 		9.5
v -33.239 		61.266 		9.5
v -33.237 		61.268 		9.5
v -31.012 		54.142 		10.0263
v -31.012 		54.142 		9.9916
v -33.355 		60.8332 		9.5
v -28.893 		44.901 		9.5
v -33.355 		60.6988 		9.5
v -28.893 		44.901 		9.6
v -28.907 		58.42 		9.6
v -33.239 		60.266 		9.5
v -28.907 		58.42 		9.5
v -30.313 		61.632 		9.5
v -27.123 		44.901 		9.6
v -27.103 		58.42 		9.5
v -42.384 		40.661 		9.52
v -27.103 		58.42 		9.6
v -27.123 		44.901 		9.5
v -31.012 		53.031 		9.9916
v -31.012 		53.031 		10.0263
v -41.778 		40.443 		9.52
v -41.278 		40.443 		9.52
v -30.679 		61.266 		9.5
v -40.652 		40.661 		9.52
v -41.018 		41.027 		9.52
v -41.518 		41.161 		9.52
v -30.677 		61.268 		9.5
v -42.018 		41.027 		9.52
v -31.012 		52.792 		10.0263
v -31.012 		52.792 		9.9916
v -32.875 		59.902 		9.5
v -30.795 		60.8332 		9.5
v -41.518 		41.161 		9.5
v -42.018 		41.027 		9.5
v -42.384 		40.661 		9.5
v -30.795 		60.6988 		9.5
v -30.679 		60.266 		9.5
v -26.835 		43.241 		9.52
v -43 		50.745 		9.5
v -31.012 		52.351 		9.9916
v -31.012 		52.351 		10.0263
v -26.968 		58.161 		9.52
v -25.102 		43.241 		9.52
v -25.468 		43.607 		9.52
v -25.968 		43.741 		9.52
v -26.468 		43.607 		9.52
v -31.012 		52.112 		10.0263
v -31.012 		52.112 		9.9916
v -30.313 		59.9 		9.5
v -30.315 		59.902 		9.5
v -26.968 		58.161 		9.5
v -40.652 		40.661 		9.5
v -42.4473 		50.745 		9.5
v -25.968 		43.741 		9.5
v -26.468 		43.607 		9.5
v -41.018 		41.027 		9.5
v -40.5888 		50.745 		9.5
v -26.835 		43.241 		9.5
v -31.012 		51.682 		9.9916
v -31.012 		51.682 		10.0263
v -30.064 		61.201 		9.5
v -30.248 		61.017 		9.5
v -30.315 		60.766 		9.5
v -30.248 		60.515 		9.5
v -37.1151 		50.745 		9.5
v -30.064 		60.331 		9.5
v -37.2 		50.745 		9.5
v -41.518 		41.741 		9.52
v -41.018 		41.875 		9.52
v -40.652 		42.241 		9.52
v -31.012 		51.443 		10.0263
v -31.012 		51.443 		9.9916
v -41.778 		42.503 		9.52
v -25.102 		43.241 		9.5
v -42.384 		42.241 		9.52
v -42.018 		41.875 		9.52
v -25.468 		43.607 		9.5
v -42.4542 		42.503 		9.5
v -42.384 		42.241 		9.5
v -42.018 		41.875 		9.5
v -31.012 		50.999 		9.9916
v -31.012 		50.999 		10.0263
v -25.968 		44.321 		9.52
v -25.468 		44.455 		9.52
v -41.518 		41.741 		9.5
v -25.102 		44.821 		9.52
v -31.012 		50.319 		9.9916
v -31.012 		50.319 		10.0263
v -26.835 		44.821 		9.52
v -26.468 		44.455 		9.52
v -41.018 		41.875 		9.5
v -31.012 		50.08 		10.0263
v -31.012 		50.08 		9.9916
v -26.835 		44.821 		9.5
v -26.468 		44.455 		9.5
v -40.652 		42.241 		9.5
v -25.968 		44.321 		9.5
v -25.468 		44.455 		9.5
v -31.012 		49.641 		9.9916
v -31.012 		49.641 		10.0263
v -24.968 		58.161 		9.52
v -25.102 		44.821 		9.5
v -31.012 		49.402 		10.0263
v -31.012 		49.402 		9.9916
v -43 		50.985 		9.5
v -24.968 		58.161 		9.5
v -43 		51.43 		9.5
v -42.018 		51.347 		9.52
v -41.018 		51.347 		9.52
v -41.7083 		51.43 		9.5
v -42.018 		51.347 		9.5
v -42.38 		50.985 		9.5
v -31.012 		50.76 		10.0263
v -31.012 		50.76 		9.9916
v -40.656 		50.985 		9.5
v -41.018 		51.347 		9.5
v -41.3277 		51.43 		9.5
v -31.012 		48.981 		9.9916
v -31.012 		48.981 		10.0263
v -37.2 		50.985 		9.5
v -37.1151 		50.985 		9.5
v -37.1151 		51.43 		9.5
v -37.2 		51.43 		9.5
v -31.012 		48.742 		10.0263
v -31.012 		48.742 		9.9916
v -31.012 		48.298 		9.9916
v -31.012 		48.298 		10.0263
v -24.5 		54.381 		9.5
v -31.012 		47.618 		9.9916
v -28.907 		55.301 		9.5
v -31.012 		47.618 		10.0263
v -28.907 		55.301 		9.6
v -27.103 		55.301 		9.6
v -27.103 		55.301 		9.5
v -31.012 		47.379 		10.0263
v -31.012 		47.379 		9.9916
v -25.968 		54.601 		9.52
v -25.468 		54.735 		9.52
v -25.102 		55.101 		9.52
v -31.012 		46.939 		9.9916
v -26.835 		55.101 		9.52
v -26.468 		54.735 		9.52
v -31.012 		46.939 		10.0263
v -26.835 		55.101 		9.5
v -31.012 		46.306 		9.9916
v -26.468 		54.735 		9.5
v -31.012 		46.306 		10.0263
v -25.968 		54.601 		9.5
v -31.012 		46.067 		10.0263
v -31.012 		46.067 		9.9916
v -25.468 		54.735 		9.5
v -25.102 		55.101 		9.5
v -31.012 		45.628 		9.9916
v -31.012 		45.628 		10.0263
v -29.8 		54.381 		9.5
v -41.778 		42.503 		6.1
v -31.012 		45.389 		10.0263
v -31.012 		45.389 		9.9916
v -41.278 		40.443 		6.1
v -41.778 		40.443 		6.1
v -32.063 		57.466 		9.5
v -41.778 		40.443 		11
v -31.012 		46.701 		10.0263
v -41.278 		40.443 		11
v -31.012 		46.701 		9.9916
v -41.278 		40.443 		0
v -41.778 		40.443 		0
v -27.103 		42.271 		9.6
v -27.103 		42.271 		9.5
v -42.384 		50.981 		9.5
v -43 		39.943 		9.5
v -40.377 		39.661 		9.5
v -40.377 		39.661 		9.6
v -31.012 		48.059 		10.0263
v -31.012 		48.059 		9.9916
v -40.652 		50.981 		9.5
v -38.573 		39.661 		9.6
v -38.573 		39.661 		9.5
v -26.835 		40.661 		9.52
v -25.102 		40.661 		9.52
v -25.468 		41.027 		9.52
v -25.968 		41.161 		9.52
v -26.468 		41.027 		9.52
v -42.384 		50.981 		9.52
v -40.652 		50.981 		9.52
v -25.968 		41.161 		9.5
v -26.468 		41.027 		9.5
v -26.835 		40.661 		9.5
v -24.5 		54.142 		9.5
v -24.5 		53.714 		9.5
v -26.468 		53.907 		9.52
v -25.468 		53.907 		9.52
v -25.968 		54.041 		9.52
v -25.102 		40.661 		9.5
v -36.416 		59.72 		9.6
v -25.968 		54.041 		9.5
v -25.468 		41.027 		9.5
v -36.416 		59.111 		9.6
v -26.468 		53.907 		9.5
v -42.384 		38.081 		9.52
v -41.778 		37.863 		9.52
v -41.278 		37.863 		9.52
v -26.6615 		53.714 		9.5
v -40.652 		38.081 		9.52
v -41.018 		38.447 		9.52
v -25.968 		41.741 		9.52
v -41.518 		38.581 		9.52
v -42.018 		38.447 		9.52
v -25.468 		41.875 		9.52
v -25.102 		42.241 		9.52
v -25.275 		53.714 		9.5
v -25.468 		53.907 		9.5
v -26.835 		42.241 		9.52
v -26.468 		41.875 		9.52
v -43 		51.67 		9.5
v -43 		52.114 		9.5
v -41.518 		38.581 		9.5
v -42.018 		38.447 		9.5
v -26.835 		42.241 		9.5
v -42.384 		38.081 		9.5
v -41.518 		52.041 		9.52
v -26.468 		41.875 		9.5
v -29.8 		53.714 		9.5
v -29.8 		54.142 		9.5
v -41.7904 		52.114 		9.5
v -41.518 		52.041 		9.5
v -40.652 		38.081 		9.5
v -41.2456 		52.114 		9.5
v -25.968 		41.741 		9.5
v -41.018 		38.447 		9.5
v -25.468 		41.875 		9.5
v -37.2 		51.67 		9.5
v -37.1151 		51.67 		9.5
v -37.1151 		52.114 		9.5
v -37.2 		52.114 		9.5
v -25.102 		42.241 		9.5
v -41.518 		39.161 		9.52
v -41.018 		39.295 		9.52
v -40.652 		39.661 		9.52
v -41.278 		39.943 		9.52
v -41.778 		39.943 		9.52
v -42.384 		39.661 		9.52
v -42.018 		39.295 		9.52
v -42.384 		39.661 		9.5
v -42.018 		39.295 		9.5
v -36.99 		60.766 		9.52
v -41.518 		39.161 		9.5
v -41.018 		39.295 		9.5
v -24.5 		53.475 		9.5
v -28.907 		53.31 		9.6
v -28.907 		53.31 		9.5
v -40.652 		39.661 		9.5
v -27.103 		53.31 		9.5
v -27.103 		53.31 		9.6
v -36.993 		59.9 		9.52
v -36.993 		61.632 		9.52
v -36.627 		60.266 		9.52
v -26.8526 		53.475 		9.5
v -36.493 		60.766 		9.52
v -36.627 		61.266 		9.52
v -43 		52.783 		9.5
v -25.0843 		53.475 		9.5
v -40.377 		52.701 		9.5
v -40.377 		52.701 		9.6
v -40.377 		52.783 		9.5
v -38.573 		52.701 		9.6
v -38.573 		52.701 		9.5
v -38.573 		52.783 		9.5
v -29.8 		53.475 		9.5
v -42.384 		52.541 		9.52
v -40.652 		52.541 		9.52
v -42.4489 		52.783 		9.5
v -42.384 		52.541 		9.5
v -42.197 		52.354 		9.5
v -40.839 		52.354 		9.5
v -40.652 		52.541 		9.5
v -40.5871 		52.783 		9.5
v -36.597 		36.724 		9.9
v -36.897 		36.724 		9.9
v -37.2 		52.354 		9.5
v -37.1151 		52.354 		9.5
v -36.597 		37.724 		9.9
v -37.1151 		52.783 		9.5
v -37.2 		52.783 		9.5
v -36.897 		37.724 		9.9
v -36.597 		38.824 		9.9
v -28.907 		39.661 		9.5
v -36.897 		38.824 		9.9
v -28.907 		39.661 		9.6
v -36.597 		39.824 		9.9
v -27.103 		39.661 		9.6
v -27.103 		39.661 		9.5
v -36.897 		39.824 		9.9
v -27.209 		39.267 		9.6
v -27.818 		39.267 		9.6
v -31.717 		41.914 		9.5
v -31.717 		41.914 		9.9
v -31.417 		41.914 		9.9
v -31.417 		41.914 		9.5
v -26.835 		53.541 		9.5
v -27.818 		39.267 		9.5
v -31.407 		41.914 		9.5
v -31.407 		41.914 		9.9
v -41.778 		39.943 		6.1
v -27.209 		39.267 		9.5
v -41.278 		39.943 		6.1
v -31.417 		40.914 		9.5
v -31.417 		40.914 		9.9
v -31.717 		40.914 		9.9
v -31.717 		40.914 		9.5
v -25.102 		53.541 		9.5
v -41.278 		37.863 		6.1
v -41.778 		37.863 		6.1
v -31.407 		40.914 		9.9
v -31.407 		40.914 		9.5
v -26.835 		53.541 		9.52
v -25.102 		53.541 		9.52
v -41.778 		37.863 		11
v -41.278 		37.863 		11
v -41.778 		52.793 		6.1
v -41.278 		52.793 		6.1
v -41.278 		37.863 		0
v -41.778 		37.863 		0
v -26.835 		38.081 		9.52
v -26.228 		37.863 		9.52
v -25.102 		38.081 		9.52
v -25.468 		38.447 		9.52
v -25.968 		38.581 		9.52
v -26.468 		38.447 		9.52
v -40.377 		37.051 		9.5
v -31.407 		39.814 		9.5
v -40.377 		37.051 		9.6
v -31.407 		39.814 		9.9
v -25.968 		38.581 		9.5
v -26.468 		38.447 		9.5
v -31.717 		39.814 		9.5
v -31.717 		39.814 		9.9
v -38.573 		37.051 		9.6
v -31.417 		39.814 		9.9
v -38.573 		37.051 		9.5
v -31.417 		39.814 		9.5
v -26.835 		38.081 		9.5
v -31.407 		38.814 		9.9
v -31.407 		38.814 		9.5
v -26.893 		37.863 		9.5
v -36.012 		44.879 		10.9
v -25.102 		38.081 		9.5
v -36.012 		44.879 		9.6
v -31.417 		38.814 		9.5
v -31.417 		38.814 		9.9
v -31.717 		38.814 		9.9
v -31.717 		38.814 		9.5
v -25.468 		38.447 		9.5
v -42.4515 		52.793 		9.5
v -40.5845 		52.793 		9.5
v -25.968 		39.161 		9.52
v -25.468 		39.295 		9.52
v -25.102 		39.661 		9.52
v -31.717 		37.714 		9.5
v -31.717 		37.714 		9.9
v -31.417 		37.714 		9.9
v -26.835 		39.661 		9.52
v -26.468 		39.295 		9.52
v -31.417 		37.714 		9.5
v -26.835 		39.661 		9.5
v -40.774 		31.375 		11
v -31.407 		37.714 		9.5
v -40.774 		31.375 		9.5
v -24.5 		52.792 		9.5
v -31.407 		37.714 		9.9
v -24.5 		52.351 		9.5
v -40.774 		34.375 		9.5
v -40.774 		34.375 		11
v -26.468 		39.295 		9.5
v -28.907 		52.701 		9.5
v -28.907 		52.701 		9.6
v -28.907 		52.792 		9.5
v -31.417 		36.714 		9.5
v -27.103 		52.701 		9.6
v -31.417 		36.714 		9.9
v -25.968 		39.161 		9.5
v -31.717 		36.714 		9.9
v -27.103 		52.701 		9.5
v -31.717 		36.714 		9.5
v -31.407 		36.714 		9.9
v -40.972 		31.375 		9.5
v -41.278 		52.793 		9.52
v -31.407 		36.714 		9.5
v -41.778 		52.793 		9.52
v -25.468 		39.295 		9.5
v -40.972 		34.375 		9.5
v -25.102 		39.661 		9.5
v -40.652 		37.081 		9.52
v -26.835 		52.541 		9.52
v -25.102 		52.541 		9.52
v -40.972 		36.761 		9.5
v -40.652 		37.081 		9.5
v -26.9018 		52.792 		9.5
v -26.835 		52.541 		9.5
v -31.295 		57.72 		9.6
v -31.295 		57.22 		9.6
v -26.6445 		52.351 		9.5
v -25.292 		52.351 		9.5
v -25.102 		52.541 		9.5
v -25.0347 		52.792 		9.5
v -29.8 		52.351 		9.5
v -29.8 		52.792 		9.5
v -31.929 		56.966 		9.52
v -31.77 		56.759 		9.52
v -31.77 		58.173 		9.52
v -31.929 		57.966 		9.52
v -32.029 		57.725 		9.52
v -32.063 		57.466 		9.52
v -32.029 		57.207 		9.52
v -40.972 		26 		9.5
v -31.063 		56.966 		9.52
v -40.972 		29.349 		9.5
v -40.972 		29.049 		9.5
v -40.972 		28.999 		9.5
v -31.192 		56.983 		9.52
v -40.972 		27.799 		9.5
v -40.972 		27.499 		9.5
v -31.313 		57.033 		9.52
v -42.018 		52.175 		9.5
v -41.018 		52.175 		9.5
v -31.416 		57.112 		9.52
v -31.496 		57.216 		9.52
v -42.018 		52.175 		9.52
v -41.018 		52.175 		9.52
v -40.268 		36.368 		8.5
v -31.063 		56.466 		9.52
v -40.268 		36.368 		6.1
v -31.563 		56.6 		9.52
v -31.322 		56.5 		9.52
v -31.546 		57.336 		9.52
v -31.563 		57.466 		9.52
v -31.546 		57.595 		9.52
v -31.496 		57.716 		9.52
v -31.416 		57.819 		9.52
v -40.972 		27.799 		9.9
v -40.972 		28.999 		9.9
v -31.313 		57.899 		9.52
v -26.228 		37.863 		6.1
v -40.972 		29.049 		9.9
v -40.972 		29.349 		9.9
v -31.192 		57.949 		9.52
v -40.972 		27.499 		9.9
v -43 		26 		8.5
v -43 		26 		9.5
v -26.228 		37.863 		11
v -31.063 		57.966 		9.52
v -42.274 		31.375 		9.5
v -42.274 		31.375 		11
v -42.274 		34.375 		11
v -42.274 		34.375 		9.5
v -26.228 		37.863 		0
v -41.518 		51.481 		9.5
v -24.5 		26 		9.5
v -24.5 		26 		8.5
v -41.972 		31.375 		9.5
v -25.468 		36.715 		9.52
v -25.102 		37.081 		9.52
v -41.972 		34.375 		9.5
v -31.563 		58.332 		9.52
v -42.384 		37.081 		9.52
v -42.018 		36.715 		9.52
v -25.772 		36.6335 		9.5
v -25.468 		36.715 		9.5
v -42.384 		37.081 		9.5
v -41.518 		51.481 		9.52
v -25.102 		37.081 		9.5
v -42.018 		36.715 		9.5
v -41.972 		36.7027 		9.5
v -31.322 		58.432 		9.52
v -31.063 		58.466 		9.52
v -31.702 		58.2252 		9.5
v -31.77 		58.173 		9.5
v -25.772 		26 		9.5
v -41.778 		52.793 		0
v -25.772 		34.009 		9.5
v -41.278 		52.793 		0
v -31.929 		57.966 		9.5
v -25.772 		33.709 		9.5
v -25.772 		33.699 		9.5
v -41.972 		26 		9.5
v -25.772 		32.499 		9.5
v -41.972 		27.499 		9.5
v -25.772 		32.199 		9.5
v -41.972 		27.799 		9.5
v -25.772 		29.309 		9.5
v -41.972 		28.999 		9.5
v -25.772 		29.009 		9.5
v -32.029 		57.725 		9.5
v -41.972 		29.049 		9.5
v -25.772 		28.999 		9.5
v -41.278 		52.793 		11
v -41.778 		52.793 		11
v -25.772 		27.799 		9.5
v -25.772 		27.789 		9.5
v -41.972 		29.349 		9.5
v -25.772 		27.489 		9.5
v -32.029 		57.207 		9.5
v -25.968 		52.041 		9.52
v -31.929 		56.966 		9.5
v -26.2329 		52.112 		9.5
v -25.968 		52.041 		9.5
v -31.77 		56.759 		9.5
v -25.7031 		52.112 		9.5
v -24.718 		36.368 		8.5
v -24.718 		36.368 		6.1
v -31.295 		57.22 		9.5
v -42.788 		36.368 		6.1
v -29.8 		52.112 		9.5
v -42.788 		36.368 		8.5
v -31.063 		56.966 		9.5
v -31.192 		56.983 		9.5
v -31.295 		57.0256 		9.5
v -31.313 		57.033 		9.5
v -25.772 		32.199 		9.9
v -25.772 		32.499 		9.9
v -41.972 		27.799 		9.9
v -31.416 		57.112 		9.5
v -25.772 		33.709 		9.9
v -41.972 		28.999 		9.9
v -25.772 		34.009 		9.9
v -31.496 		57.216 		9.5
v -31.1905 		56.4827 		9.5
v -41.972 		29.049 		9.9
v -41.972 		29.349 		9.9
v -31.063 		56.466 		9.5
v -25.772 		33.699 		9.9
v -41.972 		27.499 		9.9
v -25.772 		29.009 		9.9
v -25.772 		29.309 		9.9
v -25.772 		27.799 		9.9
v -25.772 		28.999 		9.9
v -31.563 		56.6 		9.5
v -25.772 		27.489 		9.9
v -25.772 		27.789 		9.9
v -31.322 		56.5 		9.5
v -27.818 		36.214 		9.5
v -27.818 		36.214 		9.6
v -31.295 		56.4965 		9.5
v -27.209 		36.214 		9.6
v -27.209 		36.214 		9.5
v -31.295 		57.72 		9.5
v -31.546 		57.336 		9.5
v -41.778 		37.363 		6.1
v -31.563 		57.466 		9.5
v -41.278 		37.363 		6.1
v -26.835 		37.081 		9.52
v -31.546 		57.595 		9.5
v -26.91 		37.363 		9.5
v -26.835 		37.081 		9.5
v -31.496 		57.716 		9.5
v -26.468 		52.175 		9.5
v -26.772 		37.0182 		9.5
v -31.416 		57.819 		9.5
v -31.313 		57.899 		9.5
v -25.468 		52.175 		9.5
v -31.295 		57.9064 		9.5
v -31.192 		57.949 		9.5
v -43 		48.284 		9.5
v -26.468 		52.175 		9.52
v -25.468 		52.175 		9.52
v -42.384 		48.421 		9.52
v -31.063 		57.966 		9.5
v -40.652 		48.421 		9.52
v -41.518 		36.581 		9.5
v -26.772 		26 		9.5
v -26.772 		27.489 		9.5
v -26.772 		27.789 		9.5
v -26.772 		27.799 		9.5
v -26.772 		28.999 		9.5
v -26.772 		29.009 		9.5
v -26.772 		29.309 		9.5
v -26.772 		32.199 		9.5
v -26.772 		32.499 		9.5
v -26.772 		33.699 		9.5
v -26.772 		33.709 		9.5
v -42.384 		48.421 		9.5
v -26.772 		34.009 		9.5
v -31.6647 		58.2539 		9.5
v -31.563 		58.332 		9.5
v -31.5534 		58.336 		9.5
v -40.652 		48.421 		9.5
v -41.018 		36.715 		9.5
v -27.238 		36.368 		6.1
v -27.238 		36.368 		8.5
v -31.322 		58.432 		9.5
v -31.295 		58.4355 		9.5
v -24.5 		51.443 		9.5
v -26.468 		51.347 		9.52
v -25.468 		51.347 		9.52
v -26.468 		51.347 		9.5
v -25.468 		51.347 		9.5
v -41.518 		36.581 		9.52
v -41.018 		36.715 		9.52
v -41.278 		37.363 		9.52
v -41.778 		37.363 		9.52
v -26.772 		32.199 		9.9
v -26.772 		32.499 		9.9
v -26.772 		33.709 		9.9
v -26.772 		34.009 		9.9
v -26.772 		33.699 		9.9
v -26.772 		29.009 		9.9
v -36.012 		45.397 		10.0159
v -26.772 		29.309 		9.9
v -36.012 		45.397 		9.9809
v -26.772 		27.799 		9.9
v -26.772 		28.999 		9.9
v -36.012 		45.637 		10.0159
v -36.012 		45.637 		9.9809
v -26.772 		27.489 		9.9
v -26.772 		27.789 		9.9
v -41.778 		37.363 		11
v -41.278 		37.363 		11
v -41.778 		37.363 		0
v -41.278 		37.363 		0
v -36.012 		46.065 		10.0159
v -36.012 		46.065 		9.9809
v -36.012 		46.304 		10.0159
v -36.012 		46.304 		9.9809
v -35.3408 		26.599 		10.3
v -31.5422 		26.599 		10.3
v -35.3408 		34.799 		10.3
v -31.5422 		34.799 		10.3
v -36.012 		46.709 		10.0159
v -36.012 		46.709 		9.9809
v -36.012 		46.948 		10.0159
v -36.012 		46.948 		9.9809
v -42.518 		37.581 		9.52
v -26.228 		37.363 		6.1
v -36.012 		47.376 		10.0159
v -42.518 		37.581 		9.5
v -36.012 		47.376 		9.9809
v -36.012 		48.044 		10.0159
v -36.012 		48.044 		9.9809
v -36.012 		48.284 		10.0159
v -36.012 		48.284 		9.9809
v -33.299 		48.28 		10.9
v -33.299 		48.28 		10.95
v -33.299 		51.481 		10.95
v -33.299 		51.481 		10.9
v -32.332 		51.481 		10.9
v -32.332 		51.481 		10.95
v -32.332 		48.28 		10.95
v -32.332 		48.28 		10.9
v -36.012 		47.615 		10.0159
v -36.012 		47.615 		9.9809
v -40.377 		37.66 		9.6
v -40.377 		37.66 		9.5
v -38.573 		37.66 		9.5
v -36.012 		49.41 		10.0159
v -38.573 		37.66 		9.6
v -36.012 		49.41 		9.9809
v -29.897 		41.914 		9.9
v -36.012 		49.649 		10.0159
v -36.012 		49.649 		9.9809
v -25.968 		36.581 		9.5
v -29.897 		40.914 		9.9
v -36.012 		50.745 		10.0159
v -26.468 		36.715 		9.5
v -34.626 		46.935 		10.9
v -34.626 		46.935 		10.95
v -34.626 		52.811 		10.95
v -34.626 		52.811 		10.9
v -29.897 		39.814 		9.9
v -36.012 		50.985 		10.0159
v -29.897 		38.814 		9.9
v -40.518 		37.581 		9.52
v -40.518 		37.581 		9.5
v -29.897 		37.714 		9.9
v -29.897 		36.714 		9.9
v -25.968 		36.581 		9.52
v -26.228 		37.363 		9.52
v -33.66 		52.811 		10.9
v -33.66 		52.811 		10.95
v -33.66 		46.935 		10.95
v -33.66 		46.935 		10.9
v -26.468 		36.715 		9.52
v -30.111 		59.094 		9.6
v -30.111 		59.704 		9.6
v -31.012 		54.879 		10.9
v -41.278 		39.943 		11
v -41.778 		39.943 		11
v -31.012 		44.879 		10.9
v -41.778 		39.943 		0
v -41.278 		39.943 		0
v -42.518 		40.161 		9.52
v -42.518 		40.161 		9.5
v -26.228 		37.363 		11
v -40.377 		40.27 		9.6
v -40.377 		40.27 		9.5
v -30.064 		60.331 		9.52
v -26.228 		37.363 		0
v -38.573 		40.27 		9.5
v -38.573 		40.27 		9.6
v -30.248 		60.515 		9.52
v -30.315 		60.766 		9.52
v -30.248 		61.017 		9.52
v -30.064 		61.201 		9.52
v -40.518 		40.161 		9.52
v -40.518 		40.161 		9.5
v -30.313 		59.9 		9.52
v -33.826 		59.72 		9.6
v -33.826 		59.111 		9.6
v -30.679 		61.266 		9.52
v -30.813 		60.766 		9.52
v -30.679 		60.266 		9.52
v -26.968 		37.581 		9.52
v -30.313 		61.632 		9.52
v -26.968 		37.581 		9.5
v -32.658 		59.091 		9.6
v -32.658 		59.7 		9.6
v -31.466 		59.7 		9.6
v -31.466 		59.091 		9.6
v -41.778 		42.503 		11
v -41.778 		42.503 		0
v -42.518 		42.741 		9.52
v -42.518 		42.741 		9.5
v -24.968 		37.581 		9.52
v -24.968 		37.581 		9.5
v -33.239 		61.266 		9.52
v -33.373 		60.766 		9.52
v -33.239 		60.266 		9.52
v -32.873 		61.632 		9.52
# 2507 vertices

g group_0_2829873

usemtl color_2829873
s 0

f 146 	12 	14
f 78 	1 	147
f 147 	89 	87
f 86 	87 	89
f 89 	90 	86
f 90 	146 	86
f 147 	100 	97
f 95 	97 	100
f 100 	101 	95
f 101 	146 	95
f 107 	147 	111
f 105 	107 	111
f 111 	113 	105
f 146 	105 	113
f 95 	146 	113
f 97 	111 	147
f 86 	146 	101
f 87 	100 	147
f 147 	135 	134
f 133 	134 	135
f 135 	136 	133
f 136 	146 	133
f 105 	146 	136
f 107 	135 	147
f 148 	149 	147
f 146 	147 	149
f 133 	146 	149
f 134 	148 	147
f 161 	2212 	160
f 164 	146 	90
f 173 	2126 	172
f 181 	2436 	2128
f 189 	190 	793
f 53 	200 	2290
f 223 	110 	222
f 229 	819 	1188
f 809 	2212 	207
f 485 	1493 	843
f 1190 	1191 	2181
f 444 	445 	667
f 1194 	1195 	819
f 820 	1194 	819
f 630 	632 	2058
f 485 	762 	484
f 632 	641 	2058
f 632 	630 	642
f 632 	642 	641
f 1530 	676 	677
f 677 	676 	699
f 677 	699 	698
f 205 	729 	730
f 752 	753 	754
f 754 	755 	752
f 655 	1548 	2368
f 190 	791 	793
f 190 	205 	791
f 730 	791 	205
f 762 	655 	1501
f 810 	2292 	542
f 730 	729 	793
f 730 	793 	791
f 762 	485 	843
f 845 	444 	949
f 917 	942 	445
f 484 	762 	1501
f 2368 	1501 	655
f 957 	960 	942
f 949 	942 	960
f 943 	942 	949
f 943 	949 	948
f 810 	542 	809
f 993 	994 	992
f 993 	942 	994
f 994 	995 	992
f 949 	992 	995
f 123 	1493 	485
f 843 	1493 	659
f 2181 	1584 	1190
f 241 	125 	1501
f 1188 	819 	1195
f 820 	109 	1194
f 1188 	1195 	1190
f 1187 	110 	1188
f 542 	547 	809
f 2290 	1546 	659
f 1225 	1226 	1222
f 1227 	1222 	1226
f 222 	110 	1187
f 949 	995 	1236
f 109 	1188 	110
f 949 	960 	992
f 1297 	1173 	1501
f 957 	942 	993
f 667 	942 	547
f 445 	942 	667
f 547 	2212 	809
f 1388 	1401 	1382
f 1382 	1384 	1388
f 1388 	1384 	1387
f 1391 	1177 	1393
f 1390 	1391 	1393
f 1393 	1394 	1390
f 1250 	1255 	1401
f 228 	229 	109
f 1250 	1401 	1565
f 1421 	1422 	1410
f 1401 	1410 	1422
f 1410 	1401 	1255
f 1255 	1250 	1183
f 1565 	1183 	1250
f 1563 	1565 	1401
f 1427 	1428 	1425
f 1428 	1430 	1425
f 1430 	1187 	1425
f 1188 	109 	229
f 222 	1187 	1430
f 1548 	409 	2368
f 1422 	1382 	1401
f 1425 	1187 	1394
f 1384 	1421 	1410
f 1548 	659 	1546
f 110 	1427 	1393
f 727 	1563 	1388
f 1401 	1388 	1563
f 1585 	737 	1390
f 1390 	1394 	1585
f 2100 	949 	1057
f 203 	2292 	810
f 1183 	1410 	1255
f 1387 	1384 	1410
f 736 	1177 	1391
f 1506 	1507 	1493
f 1501 	1493 	1507
f 1495 	1493 	1501
f 1495 	1501 	1500
f 409 	320 	2368
f 753 	1222 	754
f 1227 	754 	1222
f 1057 	949 	1236
f 1565 	1563 	1185
f 1057 	1236 	1162
f 659 	1548 	655
f 1188 	1190 	1584
f 207 	2212 	161
f 203 	207 	161
f 161 	1757 	203
f 1757 	2292 	203
f 2368 	2369 	1501
f 1761 	1493 	1383
f 1760 	1761 	1383
f 1383 	1352 	1760
f 1501 	1760 	1352
f 1352 	1297 	1501
f 942 	1162 	1240
f 1240 	994 	942
f 1236 	1240 	1162
f 237 	381 	2290
f 1546 	2290 	415
f 1565 	1185 	1183
f 1585 	1584 	1177
f 1177 	1584 	1179
f 1760 	1501 	1507
f 1506 	1493 	1761
f 415 	2290 	381
f 409 	415 	381
f 381 	320 	409
f 320 	233 	2368
f 233 	112 	2368
f 949 	2100 	845
f 2212 	1939 	160
f 1936 	160 	1939
f 1939 	1940 	1936
f 2292 	1936 	1940
f 1500 	1501 	2369
f 1301 	1383 	1493
f 1297 	1301 	1173
f 1750 	2464 	1764
f 1750 	1764 	1762
f 1784 	1768 	1785
f 1768 	1767 	1785
f 1767 	1750 	1785
f 1779 	1777 	1800
f 1800 	1799 	1779
f 1799 	1750 	1779
f 1784 	2464 	1768
f 1779 	1750 	1767
f 1784 	1764 	2464
f 1785 	1750 	1762
f 1810 	1809 	1821
f 1821 	1820 	1810
f 1820 	1828 	1750
f 1799 	1810 	1750
f 1777 	2464 	1800
f 1800 	2464 	1809
f 1810 	1820 	1750
f 1428 	1427 	110
f 223 	1428 	110
f 228 	109 	820
f 1828 	1827 	1840
f 1840 	1839 	1828
f 1839 	1852 	1750
f 1821 	2464 	1827
f 1828 	1839 	1750
f 1852 	1851 	1862
f 1862 	1861 	1852
f 1861 	1894 	1750
f 1840 	2464 	1851
f 1852 	1861 	1750
f 1894 	1893 	1868
f 1868 	1867 	1894
f 1867 	1873 	1750
f 1872 	1868 	2464
f 1873 	1872 	1880
f 1880 	1879 	1873
f 1755 	1873 	1879
f 1868 	1893 	2464
f 1755 	1750 	1873
f 1880 	1872 	2467
f 1884 	1883 	1899
f 1899 	1898 	1884
f 1755 	1884 	1898
f 2464 	2467 	1872
f 1755 	1879 	1884
f 1862 	2464 	1893
f 1894 	1867 	1750
f 1905 	1904 	1907
f 1907 	1906 	1905
f 1755 	1905 	1906
f 1899 	1883 	2467
f 1904 	1899 	2467
f 1755 	1898 	1905
f 1955 	1954 	1911
f 1911 	1909 	1955
f 1755 	1955 	1909
f 1916 	1915 	1923
f 1923 	1920 	1916
f 1755 	1916 	1920
f 1755 	1909 	1916
f 2290 	200 	237
f 233 	237 	200
f 200 	112 	233
f 112 	50 	2368
f 630 	2058 	1516
f 1943 	1927 	1945
f 1927 	1925 	1945
f 1755 	1945 	1925
f 1929 	1934 	1930
f 1934 	1933 	1930
f 1755 	1930 	1933
f 1525 	2062 	641
f 642 	1525 	641
f 1923 	2467 	1943
f 2058 	641 	2062
f 1755 	1925 	1930
f 2467 	1755 	1937
f 1938 	1937 	1755
f 677 	2066 	1530
f 1270 	1301 	1493
f 1173 	1301 	1270
f 1755 	1933 	1938
f 698 	699 	2070
f 1545 	2070 	699
f 1755 	1920 	1945
f 2070 	2066 	698
f 677 	698 	2066
f 1755 	1906 	1955
f 729 	205 	1547
f 2086 	2092 	2084
f 2092 	2093 	2084
f 943 	2210 	942
f 1188 	1584 	1187
f 1162 	942 	2101
f 2101 	942 	917
f 1585 	1394 	1187
f 1173 	241 	1501
f 2444 	2447 	2126
f 2181 	1191 	2180
f 743 	1584 	2181
f 2101 	845 	2100
f 1563 	727 	1185
f 728 	1185 	727
f 736 	737 	1177
f 2290 	659 	1493
f 1270 	1493 	246
f 744 	1179 	743
f 1584 	743 	1179
f 2220 	2201 	2199
f 2220 	2199 	2221
f 53 	2290 	41
f 50 	53 	41
f 41 	2223 	50
f 2368 	50 	2223
f 845 	2101 	917
f 2269 	2301 	2304
f 2269 	2304 	2271
f 2212 	547 	942
f 2300 	2266 	2264
f 2300 	2264 	2311
f 246 	1493 	123
f 2301 	2220 	2221
f 2301 	2221 	2304
f 147 	1755 	2128
f 2330 	2212 	2328
f 2292 	2328 	2212
f 2210 	2294 	2212
f 2292 	2212 	2294
f 2221 	2199 	2271
f 2221 	2271 	2304
f 1755 	147 	1750
f 2369 	2368 	2289
f 2212 	942 	2210
f 667 	604 	444
f 2358 	2382 	2385
f 2358 	2385 	2359
f 949 	444 	604
f 604 	542 	949
f 125 	484 	1501
f 2382 	2300 	2311
f 2382 	2311 	2385
f 2404 	2407 	2405
f 2404 	2406 	2407
f 2290 	1493 	1495
f 2289 	2290 	1495
f 42 	2290 	2413
f 2368 	2413 	2290
f 241 	246 	123
f 123 	125 	241
f 2290 	2289 	2368
f 147 	2464 	1750
f 2467 	2126 	1755
f 949 	2292 	948
f 2093 	2328 	2292
f 2424 	2425 	2457
f 2421 	2424 	2457
f 2457 	2460 	2421
f 2467 	2464 	2428
f 2464 	2457 	2425
f 2421 	2460 	2428
f 2467 	2428 	2460
f 146 	2464 	147
f 2128 	1755 	2126
f 2464 	146 	2457
f 2447 	2457 	146
f 2467 	2460 	2126
f 146 	2126 	2447
f 1187 	1584 	1585
f 1410 	1185 	1387
f 2086 	2212 	2092
f 2330 	2092 	2212
f 2444 	2126 	2460
f 2425 	2428 	2464
f 2311 	2264 	2359
f 2311 	2359 	2385
f 1929 	2467 	1934
f 1937 	1934 	2467
f 1927 	1943 	2467
f 1929 	1927 	2467
f 1911 	2467 	1915
f 1923 	1915 	2467
f 1907 	2467 	1954
f 1911 	1954 	2467
f 1907 	1904 	2467
f 1862 	1851 	2464
f 1840 	1827 	2464
f 1821 	1809 	2464
f 1777 	1768 	2464
f 1883 	1880 	2467
f 1410 	1183 	1185
f 728 	1387 	1185
f 110 	1393 	1177
f 2292 	1940 	2084
f 2084 	2093 	2292
f 1585 	1177 	737
f 2407 	2406 	1226
f 1227 	1226 	2406
f 1227 	2406 	755
f 1227 	755 	754
f 2404 	2405 	752
f 753 	752 	2405
f 753 	2405 	1225
f 753 	1225 	1222
f 1226 	1225 	2407
f 2405 	2407 	1225
f 2406 	2404 	752
f 2406 	752 	755
f 2389 	2128 	2387
f 2128 	2126 	2387
f 2401 	2403 	2128
f 2400 	2401 	2393
f 2393 	2392 	2400
f 2126 	2400 	2392
f 109 	110 	1179
f 2126 	2392 	2387
f 744 	2180 	1179
f 2393 	2401 	2128
f 2389 	2393 	2128
f 2409 	2403 	2408
f 2411 	2416 	2128
f 2403 	2402 	2408
f 2126 	2408 	2402
f 2126 	2402 	2400
f 2403 	2409 	2128
f 2416 	2411 	2414
f 2411 	2410 	2414
f 2126 	2414 	2410
f 2126 	2410 	2408
f 2086 	1939 	2212
f 2416 	2430 	2128
f 2409 	2411 	2128
f 1179 	1191 	109
f 2418 	2430 	2417
f 2430 	2429 	2417
f 2126 	2417 	2429
f 180 	181 	2128
f 173 	180 	2420
f 2420 	2419 	173
f 2419 	2126 	173
f 2417 	2126 	2419
f 146 	14 	2126
f 2420 	180 	2128
f 2126 	2429 	2414
f 2418 	2420 	2128
f 2430 	2418 	2128
f 2413 	2368 	2223
f 2439 	77 	2128
f 2436 	2439 	2128
f 2434 	2436 	181
f 181 	172 	2434
f 172 	2126 	2434
f 1177 	1179 	110
f 77 	78 	147
f 14 	77 	2439
f 2439 	2438 	14
f 2438 	2126 	14
f 2294 	948 	2292
f 1194 	109 	1191
f 2180 	1191 	1179
f 2434 	2126 	2438
f 949 	542 	2292
f 1936 	2292 	1757
f 147 	2128 	77
f 2 	166 	147
f 1 	2 	147
f 2442 	1 	78
f 78 	12 	2442
f 146 	2442 	12
f 166 	89 	147
f 164 	166 	2
f 2 	2449 	164
f 2449 	146 	164
f 146 	2449 	2442
f 42 	41 	2290
# 452 faces

g group_0_6383466

usemtl color_6383466
s 0

f 8 	9 	10
f 8 	10 	11
f 61 	60 	59
f 61 	59 	58
f 72 	74 	69
f 81 	82 	84
f 81 	84 	85
f 69 	74 	68
f 70 	1734 	98
f 84 	99 	85
f 82 	81 	102
f 211 	214 	215
f 211 	215 	216
f 215 	1741 	216
f 268 	267 	276
f 410 	8 	395
f 395 	8 	11
f 9 	8 	431
f 410 	431 	8
f 11 	10 	396
f 11 	396 	395
f 431 	410 	395
f 395 	396 	431
f 1559 	476 	477
f 477 	451 	304
f 477 	304 	1559
f 476 	309 	456
f 486 	488 	490
f 486 	490 	491
f 476 	456 	451
f 476 	451 	477
f 494 	460 	469
f 494 	469 	495
f 522 	505 	427
f 1794 	433 	528
f 512 	528 	433
f 522 	1794 	528
f 528 	512 	505
f 528 	505 	522
f 532 	497 	506
f 532 	506 	541
f 557 	559 	561
f 557 	561 	562
f 562 	561 	1578
f 757 	746 	625
f 750 	761 	628
f 764 	775 	763
f 761 	750 	746
f 761 	746 	757
f 773 	774 	775
f 773 	775 	764
f 774 	773 	780
f 781 	768 	681
f 1280 	997 	785
f 772 	785 	686
f 781 	1280 	785
f 785 	772 	768
f 785 	768 	781
f 790 	763 	775
f 773 	827 	780
f 792 	780 	826
f 827 	764 	813
f 814 	813 	763
f 764 	763 	813
f 813 	814 	827
f 826 	827 	814
f 827 	773 	764
f 826 	780 	827
f 855 	859 	860
f 862 	863 	864
f 863 	862 	859
f 863 	859 	855
f 880 	882 	883
f 887 	888 	892
f 888 	887 	882
f 888 	882 	880
f 494 	855 	860
f 494 	860 	460
f 863 	495 	864
f 469 	864 	495
f 494 	495 	863
f 494 	863 	855
f 532 	880 	883
f 532 	883 	497
f 888 	541 	892
f 506 	892 	541
f 888 	880 	541
f 532 	541 	880
f 681 	991 	781
f 1272 	781 	991
f 686 	785 	997
f 1272 	1280 	781
f 1158 	1159 	1160
f 1158 	1160 	1161
f 1159 	1158 	1170
f 1160 	1174 	1161
f 1009 	1005 	1178
f 1694 	1178 	1005
f 1010 	1015 	1182
f 1694 	1182 	1178
f 1182 	1015 	1009
f 1182 	1009 	1178
f 1193 	1038 	1376
f 1192 	1031 	1038
f 1192 	1038 	1193
f 2034 	2159 	1105
f 2030 	2159 	2034
f 1232 	1272 	991
f 1280 	1243 	997
f 1272 	1232 	1243
f 1272 	1243 	1280
f 625 	1302 	757
f 1432 	757 	1302
f 1308 	628 	761
f 1432 	1435 	757
f 1318 	1319 	1697
f 1914 	1551 	1913
f 1319 	1318 	1328
f 557 	1328 	559
f 1182 	1709 	1010
f 1711 	1010 	1709
f 1182 	1694 	1709
f 1368 	1031 	1396
f 1192 	1396 	1031
f 1376 	1399 	1193
f 1399 	1376 	1368
f 1399 	1368 	1396
f 1192 	1193 	1399
f 1192 	1399 	1396
f 1392 	1432 	1302
f 1435 	1398 	1308
f 1435 	1308 	761
f 761 	757 	1435
f 1432 	1392 	1398
f 1432 	1398 	1435
f 1448 	1449 	1073
f 1450 	1451 	1079
f 1451 	1450 	1449
f 1451 	1449 	1448
f 1551 	1552 	1913
f 1549 	1913 	1552
f 1552 	1551 	1550
f 1552 	1550 	1549
f 1559 	1561 	476
f 1559 	304 	1567
f 1561 	1571 	309
f 1561 	309 	476
f 1559 	1567 	1571
f 1559 	1571 	1561
f 1797 	1622 	1624
f 1616 	1615 	1624
f 1616 	1624 	1622
f 1622 	1797 	1616
f 1692 	1694 	1005
f 1318 	1697 	1699
f 1699 	1697 	1578
f 1694 	1692 	1711
f 1694 	1711 	1709
f 1733 	1734 	1735
f 1733 	1735 	1737
f 1734 	70 	73
f 1734 	73 	1735
f 1737 	1735 	83
f 73 	83 	1735
f 1733 	98 	1734
f 1769 	1770 	68
f 74 	1773 	1774
f 1773 	72 	1770
f 1770 	1769 	1774
f 1770 	1774 	1773
f 522 	427 	1789
f 1787 	1789 	427
f 1792 	1615 	1790
f 1616 	1790 	1615
f 1624 	1795 	1797
f 1794 	1798 	433
f 1797 	1795 	1792
f 1797 	1792 	1790
f 1789 	1794 	522
f 1790 	1616 	1797
f 1789 	1787 	1798
f 1789 	1798 	1794
f 1549 	1550 	1912
f 1910 	1912 	1550
f 1912 	1913 	1549
f 1912 	1910 	1914
f 1912 	1914 	1913
f 267 	268 	1949
f 1948 	1949 	268
f 1948 	1743 	1949
f 2473 	1953 	1957
f 1958 	1953 	1952
f 1953 	1958 	1957
f 1464 	1975 	1978
f 1464 	1978 	1465
f 1975 	1464 	99
f 1465 	1978 	102
f 1975 	84 	1978
f 82 	1978 	84
f 1975 	99 	84
f 82 	102 	1978
f 2030 	2031 	1092
f 1105 	2033 	2034
f 2034 	2033 	2031
f 2034 	2031 	2030
f 2043 	2044 	2045
f 2046 	2047 	2048
f 2044 	2043 	2047
f 2044 	2047 	2046
f 58 	59 	2069
f 2067 	2069 	59
f 60 	61 	2072
f 2071 	2072 	61
f 58 	2069 	61
f 2071 	61 	2069
f 1699 	561 	1318
f 559 	1318 	561
f 2074 	2085 	2081
f 2074 	2081 	2075
f 1318 	559 	1328
f 561 	1699 	1578
f 2071 	2069 	2072
f 2067 	2072 	2069
f 2118 	2112 	2110
f 2118 	2110 	2120
f 1073 	2045 	2044
f 2048 	1079 	2046
f 1451 	2044 	2046
f 2155 	2156 	2157
f 2156 	2155 	2163
f 2156 	2163 	2159
f 1159 	2462 	1160
f 2462 	1778 	1174
f 2462 	1174 	1160
f 2157 	2156 	1092
f 2030 	1092 	2156
f 2163 	1105 	2159
f 2030 	2156 	2159
f 2321 	2322 	2081
f 1448 	1073 	2044
f 1451 	2046 	1079
f 2044 	1451 	1448
f 2322 	2321 	2325
f 2322 	2325 	2324
f 1948 	268 	488
f 490 	488 	268
f 491 	490 	276
f 268 	276 	490
f 488 	486 	1743
f 488 	1743 	1948
f 2421 	2422 	2423
f 2421 	2423 	2424
f 2425 	2426 	2427
f 2425 	2427 	2428
f 2422 	2427 	2426
f 2422 	2426 	2423
f 2426 	2425 	2424
f 2426 	2424 	2423
f 2422 	2421 	2428
f 2422 	2428 	2427
f 2432 	2110 	2431
f 2112 	2431 	2110
f 2435 	2118 	2433
f 2120 	2433 	2118
f 2118 	2435 	2112
f 2431 	2112 	2435
f 2444 	2445 	2446
f 2444 	2446 	2447
f 2435 	2433 	2432
f 2435 	2432 	2431
f 2446 	2457 	2447
f 2445 	2444 	2460
f 2457 	2458 	2459
f 2457 	2459 	2460
f 2445 	2459 	2446
f 2458 	2446 	2459
f 2458 	2457 	2446
f 2445 	2460 	2459
f 1778 	2462 	2463
f 1778 	2463 	1780
f 1159 	2463 	2462
f 1780 	2463 	1170
f 1159 	1170 	2463
f 2474 	1952 	2473
f 1953 	2473 	1952
f 1958 	2477 	2478
f 1958 	2478 	1957
f 1957 	2478 	2473
f 2474 	2473 	2477
f 2478 	2477 	2473
f 2322 	2075 	2081
f 2074 	2324 	2085
f 2325 	2085 	2324
f 1741 	2486 	2487
f 1741 	2487 	1742
f 2322 	2324 	2074
f 2322 	2074 	2075
f 214 	2487 	215
f 2486 	215 	2487
f 215 	2486 	1741
f 1742 	2487 	211
f 214 	211 	2487
f 1751 	2494 	2495
f 1751 	2495 	1753
f 1758 	2496 	2497
f 1758 	2497 	1759
f 2494 	2497 	2496
f 2494 	2496 	2495
f 2496 	1758 	1753
f 2496 	1753 	2495
f 2494 	1751 	1759
f 2494 	1759 	2497
f 83 	73 	70
f 83 	70 	98
f 1770 	69 	68
f 74 	72 	1773
f 69 	1770 	72
# 317 faces

g group_0_14541540

usemtl color_14541540
s 0

f 3 	4 	5
f 3 	5 	13
f 20 	18 	17
f 20 	17 	2373
f 18 	20 	19
f 210 	2374 	27
f 27 	20 	26
f 208 	28 	29
f 210 	30 	31
f 4 	16 	37
f 4 	37 	5
f 16 	40 	37
f 1959 	62 	63
f 49 	63 	62
f 65 	62 	64
f 1959 	64 	62
f 65 	66 	62
f 44 	71 	40
f 37 	40 	71
f 44 	75 	76
f 44 	76 	71
f 76 	75 	79
f 76 	79 	80
f 92 	88 	91
f 92 	80 	88
f 79 	88 	80
f 93 	94 	96
f 103 	104 	92
f 103 	92 	91
f 96 	106 	108
f 96 	108 	116
f 114 	115 	117
f 114 	117 	118
f 119 	120 	115
f 119 	115 	114
f 2348 	618 	122
f 122 	619 	121
f 120 	119 	124
f 120 	124 	126
f 128 	129 	126
f 128 	126 	124
f 568 	2346 	130
f 131 	132 	129
f 131 	129 	128
f 138 	140 	132
f 138 	132 	131
f 1960 	151 	156
f 46 	156 	151
f 153 	155 	140
f 153 	140 	138
f 162 	163 	155
f 162 	155 	153
f 1974 	1960 	159
f 156 	159 	1960
f 209 	2035 	165
f 167 	168 	163
f 167 	163 	162
f 176 	177 	168
f 176 	168 	167
f 186 	187 	177
f 186 	177 	176
f 187 	186 	118
f 187 	118 	117
f 169 	213 	165
f 174 	213 	169
f 209 	165 	213
f 208 	183 	185
f 185 	28 	208
f 182 	188 	220
f 219 	220 	188
f 193 	219 	188
f 182 	220 	174
f 221 	174 	220
f 213 	174 	221
f 210 	31 	197
f 197 	202 	210
f 137 	232 	193
f 139 	232 	137
f 232 	238 	193
f 219 	193 	238
f 227 	236 	245
f 844 	239 	201
f 1641 	201 	239
f 232 	247 	248
f 232 	248 	238
f 239 	253 	257
f 245 	255 	227
f 219 	261 	262
f 263 	336 	251
f 1641 	239 	264
f 257 	264 	239
f 219 	238 	261
f 248 	261 	238
f 231 	265 	266
f 262 	270 	220
f 262 	220 	219
f 266 	271 	231
f 270 	272 	221
f 270 	221 	220
f 273 	306 	269
f 306 	333 	269
f 213 	274 	278
f 305 	306 	279
f 213 	221 	274
f 272 	274 	221
f 284 	282 	230
f 278 	285 	209
f 278 	209 	213
f 282 	287 	288
f 285 	290 	209
f 288 	291 	282
f 247 	232 	294
f 296 	139 	137
f 296 	137 	298
f 302 	142 	139
f 302 	139 	296
f 142 	302 	307
f 142 	307 	2026
f 273 	279 	306
f 283 	310 	279
f 286 	310 	283
f 305 	279 	310
f 312 	150 	314
f 313 	196 	1636
f 292 	295 	316
f 315 	316 	295
f 297 	315 	295
f 292 	316 	286
f 318 	286 	316
f 310 	286 	318
f 1636 	319 	313
f 1118 	299 	301
f 317 	158 	150
f 317 	150 	312
f 313 	319 	322
f 311 	339 	308
f 323 	165 	158
f 323 	158 	317
f 240 	242 	325
f 324 	325 	242
f 251 	336 	242
f 240 	325 	297
f 326 	297 	325
f 315 	297 	326
f 327 	289 	321
f 328 	169 	165
f 328 	165 	323
f 321 	338 	311
f 332 	174 	169
f 332 	169 	328
f 263 	269 	333
f 333 	335 	263
f 336 	263 	335
f 324 	242 	336
f 325 	342 	343
f 325 	343 	326
f 341 	182 	174
f 341 	174 	332
f 339 	311 	338
f 1273 	1259 	357
f 1278 	1273 	367
f 340 	224 	344
f 1235 	345 	347
f 315 	346 	348
f 349 	188 	182
f 349 	182 	341
f 331 	308 	339
f 344 	350 	351
f 315 	326 	346
f 343 	346 	326
f 352 	193 	188
f 352 	188 	349
f 348 	353 	316
f 348 	316 	315
f 344 	351 	354
f 353 	356 	318
f 353 	318 	316
f 193 	352 	298
f 193 	298 	137
f 310 	358 	359
f 310 	318 	358
f 356 	358 	318
f 363 	365 	361
f 365 	366 	361
f 360 	361 	366
f 367 	371 	1278
f 365 	368 	369
f 365 	369 	366
f 359 	370 	305
f 359 	305 	310
f 369 	372 	360
f 369 	360 	366
f 355 	1436 	371
f 364 	367 	1273
f 375 	355 	371
f 377 	355 	375
f 1436 	1278 	371
f 372 	374 	360
f 378 	419 	377
f 370 	376 	306
f 370 	306 	305
f 368 	365 	380
f 376 	387 	306
f 507 	508 	388
f 231 	507 	390
f 390 	507 	388
f 392 	430 	382
f 393 	333 	387
f 306 	387 	333
f 373 	391 	255
f 227 	255 	391
f 373 	362 	388
f 373 	388 	391
f 393 	397 	335
f 393 	335 	333
f 355 	377 	399
f 394 	400 	401
f 362 	379 	390
f 362 	390 	388
f 335 	397 	407
f 335 	407 	336
f 401 	408 	394
f 231 	390 	265
f 379 	265 	390
f 324 	412 	413
f 398 	416 	417
f 399 	377 	419
f 324 	336 	412
f 407 	412 	336
f 417 	418 	398
f 342 	325 	324
f 342 	324 	413
f 420 	242 	240
f 420 	240 	424
f 382 	430 	378
f 365 	363 	423
f 429 	251 	242
f 429 	242 	420
f 419 	378 	430
f 432 	289 	434
f 251 	429 	435
f 251 	435 	263
f 338 	289 	436
f 432 	436 	289
f 428 	437 	438
f 439 	269 	263
f 439 	263 	435
f 423 	428 	440
f 438 	440 	428
f 380 	365 	423
f 380 	423 	440
f 443 	273 	269
f 443 	269 	439
f 447 	279 	273
f 447 	273 	443
f 442 	448 	450
f 293 	454 	455
f 453 	283 	279
f 453 	279 	447
f 300 	293 	455
f 300 	455 	457
f 458 	539 	452
f 303 	300 	457
f 303 	457 	461
f 459 	286 	283
f 459 	283 	453
f 308 	303 	461
f 308 	461 	466
f 465 	292 	286
f 465 	286 	459
f 468 	499 	463
f 499 	536 	463
f 311 	470 	471
f 498 	499 	473
f 470 	311 	308
f 470 	308 	466
f 472 	295 	292
f 472 	292 	465
f 321 	311 	471
f 321 	471 	475
f 480 	297 	295
f 480 	295 	472
f 482 	899 	481
f 297 	480 	424
f 297 	424 	240
f 321 	475 	489
f 321 	489 	327
f 492 	481 	331
f 467 	313 	322
f 327 	489 	496
f 327 	496 	357
f 436 	500 	338
f 468 	473 	499
f 474 	502 	473
f 479 	502 	474
f 498 	473 	502
f 500 	504 	339
f 500 	339 	338
f 391 	388 	508
f 878 	507 	231
f 227 	391 	508
f 492 	331 	509
f 331 	339 	509
f 504 	509 	339
f 227 	478 	236
f 513 	514 	355
f 483 	487 	516
f 515 	516 	487
f 493 	515 	487
f 483 	516 	479
f 517 	479 	516
f 502 	479 	517
f 271 	885 	231
f 1436 	355 	519
f 514 	519 	355
f 446 	449 	524
f 523 	524 	449
f 452 	539 	449
f 446 	524 	493
f 525 	493 	524
f 515 	493 	525
f 458 	463 	536
f 536 	538 	458
f 539 	458 	538
f 523 	449 	539
f 496 	540 	357
f 524 	545 	548
f 524 	548 	525
f 357 	540 	549
f 357 	549 	364
f 515 	550 	555
f 364 	549 	556
f 364 	556 	367
f 442 	520 	448
f 719 	716 	565
f 394 	719 	565
f 367 	556 	564
f 367 	564 	371
f 515 	525 	550
f 548 	550 	525
f 394 	518 	400
f 371 	564 	567
f 371 	567 	375
f 555 	569 	516
f 555 	516 	515
f 529 	398 	418
f 375 	567 	570
f 375 	570 	377
f 121 	568 	537
f 1439 	537 	568
f 569 	571 	517
f 569 	517 	516
f 377 	570 	574
f 377 	574 	378
f 568 	130 	575
f 502 	576 	577
f 378 	574 	578
f 502 	517 	576
f 571 	576 	517
f 1439 	568 	580
f 575 	580 	568
f 378 	578 	581
f 378 	581 	382
f 577 	585 	498
f 577 	498 	502
f 382 	581 	588
f 382 	588 	392
f 595 	513 	355
f 592 	593 	2441
f 585 	594 	499
f 585 	499 	498
f 594 	598 	499
f 597 	599 	600
f 392 	588 	601
f 392 	601 	404
f 603 	2094 	602
f 605 	536 	598
f 499 	598 	536
f 597 	600 	606
f 607 	399 	609
f 2441 	573 	592
f 605 	611 	538
f 605 	538 	536
f 607 	595 	399
f 355 	399 	595
f 538 	611 	612
f 538 	612 	539
f 573 	572 	593
f 573 	593 	592
f 404 	601 	614
f 523 	613 	616
f 603 	602 	587
f 603 	587 	586
f 430 	621 	622
f 523 	539 	613
f 612 	613 	539
f 620 	121 	619
f 618 	619 	122
f 622 	627 	430
f 419 	430 	627
f 626 	419 	627
f 545 	524 	523
f 545 	523 	616
f 619 	582 	589
f 619 	589 	620
f 626 	609 	419
f 399 	419 	609
f 633 	449 	446
f 633 	446 	634
f 589 	596 	620
f 639 	452 	449
f 639 	449 	633
f 610 	618 	608
f 2348 	608 	618
f 640 	645 	646
f 582 	619 	618
f 582 	618 	610
f 452 	639 	649
f 452 	649 	458
f 640 	646 	654
f 657 	463 	458
f 657 	458 	649
f 666 	468 	463
f 666 	463 	657
f 671 	672 	1754
f 682 	473 	468
f 682 	468 	666
f 690 	474 	473
f 690 	473 	682
f 696 	2165 	694
f 700 	479 	474
f 700 	474 	690
f 711 	1048 	848
f 708 	844 	1045
f 712 	483 	479
f 712 	479 	700
f 715 	708 	713
f 1045 	713 	708
f 696 	679 	2165
f 794 	714 	653
f 672 	671 	684
f 672 	684 	683
f 563 	565 	716
f 398 	563 	717
f 717 	563 	716
f 718 	487 	483
f 718 	483 	712
f 714 	720 	721
f 696 	694 	680
f 696 	680 	679
f 715 	722 	708
f 693 	719 	408
f 394 	408 	719
f 723 	493 	487
f 723 	487 	718
f 1293 	714 	724
f 721 	724 	714
f 726 	711 	725
f 726 	731 	711
f 693 	675 	716
f 693 	716 	719
f 493 	723 	634
f 493 	634 	446
f 675 	707 	717
f 675 	717 	716
f 398 	717 	416
f 707 	416 	717
f 756 	765 	766
f 766 	767 	756
f 760 	769 	770
f 2348 	122 	640
f 533 	640 	122
f 770 	771 	760
f 2348 	640 	141
f 654 	141 	640
f 775 	774 	784
f 774 	786 	784
f 783 	784 	786
f 783 	786 	787
f 774 	780 	789
f 774 	789 	786
f 1293 	653 	714
f 795 	830 	788
f 784 	797 	790
f 784 	790 	775
f 780 	792 	801
f 787 	804 	805
f 782 	788 	830
f 805 	808 	783
f 805 	783 	787
f 797 	784 	783
f 797 	783 	808
f 2196 	2211 	795
f 830 	795 	816
f 816 	795 	2211
f 1295 	818 	650
f 818 	822 	825
f 824 	821 	508
f 227 	508 	821
f 818 	825 	829
f 821 	828 	834
f 823 	782 	832
f 833 	851 	832
f 870 	851 	833
f 831 	832 	782
f 830 	831 	782
f 227 	821 	478
f 834 	478 	821
f 1822 	789 	840
f 872 	873 	839
f 871 	872 	853
f 839 	853 	872
f 846 	841 	801
f 780 	801 	841
f 848 	895 	844
f 196 	313 	848
f 846 	849 	840
f 846 	840 	841
f 823 	832 	851
f 835 	253 	708
f 722 	835 	708
f 313 	467 	711
f 870 	871 	861
f 950 	842 	931
f 303 	331 	300
f 293 	300 	931
f 850 	870 	861
f 851 	870 	850
f 853 	861 	871
f 837 	839 	873
f 874 	837 	873
f 875 	507 	878
f 926 	962 	876
f 881 	794 	879
f 756 	794 	881
f 877 	879 	817
f 884 	836 	874
f 878 	885 	886
f 891 	926 	876
f 879 	847 	852
f 879 	852 	881
f 878 	886 	894
f 899 	300 	331
f 308 	331 	303
f 756 	881 	765
f 852 	765 	881
f 925 	926 	896
f 895 	897 	898
f 931 	300 	899
f 867 	877 	771
f 760 	771 	877
f 900 	26 	208
f 897 	895 	904
f 847 	879 	877
f 847 	877 	867
f 905 	900 	29
f 208 	29 	900
f 905 	910 	900
f 907 	958 	404
f 939 	955 	907
f 782 	918 	919
f 921 	788 	782
f 921 	782 	919
f 788 	921 	927
f 891 	896 	926
f 901 	928 	896
f 906 	928 	901
f 925 	896 	928
f 795 	788 	927
f 795 	927 	929
f 930 	795 	929
f 924 	842 	951
f 950 	951 	842
f 293 	931 	842
f 932 	933 	830
f 911 	916 	935
f 934 	935 	916
f 920 	934 	916
f 911 	935 	906
f 936 	906 	935
f 928 	906 	936
f 937 	938 	816
f 937 	816 	2211
f 941 	954 	939
f 830 	816 	932
f 940 	932 	816
f 938 	940 	816
f 854 	856 	946
f 944 	946 	856
f 865 	964 	856
f 854 	946 	920
f 947 	920 	946
f 934 	920 	947
f 2211 	945 	937
f 823 	956 	959
f 756 	714 	794
f 817 	879 	794
f 818 	760 	817
f 760 	877 	817
f 959 	918 	823
f 782 	823 	918
f 941 	922 	953
f 922 	923 	953
f 954 	941 	953
f 955 	939 	954
f 958 	907 	955
f 961 	404 	958
f 966 	392 	961
f 404 	961 	392
f 952 	953 	923
f 951 	952 	923
f 923 	924 	951
f 869 	964 	865
f 869 	876 	962
f 962 	963 	869
f 964 	869 	963
f 944 	856 	964
f 933 	965 	830
f 946 	967 	968
f 946 	968 	947
f 714 	756 	720
f 767 	720 	756
f 965 	969 	831
f 965 	831 	830
f 769 	760 	829
f 818 	829 	760
f 392 	966 	430
f 934 	970 	971
f 969 	972 	832
f 969 	832 	831
f 878 	231 	885
f 972 	975 	833
f 972 	833 	832
f 934 	947 	970
f 968 	970 	947
f 26 	900 	565
f 394 	565 	900
f 870 	833 	979
f 975 	979 	833
f 971 	980 	935
f 971 	935 	934
f 900 	910 	518
f 900 	518 	394
f 980 	984 	936
f 980 	936 	935
f 842 	986 	987
f 928 	988 	989
f 990 	293 	842
f 990 	842 	987
f 836 	996 	998
f 454 	293 	990
f 928 	936 	988
f 984 	988 	936
f 836 	998 	999
f 836 	999 	837
f 899 	1000 	931
f 1001 	931 	1000
f 839 	1002 	1003
f 989 	1004 	925
f 989 	925 	928
f 817 	650 	818
f 1293 	1094 	653
f 837 	999 	1002
f 837 	1002 	839
f 1293 	724 	1011
f 1004 	1012 	926
f 1004 	926 	925
f 1003 	1017 	839
f 853 	839 	1017
f 1016 	899 	482
f 1018 	899 	1016
f 331 	481 	899
f 1295 	1019 	822
f 1295 	822 	818
f 398 	1020 	563
f 27 	563 	1020
f 27 	1020 	210
f 851 	850 	1021
f 851 	1021 	1023
f 1012 	1022 	926
f 1018 	1000 	899
f 1023 	956 	851
f 823 	851 	956
f 1027 	962 	1022
f 926 	1022 	962
f 1024 	1456 	1033
f 1032 	1020 	529
f 398 	529 	1020
f 1027 	1034 	963
f 1027 	963 	962
f 853 	1017 	1035
f 1033 	1037 	1024
f 861 	853 	1035
f 861 	1035 	1039
f 1020 	1032 	30
f 1020 	30 	210
f 963 	1034 	1040
f 963 	1040 	964
f 907 	1041 	1042
f 1021 	850 	861
f 1021 	861 	1039
f 944 	1043 	1044
f 870 	1046 	1047
f 870 	1047 	871
f 404 	614 	1041
f 404 	1041 	907
f 1048 	895 	848
f 1045 	844 	895
f 944 	964 	1043
f 1040 	1043 	964
f 1042 	1052 	907
f 939 	907 	1052
f 1047 	1050 	872
f 1047 	872 	871
f 967 	946 	944
f 967 	944 	1044
f 1006 	1045 	898
f 895 	898 	1045
f 1050 	1053 	873
f 1050 	873 	872
f 923 	922 	1054
f 923 	1054 	1056
f 1006 	713 	1045
f 1059 	874 	873
f 1059 	873 	1053
f 1058 	856 	854
f 1058 	854 	1060
f 924 	923 	1056
f 924 	1056 	1061
f 874 	1059 	1063
f 1029 	1048 	731
f 711 	731 	1048
f 1064 	865 	856
f 1064 	856 	1058
f 1061 	986 	924
f 842 	924 	986
f 979 	1046 	870
f 904 	895 	1048
f 904 	1048 	1029
f 1001 	1067 	931
f 865 	1064 	1069
f 865 	1069 	869
f 1071 	884 	1070
f 874 	1063 	884
f 1070 	884 	1063
f 950 	931 	1072
f 1067 	1072 	931
f 1075 	876 	869
f 1075 	869 	1069
f 2255 	884 	1074
f 1071 	1074 	884
f 939 	1052 	1078
f 1081 	891 	876
f 1081 	876 	1075
f 941 	939 	1078
f 941 	1078 	1084
f 1089 	896 	891
f 1089 	891 	1081
f 941 	1084 	1054
f 941 	1054 	922
f 953 	1097 	1099
f 953 	1099 	954
f 650 	653 	1705
f 1100 	901 	896
f 1100 	896 	1089
f 1096 	1106 	1107
f 1094 	1108 	1109
f 1099 	1104 	955
f 1099 	955 	954
f 1101 	1112 	1113
f 1111 	906 	901
f 1111 	901 	1100
f 1096 	1107 	1114
f 1113 	1117 	1101
f 1109 	1115 	1094
f 1104 	1116 	958
f 1104 	958 	955
f 1119 	911 	906
f 1119 	906 	1111
f 1120 	961 	958
f 1120 	958 	1116
f 1118 	1121 	2096
f 1123 	1098 	1122
f 1705 	1122 	1098
f 1103 	1124 	1126
f 1125 	916 	911
f 1125 	911 	1119
f 1128 	1118 	1127
f 2096 	1127 	1118
f 1120 	1131 	961
f 966 	961 	1131
f 1123 	1130 	1098
f 1126 	1134 	1103
f 1128 	1136 	1118
f 1137 	920 	916
f 1137 	916 	1125
f 1072 	1139 	950
f 1139 	1145 	951
f 1139 	951 	950
f 1145 	1154 	952
f 1145 	952 	951
f 920 	1137 	1060
f 920 	1060 	854
f 1154 	1097 	953
f 1154 	953 	952
f 1131 	1163 	966
f 430 	966 	621
f 1166 	621 	966
f 1163 	1166 	966
f 1093 	2167 	1096
f 258 	1121 	1118
f 1198 	1257 	1199
f 1202 	1203 	1200
f 1201 	1202 	1200
f 1200 	1203 	1199
f 1204 	1199 	1203
f 1198 	1199 	1204
f 1203 	1051 	1055
f 1203 	1055 	1204
f 1055 	1062 	1198
f 1055 	1198 	1204
f 1257 	1198 	1065
f 1062 	1065 	1198
f 1106 	1096 	1189
f 2051 	2135 	1096
f 1201 	1066 	1068
f 1068 	1076 	1202
f 1068 	1202 	1201
f 299 	1118 	1136
f 1051 	1203 	1202
f 1051 	1202 	1076
f 1213 	1214 	1212
f 1211 	1212 	1214
f 1211 	1214 	1215
f 1216 	1218 	1215
f 1211 	1215 	1218
f 1242 	1266 	1217
f 1216 	1080 	1083
f 1220 	1242 	1217
f 1083 	1091 	1218
f 1083 	1218 	1216
f 1241 	1242 	1224
f 1091 	1049 	1211
f 1091 	1211 	1218
f 1256 	1258 	1223
f 1049 	1095 	1212
f 1049 	1212 	1211
f 1228 	1256 	1223
f 1095 	1102 	1213
f 1095 	1213 	1212
f 252 	1235 	1234
f 1102 	1110 	1213
f 1239 	1265 	1228
f 1235 	347 	1245
f 1220 	1224 	1242
f 1235 	1245 	1247
f 1103 	533 	1251
f 1268 	1253 	1208
f 1209 	1268 	1208
f 1253 	1254 	1208
f 1221 	1251 	1117
f 1101 	1117 	1251
f 1199 	1257 	1233
f 1726 	1233 	1257
f 1103 	1251 	1124
f 1221 	1124 	1251
f 1257 	1065 	1262
f 1256 	1228 	1265
f 1265 	1239 	1264
f 1268 	1209 	1210
f 1210 	1217 	1266
f 1266 	1267 	1210
f 1268 	1210 	1267
f 1726 	1257 	1269
f 1262 	1269 	1257
f 338 	321 	289
f 289 	327 	1260
f 1254 	1271 	1275
f 1260 	357 	1259
f 357 	364 	1273
f 357 	1260 	327
f 1279 	1296 	1274
f 1274 	1264 	1239
f 1036 	1138 	1259
f 1241 	1281 	1282
f 1138 	1152 	1260
f 1138 	1260 	1259
f 1283 	1296 	1279
f 1282 	1284 	1242
f 1282 	1242 	1241
f 434 	289 	1260
f 434 	1260 	1152
f 1285 	1313 	1283
f 1264 	1274 	1263
f 1284 	1287 	1242
f 1278 	1165 	1169
f 1169 	1036 	1273
f 1169 	1273 	1278
f 1263 	1274 	1296
f 1292 	1320 	1285
f 1294 	1266 	1287
f 1242 	1287 	1266
f 1259 	1273 	1036
f 1098 	650 	1705
f 1094 	1705 	653
f 1295 	650 	1098
f 1294 	1299 	1267
f 1294 	1267 	1266
f 1305 	1320 	1292
f 1296 	1283 	1313
f 1267 	1299 	1309
f 1267 	1309 	1268
f 1293 	1011 	1252
f 1316 	1253 	1315
f 1268 	1315 	1253
f 1094 	1293 	1108
f 1252 	1108 	1293
f 1309 	1315 	1268
f 1271 	1254 	1253
f 1271 	1253 	1316
f 1261 	1295 	1130
f 1098 	1130 	1295
f 1322 	1208 	1207
f 1322 	1207 	1324
f 1261 	1019 	1295
f 1313 	1285 	1321
f 1321 	1285 	1320
f 640 	533 	1440
f 537 	1251 	533
f 1439 	1101 	537
f 1326 	1325 	1291
f 1439 	580 	1329
f 1327 	1209 	1208
f 1327 	1208 	1322
f 1325 	1660 	1330
f 1330 	1924 	1325
f 1317 	1423 	1305
f 1209 	1327 	1333
f 1209 	1333 	1210
f 361 	1332 	1215
f 1216 	1215 	1332
f 1332 	361 	360
f 1440 	1331 	645
f 1440 	645 	640
f 1201 	1200 	1334
f 1229 	1334 	1200
f 1335 	1217 	1210
f 1335 	1210 	1333
f 1339 	1332 	374
f 360 	374 	1332
f 1334 	1744 	1340
f 1334 	1340 	1066
f 1334 	1066 	1201
f 1341 	1220 	1217
f 1341 	1217 	1335
f 1216 	1332 	1080
f 1339 	1080 	1332
f 1365 	1360 	1343
f 1342 	1344 	1345
f 1346 	1224 	1220
f 1346 	1220 	1341
f 1344 	1342 	1349
f 1351 	1364 	1343
f 1350 	1224 	1346
f 1338 	1360 	1378
f 1207 	1356 	1324
f 1369 	1370 	1359
f 1353 	1378 	1360
f 1361 	1369 	1359
f 1338 	1343 	1360
f 1362 	1288 	1363
f 1363 	1366 	1367
f 1363 	1367 	1372
f 1365 	1343 	1364
f 1364 	1359 	1370
f 1359 	1364 	1351
f 1219 	1223 	1258
f 1258 	1369 	1219
f 1361 	1219 	1369
f 1320 	1305 	1323
f 1380 	1434 	1317
f 1381 	1434 	1380
f 1385 	1416 	1381
f 1412 	1413 	1397
f 1403 	1412 	1397
f 1397 	1413 	1389
f 1389 	1414 	1385
f 1400 	1404 	1405
f 1405 	1406 	1400
f 1402 	1408 	1409
f 1378 	1411 	1377
f 1377 	1411 	1403
f 1353 	1411 	1378
f 1412 	1403 	1411
f 1414 	1389 	1413
f 1416 	1385 	1414
f 1409 	1419 	1402
f 1213 	1415 	1214
f 1415 	428 	363
f 423 	363 	428
f 1214 	1415 	363
f 1433 	1381 	1416
f 1371 	1415 	1110
f 1213 	1110 	1415
f 1323 	1305 	1423
f 1415 	1371 	437
f 1415 	437 	428
f 1434 	1381 	1433
f 1423 	1317 	1434
f 1436 	519 	1386
f 1278 	1436 	1165
f 1386 	1165 	1436
f 1101 	1251 	537
f 1440 	533 	1103
f 1219 	1438 	1441
f 1439 	1329 	1407
f 1101 	1439 	1112
f 1407 	1112 	1439
f 1223 	1446 	1447
f 1417 	1440 	1134
f 1103 	1134 	1440
f 1446 	1223 	1219
f 1446 	1219 	1441
f 1417 	1331 	1440
f 1228 	1223 	1447
f 1228 	1447 	1452
f 1228 	1452 	1453
f 1228 	1453 	1239
f 1455 	1369 	1454
f 1658 	1509 	1093
f 1096 	1658 	1093
f 1093 	1511 	1025
f 1463 	1658 	1114
f 1096 	1114 	1658
f 1461 	1466 	1264
f 1461 	1264 	1263
f 1466 	1468 	1265
f 1466 	1265 	1264
f 1468 	1469 	1256
f 1468 	1256 	1265
f 1469 	1470 	1258
f 1469 	1258 	1256
f 1473 	1454 	1258
f 1470 	1473 	1258
f 708 	239 	844
f 239 	708 	253
f 1453 	1476 	1274
f 1453 	1274 	1239
f 1274 	1476 	1477
f 1274 	1477 	1279
f 1279 	1477 	1478
f 1279 	1478 	1283
f 1283 	1478 	1479
f 1283 	1479 	1285
f 1285 	1479 	1483
f 1285 	1483 	1292
f 1263 	1296 	1487
f 1263 	1487 	1461
f 1292 	1483 	1492
f 1292 	1492 	1305
f 1496 	1498 	1296
f 1496 	1296 	1313
f 1400 	1600 	1494
f 1497 	1342 	1602
f 1494 	1600 	1342
f 1296 	1498 	1487
f 1305 	1492 	1510
f 1305 	1510 	1317
f 1508 	1025 	1511
f 1475 	1494 	1345
f 1342 	1345 	1494
f 1511 	1514 	1515
f 1511 	1515 	1508
f 1317 	1510 	1513
f 1400 	1494 	1404
f 1475 	1404 	1494
f 1515 	1519 	1508
f 1518 	1520 	1313
f 1484 	1497 	1419
f 1402 	1419 	1497
f 1509 	1521 	1522
f 1313 	1520 	1496
f 1349 	1342 	1497
f 1349 	1497 	1484
f 1514 	1511 	1509
f 1514 	1509 	1522
f 1317 	1513 	1526
f 1317 	1526 	1380
f 711 	848 	313
f 1533 	1536 	1323
f 1536 	1537 	1320
f 1536 	1320 	1323
f 838 	711 	467
f 725 	711 	838
f 1538 	1321 	1320
f 1538 	1320 	1537
f 1538 	1518 	1321
f 1313 	1321 	1518
f 1338 	1651 	1555
f 1343 	1338 	1555
f 1343 	1555 	1557
f 1566 	1343 	1557
f 1351 	1343 	1566
f 1351 	1566 	1572
f 1359 	1351 	1572
f 1359 	1572 	1581
f 1588 	1589 	1353
f 1588 	1353 	1360
f 1589 	1596 	1353
f 1598 	1599 	93
f 96 	1597 	93
f 1597 	1598 	93
f 93 	1599 	1594
f 1601 	1594 	1599
f 1592 	1594 	1601
f 1602 	1342 	1600
f 1402 	1497 	1602
f 1361 	1359 	1581
f 1361 	1581 	1605
f 1599 	1606 	1607
f 1599 	1607 	1601
f 1587 	1400 	1406
f 1608 	1609 	1360
f 1608 	1360 	1365
f 1609 	1588 	1360
f 1361 	1605 	1438
f 1361 	1438 	1219
f 1607 	1610 	1592
f 1607 	1592 	1601
f 1455 	1614 	1369
f 1258 	1454 	1369
f 1610 	1617 	1592
f 1614 	1619 	1370
f 1614 	1370 	1369
f 597 	606 	1402
f 1620 	1597 	116
f 96 	116 	1597
f 1623 	1364 	1621
f 1364 	1370 	1621
f 1619 	1621 	1370
f 1620 	1628 	1598
f 1620 	1598 	1597
f 1623 	1631 	1365
f 1623 	1365 	1364
f 1606 	1599 	1598
f 1606 	1598 	1628
f 1631 	1608 	1365
f 1636 	196 	1635
f 1633 	1635 	196
f 1633 	196 	201
f 1641 	1643 	201
f 1633 	201 	1643
f 1641 	264 	1645
f 1644 	1325 	1326
f 1647 	1648 	1362
f 1363 	1646 	1362
f 1646 	1647 	1362
f 1362 	1648 	1326
f 1650 	1326 	1648
f 1644 	1326 	1650
f 1645 	1653 	1643
f 1645 	1643 	1641
f 1378 	1377 	1649
f 1378 	1649 	1651
f 1648 	1654 	1656
f 1648 	1656 	1650
f 1024 	1025 	1657
f 1657 	1025 	1508
f 1509 	1511 	1093
f 1653 	1659 	1633
f 1653 	1633 	1643
f 1338 	1378 	1651
f 1656 	1660 	1644
f 1656 	1644 	1650
f 1630 	1657 	1519
f 1508 	1519 	1657
f 1660 	1325 	1644
f 1659 	1663 	1635
f 1659 	1635 	1633
f 1526 	1664 	1380
f 1024 	1657 	1456
f 1630 	1456 	1657
f 1665 	1646 	1372
f 1363 	1372 	1646
f 1663 	1668 	1636
f 1663 	1636 	1635
f 1380 	1664 	1669
f 1380 	1669 	1381
f 1665 	1671 	1647
f 1665 	1647 	1646
f 1658 	1463 	1642
f 1654 	1648 	1647
f 1654 	1647 	1671
f 1509 	1658 	1521
f 1642 	1521 	1658
f 1668 	319 	1636
f 1381 	1669 	1673
f 1381 	1673 	1385
f 1389 	1677 	1680
f 1676 	1678 	1675
f 1674 	1675 	1678
f 1674 	1678 	1679
f 1681 	1683 	1679
f 1674 	1679 	1683
f 1385 	1673 	1677
f 1385 	1677 	1389
f 1686 	1687 	1683
f 1686 	1683 	1681
f 1397 	1389 	1680
f 1397 	1680 	1688
f 1687 	1690 	1674
f 1687 	1674 	1683
f 1403 	1397 	1688
f 1403 	1688 	1691
f 1690 	1693 	1675
f 1690 	1675 	1674
f 1649 	1377 	1403
f 1649 	1403 	1691
f 1693 	1698 	1676
f 1693 	1676 	1675
f 1411 	1700 	1701
f 1411 	1701 	1412
f 1698 	1702 	1676
f 1701 	1703 	1413
f 1701 	1413 	1412
f 1703 	1704 	1414
f 1703 	1414 	1413
f 1706 	1416 	1414
f 1706 	1414 	1704
f 1416 	1706 	1710
f 1682 	1705 	1115
f 1094 	1115 	1705
f 1596 	1700 	1411
f 1596 	1411 	1353
f 1682 	1122 	1705
f 1716 	1433 	1715
f 1416 	1710 	1433
f 1715 	1433 	1710
f 1716 	1717 	1434
f 1716 	1434 	1433
f 1334 	1229 	1721
f 1719 	1721 	1229
f 1718 	1719 	1229
f 1718 	1229 	1233
f 1726 	1727 	1233
f 1718 	1233 	1727
f 1717 	1729 	1434
f 1423 	1434 	1729
f 1724 	1423 	1729
f 1726 	1269 	1731
f 1724 	1533 	1423
f 1323 	1423 	1533
f 1731 	1732 	1727
f 1731 	1727 	1726
f 1732 	1738 	1718
f 1732 	1718 	1727
f 1738 	1740 	1719
f 1738 	1719 	1718
f 1740 	1744 	1721
f 1740 	1721 	1719
f 1334 	1721 	1744
f 406 	1600 	442
f 1400 	442 	1600
f 442 	1400 	520
f 1587 	520 	1400
f 1402 	1602 	597
f 402 	597 	1602
f 1595 	1402 	606
f 1408 	1402 	1595
f 1805 	1806 	1802
f 1804 	1805 	1802
f 1802 	1806 	1801
f 1808 	1801 	1806
f 1796 	1801 	1808
f 1806 	1813 	1814
f 1806 	1814 	1808
f 1814 	1815 	1796
f 1814 	1796 	1808
f 1818 	282 	284
f 1824 	1825 	340
f 344 	1823 	340
f 1823 	1824 	340
f 340 	1825 	284
f 1826 	284 	1825
f 1818 	284 	1826
f 789 	1822 	1679
f 780 	841 	789
f 1681 	1679 	1822
f 841 	840 	789
f 1965 	1889 	875
f 878 	1965 	875
f 1889 	2250 	875
f 1831 	1822 	849
f 840 	849 	1822
f 1804 	2484 	1832
f 821 	1833 	828
f 1825 	1834 	1835
f 1825 	1835 	1826
f 1831 	1686 	1681
f 1831 	1681 	1822
f 1832 	1836 	1805
f 1832 	1805 	1804
f 878 	894 	1837
f 878 	1837 	1965
f 1835 	1838 	1818
f 1835 	1818 	1826
f 1813 	1806 	1805
f 1813 	1805 	1836
f 282 	1818 	287
f 1838 	287 	1818
f 1854 	1823 	354
f 344 	354 	1823
f 1850 	94 	1849
f 96 	94 	1850
f 1848 	1849 	94
f 1848 	94 	1853
f 1855 	1856 	1853
f 1848 	1853 	1856
f 1854 	1857 	1824
f 1854 	1824 	1823
f 1855 	1858 	1859
f 1834 	1825 	1824
f 1834 	1824 	1857
f 1859 	1860 	1856
f 1859 	1856 	1855
f 1860 	1865 	1848
f 1860 	1848 	1856
f 1866 	402 	1864
f 597 	402 	1866
f 1863 	1864 	402
f 1863 	402 	406
f 442 	1869 	406
f 1869 	1870 	406
f 1863 	406 	1870
f 1865 	1871 	1849
f 1865 	1849 	1848
f 442 	450 	1874
f 442 	1874 	1869
f 1874 	1875 	1870
f 1874 	1870 	1869
f 1871 	1876 	1850
f 1871 	1850 	1849
f 1875 	1877 	1863
f 1875 	1863 	1870
f 96 	1850 	106
f 1876 	106 	1850
f 1877 	1878 	1864
f 1877 	1864 	1863
f 1878 	1882 	1866
f 1878 	1866 	1864
f 1676 	1881 	1678
f 786 	1678 	1881
f 786 	1881 	787
f 597 	1866 	599
f 1882 	599 	1866
f 1886 	1881 	1702
f 1676 	1702 	1881
f 1881 	1886 	804
f 1881 	804 	787
f 1964 	824 	1888
f 1888 	824 	2250
f 1891 	1888 	1890
f 2250 	1890 	1888
f 1891 	1892 	1888
f 1889 	1895 	1896
f 1897 	1889 	1896
f 1919 	1288 	1918
f 1363 	1288 	1919
f 1917 	1918 	1288
f 1917 	1288 	1291
f 1325 	1921 	1291
f 1921 	1922 	1291
f 1917 	1291 	1922
f 1325 	1924 	1921
f 1924 	1926 	1922
f 1924 	1922 	1921
f 1926 	1928 	1917
f 1926 	1917 	1922
f 1928 	1931 	1918
f 1928 	1918 	1917
f 1931 	1932 	1919
f 1931 	1919 	1918
f 1363 	1919 	1366
f 1932 	1366 	1919
f 1961 	1962 	151
f 1960 	1961 	151
f 151 	1962 	63
f 1963 	63 	1962
f 1959 	63 	1963
f 821 	824 	1964
f 875 	2250 	824
f 1962 	1966 	1967
f 1962 	1967 	1963
f 1950 	1964 	1892
f 1888 	1892 	1964
f 1967 	1968 	1959
f 1967 	1959 	1963
f 821 	1964 	1833
f 1950 	1833 	1964
f 1968 	64 	1959
f 1965 	1837 	1956
f 1971 	1121 	1973
f 1889 	1965 	1895
f 1956 	1895 	1965
f 1973 	1976 	1979
f 1973 	1979 	1971
f 1974 	1977 	1961
f 1974 	1961 	1960
f 1966 	1962 	1961
f 1966 	1961 	1977
f 1979 	1983 	1971
f 1985 	1987 	1982
f 1984 	1985 	1982
f 1982 	1987 	1981
f 1988 	1981 	1987
f 1980 	1981 	1988
f 1972 	1991 	1992
f 1990 	224 	1989
f 344 	224 	1990
f 1986 	1989 	224
f 1986 	224 	230
f 282 	1993 	230
f 1993 	1994 	230
f 1986 	230 	1994
f 1976 	1973 	1972
f 1976 	1972 	1992
f 1987 	1997 	1998
f 1987 	1998 	1988
f 1999 	1993 	291
f 282 	291 	1993
f 1998 	2000 	1980
f 1998 	1980 	1988
f 2001 	2005 	2006
f 1999 	2002 	1994
f 1999 	1994 	1993
f 2006 	2008 	2001
f 2002 	2009 	1986
f 2002 	1986 	1994
f 2007 	2010 	1985
f 2007 	1985 	1984
f 2009 	2011 	1989
f 2009 	1989 	1986
f 1997 	1987 	1985
f 1997 	1985 	2010
f 2011 	2016 	1990
f 2011 	1990 	1989
f 344 	1990 	350
f 2016 	350 	1990
f 2019 	2020 	2018
f 2017 	2018 	2020
f 2017 	2020 	2021
f 2022 	2023 	2021
f 2017 	2021 	2023
f 2024 	2025 	2023
f 2024 	2023 	2022
f 2025 	2027 	2017
f 2025 	2017 	2023
f 2027 	2028 	2018
f 2027 	2018 	2017
f 2028 	2032 	2019
f 2028 	2019 	2018
f 158 	2035 	150
f 2037 	150 	2035
f 158 	165 	2035
f 2036 	139 	2040
f 142 	2040 	139
f 232 	139 	2036
f 1235 	2097 	1234
f 1234 	1973 	1121
f 2040 	142 	2026
f 2037 	2026 	150
f 2037 	2039 	2026
f 2040 	2026 	2039
f 2096 	2038 	1127
f 1485 	2035 	290
f 209 	290 	2035
f 2042 	2097 	1247
f 2037 	2035 	1490
f 1485 	1490 	2035
f 2037 	1490 	1488
f 1488 	1467 	2039
f 1488 	2039 	2037
f 2039 	1467 	1499
f 2039 	1499 	2040
f 1504 	2036 	1505
f 2040 	1505 	2036
f 1499 	1505 	2040
f 2050 	2052 	2053
f 294 	232 	2036
f 294 	2036 	1504
f 2053 	2054 	2050
f 2026 	307 	1512
f 2051 	2055 	2056
f 314 	150 	2026
f 314 	2026 	1512
f 2056 	2057 	2051
f 2076 	2077 	2078
f 2076 	2078 	2079
f 586 	587 	2083
f 2082 	2083 	587
f 2087 	2088 	2089
f 2087 	2089 	2090
f 2095 	602 	2094
f 2088 	2078 	2077
f 2088 	2077 	2089
f 2096 	1121 	1971
f 2097 	1972 	1234
f 1972 	1973 	1234
f 2083 	2094 	586
f 603 	586 	2094
f 2080 	2096 	1983
f 1971 	1983 	2096
f 2088 	2087 	2079
f 2088 	2079 	2078
f 2080 	2038 	2096
f 2077 	2076 	2090
f 2077 	2090 	2089
f 2091 	2097 	2042
f 1235 	1247 	2097
f 2083 	2082 	2095
f 2083 	2095 	2094
f 2107 	2108 	38
f 2106 	2107 	38
f 38 	2108 	2105
f 2109 	2105 	2108
f 2104 	2105 	2109
f 1972 	2097 	1991
f 2091 	1991 	2097
f 2108 	2114 	2115
f 2108 	2115 	2109
f 2115 	2122 	2104
f 2115 	2104 	2109
f 2122 	2125 	2104
f 2127 	2133 	2107
f 2127 	2107 	2106
f 2114 	2108 	2107
f 2114 	2107 	2133
f 156 	46 	2138
f 2137 	2138 	46
f 2136 	2137 	46
f 2136 	46 	49
f 62 	2142 	49
f 2142 	2143 	49
f 2136 	49 	2143
f 2139 	2140 	2141
f 2139 	2141 	2144
f 2145 	2142 	66
f 62 	66 	2142
f 2145 	2154 	2143
f 2145 	2143 	2142
f 679 	680 	2150
f 2147 	2150 	680
f 2158 	2160 	2162
f 2158 	2162 	2164
f 2154 	2161 	2136
f 2154 	2136 	2143
f 2208 	2001 	2169
f 2050 	2208 	2169
f 1024 	2050 	2169
f 2165 	2168 	694
f 2161 	2170 	2137
f 2161 	2137 	2136
f 2160 	2141 	2140
f 2160 	2140 	2162
f 2052 	2050 	2134
f 1024 	2134 	2050
f 2165 	679 	2150
f 2170 	2172 	2138
f 2170 	2138 	2137
f 2135 	2051 	2057
f 2160 	2158 	2144
f 2160 	2144 	2141
f 156 	2138 	159
f 2172 	159 	2138
f 2140 	2139 	2164
f 2140 	2164 	2162
f 2150 	2147 	2168
f 2150 	2168 	2165
f 2173 	2176 	2177
f 2174 	2178 	2179
f 2179 	2182 	2174
f 2175 	2183 	2184
f 2184 	2185 	2175
f 2215 	2216 	2193
f 2193 	2194 	2215
f 2188 	2215 	2194
f 2203 	2214 	2200
f 2211 	2200 	2214
f 2196 	2200 	2211
f 2207 	2189 	2206
f 2206 	2213 	2203
f 2209 	2167 	2001
f 2051 	2167 	2209
f 2167 	2169 	2001
f 2204 	2208 	2054
f 2050 	2054 	2208
f 2001 	2208 	2005
f 2204 	2005 	2208
f 2205 	2209 	2008
f 2001 	2008 	2209
f 2214 	2203 	2213
f 2215 	2188 	2207
f 2189 	2207 	2188
f 2213 	2206 	2189
f 2051 	2209 	2055
f 2205 	2055 	2209
f 2217 	2218 	2192
f 2216 	2217 	2193
f 2191 	2192 	2218
f 2219 	2190 	2218
f 2222 	2190 	2219
f 2192 	2193 	2217
f 2191 	2218 	2190
f 1207 	1208 	1254
f 2226 	2254 	2222
f 2190 	2222 	2244
f 2492 	2482 	1254
f 1207 	1254 	2482
f 836 	2255 	2231
f 1254 	1275 	1553
f 1254 	1553 	2492
f 2242 	36 	2241
f 1241 	1556 	1281
f 837 	874 	836
f 2246 	2380 	2245
f 1224 	1350 	2475
f 1570 	2475 	1350
f 2241 	2247 	2248
f 2254 	2226 	2255
f 2231 	2255 	2226
f 2248 	2251 	2242
f 2248 	2242 	2241
f 2249 	2252 	2246
f 2249 	2246 	2245
f 2344 	2283 	258
f 1235 	252 	2175
f 2174 	2344 	258
f 1118 	2174 	258
f 2250 	2237 	1890
f 1207 	2482 	1356
f 2252 	2253 	2246
f 1889 	1897 	2250
f 2237 	2250 	1897
f 2244 	2222 	2254
f 1118 	301 	2178
f 1118 	2178 	2174
f 345 	1235 	2185
f 2175 	2185 	1235
f 2255 	836 	884
f 2256 	2257 	2190
f 2257 	2262 	2191
f 2257 	2191 	2190
f 2262 	2273 	2192
f 2262 	2192 	2191
f 2273 	1941 	2193
f 2273 	2193 	2192
f 1941 	2282 	2194
f 1941 	2194 	2193
f 2282 	2284 	2188
f 2282 	2188 	2194
f 2283 	2285 	2286
f 2287 	2189 	2188
f 2287 	2188 	2284
f 2169 	1025 	1024
f 2286 	2288 	2283
f 2134 	1024 	1037
f 2196 	795 	930
f 2196 	930 	2295
f 2200 	2196 	2295
f 2200 	2295 	2296
f 2203 	2297 	2298
f 2297 	2203 	2200
f 2297 	2200 	2296
f 2206 	2203 	2298
f 2206 	2298 	2302
f 2206 	2302 	2306
f 2206 	2306 	2207
f 2307 	2310 	2211
f 2307 	2211 	2214
f 2310 	945 	2211
f 2315 	2278 	2275
f 2315 	2275 	2316
f 2287 	2317 	2213
f 2287 	2213 	2189
f 2317 	2320 	2214
f 2317 	2214 	2213
f 2307 	2214 	2323
f 2320 	2323 	2214
f 2051 	1096 	2167
f 2306 	2327 	2215
f 2306 	2215 	2207
f 1189 	1096 	2135
f 2215 	2327 	2329
f 2215 	2329 	2216
f 2216 	2329 	2332
f 2216 	2332 	2217
f 2331 	2333 	2334
f 2217 	2332 	2335
f 2217 	2335 	2218
f 2218 	2335 	2338
f 2218 	2338 	2219
f 2334 	2337 	2331
f 2219 	2338 	2339
f 2219 	2339 	2222
f 2222 	2339 	2341
f 2342 	2226 	2341
f 2222 	2341 	2226
f 2226 	2342 	2347
f 2226 	2347 	2231
f 252 	258 	2283
f 2175 	252 	2345
f 2283 	2345 	252
f 568 	121 	2346
f 2346 	121 	620
f 2336 	2344 	2182
f 2174 	2182 	2344
f 2231 	2347 	996
f 2231 	996 	836
f 2361 	2346 	596
f 620 	596 	2346
f 2283 	2344 	2285
f 2336 	2285 	2344
f 2190 	2244 	2363
f 2190 	2363 	2256
f 127 	130 	2346
f 2361 	127 	2346
f 2340 	2345 	2288
f 2283 	2288 	2345
f 2364 	2244 	2365
f 2348 	141 	2366
f 2244 	2364 	2363
f 2175 	2345 	2183
f 2340 	2183 	2345
f 2366 	608 	2348
f 2255 	1074 	1712
f 1712 	2371 	2255
f 2254 	2255 	2371
f 2370 	2254 	2371
f 2370 	2365 	2254
f 2244 	2254 	2365
f 208 	26 	2373
f 2373 	26 	20
f 2374 	20 	27
f 2373 	17 	2375
f 208 	2373 	183
f 2375 	183 	2373
f 2376 	2374 	202
f 210 	202 	2374
f 2173 	2379 	2378
f 2377 	2378 	2379
f 2377 	2379 	2380
f 2377 	2380 	2246
f 19 	20 	2374
f 19 	2374 	2376
f 2349 	2377 	2253
f 2246 	2253 	2377
f 2349 	2367 	2378
f 2349 	2378 	2377
f 2173 	2378 	2176
f 2367 	2176 	2378
f 2353 	2390 	2391
f 2353 	2391 	2354
f 2390 	2315 	2316
f 2390 	2316 	2391
f 1981 	2412 	2380
f 2245 	2380 	2412
f 2412 	1981 	1980
f 2415 	2412 	2000
f 1980 	2000 	2412
f 2415 	2249 	2245
f 2415 	2245 	2412
f 2437 	1745 	572
f 2437 	572 	573
f 1748 	2441 	593
f 573 	2441 	2437
f 2441 	1748 	1745
f 2441 	1745 	2437
f 2173 	2451 	2379
f 1982 	2379 	2451
f 1982 	2451 	1984
f 2173 	2177 	2452
f 2173 	2452 	2451
f 2451 	2452 	2007
f 2451 	2007 	1984
f 2390 	2353 	2278
f 2390 	2278 	2315
f 1754 	672 	2453
f 1756 	2454 	683
f 1756 	683 	684
f 672 	683 	2453
f 2454 	2453 	683
f 2454 	1756 	1754
f 2454 	1754 	2453
f 2456 	2455 	36
f 2241 	36 	2455
f 2331 	2461 	2456
f 2455 	2456 	2461
f 2443 	2461 	2337
f 2331 	2337 	2461
f 2443 	2440 	2455
f 2443 	2455 	2461
f 2241 	2455 	2247
f 2440 	2247 	2455
f 1801 	2470 	2021
f 2022 	2021 	2470
f 2470 	1801 	1796
f 2471 	2470 	1815
f 1796 	1815 	2470
f 2316 	2275 	2354
f 2316 	2354 	2391
f 2022 	2470 	2024
f 2471 	2024 	2470
f 2490 	2485 	2479
f 2480 	2489 	2479
f 2019 	2483 	2020
f 1802 	2020 	2483
f 1802 	2483 	1804
f 2484 	2483 	2032
f 2019 	2032 	2483
f 2475 	2479 	2485
f 1241 	1224 	2485
f 1224 	2475 	2485
f 2483 	2484 	1804
f 2480 	2481 	2489
f 2488 	2489 	2481
f 2490 	2479 	2489
f 2492 	2488 	2482
f 2481 	2482 	2488
f 2105 	2491 	2456
f 2331 	2456 	2491
f 2491 	2105 	2104
f 2492 	1553 	1793
f 2493 	2491 	2125
f 2104 	2125 	2491
f 2488 	1807 	1803
f 2488 	2492 	1807
f 1793 	1807 	2492
f 2331 	2491 	2333
f 2493 	2333 	2491
f 1765 	2489 	1812
f 2489 	2488 	1812
f 1803 	1812 	2488
f 1817 	2490 	1816
f 2490 	2489 	1816
f 1765 	1816 	2489
f 1829 	2485 	1830
f 2490 	1830 	2485
f 1817 	1830 	2490
f 1241 	2485 	1556
f 1829 	1556 	2485
f 1846 	2475 	1570
f 1594 	2500 	1853
f 1855 	1853 	2500
f 2500 	1594 	1592
f 2501 	2500 	1617
f 1592 	1617 	2500
f 1844 	2479 	2475
f 1844 	2475 	1846
f 1855 	2500 	1858
f 2501 	1858 	2500
f 1843 	2480 	2479
f 1843 	2479 	1844
f 1842 	2481 	2480
f 1842 	2480 	1843
f 1841 	2482 	2481
f 1841 	2481 	1842
f 2482 	1841 	1568
f 1568 	1356 	2482
f 2242 	2502 	36
f 38 	36 	2502
f 38 	2502 	2106
f 5 	37 	140
f 2503 	2502 	2251
f 2242 	2251 	2502
f 2502 	2503 	2127
f 2502 	2127 	2106
f 132 	140 	37
f 155 	13 	140
f 163 	13 	155
f 2506 	13 	163
f 5 	140 	13
f 168 	177 	2505
f 2504 	2505 	177
f 187 	2504 	177
f 168 	2505 	163
f 2506 	163 	2505
f 117 	115 	104
f 92 	104 	115
f 120 	80 	115
f 117 	104 	187
f 2507 	187 	104
f 2504 	187 	2507
f 126 	80 	120
f 129 	71 	126
f 132 	37 	129
f 71 	129 	37
f 71 	76 	126
f 80 	126 	76
f 92 	115 	80
f 104 	103 	1781
f 104 	1781 	2507
f 2504 	1783 	1782
f 2504 	2507 	1783
f 1781 	1783 	2507
f 1739 	2505 	1786
f 2505 	2504 	1786
f 1782 	1786 	2504
f 1791 	2506 	1788
f 2506 	2505 	1788
f 1739 	1788 	2505
f 3 	13 	1811
f 2506 	1811 	13
f 1791 	1811 	2506
# 1913 faces

g group_0_15277357

usemtl color_15277357
s 0

f 18 	2288 	17
f 34 	915 	33
f 32 	29 	28
f 31 	30 	25
f 65 	64 	60
f 59 	60 	64
f 60 	2072 	65
f 116 	108 	68
f 329 	330 	74
f 108 	106 	1769
f 758 	145 	25
f 185 	23 	32
f 33 	32 	23
f 171 	178 	170
f 178 	179 	170
f 157 	170 	179
f 183 	23 	185
f 159 	2172 	144
f 32 	28 	185
f 31 	25 	145
f 202 	197 	145
f 31 	145 	197
f 264 	257 	691
f 275 	277 	280
f 280 	281 	275
f 218 	245 	236
f 255 	245 	218
f 288 	287 	267
f 1838 	1787 	287
f 265 	275 	266
f 271 	266 	275
f 299 	1136 	1105
f 267 	1787 	276
f 267 	1949 	288
f 218 	7 	157
f 322 	319 	304
f 347 	345 	337
f 351 	350 	334
f 350 	2016 	334
f 157 	179 	362
f 354 	351 	334
f 373 	255 	157
f 362 	373 	157
f 218 	157 	255
f 379 	179 	265
f 275 	265 	179
f 362 	179 	379
f 15 	668 	617
f 421 	422 	425
f 421 	425 	426
f 425 	401 	400
f 408 	401 	425
f 416 	389 	417
f 529 	418 	389
f 741 	456 	330
f 417 	389 	418
f 309 	330 	456
f 456 	747 	451
f 860 	885 	460
f 304 	451 	322
f 275 	281 	469
f 275 	469 	460
f 433 	450 	448
f 218 	236 	478
f 275 	460 	271
f 271 	460 	885
f 425 	497 	915
f 506 	497 	400
f 462 	427 	505
f 425 	400 	497
f 433 	448 	512
f 518 	506 	400
f 518 	910 	506
f 157 	7 	543
f 596 	157 	543
f 596 	589 	157
f 170 	157 	582
f 582 	610 	170
f 566 	1286 	575
f 130 	566 	575
f 582 	157 	589
f 579 	590 	584
f 583 	584 	590
f 583 	590 	591
f 575 	1286 	580
f 608 	152 	170
f 608 	170 	610
f 579 	758 	389
f 416 	579 	389
f 590 	408 	422
f 628 	1347 	670
f 668 	670 	1347
f 579 	675 	590
f 654 	646 	625
f 425 	422 	408
f 675 	693 	590
f 408 	590 	693
f 691 	692 	7
f 707 	579 	416
f 675 	579 	707
f 686 	721 	720
f 738 	739 	247
f 747 	741 	742
f 747 	742 	745
f 750 	670 	143
f 628 	670 	750
f 270 	262 	612
f 10 	9 	81
f 9 	437 	81
f 143 	152 	750
f 625 	746 	654
f 654 	746 	141
f 691 	722 	692
f 272 	605 	10
f 758 	759 	1541
f 85 	10 	81
f 715 	692 	722
f 713 	692 	715
f 85 	99 	285
f 725 	747 	726
f 732 	681 	768
f 731 	726 	747
f 247 	739 	248
f 739 	262 	261
f 248 	739 	261
f 739 	612 	262
f 772 	767 	768
f 776 	777 	778
f 776 	778 	779
f 270 	611 	272
f 272 	10 	85
f 274 	85 	278
f 272 	85 	274
f 777 	766 	765
f 285 	278 	85
f 767 	766 	777
f 290 	285 	99
f 769 	751 	770
f 771 	770 	751
f 247 	294 	738
f 296 	298 	302
f 298 	352 	302
f 352 	349 	302
f 349 	341 	302
f 307 	302 	341
f 307 	341 	332
f 307 	332 	328
f 307 	328 	323
f 307 	323 	317
f 312 	314 	317
f 307 	317 	314
f 758 	815 	985
f 758 	579 	751
f 545 	616 	739
f 6 	545 	739
f 741 	747 	456
f 747 	725 	451
f 380 	396 	368
f 571 	569 	368
f 550 	6 	555
f 569 	555 	6
f 985 	815 	825
f 825 	822 	985
f 691 	835 	722
f 829 	825 	815
f 6 	372 	369
f 6 	369 	368
f 828 	1819 	834
f 838 	451 	725
f 579 	771 	751
f 834 	218 	478
f 6 	982 	372
f 778 	765 	584
f 777 	765 	778
f 440 	396 	380
f 852 	847 	584
f 579 	584 	847
f 847 	867 	579
f 852 	584 	765
f 102 	81 	437
f 577 	576 	396
f 579 	867 	771
f 10 	585 	396
f 396 	440 	431
f 431 	438 	9
f 437 	9 	438
f 440 	438 	431
f 890 	7 	889
f 6 	550 	548
f 6 	548 	545
f 860 	859 	886
f 1837 	894 	859
f 864 	902 	862
f 903 	1847 	902
f 6 	368 	569
f 571 	368 	396
f 886 	885 	860
f 886 	859 	894
f 913 	908 	909
f 913 	909 	912
f 571 	396 	576
f 585 	577 	396
f 883 	882 	915
f 882 	33 	915
f 914 	915 	34
f 751 	815 	758
f 10 	594 	585
f 594 	10 	598
f 598 	10 	605
f 611 	605 	272
f 889 	898 	890
f 890 	897 	913
f 892 	905 	887
f 905 	32 	887
f 33 	882 	32
f 887 	32 	882
f 897 	890 	898
f 611 	270 	612
f 613 	612 	739
f 32 	905 	29
f 613 	739 	616
f 910 	905 	892
f 897 	904 	913
f 732 	768 	777
f 686 	720 	772
f 864 	469 	902
f 281 	902 	469
f 633 	634 	639
f 634 	723 	639
f 723 	718 	639
f 718 	712 	639
f 649 	639 	712
f 700 	657 	712
f 690 	657 	700
f 682 	666 	690
f 657 	690 	666
f 649 	712 	657
f 720 	767 	772
f 777 	768 	767
f 815 	751 	829
f 769 	829 	751
f 883 	915 	497
f 892 	506 	910
f 7 	943 	948
f 6 	739 	7
f 738 	7 	739
f 889 	7 	692
f 981 	982 	7
f 1006 	889 	713
f 898 	889 	1006
f 692 	713 	889
f 758 	25 	389
f 1015 	1038 	1009
f 747 	908 	731
f 913 	731 	908
f 731 	913 	1029
f 991 	681 	1030
f 681 	732 	1030
f 1028 	1030 	732
f 1029 	913 	904
f 1010 	1328 	1015
f 1011 	724 	997
f 686 	997 	721
f 1031 	1068 	1038
f 1443 	2041 	1033
f 529 	389 	1032
f 389 	25 	1032
f 721 	997 	724
f 1065 	1062 	981
f 1091 	1083 	1062
f 1062 	1083 	981
f 822 	1019 	985
f 30 	1032 	25
f 1095 	1076 	1102
f 1091 	1051 	1049
f 1051 	1076 	1095
f 1076 	1068 	1102
f 1051 	1091 	1055
f 1055 	1091 	1062
f 1005 	1009 	1066
f 1031 	1102 	1068
f 1066 	1009 	1068
f 1009 	1038 	1068
f 982 	981 	1083
f 1080 	982 	1083
f 1049 	1051 	1095
f 1102 	1031 	1110
f 1106 	1073 	1107
f 1073 	1449 	1107
f 1132 	1472 	1129
f 1036 	1038 	1138
f 1092 	2031 	1142
f 1141 	1142 	1590
f 1140 	1126 	1144
f 1147 	1149 	1144
f 1149 	1151 	1144
f 1140 	1144 	1151
f 1107 	1449 	1114
f 1138 	1015 	1152
f 436 	432 	1328
f 1127 	2033 	1128
f 1152 	1015 	434
f 1153 	1148 	1150
f 1148 	1156 	1157
f 1136 	1128 	1105
f 1165 	1386 	1376
f 1015 	1138 	1038
f 1357 	1109 	1108
f 1112 	1090 	1113
f 1117 	1113 	1090
f 1169 	1038 	1036
f 1115 	1109 	1357
f 1122 	1088 	1123
f 1086 	1130 	1088
f 1124 	1144 	1126
f 1134 	1126 	1140
f 1123 	1088 	1130
f 1189 	2045 	1106
f 2048 	1129 	1079
f 890 	1090 	7
f 758 	985 	1086
f 890 	913 	1221
f 1144 	1124 	913
f 890 	1221 	1117
f 890 	1117 	1090
f 985 	1019 	1086
f 1261 	1086 	1019
f 1156 	1148 	1232
f 991 	1030 	1232
f 1156 	1232 	1030
f 1221 	913 	1124
f 1011 	1243 	1153
f 997 	1243 	1011
f 1148 	1153 	1243
f 1148 	1243 	1232
f 1689 	981 	7
f 337 	2029 	1245
f 1153 	1252 	1011
f 1245 	347 	337
f 1130 	1086 	1261
f 1262 	981 	1269
f 1065 	981 	1262
f 1689 	1269 	981
f 1286 	566 	7
f 6 	7 	982
f 1337 	1395 	758
f 625 	646 	1302
f 646 	645 	1302
f 1551 	1914 	1330
f 1339 	374 	982
f 628 	1308 	1347
f 1348 	668 	1347
f 374 	372 	982
f 1010 	1711 	1319
f 1697 	1319 	1711
f 1080 	1339 	982
f 1329 	580 	1286
f 1010 	1319 	1328
f 1744 	1692 	1340
f 1331 	1302 	645
f 1066 	1340 	1005
f 1354 	1355 	1357
f 1354 	1357 	1358
f 790 	797 	763
f 808 	759 	797
f 1344 	1349 	1373
f 1357 	1344 	1373
f 1027 	759 	1034
f 1022 	763 	1027
f 759 	1027 	763
f 1344 	1357 	1345
f 801 	792 	826
f 1336 	1373 	1419
f 1336 	1419 	1337
f 1031 	1368 	1371
f 804 	1541 	805
f 759 	805 	1541
f 805 	759 	808
f 763 	797 	759
f 1367 	1366 	1908
f 1038 	1169 	1376
f 1165 	1376 	1169
f 1090 	1286 	7
f 437 	1368 	102
f 1376 	102 	1368
f 759 	1379 	967
f 1044 	759 	967
f 1110 	1031 	1371
f 1908 	1541 	1367
f 1371 	1368 	437
f 1379 	1309 	971
f 814 	984 	1158
f 826 	814 	1158
f 1158 	1161 	826
f 1386 	519 	1376
f 519 	514 	1376
f 1294 	1158 	984
f 989 	814 	1004
f 989 	988 	814
f 814 	763 	1004
f 1022 	1012 	763
f 102 	1376 	514
f 1299 	1294 	984
f 1151 	1398 	1140
f 1302 	1331 	1392
f 1140 	1392 	1331
f 1308 	1398 	1347
f 1151 	1347 	1398
f 1795 	849 	826
f 1392 	1140 	1398
f 826 	846 	801
f 1329 	1286 	1407
f 1090 	1407 	1286
f 967 	1379 	968
f 971 	970 	1379
f 1407 	1090 	1112
f 1331 	1417 	1140
f 1134 	1140 	1417
f 968 	1379 	970
f 980 	971 	1299
f 984 	980 	1299
f 984 	814 	988
f 1424 	1426 	1429
f 1424 	1429 	1431
f 1426 	1406 	1429
f 1004 	763 	1012
f 1404 	1429 	1405
f 1405 	1429 	1406
f 1408 	1395 	1409
f 1034 	759 	1040
f 2369 	2210 	1582
f 1420 	943 	1418
f 1419 	1409 	1395
f 1040 	759 	1043
f 1044 	1043 	759
f 1119 	1111 	1100
f 1119 	1100 	1089
f 1119 	1089 	1081
f 1119 	1081 	1075
f 1119 	1075 	1069
f 1119 	1069 	1064
f 1119 	1064 	1058
f 1119 	1058 	1060
f 1137 	1125 	1060
f 1119 	1060 	1125
f 1379 	1459 	1316
f 1316 	1315 	1379
f 1271 	1316 	1459
f 1158 	1284 	1170
f 1464 	356 	1488
f 1488 	1490 	1464
f 1490 	1485 	1464
f 1463 	1114 	1449
f 1467 	1488 	353
f 1472 	1450 	1129
f 1079 	1129 	1450
f 1472 	1132 	1471
f 1174 	1792 	1161
f 1463 	1449 	1450
f 1463 	1450 	1472
f 1275 	1271 	1459
f 1170 	1282 	1281
f 1282 	1170 	1284
f 1294 	1287 	1158
f 1443 	1033 	1456
f 626 	627 	1465
f 621 	211 	622
f 1357 	1355 	1404
f 1429 	1404 	1355
f 1284 	1158 	1287
f 1357 	1404 	1475
f 1345 	1357 	1475
f 257 	253 	691
f 691 	253 	835
f 1299 	971 	1309
f 1309 	1379 	1315
f 607 	609 	102
f 1395 	1337 	1419
f 1562 	1560 	2369
f 1582 	2210 	1583
f 1481 	1500 	1480
f 1481 	1558 	1500
f 1373 	1484 	1419
f 1459 	1379 	758
f 1482 	1459 	758
f 290 	99 	1485
f 1484 	1373 	1349
f 99 	1464 	1485
f 1350 	1346 	1341
f 1350 	1341 	1335
f 1350 	1335 	1333
f 1350 	1333 	1327
f 1350 	1327 	1322
f 1350 	1322 	1324
f 1350 	1324 	1356
f 1499 	348 	1505
f 1467 	353 	1499
f 1505 	738 	1504
f 738 	294 	1504
f 1558 	1564 	1500
f 307 	314 	1512
f 1482 	758 	1569
f 1516 	1517 	660
f 467 	322 	451
f 467 	451 	838
f 630 	1516 	660
f 758 	1495 	1500
f 1379 	759 	758
f 83 	98 	1935
f 1525 	1530 	1523
f 1530 	1532 	1523
f 1542 	1523 	1532
f 1535 	1528 	1529
f 1535 	1529 	1534
f 642 	1530 	1525
f 1542 	660 	1523
f 1517 	1523 	660
f 1503 	1514 	1535
f 1514 	1503 	1515
f 1502 	1519 	1503
f 1908 	758 	1541
f 1545 	1547 	1544
f 1542 	1544 	1547
f 1542 	1547 	217
f 1515 	1503 	1519
f 1778 	1053 	1174
f 1935 	1174 	1046
f 1046 	1174 	1047
f 1046 	979 	1935
f 1935 	975 	972
f 969 	83 	972
f 699 	729 	1545
f 1547 	1545 	729
f 1522 	1521 	1535
f 1275 	1459 	1553
f 1514 	1522 	1535
f 1528 	1535 	1521
f 691 	7 	1554
f 1544 	1542 	1532
f 1556 	1780 	1281
f 1480 	2369 	1560
f 1558 	1560 	1562
f 1562 	1564 	1558
f 7 	758 	1580
f 7 	1569 	758
f 1568 	1846 	1356
f 1350 	1356 	1570
f 557 	492 	1328
f 1573 	1574 	1575
f 1573 	1575 	1579
f 1580 	1582 	1583
f 1583 	1586 	1580
f 1586 	7 	1580
f 505 	512 	1406
f 1426 	505 	1406
f 1141 	1590 	1591
f 1141 	1591 	1593
f 1395 	1408 	1595
f 1328 	504 	500
f 504 	1328 	509
f 1611 	1612 	1613
f 1611 	1613 	1618
f 1542 	194 	329
f 194 	189 	329
f 189 	793 	329
f 1463 	1472 	1528
f 1418 	943 	1586
f 1625 	1626 	1627
f 1625 	1627 	1629
f 738 	1569 	7
f 1630 	1502 	1456
f 1519 	1502 	1630
f 1443 	1456 	1502
f 1086 	1088 	758
f 758 	1088 	1336
f 24 	1634 	1639
f 24 	1639 	1640
f 1521 	1642 	1528
f 1463 	1528 	1642
f 2228 	2239 	1442
f 1652 	1655 	34
f 914 	34 	1655
f 1564 	1580 	758
f 793 	799 	329
f 799 	617 	329
f 421 	426 	1661
f 421 	1661 	1662
f 1088 	1122 	1336
f 583 	591 	1670
f 583 	1670 	1672
f 1357 	1153 	1150
f 742 	329 	617
f 745 	742 	617
f 74 	1567 	1668
f 319 	1668 	1567
f 1373 	1336 	1122
f 1682 	1115 	1373
f 1115 	1357 	1373
f 776 	779 	1684
f 776 	1684 	1685
f 758 	1500 	1564
f 1108 	1252 	1153
f 309 	1571 	330
f 909 	745 	617
f 1108 	1153 	1357
f 1147 	912 	617
f 319 	1567 	304
f 1695 	1028 	732
f 1028 	1695 	1696
f 44 	1816 	75
f 1682 	1373 	1122
f 1571 	74 	330
f 1665 	1372 	1541
f 1571 	1567 	74
f 1148 	1157 	1707
f 1148 	1707 	1708
f 1551 	1615 	1550
f 1617 	1610 	1554
f 1610 	1645 	1554
f 1330 	1660 	1551
f 1149 	1147 	617
f 1354 	1358 	1713
f 1354 	1713 	1714
f 1659 	1653 	1607
f 1606 	1628 	1663
f 1628 	1620 	1663
f 74 	1620 	68
f 1624 	1615 	1660
f 1424 	1431 	1720
f 1720 	617 	1723
f 1424 	1720 	1723
f 1606 	1659 	1607
f 91 	1482 	103
f 91 	88 	1482
f 1569 	103 	1482
f 1607 	1653 	1610
f 1615 	1174 	1550
f 738 	342 	1569
f 1551 	1660 	1615
f 116 	68 	1620
f 491 	276 	1736
f 464 	1736 	276
f 74 	1663 	1620
f 1786 	397 	1739
f 1742 	1811 	1741
f 1348 	1149 	617
f 572 	1745 	486
f 1743 	486 	1745
f 1654 	1687 	1656
f 1686 	1624 	1660
f 1690 	1687 	1654
f 1654 	1671 	1693
f 1671 	1665 	1698
f 1541 	1698 	1665
f 1741 	1791 	393
f 387 	1741 	393
f 1723 	617 	1736
f 1645 	264 	1554
f 691 	1554 	264
f 393 	1788 	397
f 1786 	1782 	407
f 912 	909 	617
f 1656 	1686 	1660
f 462 	505 	1426
f 1587 	1406 	512
f 520 	1587 	512
f 1692 	1744 	1711
f 1005 	1340 	1692
f 1645 	1610 	1653
f 520 	512 	448
f 1711 	1746 	1697
f 1372 	1367 	1541
f 1659 	1606 	1663
f 1668 	1663 	74
f 1578 	1697 	1746
f 1578 	1746 	1747
f 1748 	593 	67
f 623 	67 	593
f 67 	623 	1749
f 1744 	1740 	1711
f 1745 	1748 	1743
f 67 	1743 	1748
f 1717 	1742 	1729
f 1686 	1656 	1687
f 1746 	1738 	1689
f 1752 	1754 	67
f 636 	1754 	1752
f 1690 	1654 	1693
f 617 	562 	15
f 171 	15 	562
f 1269 	1689 	1731
f 67 	1749 	1752
f 1693 	1671 	1698
f 1731 	1689 	1732
f 1738 	1732 	1689
f 1135 	1756 	684
f 1336 	1337 	758
f 1738 	1746 	1740
f 1746 	1711 	1740
f 1712 	1829 	1759
f 1420 	1583 	2210
f 1756 	1135 	1754
f 67 	1754 	1135
f 1758 	4 	1753
f 1482 	1553 	1459
f 1715 	1751 	1716
f 1751 	2364 	1759
f 79 	75 	1812
f 1482 	79 	1803
f 1595 	606 	1395
f 600 	1395 	606
f 211 	1533 	1742
f 1716 	1742 	1717
f 103 	1569 	1781
f 1830 	1759 	1829
f 1503 	1689 	7
f 413 	412 	1569
f 1759 	1830 	1758
f 178 	171 	562
f 1783 	1569 	412
f 1781 	1569 	1783
f 1829 	1780 	1556
f 1170 	1281 	1780
f 1782 	1783 	412
f 2210 	943 	1420
f 1071 	1070 	1778
f 1780 	1074 	1778
f 758 	1395 	334
f 1712 	1074 	1829
f 1503 	1535 	1746
f 1503 	1746 	1689
f 1751 	1753 	1742
f 1553 	1482 	1793
f 1803 	1807 	1482
f 1471 	1132 	562
f 1739 	397 	1788
f 1788 	393 	1791
f 1793 	1482 	1807
f 3 	1742 	1753
f 1811 	1742 	3
f 1791 	1741 	1811
f 1803 	79 	1812
f 3 	1753 	4
f 1816 	44 	1817
f 1758 	1817 	44
f 4 	1758 	16
f 218 	1819 	7
f 1765 	75 	1816
f 16 	1758 	40
f 40 	1758 	44
f 1817 	1758 	1830
f 1765 	1812 	75
f 79 	1482 	88
f 1792 	1174 	1615
f 1935 	1550 	1174
f 1795 	1624 	1831
f 1831 	849 	1795
f 1841 	1846 	1568
f 1842 	1846 	1841
f 1843 	1846 	1842
f 1844 	1846 	1843
f 1570 	1356 	1846
f 859 	862 	1837
f 1847 	1837 	862
f 1902 	1845 	903
f 862 	902 	1847
f 1847 	903 	1845
f 846 	826 	849
f 1795 	826 	1792
f 826 	1161 	1792
f 1935 	972 	83
f 1527 	1935 	98
f 218 	834 	1819
f 1819 	828 	1833
f 1686 	1831 	1624
f 118 	186 	176
f 118 	176 	167
f 118 	167 	162
f 118 	162 	153
f 118 	153 	138
f 118 	138 	131
f 118 	131 	128
f 118 	128 	124
f 118 	124 	119
f 118 	119 	114
f 413 	1569 	342
f 738 	1505 	348
f 353 	348 	1499
f 1464 	1465 	211
f 1871 	1832 	1876
f 1769 	1876 	1832
f 68 	108 	1769
f 1887 	7 	1885
f 1465 	622 	211
f 329 	74 	1542
f 1774 	1542 	74
f 1395 	599 	334
f 600 	599 	1395
f 211 	216 	1464
f 356 	1464 	216
f 427 	462 	1787
f 464 	276 	462
f 280 	277 	562
f 903 	280 	562
f 1886 	1702 	1541
f 1787 	1838 	1798
f 1798 	1838 	1874
f 1874 	450 	1798
f 370 	359 	216
f 1741 	370 	216
f 1702 	1698 	1541
f 1787 	462 	276
f 804 	1886 	1541
f 1163 	1131 	211
f 668 	1348 	617
f 1874 	1838 	1875
f 1877 	1875 	1834
f 1834 	1857 	1878
f 1854 	1878 	1857
f 348 	346 	738
f 342 	738 	343
f 1542 	217 	194
f 1834 	1875 	1835
f 1901 	1902 	1900
f 1902 	1903 	1900
f 1835 	1875 	1838
f 1865 	1860 	1814
f 1871 	1865 	1813
f 1871 	1813 	1836
f 1871 	1836 	1832
f 343 	738 	346
f 432 	1015 	1328
f 434 	1015 	432
f 267 	287 	1787
f 1885 	1892 	1887
f 1887 	1891 	1890
f 1813 	1865 	1814
f 1891 	1887 	1892
f 353 	1488 	356
f 354 	334 	1854
f 1575 	1527 	1733
f 98 	1733 	1527
f 1814 	1860 	1815
f 1554 	1951 	1859
f 1897 	1896 	1900
f 489 	441 	496
f 475 	441 	489
f 471 	441 	475
f 470 	441 	471
f 556 	549 	526
f 356 	216 	358
f 1895 	1900 	1896
f 359 	358 	216
f 2484 	2474 	1832
f 433 	1798 	450
f 376 	1741 	387
f 370 	1741 	376
f 455 	441 	457
f 461 	457 	441
f 466 	461 	441
f 454 	990 	441
f 455 	454 	441
f 470 	466 	441
f 1613 	1593 	1733
f 1591 	1733 	1593
f 481 	492 	557
f 1877 	1834 	1878
f 1858 	1554 	1859
f 492 	509 	1328
f 397 	1786 	407
f 1878 	1854 	1882
f 1859 	1815 	1860
f 436 	1328 	500
f 407 	1782 	412
f 1854 	334 	1882
f 1882 	334 	599
f 1733 	617 	1627
f 106 	1876 	1769
f 1618 	1733 	1627
f 1819 	1885 	7
f 607 	102 	595
f 595 	102 	513
f 424 	480 	472
f 424 	472 	465
f 424 	465 	459
f 424 	459 	453
f 424 	453 	447
f 424 	447 	443
f 424 	443 	439
f 424 	439 	435
f 424 	435 	429
f 424 	429 	420
f 1550 	1935 	1910
f 1629 	1627 	617
f 1914 	1935 	1924
f 1914 	1924 	1330
f 574 	570 	526
f 570 	567 	526
f 567 	564 	526
f 564 	556 	526
f 441 	526 	549
f 549 	540 	441
f 496 	441 	540
f 1914 	1910 	1935
f 1928 	1935 	1908
f 1931 	1928 	1908
f 1941 	1700 	2282
f 2273 	2262 	1701
f 1941 	2273 	1700
f 1026 	614 	601
f 1026 	601 	588
f 1026 	588 	581
f 578 	526 	581
f 574 	526 	578
f 1026 	581 	526
f 1924 	1935 	1926
f 1928 	1926 	1935
f 144 	2239 	334
f 1819 	1833 	1885
f 1892 	1885 	1950
f 1950 	1885 	1833
f 1931 	1908 	1932
f 1655 	1652 	617
f 1135 	2164 	501
f 1837 	1847 	1900
f 1895 	1956 	1900
f 1837 	1900 	1956
f 1932 	1908 	1366
f 1166 	211 	621
f 1845 	1902 	1901
f 2139 	2132 	511
f 609 	626 	102
f 622 	1465 	627
f 511 	501 	2139
f 1670 	1662 	617
f 514 	513 	102
f 1465 	102 	626
f 1662 	1661 	617
f 758 	1969 	1970
f 702 	740 	674
f 1442 	674 	740
f 1652 	1640 	617
f 1995 	1996 	7
f 1496 	1099 	1498
f 1520 	1099 	1496
f 1461 	1487 	1154
f 1573 	2003 	2004
f 1573 	2004 	1574
f 2003 	1983 	2004
f 2004 	1976 	1969
f 1976 	2004 	1979
f 1979 	2004 	1983
f 1707 	1696 	617
f 2013 	2014 	2012
f 1991 	1970 	1969
f 1696 	1695 	617
f 638 	660 	501
f 1135 	501 	660
f 630 	660 	638
f 1976 	1992 	1969
f 1991 	1969 	1992
f 1995 	2012 	2006
f 2014 	2015 	2012
f 1713 	617 	1714
f 2054 	1996 	1995
f 159 	144 	1974
f 2016 	1974 	334
f 2011 	1974 	2016
f 521 	689 	647
f 511 	521 	647
f 642 	647 	689
f 676 	642 	689
f 1530 	642 	676
f 2006 	2005 	1995
f 1949 	1743 	59
f 59 	1999 	1949
f 1999 	291 	1949
f 491 	1736 	2082
f 630 	638 	647
f 630 	647 	642
f 2015 	2008 	2012
f 2006 	2012 	2008
f 1714 	617 	1720
f 67 	59 	1743
f 551 	735 	709
f 531 	551 	709
f 699 	709 	729
f 729 	709 	735
f 1999 	59 	2002
f 2009 	2002 	1966
f 1977 	2011 	1966
f 676 	689 	709
f 676 	709 	699
f 572 	486 	587
f 491 	2082 	486
f 1966 	2002 	1967
f 59 	1968 	2002
f 1967 	2002 	1968
f 64 	1968 	59
f 587 	486 	2082
f 2484 	2032 	1952
f 144 	334 	1974
f 1974 	2011 	1977
f 2042 	1247 	2029
f 291 	288 	1949
f 2049 	1142 	2031
f 1590 	1142 	2049
f 482 	481 	557
f 1105 	1128 	2033
f 2009 	1966 	2011
f 1707 	617 	1708
f 2033 	2038 	2031
f 2049 	2031 	2038
f 2000 	1998 	2024
f 1951 	2000 	2024
f 2033 	1127 	2038
f 1685 	617 	1695
f 1708 	617 	1713
f 2027 	2025 	1998
f 2028 	2027 	2010
f 2007 	1952 	2010
f 1245 	2029 	1247
f 1997 	2027 	1998
f 623 	593 	631
f 593 	602 	631
f 2095 	631 	602
f 602 	593 	572
f 602 	572 	587
f 671 	636 	680
f 1754 	636 	671
f 643 	680 	636
f 2060 	2064 	2047
f 2014 	2063 	2061
f 2061 	2064 	2060
f 2064 	2061 	2063
f 2048 	2047 	2064
f 2432 	1958 	2007
f 2043 	2056 	2047
f 643 	636 	623
f 643 	623 	631
f 758 	1970 	2029
f 684 	694 	1135
f 2054 	2053 	2041
f 2041 	2053 	2052
f 2168 	1135 	694
f 2238 	2239 	144
f 694 	684 	671
f 694 	671 	680
f 2025 	2024 	1998
f 2060 	2047 	2055
f 2056 	2055 	2047
f 2063 	2014 	562
f 1132 	2063 	562
f 2013 	1902 	562
f 2014 	2013 	562
f 1747 	1534 	562
f 2045 	2057 	2043
f 2056 	2043 	2057
f 1997 	2010 	2027
f 983 	893 	1021
f 919 	918 	893
f 918 	959 	893
f 921 	919 	893
f 729 	735 	799
f 729 	799 	793
f 2028 	2010 	2032
f 2032 	2010 	1952
f 2042 	2029 	1970
f 893 	930 	929
f 893 	929 	927
f 893 	927 	921
f 986 	1061 	976
f 990 	987 	976
f 2038 	2003 	2049
f 2003 	2038 	2080
f 1983 	2003 	2080
f 441 	990 	976
f 937 	83 	938
f 1970 	2091 	2042
f 1991 	2091 	1970
f 83 	932 	940
f 1016 	557 	1018
f 938 	83 	940
f 1996 	2041 	7
f 482 	557 	1016
f 945 	83 	937
f 956 	893 	959
f 956 	1023 	893
f 1026 	976 	1054
f 1042 	1026 	1052
f 1041 	1026 	1042
f 965 	83 	969
f 933 	83 	965
f 932 	83 	933
f 7 	1586 	943
f 614 	1026 	1041
f 758 	1908 	1969
f 1052 	1026 	1078
f 1084 	1078 	1026
f 1054 	1084 	1026
f 1061 	1056 	976
f 987 	986 	976
f 1054 	976 	1056
f 975 	1935 	979
f 1067 	1001 	557
f 1000 	557 	1001
f 1018 	557 	1000
f 1021 	1039 	983
f 1003 	983 	1017
f 1002 	983 	1003
f 2041 	2052 	2134
f 1097 	1498 	1099
f 1908 	1935 	1969
f 2004 	1969 	1935
f 2057 	2045 	2135
f 1104 	1538 	1116
f 1099 	1518 	1104
f 983 	1002 	2326
f 1002 	999 	2326
f 999 	998 	2326
f 996 	2326 	998
f 1902 	903 	562
f 1021 	893 	1023
f 1035 	983 	1039
f 1017 	983 	1035
f 2151 	758 	2149
f 1047 	1174 	1050
f 1145 	1466 	1154
f 1072 	557 	1139
f 1067 	557 	1072
f 1050 	1174 	1053
f 1139 	557 	1145
f 1063 	1778 	1070
f 1059 	1778 	1063
f 1053 	1778 	1059
f 1071 	1778 	1074
f 1120 	211 	1131
f 1120 	1116 	211
f 1780 	1829 	1074
f 59 	67 	2067
f 2041 	1443 	7
f 1486 	1197 	1155
f 660 	2120 	2152
f 2110 	2152 	2120
f 2085 	2145 	2072
f 66 	2072 	2145
f 1163 	211 	1166
f 1175 	1155 	1197
f 67 	1135 	2067
f 1455 	562 	1614
f 2152 	2148 	660
f 740 	660 	2148
f 2155 	2187 	2186
f 2157 	2187 	2155
f 1611 	2186 	2187
f 1611 	2187 	1612
f 617 	1614 	562
f 2179 	2178 	2163
f 2081 	2085 	2072
f 2081 	2072 	2067
f 2197 	2198 	740
f 2148 	2197 	740
f 2198 	2199 	740
f 1614 	617 	1619
f 1733 	1737 	1623
f 2055 	2015 	2060
f 2186 	2182 	2155
f 1996 	2054 	2041
f 2161 	2154 	2115
f 2170 	2161 	2133
f 2172 	2170 	2133
f 2133 	2127 	2172
f 557 	1466 	1145
f 2166 	2197 	2148
f 2199 	2201 	740
f 2201 	2202 	740
f 1442 	740 	2202
f 2195 	1442 	2202
f 2114 	2161 	2115
f 2163 	2155 	2179
f 1105 	2163 	2178
f 2054 	1995 	2204
f 2179 	2155 	2182
f 1454 	562 	1455
f 1470 	562 	1473
f 2110 	2176 	2152
f 2115 	2085 	2122
f 1995 	2005 	2204
f 2183 	2151 	2184
f 2008 	2015 	2205
f 2085 	2125 	2122
f 2184 	2151 	2185
f 2185 	2151 	2149
f 2171 	2152 	2176
f 2205 	2015 	2055
f 144 	2172 	2127
f 551 	531 	2090
f 2164 	2139 	501
f 2176 	2110 	2177
f 1578 	1747 	562
f 1529 	1471 	562
f 2085 	2154 	2145
f 66 	65 	2072
f 2369 	1480 	1500
f 2085 	2115 	2154
f 1452 	1437 	1453
f 1447 	1437 	1452
f 1446 	1441 	1437
f 2149 	758 	337
f 2114 	2133 	2161
f 1438 	1605 	1437
f 1441 	1438 	1437
f 1447 	1446 	1437
f 1887 	1995 	7
f 1442 	2195 	2228
f 1461 	1154 	1466
f 1466 	557 	1468
f 2239 	2289 	758
f 1468 	557 	1469
f 1142 	2187 	1092
f 2157 	1092 	2187
f 2012 	1897 	1903
f 557 	562 	1470
f 1469 	557 	1470
f 1887 	1890 	1995
f 2012 	1995 	2237
f 1105 	2178 	301
f 301 	299 	1105
f 1995 	1890 	2237
f 337 	345 	2149
f 2185 	2149 	345
f 2237 	1897 	2012
f 1900 	1903 	1897
f 277 	178 	562
f 1483 	1479 	1474
f 1479 	1478 	1474
f 1478 	1477 	1474
f 1437 	1474 	1477
f 1476 	1437 	1477
f 1453 	1437 	1476
f 1492 	1483 	1474
f 1510 	1492 	1474
f 1474 	1526 	1513
f 1474 	1513 	1510
f 1487 	1498 	1154
f 1097 	1154 	1498
f 2265 	2267 	2229
f 2235 	2415 	2229
f 2264 	2266 	2251
f 2235 	2229 	2232
f 2263 	2251 	2260
f 2238 	2251 	2266
f 2266 	2268 	2238
f 2268 	2270 	2238
f 2270 	2272 	2238
f 2272 	2275 	2238
f 2275 	2278 	2238
f 2278 	2279 	2238
f 2279 	2281 	2238
f 2258 	2238 	2281
f 2269 	2229 	2267
f 2271 	2229 	2269
f 2274 	2229 	2271
f 2280 	2229 	2274
f 2240 	2232 	2280
f 2232 	2229 	2280
f 1536 	211 	1537
f 1533 	211 	1536
f 2260 	2248 	2247
f 1537 	211 	1538
f 2252 	2235 	2253
f 1502 	1503 	7
f 1443 	1502 	7
f 2248 	2260 	2251
f 1518 	1099 	1520
f 1116 	1538 	211
f 1538 	1104 	1518
f 2249 	2235 	2252
f 2243 	2253 	2235
f 2263 	2264 	2251
f 1555 	1543 	1557
f 1651 	1543 	1555
f 1566 	1557 	1543
f 1037 	1033 	2041
f 17 	2293 	22
f 1625 	22 	2293
f 1625 	2293 	1626
f 1605 	1581 	1437
f 1543 	1437 	1581
f 1543 	1581 	1572
f 1543 	1572 	1566
f 2041 	2134 	1037
f 17 	2288 	2286
f 1588 	2284 	1589
f 2284 	2282 	1589
f 1596 	1589 	2282
f 1608 	2287 	1609
f 2286 	2285 	17
f 1609 	2284 	1588
f 2238 	2258 	2239
f 2229 	2228 	2265
f 1473 	562 	1454
f 2284 	1609 	2287
f 617 	1733 	1621
f 1619 	617 	1621
f 1073 	1106 	2045
f 1582 	1562 	2369
f 1623 	1621 	1733
f 2048 	2064 	1129
f 1631 	1737 	1608
f 2029 	337 	758
f 2135 	2045 	1189
f 1543 	1651 	1649
f 1691 	1632 	1649
f 1688 	1632 	1691
f 1680 	1632 	1688
f 1677 	1632 	1680
f 1543 	1649 	1632
f 1673 	1474 	1677
f 1669 	1474 	1673
f 1664 	1474 	1669
f 1526 	1474 	1664
f 1632 	1677 	1474
f 1700 	2273 	1701
f 17 	2336 	2293
f 1706 	1704 	1751
f 2262 	1751 	1703
f 2228 	2294 	2210
f 17 	2285 	2336
f 2182 	2293 	2336
f 2186 	2293 	2182
f 1706 	1751 	1710
f 2265 	2228 	2195
f 2267 	2265 	2195
f 2267 	2195 	2202
f 2288 	19 	2340
f 1135 	2321 	2067
f 2081 	2067 	2321
f 2351 	2352 	1197
f 2350 	2351 	1486
f 1710 	1751 	1715
f 1742 	1716 	1751
f 2274 	2271 	2199
f 2274 	2199 	2198
f 2340 	2372 	2183
f 2353 	2354 	1197
f 2240 	2280 	2197
f 2240 	2197 	2166
f 2343 	543 	7
f 2352 	2353 	1197
f 1197 	1486 	2351
f 2171 	2349 	2243
f 1724 	1742 	1533
f 1729 	1742 	1724
f 2253 	2243 	2349
f 2354 	2355 	1197
f 2355 	2356 	1197
f 2356 	2357 	1197
f 1135 	1197 	2357
f 2357 	2358 	1135
f 2358 	2359 	1135
f 2359 	2360 	1135
f 2360 	2362 	1135
f 2321 	1135 	2362
f 2325 	2321 	2362
f 2362 	2337 	2325
f 2176 	2367 	2171
f 2349 	2171 	2367
f 1631 	1623 	1737
f 2323 	2320 	1737
f 2334 	2325 	2337
f 83 	2310 	1737
f 171 	154 	15
f 143 	15 	154
f 152 	143 	154
f 2323 	1737 	2307
f 2343 	127 	543
f 543 	2361 	596
f 2239 	2228 	2369
f 2361 	543 	127
f 141 	152 	2366
f 608 	2366 	152
f 2289 	2239 	2369
f 1486 	1442 	2239
f 1486 	2239 	2350
f 945 	2310 	83
f 2307 	1737 	2310
f 2082 	1736 	2079
f 24 	23 	21
f 24 	21 	1634
f 21 	2375 	17
f 1534 	1529 	562
f 2079 	1736 	2076
f 2375 	21 	183
f 183 	21 	23
f 566 	2343 	7
f 145 	2372 	202
f 202 	2372 	2376
f 19 	2376 	2372
f 152 	141 	750
f 566 	130 	2343
f 2076 	1736 	617
f 1685 	1684 	617
f 1684 	1672 	617
f 1672 	1670 	617
f 1640 	1639 	617
f 1661 	1655 	617
f 1639 	1629 	617
f 1618 	1613 	1733
f 1575 	1733 	1579
f 1591 	1579 	1733
f 127 	2343 	130
f 2151 	2372 	758
f 2372 	145 	758
f 1951 	2228 	2229
f 2087 	2121 	2095
f 2090 	2116 	2087
f 617 	551 	2076
f 2090 	2076 	551
f 2116 	2121 	2087
f 2121 	2111 	2095
f 631 	2095 	2111
f 746 	750 	141
f 2082 	2079 	2087
f 2082 	2087 	2095
f 2289 	1495 	758
f 1951 	2229 	2415
f 2147 	2124 	2129
f 2132 	2139 	2129
f 2132 	2116 	521
f 2139 	2144 	2129
f 2147 	2129 	2144
f 2151 	2183 	2372
f 2372 	2340 	19
f 1951 	2415 	2000
f 2350 	2239 	2258
f 2249 	2415 	2235
f 643 	2124 	680
f 2147 	680 	2124
f 22 	21 	17
f 2351 	2350 	2258
f 2351 	2258 	2281
f 2111 	2121 	2129
f 2111 	2129 	2124
f 19 	2288 	18
f 2090 	531 	2116
f 531 	521 	2116
f 2353 	2352 	2279
f 2353 	2279 	2278
f 948 	2294 	7
f 2158 	2164 	1135
f 2355 	2354 	2275
f 2355 	2275 	2272
f 2168 	2158 	1135
f 2357 	2356 	2270
f 2357 	2270 	2268
f 2147 	2144 	2158
f 2147 	2158 	2168
f 521 	511 	2132
f 2360 	2359 	2264
f 2360 	2264 	2263
f 1704 	1703 	1751
f 1703 	1701 	2262
f 2256 	1751 	2257
f 2260 	2440 	2362
f 2440 	2443 	2362
f 2257 	1751 	2262
f 2337 	2362 	2443
f 1700 	1596 	2282
f 2440 	2260 	2247
f 2177 	2110 	2452
f 2007 	2452 	2432
f 2291 	2306 	2302
f 2298 	2291 	2302
f 2297 	2291 	2298
f 1542 	2433 	660
f 2120 	660 	2433
f 1958 	2433 	1542
f 1952 	2007 	1958
f 893 	2291 	930
f 2295 	930 	2291
f 2296 	2295 	2291
f 2297 	2296 	2291
f 2433 	1958 	2432
f 2432 	2452 	2110
f 2287 	1608 	1737
f 2320 	2317 	1737
f 2317 	2287 	1737
f 2338 	2335 	2326
f 2335 	2332 	2326
f 2332 	2329 	2326
f 2291 	2326 	2329
f 2327 	2291 	2329
f 2306 	2291 	2327
f 2339 	2338 	2326
f 2341 	2339 	2326
f 1951 	1554 	2228
f 2326 	996 	2347
f 2326 	2347 	2342
f 2341 	2326 	2342
f 2471 	1815 	1951
f 2024 	2471 	1951
f 2363 	1751 	2256
f 2365 	1759 	2364
f 2364 	1751 	2363
f 2228 	7 	2294
f 2370 	2371 	1759
f 1712 	1759 	2371
f 2370 	1759 	2365
f 1155 	674 	1486
f 1442 	1486 	674
f 1958 	1542 	2477
f 1774 	2477 	1542
f 2474 	2477 	1832
f 1769 	1832 	2477
f 1774 	1769 	2477
f 1952 	2474 	2484
f 2085 	2325 	2493
f 2334 	2333 	2325
f 2125 	2085 	2493
f 7 	2228 	1554
f 2493 	2325 	2333
f 2501 	1554 	1858
f 1617 	1554 	2501
f 1815 	1859 	1951
f 2228 	2210 	2369
f 758 	334 	2239
f 2251 	2238 	2503
f 144 	2503 	2238
f 2127 	2503 	144
# 1530 faces

g group_0_16089887

usemtl color_16089887
s 0

f 2146 	2148 	2152
f 2146 	2152 	2153
f 2146 	2166 	2148
f 2153 	2152 	2171
f 2232 	2233 	2234
f 2232 	2234 	2235
f 2233 	2232 	2240
f 2153 	2234 	2146
f 2233 	2146 	2234
f 2166 	2146 	2240
f 2233 	2240 	2146
f 2171 	2243 	2153
f 2153 	2243 	2234
f 2235 	2234 	2243
# 14 faces

g group_0_16311991

usemtl color_16311991
s 0

f 35 	36 	38
f 35 	38 	39
f 41 	42 	43
f 41 	43 	45
f 46 	47 	48
f 46 	48 	49
f 50 	51 	52
f 50 	52 	53
f 51 	54 	55
f 51 	55 	52
f 47 	56 	57
f 47 	57 	48
f 57 	63 	49
f 57 	49 	48
f 50 	112 	54
f 50 	54 	51
f 175 	94 	93
f 175 	93 	184
f 161 	160 	191
f 161 	191 	192
f 196 	198 	199
f 196 	199 	201
f 203 	204 	206
f 203 	206 	207
f 47 	46 	151
f 47 	151 	56
f 200 	53 	52
f 200 	52 	55
f 224 	225 	226
f 224 	226 	230
f 223 	222 	1375
f 228 	526 	229
f 233 	234 	235
f 233 	235 	237
f 241 	243 	244
f 241 	244 	246
f 234 	249 	250
f 234 	250 	235
f 252 	254 	256
f 252 	256 	258
f 225 	259 	260
f 225 	260 	226
f 1375 	222 	1430
f 819 	229 	441
f 199 	844 	201
f 260 	284 	230
f 260 	230 	226
f 233 	320 	249
f 233 	249 	234
f 1270 	246 	244
f 26 	383 	384
f 26 	384 	27
f 123 	385 	386
f 123 	386 	125
f 225 	224 	340
f 225 	340 	259
f 381 	237 	235
f 381 	235 	250
f 402 	403 	405
f 402 	405 	406
f 409 	411 	414
f 409 	414 	415
f 441 	229 	526
f 1457 	207 	206
f 533 	534 	535
f 533 	535 	537
f 542 	544 	546
f 542 	546 	547
f 544 	552 	554
f 544 	554 	546
f 558 	560 	534
f 534 	560 	535
f 1548 	1725 	409
f 1728 	1600 	405
f 560 	121 	537
f 560 	537 	535
f 542 	604 	552
f 542 	552 	544
f 650 	651 	652
f 650 	652 	653
f 655 	656 	658
f 655 	658 	659
f 656 	662 	664
f 656 	664 	658
f 651 	669 	673
f 651 	673 	652
f 667 	554 	552
f 667 	552 	604
f 121 	560 	558
f 121 	558 	122
f 736 	728 	727
f 736 	727 	737
f 743 	983 	744
f 893 	983 	743
f 1390 	737 	727
f 547 	546 	554
f 667 	547 	554
f 122 	558 	533
f 534 	533 	558
f 444 	796 	798
f 444 	798 	445
f 507 	802 	803
f 507 	803 	508
f 796 	806 	807
f 796 	807 	798
f 673 	653 	652
f 662 	656 	762
f 655 	762 	656
f 802 	811 	812
f 802 	812 	803
f 673 	794 	653
f 819 	1026 	820
f 228 	820 	1026
f 1026 	526 	228
f 651 	650 	817
f 651 	817 	669
f 812 	824 	508
f 812 	508 	803
f 843 	659 	658
f 843 	658 	664
f 444 	845 	806
f 444 	806 	796
f 484 	857 	858
f 484 	858 	485
f 563 	866 	868
f 563 	868 	565
f 857 	386 	385
f 857 	385 	858
f 866 	384 	383
f 866 	383 	868
f 361 	973 	974
f 361 	974 	363
f 843 	664 	662
f 843 	662 	762
f 1026 	819 	976
f 957 	977 	978
f 957 	978 	960
f 794 	673 	669
f 794 	669 	817
f 441 	976 	819
f 484 	125 	386
f 917 	445 	798
f 917 	798 	807
f 386 	857 	484
f 802 	507 	875
f 802 	875 	811
f 565 	868 	26
f 383 	26 	868
f 2259 	1007 	1008
f 1013 	1014 	2277
f 1014 	1025 	2169
f 1014 	2169 	2277
f 866 	563 	27
f 866 	27 	384
f 2100 	1057 	1007
f 2100 	1007 	2259
f 123 	485 	858
f 123 	858 	385
f 1082 	244 	1077
f 243 	1077 	244
f 1087 	256 	1085
f 254 	1085 	256
f 1190 	1543 	1191
f 1195 	1194 	1437
f 1437 	1543 	1195
f 1195 	1543 	1190
f 1194 	1191 	1632
f 2261 	1008 	1162
f 1077 	243 	1173
f 241 	1173 	243
f 256 	1087 	258
f 1121 	258 	1087
f 1229 	1230 	1231
f 1229 	1231 	1233
f 1236 	1237 	1238
f 1236 	1238 	1240
f 1237 	1244 	1246
f 1237 	1246 	1238
f 1230 	1248 	1249
f 1230 	1249 	1231
f 1234 	1085 	252
f 254 	252 	1085
f 244 	1082 	1270
f 1288 	1289 	1290
f 1288 	1290 	1291
f 1297 	1298 	1300
f 1297 	1300 	1301
f 1249 	1199 	1233
f 1249 	1233 	1231
f 992 	1303 	1304
f 992 	1304 	993
f 1298 	1306 	1307
f 1298 	1307 	1300
f 1236 	995 	1244
f 1236 	1244 	1237
f 1289 	1311 	1312
f 1289 	1312 	1290
f 1214 	1310 	1314
f 1214 	1314 	1215
f 1303 	978 	977
f 1303 	977 	1304
f 1310 	974 	973
f 1310 	973 	1314
f 1312 	1326 	1291
f 1312 	1291 	1290
f 973 	361 	1215
f 973 	1215 	1314
f 1297 	1352 	1306
f 1297 	1306 	1298
f 992 	960 	978
f 992 	978 	1303
f 1230 	1229 	1200
f 1230 	1200 	1248
f 994 	1240 	1238
f 994 	1238 	1246
f 1374 	223 	1375
f 1375 	1277 	1276
f 1375 	1276 	1374
f 1289 	1288 	1362
f 1289 	1362 	1311
f 1383 	1301 	1300
f 1383 	1300 	1307
f 1393 	1384 	1382
f 1393 	1382 	1394
f 1428 	1276 	1430
f 1430 	1276 	1277
f 957 	993 	1304
f 957 	1304 	977
f 1277 	1375 	1430
f 1310 	1214 	363
f 1310 	363 	974
f 994 	1246 	1244
f 994 	1244 	995
f 1199 	1249 	1248
f 1199 	1248 	1200
f 1418 	1444 	1445
f 1418 	1445 	1420
f 1276 	1428 	1374
f 223 	1374 	1428
f 1425 	1422 	1421
f 1425 	1421 	1427
f 1583 	1420 	1445
f 809 	1457 	1458
f 809 	1458 	810
f 1382 	1422 	1425
f 1382 	1425 	1394
f 844 	1460 	1462
f 844 	1462 	848
f 1457 	206 	1458
f 204 	1458 	206
f 198 	1462 	199
f 1460 	199 	1462
f 1421 	1384 	1393
f 1421 	1393 	1427
f 1390 	1388 	1387
f 1390 	1387 	1391
f 1437 	1194 	1474
f 1194 	1632 	1474
f 727 	1388 	1390
f 1460 	844 	199
f 1480 	1489 	1491
f 1480 	1491 	1481
f 203 	810 	1458
f 203 	1458 	204
f 1491 	1489 	1667
f 1387 	728 	736
f 1387 	736 	1391
f 1667 	1489 	1560
f 1480 	1560 	1489
f 789 	1531 	1524
f 789 	1524 	786
f 1506 	1539 	1540
f 1506 	1540 	1507
f 809 	207 	1457
f 848 	1462 	196
f 198 	196 	1462
f 1562 	1576 	1577
f 1562 	1577 	1564
f 1583 	1603 	1604
f 1583 	1604 	1586
f 1603 	1445 	1604
f 1444 	1604 	1445
f 1445 	1603 	1583
f 1418 	1586 	1604
f 1418 	1604 	1444
f 1191 	1543 	1632
f 1580 	1637 	1638
f 1580 	1638 	1582
f 1637 	1577 	1576
f 1637 	1576 	1638
f 1562 	1582 	1638
f 1562 	1638 	1576
f 1580 	1564 	1577
f 1580 	1577 	1637
f 1558 	1666 	1667
f 1558 	1667 	1560
f 1666 	1491 	1667
f 1491 	1666 	1481
f 1558 	1481 	1666
f 1546 	1722 	1725
f 1546 	1725 	1548
f 1600 	1728 	1730
f 1600 	1730 	1602
f 411 	1725 	414
f 1722 	414 	1725
f 1728 	405 	1730
f 403 	1730 	405
f 411 	409 	1725
f 406 	405 	1600
f 1594 	1763 	184
f 1594 	184 	93
f 161 	192 	1766
f 161 	1766 	1757
f 1678 	1771 	1772
f 1678 	1772 	1679
f 1760 	1775 	1776
f 1760 	1776 	1761
f 1775 	1540 	1539
f 1775 	1539 	1776
f 403 	402 	1602
f 403 	1602 	1730
f 1546 	415 	414
f 1546 	414 	1722
f 1531 	1772 	1524
f 1771 	1524 	1772
f 1025 	1014 	1013
f 1025 	1013 	1093
f 1162 	1008 	1007
f 1162 	1007 	1057
f 789 	1679 	1531
f 1531 	1679 	1772
f 1760 	1507 	1540
f 1760 	1540 	1775
f 1771 	1678 	786
f 1771 	786 	1524
f 1506 	1761 	1776
f 1506 	1776 	1539
f 1326 	1312 	1311
f 1326 	1311 	1362
f 1383 	1307 	1306
f 1383 	1306 	1352
f 284 	260 	259
f 284 	259 	340
f 381 	250 	249
f 381 	249 	320
f 1801 	1942 	1944
f 1801 	1944 	1802
f 1939 	1946 	1947
f 1939 	1947 	1940
f 63 	57 	56
f 63 	56 	151
f 200 	55 	54
f 200 	54 	112
f 1981 	2098 	2099
f 1981 	2099 	1982
f 2092 	2102 	2103
f 2092 	2103 	2093
f 1121 	1087 	1085
f 1121 	1085 	1234
f 1270 	1082 	1077
f 1270 	1077 	1173
f 2291 	2181 	2180
f 743 	2181 	2291
f 2326 	2180 	983
f 2105 	2230 	39
f 2105 	39 	38
f 41 	45 	2236
f 41 	2236 	2223
f 2100 	2259 	2261
f 2100 	2261 	2101
f 2167 	2276 	2277
f 2167 	2277 	2169
f 2259 	1008 	2261
f 2276 	1013 	2277
f 893 	743 	2291
f 2291 	2180 	2326
f 744 	983 	2180
f 1162 	2101 	2261
f 2276 	2167 	1093
f 2276 	1093 	1013
f 824 	812 	811
f 824 	811 	875
f 917 	807 	806
f 917 	806 	845
f 2328 	2398 	2399
f 2328 	2399 	2330
f 2379 	2397 	2380
f 2396 	2380 	2397
f 2398 	2103 	2102
f 2398 	2102 	2399
f 2397 	2099 	2098
f 2397 	2098 	2396
f 2380 	2396 	1981
f 2098 	1981 	2396
f 2328 	2093 	2103
f 2328 	2103 	2398
f 2379 	1982 	2397
f 1982 	2099 	2397
f 2092 	2330 	2399
f 2092 	2399 	2102
f 2020 	2465 	2466
f 2020 	2466 	2021
f 2084 	2468 	2469
f 2084 	2469 	2086
f 2468 	1947 	1946
f 2468 	1946 	2469
f 2465 	1944 	1942
f 2465 	1942 	2466
f 2476 	43 	42
f 1942 	1801 	2021
f 1942 	2021 	2466
f 2084 	1940 	1947
f 2084 	1947 	2468
f 2413 	2476 	42
f 36 	35 	2456
f 2472 	2456 	35
f 45 	2476 	2236
f 43 	2476 	45
f 2230 	35 	39
f 2472 	35 	2230
f 2465 	2020 	1802
f 2465 	1802 	1944
f 1939 	2086 	2469
f 1939 	2469 	1946
f 94 	175 	2498
f 94 	2498 	1853
f 1936 	2499 	191
f 1936 	191 	160
f 2499 	1766 	192
f 2499 	192 	191
f 175 	184 	1763
f 175 	1763 	2498
f 2456 	2472 	2105
f 2230 	2105 	2472
f 1763 	1594 	1853
f 1763 	1853 	2498
f 1936 	1757 	1766
f 1936 	1766 	2499
f 2413 	2223 	2236
f 2413 	2236 	2476
# 440 faces

g group_0_16448250

usemtl color_16448250
s 0

f 194 	195 	190
f 194 	190 	189
f 205 	190 	195
f 205 	195 	212
f 195 	194 	217
f 195 	217 	212
f 2438 	277 	275
f 2389 	2387 	329
f 179 	2438 	275
f 511 	648 	510
f 503 	510 	648
f 503 	501 	511
f 503 	511 	510
f 14 	902 	281
f 531 	710 	530
f 527 	530 	710
f 527 	521 	531
f 527 	531 	530
f 1880 	422 	421
f 617 	800 	615
f 553 	615 	800
f 553 	551 	617
f 553 	617 	615
f 637 	638 	501
f 637 	501 	503
f 2123 	643 	644
f 647 	648 	511
f 644 	629 	2123
f 503 	648 	637
f 624 	623 	636
f 624 	636 	635
f 665 	688 	663
f 644 	643 	631
f 644 	631 	629
f 648 	647 	638
f 648 	638 	637
f 687 	689 	521
f 687 	521 	527
f 674 	663 	688
f 685 	688 	665
f 685 	665 	678
f 674 	695 	697
f 701 	702 	697
f 702 	674 	697
f 703 	704 	695
f 674 	688 	695
f 703 	695 	688
f 697 	695 	706
f 705 	706 	695
f 709 	710 	531
f 705 	665 	663
f 705 	663 	706
f 697 	706 	701
f 527 	710 	687
f 710 	709 	689
f 710 	689 	687
f 695 	704 	705
f 748 	705 	704
f 748 	678 	705
f 665 	705 	678
f 740 	702 	734
f 701 	734 	702
f 733 	735 	551
f 733 	551 	553
f 703 	740 	704
f 734 	704 	740
f 734 	701 	749
f 749 	701 	706
f 1880 	590 	422
f 749 	748 	704
f 749 	704 	734
f 799 	800 	617
f 553 	800 	733
f 800 	799 	735
f 800 	735 	733
f 908 	2402 	909
f 747 	2402 	908
f 2409 	2408 	912
f 1143 	1146 	1167
f 1167 	1146 	1155
f 1168 	1164 	1143
f 1168 	1143 	1167
f 1167 	1155 	1172
f 1176 	1171 	1175
f 1155 	1175 	1171
f 1171 	1172 	1155
f 1180 	1181 	1172
f 1181 	1167 	1172
f 1184 	1186 	1172
f 1184 	1172 	1171
f 1143 	1186 	1184
f 1143 	1184 	1146
f 1171 	1176 	1184
f 1144 	2410 	1147
f 1164 	1205 	1186
f 1172 	1186 	1180
f 1164 	1186 	1143
f 1176 	1175 	1196
f 1197 	1196 	1175
f 1196 	1197 	1180
f 1181 	1180 	1197
f 1184 	1176 	1206
f 1206 	1176 	1196
f 1206 	1180 	1205
f 1196 	1180 	1206
f 1180 	1186 	1205
f 913 	2410 	1144
f 1147 	2409 	912
f 703 	688 	685
f 685 	661 	703
f 661 	660 	703
f 740 	703 	660
f 685 	1133 	661
f 1168 	1167 	1181
f 1168 	1181 	1133
f 1197 	1135 	1181
f 1135 	1133 	1181
f 685 	1168 	1133
f 2414 	2429 	1151
f 685 	678 	1168
f 1164 	1168 	678
f 748 	1164 	678
f 2393 	2389 	742
f 748 	1206 	1205
f 749 	1206 	748
f 1205 	1164 	748
f 1591 	1777 	1779
f 1779 	1767 	1591
f 1575 	1784 	1785
f 1785 	1762 	1575
f 1618 	1820 	1821
f 1618 	1828 	1820
f 1639 	1851 	1852
f 1852 	1839 	1639
f 1873 	1661 	1872
f 425 	915 	1872
f 1884 	1670 	1883
f 590 	1880 	1883
f 1652 	1893 	1894
f 1894 	1861 	1652
f 1685 	1906 	1907
f 1707 	1915 	1916
f 1916 	1909 	1707
f 1714 	1925 	1927
f 2449 	1901 	1900
f 1714 	1930 	1925
f 1723 	1933 	1934
f 464 	1937 	1736
f 1723 	1736 	1933
f 1938 	1933 	1736
f 1713 	1943 	1945
f 1945 	1920 	1713
f 1685 	1955 	1906
f 1847 	2442 	1900
f 2059 	1517 	1516
f 2059 	1516 	2058
f 1523 	2065 	2062
f 1523 	2062 	1525
f 2058 	2062 	2065
f 2058 	2065 	2059
f 2065 	1523 	1517
f 2065 	1517 	2059
f 2068 	1532 	1530
f 2068 	1530 	2066
f 1544 	2073 	2070
f 1544 	2070 	1545
f 2066 	2070 	2073
f 2066 	2073 	2068
f 2073 	1544 	1532
f 2073 	1532 	2068
f 212 	217 	1547
f 212 	1547 	205
f 629 	631 	2113
f 2111 	2113 	631
f 2116 	2117 	2119
f 2116 	2119 	2121
f 1574 	2004 	1784
f 2123 	2124 	643
f 2129 	2130 	2131
f 2129 	2131 	2132
f 2123 	629 	2113
f 2130 	2119 	2117
f 2130 	2117 	2131
f 2113 	2111 	2124
f 2113 	2124 	2123
f 2130 	2129 	2121
f 2130 	2121 	2119
f 1935 	1784 	2004
f 2117 	2116 	2132
f 2117 	2132 	2131
f 330 	329 	2387
f 741 	2392 	742
f 2393 	742 	2392
f 330 	2387 	741
f 2392 	741 	2387
f 329 	742 	2389
f 747 	745 	2400
f 100 	2061 	101
f 2400 	2402 	747
f 913 	2408 	2410
f 2414 	1151 	1149
f 668 	2417 	670
f 143 	670 	2419
f 2417 	2419 	670
f 1347 	2429 	1348
f 1347 	1151 	2429
f 152 	154 	173
f 179 	178 	2434
f 2015 	86 	2060
f 2434 	2438 	179
f 77 	14 	280
f 281 	280 	14
f 1845 	2442 	1847
f 2224 	2198 	2197
f 2224 	2197 	2225
f 2449 	1900 	2442
f 2227 	2202 	2201
f 2227 	2201 	2220
f 280 	903 	77
f 1903 	1902 	164
f 2015 	2014 	86
f 1129 	113 	1132
f 111 	1132 	113
f 1935 	1527 	1764
f 1762 	1764 	1527
f 113 	1129 	2064
f 2003 	1573 	1768
f 1573 	1579 	1768
f 1767 	1768 	1579
f 2060 	101 	2061
f 1777 	1591 	1590
f 2049 	1777 	1590
f 101 	2060 	86
f 2049 	2003 	1777
f 1768 	1777 	2003
f 100 	87 	2061
f 1591 	1767 	1579
f 1472 	1471 	105
f 1784 	1575 	1574
f 135 	1529 	136
f 1764 	1784 	1935
f 1472 	105 	1528
f 136 	1528 	105
f 1575 	1762 	1527
f 1142 	1141 	1800
f 1141 	1593 	1800
f 1799 	1800 	1593
f 134 	133 	1534
f 1612 	1809 	1613
f 1810 	1613 	1809
f 2187 	1809 	1612
f 1746 	149 	1747
f 133 	149 	1535
f 1746 	1535 	149
f 1809 	2187 	1142
f 1809 	1142 	1800
f 1810 	1799 	1593
f 1810 	1593 	1613
f 2299 	2268 	2266
f 2299 	2266 	2300
f 2012 	90 	2013
f 2186 	1611 	1821
f 1618 	1821 	1611
f 2303 	2263 	2260
f 2303 	2260 	2305
f 164 	2012 	1903
f 1626 	1827 	1627
f 1828 	1627 	1827
f 2293 	1827 	1626
f 2274 	2308 	2309
f 2274 	2309 	2280
f 2293 	2186 	1827
f 1821 	1827 	2186
f 89 	1902 	2013
f 2267 	2312 	2301
f 2267 	2301 	2269
f 2313 	2272 	2270
f 2313 	2270 	2314
f 170 	172 	171
f 181 	171 	172
f 1828 	1618 	1627
f 173 	172 	170
f 173 	170 	152
f 22 	1625 	1840
f 1625 	1629 	1840
f 1839 	1840 	1629
f 181 	154 	171
f 2318 	2281 	2279
f 2318 	2279 	2319
f 1851 	1639 	1634
f 21 	1851 	1634
f 21 	22 	1851
f 1840 	1851 	22
f 1639 	1839 	1629
f 2308 	2224 	2225
f 2308 	2225 	2309
f 23 	24 	1862
f 24 	1640 	1862
f 1861 	1862 	1640
f 2312 	2227 	2220
f 2312 	2220 	2301
f 915 	914 	1868
f 1867 	1868 	1655
f 1655 	1868 	914
f 426 	1872 	1661
f 425 	1872 	426
f 1868 	1872 	915
f 1873 	1867 	1655
f 1873 	1655 	1661
f 97 	1132 	111
f 1879 	1880 	1662
f 1662 	1880 	421
f 591 	1883 	1670
f 590 	1883 	591
f 1884 	1879 	1662
f 1884 	1662 	1670
f 1652 	34 	1893
f 33 	1893 	34
f 33 	23 	1893
f 1862 	1893 	23
f 1652 	1861 	1640
f 584 	583 	1899
f 583 	1672 	1899
f 1898 	1899 	1672
f 779 	1904 	1684
f 1905 	1684 	1904
f 778 	1904 	779
f 584 	1899 	778
f 1904 	778 	1899
f 2312 	2267 	2202
f 2312 	2202 	2227
f 1905 	1898 	1672
f 1905 	1672 	1684
f 777 	776 	1907
f 1685 	1907 	776
f 2308 	2274 	2198
f 2308 	2198 	2224
f 1030 	1028 	1911
f 1028 	1696 	1911
f 1909 	1911 	1696
f 1915 	1707 	1157
f 1156 	1915 	1157
f 1156 	1030 	1915
f 1911 	1915 	1030
f 1707 	1909 	1696
f 2357 	2381 	2382
f 2357 	2382 	2358
f 1150 	1148 	1923
f 1148 	1708 	1923
f 1920 	1923 	1708
f 2360 	2383 	2384
f 2360 	2384 	2362
f 1355 	1354 	1927
f 1714 	1927 	1354
f 143 	2419 	15
f 2420 	15 	2419
f 1133 	1135 	661
f 1431 	1929 	1720
f 1930 	1720 	1929
f 1429 	1929 	1431
f 2355 	2386 	2388
f 2355 	2388 	2356
f 1429 	1355 	1929
f 1927 	1929 	1355
f 2225 	2197 	2280
f 2225 	2280 	2309
f 1930 	1714 	1720
f 2351 	2394 	2395
f 2351 	2395 	2352
f 2381 	2299 	2300
f 2381 	2300 	2382
f 1426 	1424 	1934
f 1723 	1934 	1424
f 1155 	1146 	674
f 663 	674 	1146
f 2383 	2303 	2305
f 2383 	2305 	2384
f 745 	2401 	2400
f 706 	663 	1146
f 1206 	749 	1184
f 909 	2402 	2403
f 2386 	2313 	2314
f 2386 	2314 	2388
f 1146 	1184 	706
f 749 	706 	1184
f 745 	909 	2401
f 2403 	2401 	909
f 913 	912 	2408
f 2394 	2318 	2319
f 2394 	2319 	2395
f 1147 	2410 	2411
f 1938 	1736 	1937
f 462 	1937 	464
f 2411 	2409 	1147
f 2414 	1149 	2416
f 1937 	462 	1934
f 1934 	462 	1426
f 668 	2418 	2417
f 1943 	1713 	1358
f 1357 	1943 	1358
f 668 	2420 	2418
f 15 	2420 	668
f 1357 	1150 	1943
f 1923 	1943 	1150
f 1348 	2429 	2430
f 1713 	1920 	1708
f 1149 	1348 	2416
f 2430 	2416 	1348
f 732 	1954 	1695
f 1955 	1695 	1954
f 154 	180 	173
f 1954 	732 	777
f 1907 	1954 	777
f 1955 	1685 	1695
f 178 	2436 	2434
f 2439 	277 	2438
f 178 	277 	2436
f 2439 	2436 	277
f 1845 	1 	2442
f 623 	624 	2448
f 623 	2448 	1749
f 2 	1901 	2449
f 1752 	2450 	635
f 1752 	635 	636
f 624 	635 	2448
f 2450 	2448 	635
f 2394 	2351 	2281
f 2394 	2281 	2318
f 1845 	1901 	1
f 2 	1 	1901
f 2450 	1752 	1749
f 2450 	1749 	2448
f 902 	12 	903
f 78 	903 	12
f 2386 	2355 	2272
f 2386 	2272 	2313
f 14 	12 	902
f 77 	903 	78
f 2381 	2357 	2268
f 2381 	2268 	2299
f 1902 	166 	164
f 2383 	2360 	2263
f 2383 	2263 	2303
f 2014 	87 	86
f 97 	95 	2063
f 2064 	2063 	95
f 95 	113 	2064
f 2063 	1132 	97
f 2014 	2061 	87
f 2305 	2260 	2362
f 2305 	2362 	2384
f 1471 	107 	105
f 1528 	136 	1529
f 2314 	2270 	2356
f 2314 	2356 	2388
f 1471 	1529 	107
f 135 	107 	1529
f 1535 	1534 	133
f 2319 	2279 	2352
f 2319 	2352 	2395
f 1747 	149 	148
f 1534 	1747 	134
f 148 	134 	1747
f 660 	661 	1135
f 89 	2013 	90
f 164 	90 	2012
f 1902 	89 	166
f 154 	181 	180
# 468 faces

 #end of obj_0

