# Object Export From Tinkercad Server 2015

mtllib obj.mtl

o obj_0
v 43.855 		-19.7 		6.1
v 43.855 		-19.7 		8.5
v 43.985 		-19.7 		8.5
v 62.425 		-7.471 		10
v 58.753 		-11.262 		10.8967
v 63.4835 		-7.629 		10
v 63.325 		-7.471 		10
v 43.985 		-19.997 		8.5
v 43.985 		-19.997 		10
v 62.875 		-7.35 		10
v 43.985 		-16.177 		10
v 49.253 		-10.429 		10.7283
v 49.253 		-10.429 		10.9258
v 43.985 		-14.682 		10
v 46.633 		-17.745 		10.1
v 46.633 		-17.745 		10
v 59.6283 		-7.262 		10
v 59.829 		-7.262 		10
v 46.633 		-18.779 		10
v 46.633 		-18.779 		10.1
v 48.3438 		-10.029 		10
v 48.142 		-10.029 		10
v 47.533 		-10.062 		10
v 63.325 		-7.471 		10.01
v 62.875 		-7.35 		10.01
v 62.425 		-7.471 		10.01
v 48.858 		-20.13 		10.1
v 48.858 		-20.13 		10
v 48.858 		-21.021 		10
v 48.858 		-21.021 		10.1
v 49.293 		-21.021 		10.1
v 49.293 		-21.021 		10
v 49.293 		-20.13 		10
v 49.293 		-20.13 		10.1
v 47.533 		-18.779 		10.1
v 47.533 		-18.779 		10
v 47.533 		-18.23 		10
v 59.829 		-12.462 		10
v 58.753 		-11.262 		10.7011
v 49.253 		-10.029 		10.9258
v 49.253 		-10.029 		10.7283
v 48.3438 		-10.429 		10
v 48.142 		-10.429 		10
v 59.6283 		-12.462 		10
v 47.048 		-17.745 		10
v 63.985 		-9.629 		10
v 47.533 		-10.429 		10
v 48.142 		-10.829 		10
v 48.3438 		-10.829 		10
v 44.326 		-15.48 		10.01
v 44.865 		-15.677 		10.01
v 59.6283 		-9.662 		10
v 59.829 		-9.662 		10
v 58.753 		-10.062 		10.7011
v 58.753 		-10.062 		10.8967
v 62.875 		-9.91 		10
v 44.5545 		-15.2515 		10
v 62.4324 		-10.029 		10
v 63.3176 		-10.029 		10
v 61.975 		-12.462 		10
v 62.875 		-9.91 		10.01
v 49.253 		-10.829 		10.9258
v 63.985 		-11.662 		10
v 60.453 		-11.662 		10
v 60.453 		-11.849 		10
v 60.453 		-11.849 		10.1
v 61.353 		-11.849 		10.1
v 61.353 		-11.849 		10
v 49.253 		-10.829 		10.7283
v 61.353 		-11.662 		10
v 63.985 		-12.829 		10
v 58.753 		-10.462 		10.8967
v 58.753 		-10.462 		10.7011
v 62.875 		-11.71 		10.01
v 62.6965 		-11.662 		10
v 63.135 		-13.117 		6.1
v 63.135 		-13.117 		0
v 62.635 		-13.117 		0
v 62.875 		-11.71 		10
v 62.635 		-13.117 		6.1
v 63.0535 		-11.662 		10
v 59.829 		-11.662 		10
v 59.6283 		-11.662 		10
v 60.453 		-12.829 		10
v 59.6283 		-12.862 		10
v 59.829 		-12.862 		10
v 61.353 		-12.829 		10
v 62.187 		-12.829 		10
v 62.154 		-12.862 		10
v 63.5637 		-12.829 		10
v 44.326 		-15.48 		10
v 50.685 		-11.196 		11.4
v 50.685 		-11.196 		11.3
v 58.753 		-9.262 		10.7011
v 58.753 		-9.262 		10.8967
v 44.273 		-15.677 		10
v 51.752 		-11.196 		11.3
v 51.752 		-11.196 		11.4
v 44.865 		-15.677 		11
v 45.365 		-16.177 		10.01
v 44.865 		-16.177 		10.01
v 44.326 		-16.38 		10.01
v 44.655 		-16.709 		10.01
v 45.105 		-16.83 		10.01
v 45.555 		-16.709 		10.01
v 44.326 		-16.38 		10
v 62.096 		-12.92 		10
v 44.655 		-16.709 		10
v 62.0129 		-13.229 		10
v 45.105 		-16.83 		10
v 63.7374 		-13.229 		10
v 45.555 		-16.709 		10
v 63.655 		-12.92 		10
v 45.7839 		-16.4808 		10
v 45.555 		-17.711 		10.01
v 45.105 		-17.59 		10.01
v 44.655 		-17.711 		10.01
v 44.326 		-18.04 		10.01
v 44.865 		-18.237 		10.01
v 45.365 		-18.237 		10.01
v 45.885 		-18.04 		10.01
v 45.105 		-17.59 		10
v 44.655 		-17.711 		10
v 44.326 		-18.04 		10
v 44.273 		-18.237 		10
v 45.9375 		-18.237 		10
v 45.885 		-18.04 		10
v 45.555 		-17.711 		10
v 45.365 		-16.177 		11
v 44.865 		-16.177 		11
v 44.205 		-15.93 		10.01
v 58.753 		-8.462 		10.7011
v 58.753 		-8.462 		10.8967
v 44.205 		-15.93 		10
v 44.865 		-18.237 		11
v 45.365 		-18.237 		11
v 45.885 		-18.94 		10.01
v 45.365 		-18.737 		10.01
v 44.865 		-18.737 		10.01
v 44.326 		-18.94 		10.01
v 44.655 		-19.269 		10.01
v 45.105 		-19.39 		10.01
v 45.555 		-19.269 		10.01
v 44.326 		-18.94 		10
v 48.142 		-9.629 		10
v 48.3438 		-9.629 		10
v 44.655 		-19.269 		10
v 63.135 		-13.117 		11
v 45.105 		-19.39 		10
v 63.135 		-13.117 		10.01
v 62.635 		-13.117 		10.01
v 62.635 		-13.117 		11
v 45.555 		-19.269 		10
v 45.885 		-18.94 		10
v 45.365 		-18.737 		11
v 44.865 		-18.737 		11
v 63.655 		-12.92 		10.01
v 62.096 		-12.92 		10.01
v 44.205 		-18.49 		10.01
v 44.205 		-18.49 		10
v 59.6283 		-12.062 		10
v 59.829 		-12.062 		10
v 46.005 		-18.49 		10.01
v 46.005 		-18.49 		10
v 47.988 		-19.997 		10
v 47.928 		-18.625 		10
v 60.22 		-2.06 		8.5
v 60.22 		-2.06 		7.6
v 60.22 		-2.56 		7.6
v 60.22 		-2.56 		8.5
v 60.22 		-2.0992 		8.5
v 60.72 		-2.06 		7.6
v 60.72 		-2.06 		8.5
v 60.72 		-2.1121 		8.5
v 60.72 		-2.56 		8.5
v 60.72 		-2.56 		7.6
v 63.985 		-10.862 		10
v 63.985 		-11.229 		10
v 60.6842 		-2.06 		8.5
v 60.453 		-10.862 		10
v 60.453 		-11.229 		10
v 60.4696 		-2.56 		8.5
v 61.353 		-10.862 		10
v 63.985 		-1 		8.5
v 63.135 		-11.057 		10.01
v 60.835 		-2.55 		8.5
v 63.135 		-11.057 		11
v 62.635 		-11.057 		11
v 62.635 		-11.057 		10.01
v 59.935 		-1.65 		8.5
v 60.0402 		-1.664 		8.5
v 59.8298 		-1.664 		8.5
v 61.989 		-10.862 		10
v 62.0877 		-11.229 		10
v 60.203 		-2.086 		8.5
v 63.6633 		-11.229 		10
v 63.7611 		-10.862 		10
v 60.4521 		-2.688 		8.5
v 58.753 		-8.862 		10.8967
v 58.753 		-8.862 		10.7011
v 59.829 		-10.862 		10
v 59.6283 		-10.862 		10
v 60.1532 		-1.679 		8.5
v 60.144 		-1.6778 		8.5
v 60.22 		-1.7026 		8.5
v 60.168 		-1.681 		8.5
v 49.253 		-9.629 		10.7283
v 49.253 		-9.629 		10.9258
v 60.3625 		-1.7616 		8.5
v 48.3438 		-9.229 		10
v 48.142 		-9.229 		10
v 60.5593 		-1.9043 		8.5
v 60.385 		-1.771 		8.5
v 49.253 		-9.229 		10.9258
v 49.253 		-9.229 		10.7283
v 60.8172 		-2.688 		8.5
v 60.805 		-2.317 		8.5
v 60.572 		-1.914 		8.5
v 62.635 		-11.057 		6.1
v 58.753 		-7.662 		10.7011
v 62.635 		-11.057 		0
v 58.753 		-7.662 		10.8967
v 63.135 		-11.057 		0
v 63.135 		-11.057 		6.1
v 47.533 		-8.829 		10
v 47.533 		-8.462 		10
v 48.142 		-8.829 		10
v 48.3438 		-8.829 		10
v 47.988 		-31 		10
v 48.858 		-19.555 		10
v 48.14 		-18.837 		10
v 60.22 		-3.001 		8.5
v 60.203 		-3.014 		8.5
v 49.535 		-31 		10
v 49.535 		-29.8 		10
v 49.535 		-22.8 		10
v 49.293 		-19.99 		10
v 60.452 		-2.689 		8.5
v 60.399 		-2.818 		8.5
v 60.314 		-2.929 		8.5
v 49.236 		-19.933 		10
v 49.024 		-19.721 		10
v 48.988 		-19.685 		10
v 52.061 		-9.471 		11.4
v 52.061 		-9.471 		11.3
v 49.253 		-8.829 		10.7283
v 49.253 		-8.829 		10.9258
v 46.375 		-19.7 		8.5
v 46.375 		-19.7 		6.1
v 52.853 		-9.471 		11.3
v 52.853 		-9.471 		11.4
v 60.8072 		-2.7657 		8.5
v 44.865 		-15.677 		0
v 44.865 		-15.677 		6.1
v 44.865 		-16.177 		6.1
v 44.865 		-16.177 		0
v 45.365 		-16.177 		0
v 45.365 		-16.177 		6.1
v 48.3438 		-8.429 		10
v 48.142 		-8.429 		10
v 45.365 		-18.237 		6.1
v 45.365 		-18.237 		0
v 60.144 		-3.4222 		8.5
v 44.865 		-18.237 		0
v 60.168 		-3.419 		8.5
v 44.865 		-18.237 		6.1
v 45.365 		-18.737 		0
v 45.365 		-18.737 		6.1
v 44.865 		-18.737 		6.1
v 44.865 		-18.737 		0
v 60.22 		-3.3974 		8.5
v 49.253 		-8.429 		10.9258
v 49.253 		-8.429 		10.7283
v 60.385 		-3.329 		8.5
v 60.572 		-3.186 		8.5
v 47.533 		-9.199 		10
v 60.715 		-3 		8.5
v 60.72 		-2.9879 		8.5
v 60.805 		-2.783 		8.5
v 58.753 		-8.062 		10.8967
v 58.753 		-8.062 		10.7011
v 47.988 		-19.997 		8.5
v 47.988 		-31 		8.5
v 49.535 		-22.8 		10.01
v 49.535 		-29.8 		10.01
v 51.035 		-31 		10
v 52.185 		-31 		10
v 52.185 		-28.8 		10
v 52.185 		-22.882 		10
v 51.035 		-22.8 		10
v 51.035 		-29.8 		10
v 51.035 		-29.8 		10.01
v 51.035 		-22.8 		10.01
v 59.4179 		-2.688 		8.5
v 59.4 		-2.55 		8.5
v 59.418 		-2.412 		8.5
v 59.472 		-2.282 		8.5
v 59.557 		-2.172 		8.5
v 59.668 		-2.086 		8.5
v 59.797 		-2.033 		8.5
v 59.935 		-2.015 		8.5
v 60.074 		-2.033 		8.5
v 46.935 		-9.199 		10
v 52.185 		-28.8 		10.01
v 54.585 		-5.7867 		10
v 54.585 		-5.585 		10
v 47.533 		-9.199 		10.1
v 53.385 		-31 		10
v 54.585 		-31 		10
v 54.585 		-28.8 		10
v 46.935 		-9.199 		10.1
v 54.585 		-25.282 		10
v 53.385 		-24.082 		10
v 53.385 		-28.8 		10
v 59.316 		-1.901 		8.5
v 53.385 		-28.8 		10.01
v 59.702 		-1.681 		8.5
v 59.485 		-1.771 		8.5
v 61.9801 		-10.829 		10
v 63.7699 		-10.829 		10
v 54.585 		-28.8 		10.01
v 56.985 		-27.682 		10
v 56.985 		-29.8 		10
v 56.985 		-29.8 		10.01
v 59.299 		-1.914 		8.5
v 58.485 		-29.8 		10.01
v 58.485 		-29.8 		10
v 58.485 		-29.182 		10
v 59.156 		-2.1 		8.5
v 55.785 		-31 		10
v 59.12 		-2.1868 		8.5
v 55.785 		-26.482 		10
v 55.785 		-28.8 		10
v 59.983 		-31 		10
v 59.983 		-30.68 		10
v 54.585 		-6.713 		10.94
v 54.585 		-6.713 		10.7419
v 59.983 		-31 		8.5
v 59.035 		-2.55 		8.5
v 59.0534 		-2.688 		8.5
v 55.785 		-28.8 		10.01
v 59.066 		-2.317 		8.5
v 47.533 		-8.029 		10
v 60.074 		-3.067 		8.5
v 59.935 		-3.085 		8.5
v 59.797 		-3.067 		8.5
v 59.668 		-3.014 		8.5
v 59.557 		-2.929 		8.5
v 59.472 		-2.818 		8.5
v 48.14 		-18.837 		10.4
v 59.418 		-2.689 		8.5
v 47.928 		-18.625 		10.4
v 49.236 		-19.933 		10.4
v 49.024 		-19.721 		10.4
v 54.985 		-5.062 		10
v 48.988 		-19.685 		10.4
v 59.954 		-3.4475 		8.5
v 43.855 		-4.38 		8.5
v 43.855 		-4.38 		6.1
v 59.7249 		-3.422 		8.5
v 59.935 		-3.45 		8.5
v 43.985 		-4.38 		8.5
v 56.985 		-5.7867 		10
v 56.985 		-5.585 		10
v 59.702 		-3.419 		8.5
v 43.985 		-1 		10
v 43.985 		-1 		8.5
v 55.385 		-5.062 		10
v 43.985 		-13.2399 		10
v 59.066 		-2.783 		8.5
v 43.985 		-11.057 		10
v 43.985 		-8.497 		10
v 55.385 		-4.162 		10
v 43.985 		-5.937 		10
v 59.156 		-3 		8.5
v 46.633 		-6.739 		10
v 46.633 		-6.739 		10.1
v 56.985 		-6.713 		10.94
v 46.633 		-5.705 		10.1
v 46.633 		-5.705 		10
v 56.985 		-6.713 		10.7419
v 59.299 		-3.186 		8.5
v 52.156 		-5.062 		10.1
v 52.156 		-5.062 		10
v 46.633 		-11.649 		10
v 52.185 		-5.062 		10
v 46.633 		-11.649 		10.1
v 46.633 		-9.99 		10.1
v 46.633 		-9.99 		10
v 59.485 		-3.329 		8.5
v 52.185 		-4.162 		10
v 52.156 		-4.162 		10
v 46.633 		-15.425 		10.1
v 52.156 		-4.162 		10.1
v 46.633 		-15.425 		10
v 46.633 		-15.9004 		10
v 46.633 		-14.049 		10
v 46.633 		-14.049 		10.1
v 46.633 		-12.39 		10.1
v 46.633 		-12.39 		10
v 46.633 		-9.199 		10
v 46.633 		-9.199 		10.1
v 46.633 		-7.54 		10.1
v 46.633 		-7.54 		10
v 47.533 		-7.662 		10
v 46.935 		-6.739 		10.1
v 63.985 		-1 		10
v 48.142 		-8.029 		10
v 48.3438 		-8.029 		10
v 61.735 		-1.04 		18.5
v 61.735 		-1.04 		10.1
v 46.935 		-9.99 		10.1
v 57.385 		-5.062 		10
v 52.185 		-5.7867 		10
v 52.185 		-5.585 		10
v 59.6283 		-11.262 		10
v 59.829 		-11.262 		10
v 49.253 		-8.029 		10.7283
v 49.253 		-8.029 		10.9258
v 48.3438 		-7.629 		10
v 48.142 		-7.629 		10
v 62.096 		-11.26 		10
v 46.935 		-11.649 		10.1
v 63.655 		-11.26 		10
v 63.653 		-11.262 		10
v 54.985 		-5.585 		10
v 54.985 		-5.7867 		10
v 46.935 		-15.425 		10.1
v 52.185 		-6.713 		10.94
v 52.185 		-6.713 		10.7419
v 49.253 		-7.629 		10.9258
v 49.253 		-7.629 		10.7283
v 57.785 		-5.062 		10
v 46.935 		-12.39 		10.1
v 46.935 		-14.049 		10.1
v 57.785 		-4.162 		10
v 55.385 		-5.7867 		10
v 55.385 		-5.585 		10
v 46.935 		-7.54 		10.1
v 62.425 		-11.589 		10
v 57.385 		-5.585 		10
v 57.385 		-5.7867 		10
v 63.325 		-11.589 		10
v 46.935 		-7.54 		10
v 46.935 		-9.99 		10
v 46.935 		-11.649 		10
v 57.785 		-5.7867 		10
v 46.935 		-12.39 		10
v 52.585 		-5.062 		10
v 52.985 		-5.062 		10
v 57.785 		-5.585 		10
v 46.935 		-15.425 		10
v 46.935 		-14.049 		10
v 63.655 		-11.26 		10.01
v 62.096 		-11.26 		10.01
v 57.535 		-3.45 		8.5
v 45.555 		-4.911 		10.01
v 45.105 		-4.79 		10.01
v 44.655 		-4.911 		10.01
v 44.326 		-5.24 		10.01
v 44.865 		-5.437 		10.01
v 45.365 		-5.437 		10.01
v 45.885 		-5.24 		10.01
v 57.385 		-6.713 		10.7419
v 57.385 		-6.713 		10.94
v 45.105 		-4.79 		10
v 44.655 		-4.911 		10
v 52.985 		-5.7867 		10
v 52.985 		-5.585 		10
v 57.785 		-6.713 		10.94
v 57.785 		-6.713 		10.7419
v 44.326 		-5.24 		10
v 52.585 		-5.585 		10
v 52.585 		-5.7867 		10
v 47.266 		-4.162 		10.1
v 47.266 		-5.062 		10.1
v 44.273 		-5.437 		10
v 45.9375 		-5.437 		10
v 45.885 		-5.24 		10
v 55.385 		-3.45 		10
v 45.555 		-4.911 		10
v 52.735 		-3.45 		8.5
v 47.266 		-5.062 		10
v 47.266 		-4.162 		10
v 55.135 		-3.45 		8.5
v 44.865 		-5.437 		11
v 45.365 		-5.437 		11
v 52.585 		-6.713 		10.7419
v 52.585 		-6.713 		10.94
v 52.985 		-6.713 		10.94
v 52.985 		-6.713 		10.7419
v 54.985 		-6.713 		10.7419
v 54.985 		-6.713 		10.94
v 45.885 		-6.14 		10.01
v 49.785 		-5.7867 		10
v 45.365 		-5.937 		10.01
v 49.785 		-5.585 		10
v 44.865 		-5.937 		10.01
v 44.326 		-6.14 		10.01
v 44.655 		-6.469 		10.01
v 55.385 		-6.713 		10.94
v 55.385 		-6.713 		10.7419
v 49.785 		-3.45 		10
v 63.325 		-11.589 		10.01
v 62.425 		-11.589 		10.01
v 57.101 		-5.062 		10
v 49.785 		-6.713 		10.94
v 49.785 		-6.713 		10.7419
v 57.101 		-4.162 		10
v 48.3 		-5.062 		10
v 48.3 		-5.062 		10.1
v 45.105 		-6.59 		10.01
v 45.555 		-6.469 		10.01
v 44.326 		-6.14 		10
v 48.3 		-4.162 		10.1
v 44.655 		-6.469 		10
v 48.3 		-4.162 		10
v 45.105 		-6.59 		10
v 45.555 		-6.469 		10
v 57.101 		-5.062 		10.1
v 45.885 		-6.14 		10
v 57.101 		-4.162 		10.1
v 63.985 		-10.062 		10
v 63.985 		-10.429 		10
v 45.9391 		-5.937 		10
v 50.585 		-5.062 		10
v 60.453 		-10.19 		10.1
v 60.453 		-10.19 		10
v 60.453 		-10.429 		10
v 50.585 		-4.162 		10
v 45.555 		-7.471 		10.01
v 45.105 		-7.35 		10.01
v 44.655 		-7.471 		10.01
v 44.326 		-7.8 		10.01
v 61.353 		-10.19 		10
v 61.353 		-10.19 		10.1
v 44.865 		-7.997 		10.01
v 45.365 		-7.997 		10.01
v 61.353 		-10.429 		10
v 45.885 		-7.8 		10.01
v 45.105 		-7.35 		10
v 44.655 		-7.471 		10
v 44.326 		-7.8 		10
v 63.655 		-10.36 		10.01
v 44.273 		-7.997 		10
v 62.096 		-10.36 		10.01
v 62.394 		-10.062 		10
v 62.096 		-10.36 		10
v 45.885 		-7.8 		10
v 45.555 		-7.471 		10
v 62.0774 		-10.429 		10
v 63.6734 		-10.429 		10
v 56.185 		-5.7867 		10
v 63.655 		-10.36 		10
v 56.185 		-5.585 		10
v 55.785 		-5.585 		10
v 63.3561 		-10.062 		10
v 55.785 		-5.7867 		10
v 59.829 		-10.062 		10
v 59.6283 		-10.062 		10
v 50.185 		-5.062 		10
v 50.185 		-4.162 		10
v 58.76 		-5.062 		10
v 58.76 		-5.062 		10.1
v 58.185 		-5.062 		10
v 55.785 		-6.713 		10.7419
v 58.76 		-4.162 		10.1
v 58.76 		-4.162 		10
v 55.785 		-6.713 		10.94
v 56.185 		-6.713 		10.94
v 56.185 		-6.713 		10.7419
v 45.365 		-5.937 		11
v 44.865 		-5.937 		11
v 44.205 		-5.69 		10.01
v 60.22 		-2.06 		10.1
v 60.22 		-2.56 		10.1
v 50.585 		-5.7867 		10
v 50.585 		-5.585 		10
v 60.22 		-2.56 		10
v 44.205 		-5.69 		10
v 60.22 		-2.06 		10
v 58.185 		-5.585 		10
v 58.185 		-5.7867 		10
v 60.72 		-2.56 		10.1
v 46.005 		-5.69 		10.01
v 60.72 		-2.06 		10.1
v 50.185 		-5.585 		10
v 50.185 		-5.7867 		10
v 60.72 		-2.06 		10
v 60.72 		-2.56 		10
v 46.005 		-5.69 		10
v 55.68 		-5.062 		10
v 55.68 		-4.162 		10
v 50.235 		-3.45 		8.5
v 44.865 		-7.997 		11
v 45.365 		-7.997 		11
v 58.753 		-6.713 		11.3
v 58.753 		-6.713 		10.1
v 58.185 		-6.713 		10.7419
v 58.185 		-6.713 		10.94
v 50.585 		-6.713 		10.94
v 50.585 		-6.713 		10.7419
v 45.555 		-10.031 		10.01
v 45.105 		-9.91 		10.01
v 44.655 		-10.031 		10.01
v 44.326 		-10.36 		10.01
v 44.865 		-10.557 		10.01
v 45.365 		-10.557 		10.01
v 45.885 		-10.36 		10.01
v 50.185 		-6.713 		10.7419
v 50.185 		-6.713 		10.94
v 45.105 		-9.91 		10
v 44.655 		-10.031 		10
v 44.326 		-10.36 		10
v 44.273 		-10.557 		10
v 59.035 		-18.1189 		10
v 59.024 		-18.13 		10
v 59.024 		-18.13 		10.4
v 45.9375 		-10.557 		10
v 59.236 		-17.917 		10.4
v 45.885 		-10.36 		10
v 59.236 		-17.917 		10
v 55.68 		-5.062 		10.1
v 55.68 		-4.162 		10.1
v 53.785 		-5.7867 		10
v 53.785 		-5.585 		10
v 53.385 		-5.585 		10
v 53.385 		-5.7867 		10
v 45.555 		-10.031 		10
v 49.816 		-5.062 		10
v 49.816 		-4.162 		10
v 53.385 		-6.713 		10.7419
v 53.385 		-6.713 		10.94
v 53.785 		-6.713 		10.94
v 53.785 		-6.713 		10.7419
v 45.885 		-8.7 		10.01
v 45.365 		-8.497 		10.01
v 44.865 		-8.497 		10.01
v 44.326 		-8.7 		10.01
v 44.655 		-9.029 		10.01
v 45.105 		-9.15 		10.01
v 45.555 		-9.029 		10.01
v 47.533 		-5.705 		10
v 47.533 		-5.705 		10.1
v 47.533 		-6.713 		10.1
v 44.326 		-8.7 		10
v 44.655 		-9.029 		10
v 59.2366 		-17.9176 		10
v 45.105 		-9.15 		10
v 45.555 		-9.029 		10
v 45.885 		-8.7 		10
v 60.6374 		-16.509 		10
v 45.9391 		-8.497 		10
v 45.365 		-8.497 		11
v 44.865 		-8.497 		11
v 63.775 		-13.37 		10
v 53.19 		-5.062 		10
v 49.816 		-5.062 		10.1
v 53.19 		-4.162 		10
v 49.816 		-4.162 		10.1
v 44.205 		-8.25 		10.01
v 62.875 		-14.27 		10
v 44.205 		-8.25 		10
v 62.8678 		-14.2681 		10
v 53.04 		-3.45 		10
v 62.8935 		-14.265 		10
v 63.7697 		-13.3899 		10
v 63.7722 		-13.3594 		10
v 46.005 		-8.25 		10.01
v 46.005 		-8.25 		10
v 44.865 		-10.557 		11
v 45.365 		-10.557 		11
v 63.775 		-13.37 		10.01
v 53.19 		-5.062 		10.1
v 62.875 		-14.27 		10.01
v 45.885 		-11.26 		10.01
v 45.365 		-11.057 		10.01
v 44.865 		-11.057 		10.01
v 44.326 		-11.26 		10.01
v 44.655 		-11.589 		10.01
v 45.105 		-11.71 		10.01
v 53.19 		-4.162 		10.1
v 45.555 		-11.589 		10.01
v 56.585 		-5.585 		10
v 56.585 		-5.7867 		10
v 58.175 		-18.978 		10
v 58.175 		-18.978 		10.4
v 64.145 		-19.7 		8.5
v 64.145 		-19.7 		6.1
v 63.985 		-19.7 		8.5
v 56.585 		-6.713 		10.7419
v 56.585 		-6.713 		10.94
v 62.425 		-10.031 		10
v 63.325 		-10.031 		10
v 51.385 		-5.7867 		10
v 51.385 		-5.585 		10
v 50.985 		-5.585 		10
v 50.985 		-5.7867 		10
v 50.985 		-3.45 		10
v 47.835 		-3.45 		8.5
v 63.325 		-10.031 		10.01
v 62.425 		-10.031 		10.01
v 49.253 		-6.713 		10.1
v 49.253 		-6.713 		11.3
v 50.985 		-6.713 		10.7419
v 50.985 		-6.713 		10.94
v 44.326 		-11.26 		10
v 51.385 		-6.713 		10.94
v 51.385 		-6.713 		10.7419
v 44.655 		-11.589 		10
v 45.105 		-11.71 		10
v 45.555 		-11.589 		10
v 45.885 		-11.26 		10
v 45.9391 		-11.057 		10
v 54.185 		-5.585 		10
v 63.985 		-14.588 		10
v 54.185 		-5.7867 		10
v 63.985 		-19.997 		10
v 63.985 		-19.997 		8.5
v 56.985 		-22.8 		10.01
v 56.985 		-22.8 		10
v 45.555 		-12.591 		10.01
v 45.105 		-12.47 		10.01
v 44.655 		-12.591 		10.01
v 44.326 		-12.92 		10.01
v 56.985 		-26.268 		10
v 44.865 		-13.117 		10.01
v 45.365 		-13.117 		10.01
v 45.885 		-12.92 		10.01
v 58.75 		-20.13 		10.1
v 58.75 		-20.13 		10
v 58.75 		-21.021 		10
v 58.75 		-21.021 		10.1
v 45.105 		-12.47 		10
v 50.85 		-5.062 		10
v 60.453 		-18.1158 		10
v 44.655 		-12.591 		10
v 60.453 		-18.869 		10
v 63.135 		-10.557 		6.1
v 60.453 		-18.869 		10.1
v 63.135 		-10.557 		0
v 62.635 		-10.557 		0
v 62.635 		-10.557 		6.1
v 54.646 		-5.062 		10
v 44.326 		-12.92 		10
v 61.353 		-18.869 		10.1
v 61.353 		-18.869 		10
v 61.353 		-17.2169 		10
v 50.85 		-4.162 		10
v 54.646 		-4.162 		10
v 54.185 		-6.713 		10.7419
v 44.273 		-13.117 		10
v 54.185 		-6.713 		10.94
v 45.9375 		-13.117 		10
v 45.885 		-12.92 		10
v 59.133 		-20.13 		10
v 59.133 		-20.13 		10.1
v 59.133 		-21.021 		10.1
v 59.133 		-21.021 		10
v 45.555 		-12.591 		10
v 44.865 		-13.117 		11
v 58.485 		-22.8 		10
v 45.365 		-13.117 		11
v 58.485 		-22.8 		10.01
v 58.485 		-27.768 		10
v 45.885 		-13.82 		10.01
v 50.85 		-5.062 		10.1
v 45.365 		-13.617 		10.01
v 44.865 		-13.617 		10.01
v 54.646 		-5.062 		10.1
v 45.105 		-14.27 		10.01
v 45.555 		-14.149 		10.01
v 59.6283 		-10.462 		10
v 59.829 		-10.462 		10
v 50.85 		-4.162 		10.1
v 62.635 		-18.237 		10.01
v 62.635 		-18.237 		11
v 63.135 		-18.237 		11
v 63.135 		-18.237 		10.01
v 54.646 		-4.162 		10.1
v 44.9757 		-14.2352 		10
v 45.105 		-14.27 		10
v 63.135 		-18.737 		10.01
v 63.135 		-18.737 		11
v 62.635 		-18.737 		11
v 62.635 		-18.737 		10.01
v 45.555 		-14.149 		10
v 45.885 		-13.82 		10
v 45.9391 		-13.617 		10
v 62.0686 		-10.462 		10
v 63.325 		-17.711 		10.01
v 62.875 		-17.59 		10.01
v 62.425 		-17.711 		10.01
v 62.096 		-18.04 		10.01
v 45.365 		-13.617 		11
v 44.865 		-13.617 		11
v 63.6822 		-10.462 		10
v 63.655 		-18.04 		10.01
v 63.655 		-18.94 		10.01
v 62.096 		-18.94 		10.01
v 61.975 		-10.81 		10
v 62.425 		-19.269 		10.01
v 62.875 		-19.39 		10.01
v 63.325 		-19.269 		10.01
v 44.205 		-13.37 		10.01
v 63.775 		-10.81 		10
v 61.975 		-18.49 		10.01
v 44.205 		-13.37 		10
v 44.2385 		-13.4946 		10
v 63.775 		-18.49 		10.01
v 62.875 		-17.59 		10
v 62.425 		-17.711 		10
v 46.005 		-13.37 		10.01
v 62.096 		-18.04 		10
v 46.005 		-13.37 		10
v 61.975 		-18.49 		10
v 62.096 		-18.94 		10
v 45.365 		-11.057 		11
v 44.865 		-11.057 		11
v 62.425 		-19.269 		10
v 62.875 		-19.39 		10
v 44.205 		-10.81 		10.01
v 63.325 		-19.269 		10
v 44.205 		-10.81 		10
v 63.655 		-18.94 		10
v 63.775 		-18.49 		10
v 51.785 		-5.585 		10
v 51.785 		-5.7867 		10
v 63.655 		-18.04 		10
v 46.005 		-10.81 		10.01
v 63.325 		-17.711 		10
v 46.005 		-10.81 		10
v 63.135 		-15.677 		11
v 63.135 		-15.677 		10.01
v 51.785 		-6.713 		10.7419
v 62.635 		-10.557 		10.01
v 51.785 		-6.713 		10.94
v 62.635 		-10.557 		11
v 63.135 		-10.557 		11
v 63.135 		-10.557 		10.01
v 63.135 		-16.177 		10.01
v 63.135 		-16.177 		11
v 62.635 		-16.177 		11
v 46.415 		-3.56 		18.5
v 62.635 		-16.177 		10.01
v 46.415 		-3.56 		10.1
v 46.415 		-1.04 		10.1
v 46.415 		-1.04 		18.5
v 63.655 		-15.48 		10.01
v 61.975 		-10.81 		10.01
v 63.655 		-16.38 		10.01
v 62.425 		-16.709 		10.01
v 62.875 		-16.83 		10.01
v 63.325 		-16.709 		10.01
v 63.775 		-10.81 		10.01
v 63.775 		-15.93 		10.01
v 62.1434 		-16.4274 		10
v 62.425 		-16.709 		10
v 62.875 		-16.83 		10
v 63.325 		-16.709 		10
v 63.655 		-16.38 		10
v 63.775 		-15.93 		10
v 63.655 		-15.48 		10
v 63.3732 		-15.1991 		10
v 63.985 		-9.262 		10
v 59.983 		-19.997 		10
v 59.829 		-9.262 		10
v 59.6283 		-9.262 		10
v 55.1 		-2.06 		8.5
v 55.1 		-2.06 		7.6
v 55.1 		-2.56 		7.6
v 55.1 		-2.56 		8.5
v 55.6 		-2.06 		7.6
v 55.6 		-2.06 		8.5
v 55.6 		-2.2844 		8.5
v 55.6 		-2.56 		8.5
v 55.6 		-2.56 		7.6
v 55.3397 		-2.06 		8.5
v 63.775 		-17.59 		10
v 56.635 		-1 		8.5
v 56.635 		-2.55 		8.5
v 56.035 		-2.55 		8.5
v 55.135 		-1.65 		8.5
v 55.2402 		-1.664 		8.5
v 55.1 		-1.6547 		8.5
v 55.0298 		-1.664 		8.5
v 52.54 		-2.06 		8.5
v 52.54 		-2.06 		7.6
v 52.54 		-2.56 		7.6
v 52.54 		-2.56 		8.5
v 63.985 		-8.462 		10
v 53.04 		-2.06 		7.6
v 63.985 		-8.829 		10
v 53.04 		-2.06 		8.5
v 53.04 		-2.1153 		8.5
v 53.04 		-2.56 		8.5
v 53.04 		-2.56 		7.6
v 60.453 		-8.462 		10
v 60.453 		-8.829 		10
v 55.024 		-2.0295 		8.5
v 55.1 		-2.0196 		8.5
v 52.9385 		-2.06 		8.5
v 61.353 		-8.462 		10
v 55.652 		-2.412 		8.5
v 55.671 		-2.55 		8.5
v 55.6521 		-2.688 		8.5
v 63.135 		-8.497 		10.01
v 63.135 		-8.497 		11
v 62.635 		-8.497 		11
v 62.635 		-8.497 		10.01
v 55.135 		-2.015 		8.5
v 55.274 		-2.033 		8.5
v 53.635 		-1 		8.5
v 54.235 		-2.55 		8.5
v 53.635 		-2.55 		8.5
v 55.785 		-22.8 		10
v 55.785 		-25.068 		10
v 63.655 		-8.7 		10.01
v 62.096 		-8.7 		10.01
v 52.735 		-1.65 		8.5
v 58.75 		-19.818 		10
v 58.635 		-19.933 		10
v 59.983 		-29.266 		10
v 59.731 		-18.837 		10
v 52.8402 		-1.664 		8.5
v 55.024 		-1.6648 		8.5
v 62.032 		-8.462 		10
v 62.096 		-8.7 		10
v 58.847 		-19.721 		10
v 62.225 		-8.829 		10
v 55.3532 		-1.679 		8.5
v 52.6298 		-1.664 		8.5
v 63.5256 		-8.829 		10
v 63.655 		-8.7 		10
v 63.7185 		-8.462 		10
v 55.5625 		-1.7616 		8.5
v 55.368 		-1.681 		8.5
v 53.114 		-2.172 		8.5
v 53.199 		-2.282 		8.5
v 53.252 		-2.412 		8.5
v 59.829 		-8.462 		10
v 53.271 		-2.55 		8.5
v 59.6283 		-8.462 		10
v 53.2521 		-2.688 		8.5
v 61.625 		-19.7 		6.1
v 61.625 		-19.7 		8.5
v 63.135 		-15.677 		6.1
v 63.135 		-15.677 		0
v 62.635 		-16.177 		6.1
v 62.635 		-16.177 		0
v 63.135 		-16.177 		0
v 63.135 		-16.177 		6.1
v 55.7593 		-1.9043 		8.5
v 55.6 		-1.7825 		8.5
v 55.585 		-1.771 		8.5
v 63.135 		-18.237 		6.1
v 63.135 		-18.237 		0
v 62.635 		-18.237 		0
v 62.635 		-18.237 		6.1
v 53.1625 		-1.7616 		8.5
v 53.04 		-1.7109 		8.5
v 62.635 		-18.737 		6.1
v 62.635 		-18.737 		0
v 63.135 		-18.737 		0
v 63.135 		-18.737 		6.1
v 52.976 		-1.6843 		8.5
v 58.753 		-7.262 		10.8967
v 58.753 		-7.262 		10.7011
v 62.635 		-8.497 		6.1
v 62.635 		-8.497 		0
v 63.135 		-8.497 		0
v 63.135 		-8.497 		6.1
v 53.3593 		-1.9043 		8.5
v 53.185 		-1.771 		8.5
v 47.533 		-6.739 		10.1
v 47.533 		-6.739 		10
v 53.6172 		-2.688 		8.5
v 53.605 		-2.317 		8.5
v 53.515 		-2.1 		8.5
v 53.372 		-1.914 		8.5
v 59.983 		-19.997 		8.5
v 49.98 		-2.06 		8.5
v 49.98 		-2.06 		7.6
v 49.98 		-2.56 		7.6
v 49.98 		-2.56 		8.5
v 49.98 		-2.082 		8.5
v 50.48 		-2.06 		7.6
v 50.48 		-2.06 		8.5
v 50.48 		-2.0774 		8.5
v 50.48 		-2.56 		8.5
v 50.48 		-2.56 		7.6
v 56.0172 		-2.688 		8.5
v 56.005 		-2.317 		8.5
v 52.2179 		-2.688 		8.5
v 52.2 		-2.55 		8.5
v 50.0325 		-2.06 		8.5
v 52.218 		-2.412 		8.5
v 52.272 		-2.282 		8.5
v 50.4385 		-2.06 		8.5
v 52.357 		-2.172 		8.5
v 52.468 		-2.087 		8.5
v 52.54 		-2.0569 		8.5
v 55.785 		-22.8 		10.01
v 55.915 		-2.1 		8.5
v 55.772 		-1.914 		8.5
v 52.597 		-2.033 		8.5
v 52.735 		-2.015 		8.5
v 52.874 		-2.033 		8.5
v 51.135 		-1 		8.5
v 51.835 		-2.55 		8.5
v 58.753 		-9.662 		10.8967
v 51.135 		-2.55 		8.5
v 58.753 		-9.662 		10.7011
v 58.635 		-19.933 		10.4
v 58.847 		-19.721 		10.4
v 50.235 		-1.65 		8.5
v 48.142 		-7.229 		10
v 48.3438 		-7.229 		10
v 50.3402 		-1.664 		8.5
v 58.882 		-19.685 		10
v 58.8465 		-19.7205 		10
v 58.6343 		-19.9323 		10
v 50.1298 		-1.664 		8.5
v 52.272 		-1.781 		8.5
v 62.0231 		-8.429 		10
v 52.1159 		-1.901 		8.5
v 63.7273 		-8.429 		10
v 49.253 		-7.229 		10.7283
v 49.253 		-7.229 		10.9258
v 51.105 		-2.317 		8.5
v 59.731 		-18.837 		10.4
v 58.882 		-19.685 		10.4
v 51.015 		-2.1 		8.5
v 62.635 		-15.677 		11
v 50.928 		-1.9868 		8.5
v 52.968 		-1.681 		8.5
v 55.1 		-3.0804 		8.5
v 55.024 		-3.0705 		8.5
v 47.533 		-7.54 		10
v 52.54 		-1.6759 		8.5
v 52.502 		-1.681 		8.5
v 59.943 		-18.625 		10.4
v 58.14 		-19.013 		10.4
v 49.904 		-2.136 		8.5
v 57.928 		-19.226 		10.4
v 49.968 		-2.087 		8.5
v 55.652 		-2.689 		8.5
v 55.6 		-2.8156 		8.5
v 52.285 		-1.771 		8.5
v 50.503 		-2.087 		8.5
v 50.614 		-2.172 		8.5
v 55.599 		-2.818 		8.5
v 50.699 		-2.282 		8.5
v 55.514 		-2.929 		8.5
v 55.403 		-3.014 		8.5
v 50.752 		-2.412 		8.5
v 55.274 		-3.067 		8.5
v 50.771 		-2.55 		8.5
v 50.7521 		-2.688 		8.5
v 55.135 		-3.085 		8.5
v 47.533 		-7.54 		10.1
v 50.097 		-2.033 		8.5
v 50.235 		-2.015 		8.5
v 50.374 		-2.033 		8.5
v 62.635 		-15.677 		0
v 62.635 		-15.677 		6.1
v 52.099 		-1.914 		8.5
v 51.956 		-2.1 		8.5
v 51.952 		-2.1096 		8.5
v 53.252 		-2.689 		8.5
v 53.199 		-2.818 		8.5
v 53.114 		-2.929 		8.5
v 53.04 		-2.9857 		8.5
v 53.003 		-3.014 		8.5
v 49.98 		-1.6901 		8.5
v 49.904 		-1.7216 		8.5
v 49.9831 		-1.6888 		8.5
v 53.6072 		-2.7657 		8.5
v 59.943 		-18.625 		10
v 47.533 		-9.99 		10
v 53.185 		-3.33 		8.5
v 52.976 		-3.4157 		8.5
v 50.002 		-1.681 		8.5
v 53.372 		-3.186 		8.5
v 62.142 		-16.426 		10
v 47.533 		-9.99 		10.1
v 53.515 		-3 		8.5
v 53.605 		-2.783 		8.5
v 63.3711 		-15.1969 		10
v 60.453 		-17.21 		10
v 61.353 		-16.509 		10
v 61.353 		-17.21 		10
v 61.975 		-15.93 		10
v 50.4532 		-1.679 		8.5
v 55.922 		-2.9831 		8.5
v 52.54 		-3.0436 		8.5
v 56.005 		-2.783 		8.5
v 52.468 		-3.014 		8.5
v 62.875 		-15.03 		10
v 52.357 		-2.929 		8.5
v 52.272 		-2.818 		8.5
v 52.218 		-2.689 		8.5
v 50.6625 		-1.7616 		8.5
v 50.48 		-1.686 		8.5
v 63.325 		-14.149 		10
v 50.468 		-1.681 		8.5
v 63.655 		-13.82 		10
v 46.375 		-4.38 		6.1
v 52.874 		-3.067 		8.5
v 46.375 		-4.38 		8.5
v 52.735 		-3.085 		8.5
v 52.597 		-3.067 		8.5
v 48.3438 		-12.829 		10
v 48.142 		-12.829 		10
v 55.7845 		-3.1697 		8.5
v 62.425 		-15.151 		10
v 55.915 		-3 		8.5
v 49.253 		-12.829 		10.9258
v 49.253 		-12.829 		10.7283
v 62.096 		-15.48 		10
v 62.096 		-16.38 		10
v 50.8593 		-1.9043 		8.5
v 50.685 		-1.771 		8.5
v 47.533 		-12.829 		10
v 48.142 		-13.229 		10
v 55.024 		-3.4352 		8.5
v 55.1 		-3.4453 		8.5
v 48.3438 		-13.229 		10
v 63.325 		-15.151 		10
v 52.754 		-3.4475 		8.5
v 52.968 		-3.419 		8.5
v 50.872 		-1.914 		8.5
v 55.368 		-3.419 		8.5
v 49.253 		-13.229 		10.9258
v 55.585 		-3.329 		8.5
v 57.928 		-19.226 		10
v 58.14 		-19.013 		10
v 55.6 		-3.3175 		8.5
v 51.015 		-3 		8.5
v 55.772 		-3.186 		8.5
v 59.6283 		-8.862 		10
v 52.5249 		-3.422 		8.5
v 52.54 		-3.4241 		8.5
v 59.829 		-8.862 		10
v 51.105 		-2.783 		8.5
v 54.585 		-22.8 		10
v 49.253 		-13.229 		10.7283
v 49.98 		-3.0189 		8.5
v 49.968 		-3.014 		8.5
v 49.904 		-2.965 		8.5
v 47.42 		-2.06 		8.5
v 47.42 		-2.06 		7.6
v 47.42 		-2.56 		7.6
v 47.42 		-2.56 		8.5
v 52.3019 		-3.3369 		8.5
v 47.42 		-2.2199 		8.5
v 52.502 		-3.419 		8.5
v 63.4925 		-8.862 		10
v 58.753 		-12.862 		10.8967
v 58.753 		-12.862 		10.7011
v 50.752 		-2.689 		8.5
v 50.699 		-2.818 		8.5
v 50.614 		-2.929 		8.5
v 47.92 		-2.06 		7.6
v 60.453 		-8.959 		10
v 50.503 		-3.014 		8.5
v 50.48 		-3.0234 		8.5
v 47.92 		-2.06 		8.5
v 47.92 		-2.56 		8.5
v 47.92 		-2.56 		7.6
v 61.353 		-8.959 		10
v 51.952 		-2.9904 		8.5
v 51.956 		-3 		8.5
v 50.374 		-3.067 		8.5
v 50.235 		-3.085 		8.5
v 50.097 		-3.067 		8.5
v 47.6325 		-2.06 		8.5
v 52.099 		-3.186 		8.5
v 52.285 		-3.33 		8.5
v 62.875 		-9.15 		10
v 48.735 		-1 		8.5
v 51.866 		-2.783 		8.5
v 49.335 		-2.55 		8.5
v 62.425 		-9.029 		10
v 57.66 		-2.06 		8.5
v 57.66 		-2.06 		7.6
v 57.66 		-2.56 		7.6
v 57.66 		-2.56 		8.5
v 58.16 		-2.06 		7.6
v 48.735 		-2.55 		8.5
v 58.16 		-2.06 		8.5
v 58.16 		-2.56 		8.5
v 58.16 		-2.56 		7.6
v 50.8845 		-3.1697 		8.5
v 63.325 		-9.029 		10
v 51.866 		-2.317 		8.5
v 47.835 		-1.65 		8.5
v 60.453 		-17.21 		10.1
v 50.7031 		-3.316 		8.5
v 50.872 		-3.186 		8.5
v 61.353 		-17.21 		10.1
v 57.7385 		-2.06 		8.5
v 61.353 		-16.509 		10.1
v 45.365 		-5.437 		6.1
v 45.365 		-5.437 		0
v 44.865 		-5.437 		0
v 44.865 		-5.437 		6.1
v 58.0696 		-2.56 		8.5
v 47.9402 		-1.664 		8.5
v 47.92 		-1.6613 		8.5
v 45.365 		-5.937 		0
v 45.365 		-5.937 		6.1
v 44.865 		-5.937 		6.1
v 44.865 		-5.937 		0
v 58.435 		-1 		8.5
v 58.435 		-2.55 		8.5
v 63.655 		-13.82 		10.01
v 47.7298 		-1.664 		8.5
v 63.325 		-14.149 		10.01
v 57.535 		-1.65 		8.5
v 45.365 		-7.997 		6.1
v 45.365 		-7.997 		0
v 44.865 		-7.997 		0
v 44.865 		-7.997 		6.1
v 45.365 		-8.497 		0
v 45.365 		-8.497 		6.1
v 44.865 		-8.497 		6.1
v 44.865 		-8.497 		0
v 57.6402 		-1.664 		8.5
v 47.92 		-2.026 		8.5
v 62.635 		-15.677 		10.01
v 47.974 		-2.033 		8.5
v 48.103 		-2.087 		8.5
v 48.214 		-2.172 		8.5
v 48.299 		-2.282 		8.5
v 48.352 		-2.412 		8.5
v 48.371 		-2.55 		8.5
v 48.3521 		-2.688 		8.5
v 45.365 		-10.557 		6.1
v 45.365 		-10.557 		0
v 44.865 		-10.557 		0
v 44.865 		-10.557 		6.1
v 45.365 		-13.117 		6.1
v 63.325 		-15.151 		10.01
v 45.365 		-13.117 		0
v 57.4298 		-1.664 		8.5
v 62.875 		-15.03 		10.01
v 44.865 		-13.117 		0
v 62.425 		-15.151 		10.01
v 62.096 		-15.48 		10.01
v 44.865 		-13.117 		6.1
v 47.856 		-2.0177 		8.5
v 45.365 		-13.617 		0
v 45.365 		-13.617 		6.1
v 44.865 		-13.617 		6.1
v 44.865 		-13.617 		0
v 62.096 		-16.38 		10.01
v 58.16 		-3.1952 		8.5
v 58.172 		-3.186 		8.5
v 61.975 		-15.93 		10.01
v 58.096 		-3.2445 		8.5
v 45.365 		-11.057 		0
v 45.365 		-11.057 		6.1
v 44.865 		-11.057 		6.1
v 58.315 		-3 		8.5
v 44.865 		-11.057 		0
v 58.405 		-2.783 		8.5
v 58.405 		-2.317 		8.5
v 58.315 		-2.1 		8.5
v 48.0532 		-1.679 		8.5
v 58.172 		-1.914 		8.5
v 48.2625 		-1.7616 		8.5
v 48.068 		-1.681 		8.5
v 58.16 		-1.9048 		8.5
v 54.6179 		-2.688 		8.5
v 58.096 		-1.8559 		8.5
v 54.6 		-2.55 		8.5
v 54.618 		-2.412 		8.5
v 54.672 		-2.282 		8.5
v 54.757 		-2.172 		8.5
v 54.868 		-2.086 		8.5
v 54.997 		-2.033 		8.5
v 48.4593 		-1.9043 		8.5
v 48.285 		-1.771 		8.5
v 52.54 		-2.06 		10.1
v 52.54 		-2.56 		10.1
v 48.7172 		-2.688 		8.5
v 54.902 		-1.681 		8.5
v 48.705 		-2.317 		8.5
v 52.54 		-2.56 		10
v 52.54 		-2.06 		10
v 54.685 		-1.771 		8.5
v 48.615 		-2.1 		8.5
v 57.1539 		-2.176 		8.5
v 54.5159 		-1.901 		8.5
v 57.157 		-2.172 		8.5
v 57.268 		-2.087 		8.5
v 57.397 		-2.033 		8.5
v 57.535 		-2.015 		8.5
v 57.66 		-2.0312 		8.5
v 48.472 		-1.914 		8.5
v 57.674 		-2.033 		8.5
v 53.04 		-2.56 		10.1
v 53.04 		-2.06 		10.1
v 53.04 		-2.06 		10
v 53.04 		-2.56 		10
v 46.935 		-2.55 		8.5
v 54.499 		-1.914 		8.5
v 54.356 		-2.1 		8.5
v 48.352 		-2.689 		8.5
v 48.299 		-2.818 		8.5
v 48.214 		-2.929 		8.5
v 48.103 		-3.014 		8.5
v 47.974 		-3.067 		8.5
v 54.266 		-2.317 		8.5
v 47.92 		-3.074 		8.5
v 47.856 		-3.0823 		8.5
v 57.2831 		-1.6888 		8.5
v 57.085 		-1.771 		8.5
v 57.072 		-1.781 		8.5
v 48.7072 		-2.7657 		8.5
v 54.997 		-3.067 		8.5
v 54.868 		-3.014 		8.5
v 54.757 		-2.929 		8.5
v 54.672 		-2.818 		8.5
v 54.618 		-2.689 		8.5
v 54.585 		-22.8 		10.01
v 48.622 		-2.9831 		8.5
v 57.302 		-1.681 		8.5
v 48.705 		-2.783 		8.5
v 54.9248 		-3.422 		8.5
v 47.92 		-3.4387 		8.5
v 48.068 		-3.419 		8.5
v 57.985 		-1.771 		8.5
v 49.731 		-19.013 		10
v 49.731 		-19.013 		10.4
v 49.753 		-19.0351 		10
v 57.768 		-1.681 		8.5
v 54.7018 		-3.336 		8.5
v 47.856 		-3.4472 		8.5
v 54.902 		-3.419 		8.5
v 47.533 		-16.213 		10.1
v 47.533 		-16.459 		10.1
v 47.533 		-16.459 		10
v 49.943 		-19.226 		10.4
v 57.66 		-1.6666 		8.5
v 49.943 		-19.226 		10
v 48.285 		-3.33 		8.5
v 48.635 		-17.917 		10.4
v 48.847 		-18.13 		10.4
v 48.472 		-3.186 		8.5
v 54.266 		-2.783 		8.5
v 47.189 		-16.459 		10
v 48.615 		-3 		8.5
v 54.356 		-3 		8.5
v 54.499 		-3.186 		8.5
v 54.685 		-3.329 		8.5
v 49.253 		-16.213 		11.3
v 49.253 		-16.213 		10.1
v 47.3179 		-2.688 		8.5
v 57.072 		-2.282 		8.5
v 47.3 		-2.55 		8.5
v 47.318 		-2.412 		8.5
v 47.372 		-2.282 		8.5
v 47.533 		-15.629 		10
v 48.3438 		-15.629 		10
v 48.142 		-15.629 		10
v 58.0521 		-2.688 		8.5
v 48.635 		-17.917 		10
v 48.847 		-18.13 		10
v 49.695 		-18.978 		10
v 49.7305 		-19.0135 		10
v 60.453 		-8.959 		10.1
v 44.2404 		-13.5017 		10
v 61.353 		-8.959 		10.1
v 47.697 		-2.033 		8.5
v 47.835 		-2.015 		8.5
v 44.9686 		-14.2333 		10
v 49.253 		-15.629 		10.9258
v 49.253 		-15.629 		10.7283
v 63.325 		-9.029 		10.01
v 62.425 		-9.029 		10.01
v 62.875 		-9.15 		10.01
v 48.6345 		-17.9175 		10
v 44.2484 		-13.5314 		10
v 48.142 		-15.229 		10
v 48.3438 		-15.229 		10
v 49.253 		-15.229 		10.7283
v 49.253 		-15.229 		10.9258
v 56.553 		-17.0712 		10
v 56.553 		-17.273 		10
v 48.3438 		-14.829 		10
v 48.142 		-14.829 		10
v 47.602 		-1.681 		8.5
v 47.42 		-1.7565 		8.5
v 47.385 		-1.771 		8.5
v 56.553 		-16.213 		10.8833
v 56.553 		-16.213 		10.6875
v 49.253 		-14.829 		10.9258
v 49.253 		-14.829 		10.7283
v 63.985 		-7.662 		10
v 63.985 		-8.029 		10
v 60.453 		-7.925 		10.1
v 60.453 		-7.925 		10
v 50.4868 		-3.4113 		8.5
v 50.685 		-3.33 		8.5
v 60.453 		-8.029 		10
v 61.353 		-7.925 		10
v 61.353 		-7.925 		10.1
v 61.353 		-8.029 		10
v 55.1 		-2.06 		10.1
v 55.1 		-2.56 		10.1
v 49.695 		-18.978 		10.4
v 47.533 		-15.425 		10
v 56.153 		-17.273 		10
v 56.153 		-17.0712 		10
v 55.1 		-2.56 		10
v 55.1 		-2.06 		10
v 55.753 		-17.0712 		10
v 45.365 		-15.677 		11
v 55.753 		-17.273 		10
v 47.2159 		-1.901 		8.5
v 62.635 		-7.997 		10.01
v 62.635 		-7.997 		11
v 63.135 		-7.997 		11
v 63.135 		-7.997 		10.01
v 55.753 		-16.213 		10.8833
v 55.753 		-16.213 		10.6875
v 56.153 		-16.213 		10.6875
v 56.153 		-16.213 		10.8833
v 55.6 		-2.56 		10.1
v 55.6 		-2.06 		10.1
v 55.6 		-2.06 		10
v 55.6 		-2.56 		10
v 47.533 		-15.425 		10.1
v 46.9534 		-2.688 		8.5
v 63.655 		-7.8 		10.01
v 62.096 		-7.8 		10.01
v 49.904 		-3.3788 		8.5
v 49.98 		-3.41 		8.5
v 50.002 		-3.419 		8.5
v 45.365 		-15.677 		6.1
v 62.234 		-7.662 		10
v 62.096 		-7.8 		10
v 47.199 		-1.914 		8.5
v 62.0344 		-8.029 		10
v 47.056 		-2.1 		8.5
v 57.0179 		-2.688 		8.5
v 57 		-2.55 		8.5
v 57.018 		-2.412 		8.5
v 63.7161 		-8.029 		10
v 63.655 		-7.8 		10
v 46.966 		-2.317 		8.5
v 50.468 		-3.419 		8.5
v 56.916 		-1.901 		8.5
v 63.5166 		-7.662 		10
v 50.48 		-3.4141 		8.5
v 59.829 		-7.662 		10
v 59.6283 		-7.662 		10
v 56.6534 		-2.688 		8.5
v 56.899 		-1.914 		8.5
v 47.42 		-2.8807 		8.5
v 56.756 		-2.1 		8.5
v 48.142 		-14.429 		10
v 48.3438 		-14.429 		10
v 56.666 		-2.317 		8.5
v 47.372 		-2.818 		8.5
v 47.318 		-2.689 		8.5
v 45.365 		-15.677 		0
v 49.253 		-14.429 		10.7283
v 47.835 		-3.085 		8.5
v 49.253 		-14.429 		10.9258
v 47.697 		-3.067 		8.5
v 47.568 		-3.014 		8.5
v 47.457 		-2.929 		8.5
v 55.353 		-17.273 		10
v 55.353 		-17.0712 		10
v 54.953 		-17.0712 		10
v 54.953 		-17.273 		10
v 57.66 		-3.0688 		8.5
v 57.535 		-3.085 		8.5
v 57.397 		-3.067 		8.5
v 57.268 		-3.014 		8.5
v 57.157 		-2.929 		8.5
v 57.072 		-2.818 		8.5
v 48.3438 		-14.029 		10
v 48.142 		-14.029 		10
v 54.953 		-16.213 		10.8833
v 47.533 		-14.049 		10
v 54.953 		-16.213 		10.6875
v 55.353 		-16.213 		10.6875
v 55.353 		-16.213 		10.8833
v 58.052 		-2.689 		8.5
v 57.999 		-2.818 		8.5
v 57.914 		-2.929 		8.5
v 47.854 		-3.4475 		8.5
v 63.135 		-7.997 		6.1
v 63.135 		-7.997 		0
v 62.635 		-7.997 		0
v 62.635 		-7.997 		6.1
v 47.533 		-14.049 		10.1
v 47.6249 		-3.422 		8.5
v 58.153 		-17.0712 		10
v 58.153 		-17.273 		10
v 54.553 		-17.273 		10
v 54.553 		-17.0712 		10
v 49.253 		-14.029 		10.9258
v 49.253 		-14.029 		10.7283
v 46.633 		-16.459 		10
v 58.753 		-16.213 		10.1
v 47.533 		-17.745 		10
v 58.753 		-16.213 		11.3
v 57.803 		-3.014 		8.5
v 58.153 		-16.213 		10.8833
v 57.674 		-3.067 		8.5
v 47.4019 		-3.3369 		8.5
v 58.153 		-16.213 		10.6875
v 47.42 		-3.3443 		8.5
v 54.553 		-16.213 		10.6875
v 54.553 		-16.213 		10.8833
v 47.602 		-3.419 		8.5
v 58.753 		-15.662 		10.7011
v 58.753 		-15.662 		10.8967
v 46.966 		-2.783 		8.5
v 45.105 		-15.03 		10
v 47.056 		-3 		8.5
v 47.199 		-3.186 		8.5
v 44.655 		-15.151 		10
v 47.385 		-3.33 		8.5
v 58.0031 		-3.316 		8.5
v 45.885 		-15.48 		10
v 45.9375 		-15.677 		10
v 45.555 		-15.151 		10
v 44.2714 		-13.617 		10
v 44.326 		-13.82 		10
v 57.7868 		-3.4113 		8.5
v 57.985 		-3.33 		8.5
v 44.655 		-14.149 		10
v 57.554 		-3.4475 		8.5
v 57.66 		-3.4334 		8.5
v 45.885 		-16.38 		10
v 57.768 		-3.419 		8.5
v 45.9391 		-16.177 		10
v 46.005 		-15.93 		10
v 57.753 		-17.273 		10
v 57.753 		-17.0712 		10
v 57.353 		-17.0712 		10
v 57.353 		-17.273 		10
v 57.072 		-3.3199 		8.5
v 57.085 		-3.33 		8.5
v 57.302 		-3.419 		8.5
v 57.353 		-16.213 		10.8833
v 57.353 		-16.213 		10.6875
v 57.753 		-16.213 		10.6875
v 57.753 		-16.213 		10.8833
v 57.018 		-2.689 		8.5
v 49.7179 		-2.688 		8.5
v 49.7 		-2.55 		8.5
v 49.718 		-2.412 		8.5
v 49.772 		-2.282 		8.5
v 56.666 		-2.783 		8.5
v 49.857 		-2.172 		8.5
v 56.756 		-3 		8.5
v 56.899 		-3.186 		8.5
v 49.785 		-1.771 		8.5
v 49.6159 		-1.901 		8.5
v 49.3534 		-2.688 		8.5
v 49.599 		-1.914 		8.5
v 49.456 		-2.1 		8.5
v 47.42 		-2.06 		10.1
v 47.42 		-2.56 		10.1
v 49.366 		-2.317 		8.5
v 47.42 		-2.56 		10
v 47.42 		-2.06 		10
v 52.185 		-22.8 		10
v 53.385 		-22.8 		10
v 47.92 		-2.56 		10.1
v 47.92 		-2.06 		10.1
v 49.857 		-2.929 		8.5
v 49.772 		-2.818 		8.5
v 49.718 		-2.689 		8.5
v 47.92 		-2.06 		10
v 47.92 		-2.56 		10
v 46.633 		-16.459 		10.1
v 49.8019 		-3.3369 		8.5
v 47.533 		-17.745 		10.1
v 47.533 		-13.629 		10
v 47.533 		-13.262 		10
v 49.366 		-2.783 		8.5
v 48.142 		-13.629 		10
v 48.3438 		-13.629 		10
v 45.555 		-15.151 		10.01
v 45.105 		-15.03 		10.01
v 44.655 		-15.151 		10.01
v 45.365 		-15.677 		10.01
v 49.253 		-13.629 		10.7283
v 45.885 		-15.48 		10.01
v 49.253 		-13.629 		10.9258
v 51.753 		-17.0712 		10
v 51.753 		-17.273 		10
v 56.953 		-17.273 		10
v 56.953 		-17.0712 		10
v 44.655 		-14.149 		10.01
v 51.753 		-16.213 		10.8833
v 44.326 		-13.82 		10.01
v 57.66 		-2.06 		10.1
v 51.753 		-16.213 		10.6875
v 57.66 		-2.56 		10.1
v 56.953 		-16.213 		10.6875
v 56.953 		-16.213 		10.8833
v 57.66 		-2.56 		10
v 57.66 		-2.06 		10
v 49.456 		-3 		8.5
v 49.599 		-3.186 		8.5
v 49.785 		-3.33 		8.5
v 58.16 		-2.56 		10.1
v 58.16 		-2.06 		10.1
v 58.16 		-2.06 		10
v 58.16 		-2.56 		10
v 51.353 		-17.273 		10
v 51.353 		-17.0712 		10
v 50.953 		-17.0712 		10
v 50.953 		-17.273 		10
v 50.953 		-16.213 		10.8833
v 50.953 		-16.213 		10.6875
v 51.353 		-16.213 		10.6875
v 51.353 		-16.213 		10.8833
v 60.453 		-15.662 		10
v 60.453 		-16.509 		10
v 60.453 		-16.509 		10.1
v 59.829 		-15.662 		10
v 59.6283 		-15.662 		10
v 58.753 		-14.862 		10.7011
v 59.6283 		-8.062 		10
v 58.753 		-14.862 		10.8967
v 59.829 		-8.062 		10
v 47.533 		-12.462 		10
v 62.0256 		-8.062 		10
v 63.7249 		-8.062 		10
v 61.975 		-8.25 		10
v 63.775 		-8.25 		10
v 48.3438 		-12.429 		10
v 48.142 		-12.429 		10
v 49.98 		-2.06 		10.1
v 49.98 		-2.56 		10.1
v 49.98 		-2.56 		10
v 49.98 		-2.06 		10
v 49.253 		-12.429 		10.9258
v 49.253 		-12.429 		10.7283
v 50.48 		-2.56 		10.1
v 50.48 		-2.06 		10.1
v 50.48 		-2.06 		10
v 50.48 		-2.56 		10
v 48.142 		-12.029 		10
v 48.3438 		-12.029 		10
v 58.753 		-15.262 		10.8967
v 58.753 		-15.262 		10.7011
v 60.453 		-14.862 		10
v 60.453 		-15.229 		10
v 49.253 		-12.029 		10.7283
v 49.253 		-12.029 		10.9258
v 45.885 		-16.38 		10.01
v 59.829 		-14.862 		10
v 59.6283 		-14.862 		10
v 48.3438 		-11.629 		10
v 48.142 		-11.629 		10
v 47.533 		-11.649 		10
v 46.005 		-15.93 		10.01
v 61.975 		-8.25 		10.01
v 47.533 		-11.649 		10.1
v 63.775 		-8.25 		10.01
v 60.453 		-14.85 		10
v 61.353 		-14.85 		10
v 49.253 		-11.629 		10.9258
v 49.253 		-11.629 		10.7283
v 58.753 		-14.062 		10.7011
v 58.753 		-14.062 		10.8967
v 60.453 		-14.85 		10.1
v 64.145 		-4.38 		6.1
v 64.145 		-4.38 		8.5
v 61.353 		-14.85 		10.1
v 52.185 		-22.8 		10.01
v 63.985 		-4.38 		8.5
v 53.385 		-22.8 		10.01
v 47.533 		-12.39 		10
v 50.553 		-17.273 		10
v 50.553 		-17.0712 		10
v 50.153 		-17.0712 		10
v 50.153 		-17.273 		10
v 63.985 		-7.229 		10
v 50.153 		-16.213 		10.8833
v 50.153 		-16.213 		10.6875
v 59.621 		-5.062 		10.1
v 59.621 		-5.062 		10
v 47.533 		-12.39 		10.1
v 50.553 		-16.213 		10.6875
v 50.553 		-16.213 		10.8833
v 59.621 		-4.162 		10
v 59.621 		-4.162 		10.1
v 50.463 		-15.655 		11.3
v 59.6283 		-15.262 		10
v 59.829 		-15.262 		10
v 50.392 		-15.795 		11.3
v 50.281 		-15.907 		11.3
v 61.353 		-5.575 		10
v 61.353 		-5.575 		10.1
v 61.353 		-6.609 		10.1
v 61.353 		-6.609 		10
v 61.28 		-5.062 		10.1
v 61.28 		-4.162 		10.1
v 61.28 		-5.062 		10
v 61.28 		-4.162 		10
v 47.533 		-11.229 		10
v 47.533 		-10.862 		10
v 54.153 		-17.0712 		10
v 54.153 		-17.273 		10
v 48.142 		-11.229 		10
v 48.3438 		-11.229 		10
v 62.635 		-5.437 		10.01
v 60.453 		-14.062 		10
v 62.635 		-5.437 		11
v 63.135 		-5.437 		11
v 60.453 		-14.189 		10
v 60.453 		-14.189 		10.1
v 63.135 		-5.437 		10.01
v 61.353 		-14.189 		10.1
v 61.353 		-14.189 		10
v 63.135 		-5.937 		10.01
v 54.153 		-16.213 		10.8833
v 61.353 		-14.062 		10
v 63.135 		-5.937 		11
v 54.153 		-16.213 		10.6875
v 62.635 		-5.937 		11
v 50.463 		-15.655 		11.297
v 62.635 		-5.937 		10.01
v 50.392 		-15.795 		11.297
v 62.425 		-14.149 		10.01
v 50.281 		-15.907 		11.297
v 49.253 		-11.229 		10.7283
v 49.253 		-11.229 		10.9258
v 62.338 		-14.062 		10
v 62.425 		-14.149 		10
v 59.829 		-14.062 		10
v 63.325 		-4.911 		10.01
v 59.6283 		-14.062 		10
v 62.875 		-4.79 		10.01
v 62.425 		-4.911 		10.01
v 62.096 		-5.24 		10.01
v 63.655 		-5.24 		10.01
v 61.353 		-14.429 		10
v 53.753 		-17.273 		10
v 53.753 		-17.0712 		10
v 63.655 		-6.14 		10.01
v 53.353 		-17.0712 		10
v 53.353 		-17.273 		10
v 62.096 		-6.14 		10.01
v 62.425 		-6.469 		10.01
v 62.875 		-6.59 		10.01
v 63.325 		-6.469 		10.01
v 53.353 		-16.213 		10.8833
v 53.353 		-16.213 		10.6875
v 61.975 		-5.69 		10.01
v 53.753 		-16.213 		10.6875
v 53.753 		-16.213 		10.8833
v 63.775 		-5.69 		10.01
v 62.875 		-4.79 		10
v 62.425 		-4.911 		10
v 62.096 		-5.24 		10
v 61.975 		-5.69 		10
v 62.096 		-6.14 		10
v 62.425 		-6.469 		10
v 62.875 		-6.59 		10
v 63.325 		-6.469 		10
v 62.305 		-14.029 		10
v 63.655 		-6.14 		10
v 49.753 		-17.273 		10
v 49.753 		-17.0712 		10
v 63.775 		-5.69 		10
v 63.655 		-5.24 		10
v 49.753 		-16.213 		10.6875
v 49.753 		-16.213 		10.8833
v 63.325 		-4.911 		10
v 61.735 		-3.56 		10.1
v 61.735 		-3.56 		18.5
v 49.69 		-15.907 		11.3
v 49.579 		-15.795 		11.3
v 49.507 		-15.655 		11.3
v 52.953 		-17.273 		10
v 52.953 		-17.0712 		10
v 52.553 		-17.0712 		10
v 52.553 		-17.273 		10
v 59.6283 		-14.462 		10
v 59.829 		-14.462 		10
v 52.553 		-16.213 		10.8833
v 52.553 		-16.213 		10.6875
v 52.953 		-16.213 		10.6875
v 52.953 		-16.213 		10.8833
v 60.453 		-13.262 		10
v 60.453 		-13.629 		10
v 60.453 		-6.609 		10
v 60.453 		-6.609 		10.1
v 61.353 		-13.629 		10
v 61.353 		-13.262 		10
v 60.453 		-5.575 		10.1
v 60.453 		-5.575 		10
v 63.135 		-13.617 		10.01
v 49.69 		-15.907 		11.297
v 63.135 		-13.617 		11
v 62.635 		-13.617 		11
v 62.635 		-13.617 		10.01
v 49.579 		-15.795 		11.297
v 49.507 		-15.655 		11.297
v 61.975 		-13.37 		10.01
v 62.004 		-13.262 		10
v 61.975 		-13.37 		10
v 62.0446 		-13.629 		10
v 63.7462 		-13.262 		10
v 59.829 		-13.262 		10
v 59.6283 		-13.262 		10
v 49.985 		-16.002 		11.3
v 61.975 		-7.229 		10
v 52.153 		-17.273 		10
v 52.153 		-17.0712 		10
v 49.83 		-15.978 		11.3
v 62.635 		-13.617 		6.1
v 62.635 		-13.617 		0
v 63.135 		-13.617 		0
v 63.135 		-13.617 		6.1
v 52.153 		-16.213 		10.6875
v 52.153 		-16.213 		10.8833
v 58.753 		-14.462 		10.8967
v 50.141 		-15.978 		11.3
v 58.753 		-14.462 		10.7011
v 49.985 		-16.002 		11.297
v 49.83 		-15.978 		11.297
v 50.141 		-15.978 		11.297
v 58.753 		-13.262 		10.7011
v 58.753 		-13.262 		10.8967
v 61.625 		-4.38 		8.5
v 61.625 		-4.38 		6.1
v 63.135 		-5.437 		6.1
v 63.135 		-5.437 		0
v 62.635 		-5.437 		0
v 62.635 		-5.437 		6.1
v 62.635 		-5.937 		6.1
v 62.635 		-5.937 		0
v 63.135 		-5.937 		0
v 63.135 		-5.937 		6.1
v 49.579 		-15.205 		11.3
v 49.69 		-15.093 		11.3
v 59.6283 		-13.662 		10
v 59.829 		-13.662 		10
v 49.83 		-15.022 		11.3
v 58.753 		-13.662 		10.8967
v 58.753 		-13.662 		10.7011
v 62.0535 		-13.662 		10
v 49.985 		-14.997 		11.3
v 50.141 		-15.022 		11.3
v 50.281 		-15.093 		11.3
v 62.096 		-13.82 		10
v 50.392 		-15.205 		11.3
v 62.096 		-13.82 		10.01
v 52.061 		-15.356 		11.3
v 52.061 		-15.356 		11.4
v 58.753 		-12.462 		10.7011
v 58.753 		-12.462 		10.8967
v 52.853 		-15.356 		11.4
v 52.853 		-15.356 		11.3
v 49.579 		-15.205 		11.297
v 49.69 		-15.093 		11.297
v 49.83 		-15.022 		11.297
v 60.453 		-12.53 		10.1
v 60.453 		-12.53 		10
v 61.353 		-12.53 		10
v 61.353 		-12.53 		10.1
v 50.141 		-15.022 		11.297
v 49.985 		-14.997 		11.297
v 50.281 		-15.093 		11.297
v 50.392 		-15.205 		11.297
v 63.325 		-12.591 		10.01
v 62.875 		-12.47 		10.01
v 62.425 		-12.591 		10.01
v 62.875 		-12.47 		10
v 62.425 		-12.591 		10
v 63.325 		-12.591 		10
v 58.753 		-11.662 		10.7011
v 58.753 		-11.662 		10.8967
v 49.483 		-15.5 		11.3
v 49.507 		-15.345 		11.3
v 58.753 		-12.062 		10.8967
v 58.753 		-12.062 		10.7011
v 49.483 		-15.5 		11.297
v 49.507 		-15.345 		11.297
v 58.753 		-10.862 		10.7011
v 58.753 		-10.862 		10.8967
v 50.685 		-15.356 		11.3
v 50.685 		-15.356 		11.4
v 51.752 		-15.356 		11.4
v 51.752 		-15.356 		11.3
v 50.463 		-15.345 		11.3
v 50.488 		-15.5 		11.3
v 50.463 		-15.345 		11.297
v 50.488 		-15.5 		11.297
# 1903 vertices

g group_0_2039068

usemtl color_2039068
s 0

f 8 	9 	3
f 9 	11 	3
f 3 	11 	14
f 560 	21 	23
f 43 	47 	48
f 523 	524 	1683
f 52 	53 	868
f 53 	547 	868
f 46 	868 	56
f 56 	868 	58
f 694 	557 	46
f 56 	59 	46
f 694 	46 	59
f 64 	82 	65
f 82 	83 	65
f 60 	65 	83
f 65 	60 	68
f 60 	1884 	75
f 79 	75 	1883
f 86 	84 	85
f 1113 	85 	84
f 68 	60 	70
f 79 	1883 	81
f 89 	88 	87
f 1655 	1642 	202
f 113 	111 	71
f 109 	107 	87
f 89 	87 	107
f 113 	71 	90
f 1714 	1718 	48
f 202 	49 	1718
f 161 	162 	83
f 60 	83 	162
f 162 	38 	60
f 114 	112 	16
f 16 	164 	19
f 165 	231 	36
f 37 	36 	166
f 16 	45 	114
f 165 	36 	19
f 11 	134 	14
f 178 	63 	1683
f 91 	14 	96
f 14 	91 	57
f 216 	186 	1683
f 184 	1683 	186
f 186 	217 	184
f 190 	192 	1215
f 106 	123 	108
f 108 	123 	110
f 127 	16 	128
f 112 	110 	128
f 1215 	184 	190
f 122 	128 	110
f 206 	203 	184
f 191 	190 	184
f 943 	685 	1141
f 192 	317 	1215
f 122 	110 	123
f 125 	124 	11
f 23 	42 	560
f 123 	106 	124
f 106 	11 	124
f 348 	349 	170
f 112 	128 	16
f 126 	16 	127
f 170 	182 	198
f 22 	23 	21
f 181 	180 	201
f 181 	201 	202
f 177 	197 	178
f 96 	14 	134
f 203 	204 	184
f 106 	134 	11
f 209 	205 	184
f 205 	206 	184
f 11 	9 	160
f 204 	191 	184
f 149 	9 	165
f 202 	773 	49
f 42 	49 	773
f 276 	145 	211
f 303 	145 	276
f 210 	211 	145
f 9 	147 	144
f 149 	147 	9
f 213 	209 	184
f 149 	165 	153
f 173 	184 	174
f 217 	174 	184
f 194 	193 	183
f 153 	165 	154
f 165 	19 	154
f 178 	197 	196
f 179 	218 	173
f 160 	125 	11
f 144 	160 	9
f 218 	212 	184
f 184 	173 	218
f 213 	184 	212
f 164 	16 	126
f 164 	154 	19
f 225 	227 	226
f 226 	227 	228
f 234 	235 	229
f 165 	229 	29
f 29 	28 	165
f 28 	243 	165
f 231 	165 	230
f 166 	36 	231
f 233 	344 	170
f 232 	233 	170
f 237 	33 	236
f 33 	32 	236
f 32 	29 	236
f 29 	229 	236
f 170 	198 	238
f 170 	238 	239
f 170 	239 	240
f 170 	240 	232
f 28 	33 	237
f 28 	237 	241
f 28 	241 	242
f 28 	242 	243
f 230 	165 	243
f 235 	236 	229
f 1683 	252 	216
f 226 	868 	260
f 274 	275 	1839
f 271 	274 	1839
f 145 	146 	868
f 437 	868 	558
f 275 	277 	1839
f 1683 	277 	278
f 227 	225 	276
f 227 	276 	211
f 279 	252 	1683
f 278 	279 	1683
f 3 	248 	8
f 282 	8 	248
f 229 	283 	234
f 282 	165 	8
f 9 	8 	165
f 229 	165 	282
f 229 	282 	283
f 288 	291 	287
f 288 	289 	290
f 290 	291 	288
f 286 	287 	291
f 286 	283 	287
f 297 	298 	296
f 295 	296 	298
f 294 	295 	298
f 294 	298 	299
f 294 	299 	300
f 294 	300 	301
f 294 	301 	302
f 195 	294 	302
f 338 	309 	283
f 234 	283 	286
f 286 	291 	235
f 286 	235 	234
f 665 	715 	306
f 308 	309 	310
f 313 	314 	312
f 310 	312 	314
f 308 	310 	314
f 308 	283 	309
f 317 	318 	1215
f 287 	283 	308
f 801 	183 	319
f 319 	183 	193
f 308 	314 	288
f 308 	288 	287
f 318 	315 	1215
f 197 	177 	320
f 315 	325 	1215
f 325 	329 	1215
f 322 	333 	323
f 332 	333 	322
f 330 	323 	333
f 328 	327 	335
f 334 	335 	327
f 323 	330 	327
f 334 	327 	330
f 330 	338 	334
f 338 	335 	334
f 1268 	1269 	331
f 342 	1268 	331
f 309 	338 	330
f 228 	868 	226
f 330 	333 	310
f 330 	310 	309
f 1339 	981 	1357
f 345 	170 	344
f 346 	170 	345
f 347 	170 	346
f 348 	170 	347
f 351 	294 	170
f 171 	170 	294
f 195 	171 	294
f 349 	351 	170
f 259 	260 	868
f 690 	1683 	63
f 361 	357 	981
f 480 	684 	364
f 360 	361 	981
f 210 	145 	868
f 868 	228 	210
f 362 	366 	367
f 371 	372 	362
f 372 	374 	362
f 374 	366 	362
f 382 	390 	981
f 365 	981 	390
f 343 	408 	405
f 405 	408 	409
f 405 	409 	868
f 386 	384 	415
f 416 	417 	202
f 181 	202 	417
f 181 	417 	64
f 183 	70 	194
f 384 	827 	415
f 405 	868 	421
f 1039 	405 	421
f 420 	421 	868
f 425 	63 	424
f 355 	426 	368
f 427 	437 	426
f 82 	64 	417
f 422 	194 	70
f 437 	438 	426
f 368 	426 	438
f 196 	424 	178
f 63 	178 	424
f 422 	70 	440
f 226 	260 	343
f 408 	343 	260
f 60 	440 	70
f 60 	75 	440
f 413 	441 	433
f 442 	447 	441
f 81 	63 	443
f 443 	63 	425
f 259 	868 	409
f 447 	451 	441
f 433 	441 	451
f 1539 	981 	456
f 449 	473 	469
f 450 	449 	469
f 468 	469 	473
f 468 	473 	474
f 503 	517 	497
f 456 	981 	1551
f 441 	413 	506
f 441 	506 	364
f 509 	436 	480
f 364 	506 	480
f 509 	480 	506
f 386 	415 	449
f 473 	449 	415
f 474 	868 	468
f 553 	555 	556
f 553 	556 	558
f 529 	528 	559
f 559 	560 	529
f 528 	535 	559
f 581 	589 	407
f 184 	1215 	407
f 565 	582 	563
f 526 	587 	578
f 561 	587 	526
f 587 	588 	578
f 577 	578 	588
f 1135 	981 	1133
f 593 	592 	684
f 555 	684 	592
f 556 	555 	592
f 373 	593 	480
f 407 	1618 	581
f 556 	592 	438
f 368 	438 	592
f 590 	407 	589
f 437 	427 	868
f 535 	547 	559
f 547 	535 	548
f 539 	551 	535
f 548 	535 	551
f 524 	523 	554
f 524 	554 	552
f 557 	554 	523
f 625 	626 	627
f 625 	627 	628
f 1440 	248 	1439
f 1441 	248 	1440
f 497 	587 	630
f 503 	497 	631
f 497 	630 	631
f 503 	631 	562
f 561 	630 	587
f 648 	1090 	622
f 482 	1130 	981
f 495 	1018 	588
f 667 	716 	656
f 71 	656 	716
f 626 	715 	659
f 582 	565 	451
f 662 	664 	1099
f 659 	657 	626
f 627 	626 	657
f 627 	657 	469
f 450 	469 	657
f 71 	668 	656
f 433 	451 	565
f 659 	665 	391
f 447 	442 	1459
f 685 	364 	684
f 363 	364 	685
f 484 	479 	483
f 510 	643 	495
f 497 	510 	495
f 524 	177 	1683
f 510 	497 	517
f 1646 	1583 	503
f 517 	503 	1583
f 693 	868 	547
f 1135 	1138 	981
f 976 	495 	643
f 480 	593 	684
f 484 	517 	1583
f 559 	547 	53
f 58 	868 	693
f 510 	483 	643
f 380 	643 	483
f 553 	1141 	685
f 1583 	1573 	484
f 558 	868 	553
f 523 	46 	557
f 696 	697 	695
f 698 	695 	697
f 1340 	248 	1496
f 1333 	248 	1332
f 1332 	248 	1340
f 363 	1634 	442
f 1459 	17 	447
f 717 	306 	715
f 305 	306 	717
f 719 	690 	718
f 716 	718 	690
f 1406 	981 	1405
f 177 	178 	1683
f 1331 	981 	1341
f 1127 	981 	1126
f 526 	578 	735
f 697 	735 	578
f 1131 	1082 	981
f 426 	355 	744
f 426 	744 	306
f 696 	827 	749
f 750 	373 	665
f 749 	735 	696
f 697 	696 	735
f 306 	744 	665
f 750 	665 	744
f 530 	749 	699
f 529 	560 	774
f 773 	774 	560
f 560 	42 	773
f 529 	774 	180
f 1084 	1356 	1081
f 665 	659 	715
f 524 	552 	797
f 625 	868 	717
f 201 	180 	774
f 790 	551 	539
f 183 	801 	539
f 797 	806 	524
f 177 	524 	806
f 790 	539 	801
f 320 	177 	806
f 305 	868 	427
f 1634 	363 	943
f 685 	943 	363
f 1143 	981 	1142
f 305 	717 	868
f 414 	868 	474
f 828 	420 	414
f 628 	468 	868
f 628 	868 	625
f 828 	414 	827
f 414 	415 	827
f 392 	699 	384
f 1290 	699 	392
f 1142 	981 	1157
f 560 	52 	21
f 699 	749 	827
f 815 	789 	397
f 400 	815 	397
f 389 	832 	385
f 404 	670 	401
f 478 	591 	380
f 713 	712 	385
f 789 	788 	397
f 395 	397 	788
f 698 	577 	420
f 577 	588 	420
f 479 	478 	483
f 695 	698 	420
f 376 	404 	444
f 389 	445 	401
f 145 	303 	445
f 401 	445 	303
f 400 	448 	385
f 446 	385 	448
f 46 	523 	1683
f 736 	924 	738
f 867 	868 	46
f 865 	867 	46
f 1464 	453 	452
f 395 	452 	397
f 397 	452 	453
f 814 	748 	816
f 748 	747 	816
f 866 	817 	747
f 374 	477 	366
f 747 	738 	866
f 380 	483 	478
f 718 	823 	821
f 718 	821 	866
f 472 	467 	366
f 484 	366 	481
f 466 	366 	467
f 472 	366 	477
f 826 	718 	879
f 823 	718 	825
f 716 	879 	718
f 376 	380 	525
f 591 	525 	380
f 811 	831 	859
f 859 	858 	812
f 748 	812 	858
f 811 	859 	812
f 814 	812 	748
f 1018 	420 	588
f 828 	695 	420
f 1561 	1563 	1095
f 1117 	1095 	1563
f 992 	882 	881
f 1463 	1466 	993
f 882 	993 	881
f 993 	1004 	1463
f 1004 	1005 	880
f 816 	747 	817
f 817 	866 	820
f 821 	820 	866
f 885 	913 	883
f 518 	516 	542
f 519 	518 	550
f 404 	376 	549
f 826 	825 	718
f 883 	880 	884
f 937 	931 	880
f 826 	879 	829
f 374 	514 	580
f 374 	543 	514
f 516 	514 	542
f 829 	879 	831
f 879 	860 	831
f 926 	913 	886
f 886 	913 	885
f 541 	550 	518
f 716 	862 	879
f 893 	865 	1683
f 519 	550 	376
f 858 	857 	748
f 901 	869 	900
f 869 	872 	900
f 541 	518 	542
f 542 	514 	543
f 372 	545 	374
f 906 	876 	905
f 904 	905 	876
f 875 	904 	876
f 859 	831 	860
f 543 	374 	545
f 860 	879 	861
f 862 	861 	879
f 878 	869 	912
f 911 	912 	869
f 901 	911 	869
f 549 	670 	404
f 21 	52 	146
f 876 	906 	872
f 862 	716 	863
f 864 	863 	716
f 1355 	1088 	1352
f 1087 	1088 	1355
f 1315 	914 	978
f 978 	979 	1309
f 913 	1309 	979
f 580 	477 	374
f 916 	917 	721
f 726 	721 	917
f 980 	973 	913
f 932 	1009 	920
f 922 	916 	731
f 921 	922 	731
f 732 	731 	916
f 916 	721 	732
f 765 	923 	762
f 525 	521 	376
f 974 	960 	913
f 521 	519 	376
f 866 	738 	924
f 924 	756 	866
f 756 	759 	866
f 923 	866 	759
f 920 	913 	925
f 960 	961 	913
f 925 	913 	1036
f 924 	929 	756
f 929 	921 	756
f 731 	756 	921
f 614 	372 	615
f 646 	372 	614
f 371 	615 	372
f 884 	880 	931
f 1040 	1009 	932
f 1041 	1009 	1040
f 732 	762 	759
f 759 	762 	923
f 762 	732 	721
f 937 	880 	936
f 612 	629 	650
f 613 	612 	649
f 614 	613 	647
f 614 	647 	646
f 899 	898 	941
f 941 	943 	899
f 650 	649 	612
f 940 	896 	939
f 938 	939 	896
f 942 	896 	940
f 944 	896 	942
f 895 	938 	896
f 944 	1070 	896
f 891 	935 	893
f 927 	903 	928
f 930 	928 	903
f 955 	936 	880
f 954 	955 	880
f 893 	934 	933
f 934 	893 	935
f 1036 	913 	966
f 966 	913 	961
f 621 	619 	389
f 621 	389 	629
f 389 	401 	629
f 974 	913 	973
f 651 	650 	401
f 653 	651 	401
f 372 	646 	663
f 915 	978 	914
f 980 	913 	979
f 649 	647 	613
f 719 	981 	946
f 650 	629 	401
f 719 	946 	690
f 1141 	553 	868
f 719 	866 	981
f 718 	866 	719
f 868 	146 	52
f 981 	866 	923
f 981 	923 	338
f 880 	1463 	1004
f 1000 	890 	998
f 997 	998 	890
f 995 	997 	890
f 1001 	890 	1000
f 1002 	887 	1001
f 887 	890 	1001
f 994 	995 	890
f 1005 	953 	880
f 953 	954 	880
f 1007 	887 	1006
f 1008 	887 	1007
f 902 	887 	1008
f 1002 	1006 	887
f 1172 	1139 	1182
f 1010 	1182 	1145
f 1012 	1030 	1010
f 1069 	1196 	1033
f 1033 	1035 	1068
f 663 	545 	372
f 1023 	1181 	1016
f 444 	1017 	976
f 1018 	495 	1017
f 976 	1017 	495
f 1123 	1103 	1009
f 444 	976 	376
f 929 	924 	1020
f 929 	1020 	1021
f 1016 	1009 	1019
f 1106 	1094 	1009
f 550 	549 	376
f 1022 	916 	922
f 1136 	916 	1022
f 1009 	1016 	1181
f 670 	653 	401
f 1402 	1641 	891
f 1083 	1181 	1023
f 707 	371 	745
f 369 	745 	371
f 1025 	1640 	903
f 1025 	903 	927
f 1024 	1026 	1009
f 1009 	1068 	1035
f 737 	734 	710
f 734 	760 	712
f 755 	400 	760
f 385 	712 	400
f 371 	707 	824
f 1037 	1038 	872
f 1017 	444 	1039
f 1017 	1039 	421
f 913 	920 	1009
f 1046 	985 	1044
f 986 	985 	1046
f 1047 	872 	906
f 1048 	872 	1047
f 1041 	1049 	1009
f 711 	734 	712
f 760 	400 	712
f 1049 	1024 	1009
f 868 	414 	420
f 872 	1048 	1052
f 872 	1052 	1054
f 872 	1054 	1055
f 872 	1055 	1057
f 872 	1057 	1060
f 872 	1060 	1037
f 1056 	990 	1053
f 1051 	1053 	990
f 1050 	1051 	990
f 1058 	990 	1056
f 1059 	990 	1058
f 989 	1050 	990
f 711 	710 	734
f 710 	707 	745
f 737 	710 	745
f 996 	1062 	1063
f 996 	1063 	1064
f 996 	1064 	999
f 752 	745 	369
f 752 	369 	808
f 1059 	1161 	990
f 1067 	1009 	1026
f 754 	400 	755
f 815 	400 	754
f 1009 	1067 	1068
f 1069 	1033 	1068
f 396 	782 	781
f 1072 	896 	1071
f 1070 	1071 	896
f 1073 	890 	1072
f 396 	395 	782
f 788 	787 	395
f 1073 	1074 	890
f 890 	896 	1072
f 787 	782 	395
f 1075 	1181 	1077
f 977 	915 	914
f 924 	736 	1079
f 809 	808 	369
f 23 	22 	1080
f 145 	1080 	22
f 145 	445 	1080
f 1355 	1356 	1084
f 1356 	1357 	1081
f 1076 	1181 	1075
f 748 	857 	1092
f 1077 	1181 	1083
f 1087 	1355 	1084
f 1085 	1092 	857
f 824 	615 	371
f 1089 	864 	716
f 865 	46 	1683
f 1078 	977 	1352
f 914 	1352 	977
f 1079 	736 	648
f 736 	1090 	648
f 652 	622 	1090
f 714 	385 	832
f 619 	832 	389
f 1092 	1121 	1091
f 1120 	1673 	1093
f 713 	385 	714
f 1090 	1092 	652
f 652 	1092 	1091
f 1019 	1009 	1094
f 716 	1105 	1129
f 1460 	1561 	1097
f 1097 	992 	1460
f 1101 	890 	1100
f 1098 	1100 	890
f 1102 	890 	1101
f 994 	890 	1102
f 1104 	1009 	1103
f 1106 	1009 	1104
f 481 	479 	484
f 466 	481 	366
f 881 	1460 	992
f 662 	1099 	666
f 666 	1129 	1105
f 1105 	716 	1107
f 1074 	1109 	890
f 1109 	1111 	890
f 1111 	1112 	890
f 1112 	1096 	890
f 1096 	1098 	890
f 1107 	716 	667
f 1116 	1673 	1120
f 1099 	664 	1116
f 1095 	1097 	1561
f 1117 	1563 	1115
f 1093 	1091 	1121
f 1114 	1124 	1125
f 1121 	1092 	1085
f 1089 	716 	1129
f 1819 	85 	1128
f 1129 	666 	1099
f 1132 	1122 	1009
f 1035 	1132 	1009
f 1082 	1081 	981
f 1123 	1009 	1122
f 1357 	981 	1081
f 1133 	981 	485
f 290 	1575 	1545
f 1137 	1545 	1136
f 1172 	1173 	1139
f 1194 	1178 	1200
f 1145 	1182 	1139
f 482 	981 	1143
f 899 	943 	1144
f 1141 	1144 	943
f 686 	1137 	1020
f 1020 	1137 	1021
f 1012 	1010 	1145
f 1130 	1131 	981
f 916 	1136 	1146
f 903 	1171 	930
f 1150 	985 	1149
f 1148 	1149 	985
f 1158 	865 	933
f 1144 	867 	1165
f 899 	1144 	1165
f 1166 	990 	1163
f 1162 	1163 	990
f 1161 	1162 	990
f 1167 	990 	1166
f 1173 	1178 	1194
f 1199 	1200 	981
f 1174 	985 	1167
f 985 	990 	1167
f 985 	1174 	1175
f 985 	1175 	1176
f 985 	1176 	1148
f 1171 	1165 	867
f 1406 	1199 	981
f 1179 	1155 	981
f 893 	933 	865
f 981 	1155 	1157
f 1180 	865 	1195
f 867 	865 	1180
f 867 	1180 	1184
f 930 	1171 	1184
f 867 	1184 	1171
f 1115 	1564 	1140
f 1564 	981 	1140
f 1613 	1328 	1589
f 1330 	1321 	1589
f 1354 	1613 	1351
f 1321 	1287 	1567
f 1572 	1183 	1289
f 1289 	1293 	1569
f 1181 	1569 	1293
f 1196 	1010 	1030
f 1030 	1033 	1196
f 1195 	865 	1158
f 1218 	1394 	1181
f 1194 	1139 	1173
f 1179 	981 	1200
f 1178 	1179 	1200
f 1210 	1181 	1209
f 1197 	1181 	1210
f 1265 	1267 	370
f 375 	1265 	370
f 1216 	1268 	339
f 342 	339 	1268
f 329 	331 	1269
f 1215 	329 	1269
f 367 	1181 	1394
f 1246 	880 	1220
f 1233 	1169 	1232
f 1234 	1169 	1233
f 1235 	1169 	1234
f 1236 	1169 	1235
f 1237 	1169 	1236
f 1238 	1169 	1237
f 1169 	1168 	1232
f 1230 	1232 	1168
f 880 	1215 	1220
f 1246 	1329 	880
f 1319 	880 	1318
f 1168 	1252 	1230
f 375 	382 	1265
f 1259 	1265 	382
f 382 	981 	1259
f 340 	370 	1267
f 339 	340 	1267
f 1267 	1216 	339
f 1269 	1271 	1215
f 1209 	1181 	1270
f 1271 	1274 	1215
f 1338 	1346 	1215
f 1276 	1334 	1215
f 1270 	1181 	1273
f 1284 	1272 	1181
f 1272 	1273 	1181
f 1276 	1215 	1274
f 1280 	872 	1279
f 1278 	1279 	872
f 1277 	1278 	872
f 1281 	872 	1280
f 1282 	872 	1281
f 900 	872 	1282
f 1275 	1277 	872
f 1009 	366 	913
f 1283 	1284 	1181
f 1190 	1289 	1183
f 1292 	913 	1288
f 1288 	913 	926
f 1295 	913 	1292
f 1293 	1301 	1181
f 1188 	1294 	1296
f 1188 	1296 	1297
f 1188 	1297 	1298
f 1188 	1298 	1299
f 1300 	1185 	1299
f 1188 	1299 	1185
f 1301 	1283 	1181
f 1202 	1185 	1302
f 1300 	1302 	1185
f 1308 	913 	1295
f 1309 	913 	1308
f 880 	883 	913
f 1313 	1169 	1312
f 1311 	1312 	1169
f 1310 	1311 	1169
f 1314 	1169 	1313
f 1316 	1169 	1314
f 1315 	978 	1309
f 1088 	1078 	1352
f 1316 	1317 	1169
f 1238 	1310 	1169
f 1197 	1218 	1181
f 1395 	1396 	367
f 367 	1453 	1307
f 367 	1307 	1436
f 1110 	367 	1524
f 1436 	1524 	367
f 1320 	880 	1319
f 1287 	1190 	1183
f 1291 	1653 	1290
f 1325 	872 	1324
f 1323 	1324 	872
f 1322 	1323 	872
f 1326 	872 	1325
f 1275 	872 	1326
f 1038 	1322 	872
f 665 	1417 	1306
f 1318 	880 	1329
f 1183 	1567 	1287
f 1330 	1589 	1328
f 485 	981 	1127
f 367 	1110 	362
f 1351 	1614 	248
f 1348 	1351 	248
f 1334 	1338 	1215
f 407 	913 	366
f 1346 	1229 	1215
f 1126 	981 	1331
f 1615 	248 	1614
f 1229 	1220 	1215
f 1354 	1328 	1613
f 369 	371 	3
f 362 	3 	371
f 1341 	981 	1339
f 1294 	1188 	1361
f 1448 	1449 	1188
f 1493 	1494 	1188
f 1374 	809 	369
f 1365 	1344 	1367
f 1366 	1367 	1344
f 1188 	1208 	1368
f 1188 	1368 	1493
f 1378 	1528 	781
f 396 	781 	1533
f 1335 	1353 	1369
f 1335 	1369 	1370
f 1335 	1370 	1371
f 1335 	1371 	1372
f 1364 	1154 	1363
f 1362 	1363 	1154
f 1156 	1154 	1364
f 1360 	1362 	1154
f 1462 	1467 	1169
f 480 	436 	1434
f 1377 	1168 	1376
f 1252 	1168 	1377
f 1177 	1376 	1168
f 1385 	1374 	369
f 1154 	1169 	1467
f 1533 	1531 	396
f 1369 	1353 	1384
f 1511 	1384 	1353
f 1819 	452 	1386
f 1819 	1386 	1387
f 391 	665 	1290
f 1290 	392 	391
f 1306 	1290 	665
f 1819 	1392 	452
f 1393 	452 	1392
f 1395 	367 	1394
f 1422 	367 	1396
f 1305 	1418 	407
f 1402 	891 	1683
f 880 	913 	407
f 594 	282 	1441
f 1365 	1367 	1414
f 1386 	1414 	1367
f 1416 	1419 	1415
f 1419 	1421 	1415
f 290 	1415 	1421
f 1386 	452 	1414
f 14 	369 	3
f 290 	1391 	1415
f 367 	1422 	1445
f 1445 	1447 	367
f 367 	1447 	1453
f 981 	282 	1454
f 1361 	1188 	1450
f 1449 	1450 	1188
f 1405 	981 	1457
f 1457 	981 	1454
f 1320 	1455 	880
f 1407 	1404 	1458
f 1458 	1459 	1407
f 1443 	1408 	1444
f 1410 	1446 	1408
f 1455 	1461 	880
f 1461 	1463 	880
f 1443 	1458 	1408
f 1404 	1408 	1458
f 1466 	881 	993
f 1360 	1154 	1468
f 1467 	1468 	1154
f 1444 	1408 	1446
f 1317 	1471 	1169
f 1471 	1473 	1169
f 1473 	1474 	1169
f 1474 	1475 	1169
f 1462 	1169 	1475
f 1452 	1451 	1401
f 1402 	1401 	1451
f 1477 	1478 	1476
f 1478 	1479 	1476
f 290 	1476 	1479
f 1456 	1452 	1401
f 1485 	1188 	1484
f 1483 	1484 	1188
f 1482 	1483 	1188
f 1485 	1556 	1188
f 1481 	1482 	1188
f 1480 	1481 	1188
f 1489 	1464 	1487
f 1464 	1465 	1487
f 1110 	1521 	248
f 1305 	1306 	1417
f 1418 	1305 	1417
f 373 	480 	665
f 453 	1464 	1489
f 1433 	407 	1418
f 1417 	480 	1434
f 1417 	665 	480
f 1496 	248 	700
f 981 	338 	282
f 283 	282 	338
f 923 	335 	338
f 617 	616 	1504
f 686 	617 	1504
f 616 	622 	1504
f 1506 	1716 	1505
f 114 	45 	1541
f 166 	1384 	37
f 1511 	37 	1384
f 1513 	1188 	1495
f 1494 	1495 	1188
f 1515 	1188 	1513
f 1480 	1188 	1515
f 1502 	248 	1521
f 1521 	1110 	1518
f 1509 	1541 	45
f 1353 	1509 	45
f 1511 	1353 	45
f 700 	248 	1502
f 1535 	1534 	14
f 1531 	1532 	396
f 1110 	1524 	1526
f 1526 	1527 	1110
f 1378 	1538 	1528
f 1527 	1529 	1110
f 452 	1393 	1464
f 1525 	781 	1528
f 1528 	14 	57
f 1516 	1110 	1529
f 1258 	1259 	981
f 1533 	781 	1525
f 1532 	1544 	396
f 290 	1479 	1505
f 1518 	1110 	1516
f 1392 	1819 	1465
f 1478 	1419 	1506
f 1535 	14 	1538
f 1261 	1258 	981
f 1537 	1530 	981
f 981 	1536 	1537
f 14 	1528 	1538
f 396 	1544 	1509
f 1541 	1509 	1543
f 1536 	981 	1542
f 1542 	981 	1540
f 1543 	1509 	1544
f 1534 	1385 	14
f 1545 	1546 	1547
f 1547 	1548 	1545
f 290 	1545 	1548
f 369 	14 	1385
f 1551 	981 	1550
f 290 	1421 	1476
f 1540 	981 	1539
f 1478 	1477 	1419
f 1448 	1188 	1556
f 1547 	1506 	1390
f 1564 	1115 	1563
f 1562 	985 	1560
f 1559 	1560 	985
f 1558 	1559 	985
f 1044 	985 	1562
f 1557 	1558 	985
f 1138 	1140 	981
f 1549 	981 	1564
f 484 	1573 	366
f 1574 	1582 	366
f 1549 	1550 	981
f 686 	1504 	1545
f 1136 	1545 	1146
f 686 	1545 	1137
f 1565 	1181 	1076
f 1565 	1566 	1181
f 1546 	1503 	1701
f 241 	237 	1347
f 1146 	1545 	1576
f 1576 	313 	1146
f 367 	366 	1181
f 917 	332 	726
f 1566 	1568 	1181
f 1568 	1569 	1181
f 583 	447 	17
f 765 	328 	923
f 579 	581 	1619
f 1372 	1371 	243
f 1372 	243 	242
f 1572 	1289 	1569
f 1567 	1589 	1321
f 289 	1575 	290
f 237 	236 	290
f 290 	1347 	237
f 312 	1146 	313
f 1576 	1545 	1575
f 1580 	985 	1579
f 1581 	985 	1580
f 1557 	985 	1581
f 1150 	1579 	985
f 322 	726 	332
f 328 	335 	923
f 1632 	1701 	1503
f 1351 	1613 	1614
f 1587 	1590 	1588
f 1574 	366 	1573
f 1582 	1647 	366
f 1419 	1416 	1506
f 1701 	1664 	1546
f 1583 	1647 	1582
f 1612 	1618 	407
f 880 	407 	1215
f 1124 	1588 	1125
f 1588 	1590 	1125
f 1128 	1125 	1590
f 1600 	1823 	1599
f 290 	1822 	1600
f 1602 	1390 	1601
f 1547 	1390 	1602
f 1390 	1391 	1601
f 290 	1601 	1391
f 1333 	1348 	248
f 1585 	248 	1615
f 1439 	248 	1585
f 1489 	1487 	1587
f 1590 	1587 	1487
f 290 	1548 	1601
f 1621 	1622 	1620
f 1622 	1623 	1620
f 1620 	1623 	290
f 1506 	1416 	1390
f 407 	1433 	1612
f 1611 	1612 	1433
f 1433 	1434 	1611
f 1619 	581 	1618
f 568 	579 	1619
f 436 	568 	1619
f 827 	384 	699
f 407 	366 	1305
f 699 	1290 	1653
f 891 	893 	1683
f 1611 	436 	1619
f 1611 	1434 	436
f 1628 	1631 	1629
f 622 	1629 	1631
f 622 	1631 	1632
f 1503 	622 	1632
f 1503 	1504 	622
f 652 	1629 	622
f 1459 	442 	1634
f 1634 	1636 	1459
f 1407 	1459 	1636
f 1407 	1636 	898
f 1124 	1114 	1637
f 1114 	1113 	1637
f 1647 	1652 	366
f 1446 	1410 	1638
f 1402 	1451 	1639
f 941 	898 	1636
f 1653 	1291 	1652
f 903 	1640 	1410
f 1639 	1641 	1402
f 1027 	891 	1641
f 1291 	1305 	366
f 1638 	1410 	1640
f 1181 	366 	1009
f 1637 	1113 	1643
f 1685 	1637 	1643
f 1642 	1643 	1113
f 1600 	1620 	290
f 935 	891 	1027
f 1622 	1621 	1599
f 1547 	1546 	1664
f 1792 	1745 	1506
f 202 	1654 	1655
f 1659 	1658 	1663
f 1667 	1654 	1666
f 1713 	1667 	1666
f 1666 	1654 	1665
f 202 	1665 	1654
f 448 	1685 	446
f 446 	1685 	1667
f 1658 	1672 	1663
f 664 	1673 	1116
f 664 	1750 	1673
f 1654 	1667 	1685
f 1654 	1685 	1643
f 1687 	1688 	1686
f 1688 	1689 	1686
f 290 	1686 	1689
f 1113 	202 	1642
f 407 	1690 	1683
f 407 	1683 	184
f 1647 	1583 	1646
f 562 	699 	503
f 1646 	503 	1653
f 1653 	503 	699
f 1652 	1291 	366
f 1663 	1664 	1701
f 1701 	1702 	1663
f 1659 	1663 	1702
f 1673 	1091 	1093
f 1659 	1702 	1628
f 1631 	1628 	1702
f 1664 	1792 	1547
f 530 	699 	562
f 1716 	1506 	1715
f 290 	1505 	1716
f 1713 	1717 	1714
f 1717 	1718 	1714
f 47 	1714 	48
f 49 	48 	1718
f 1720 	1743 	1723
f 1730 	1727 	1741
f 1750 	1727 	1723
f 1750 	1723 	1743
f 1752 	1754 	1751
f 1754 	1755 	1751
f 290 	1751 	1755
f 1686 	290 	1623
f 1741 	1727 	1750
f 1741 	1750 	1742
f 1622 	1688 	1687
f 1750 	664 	1742
f 1717 	1713 	1666
f 1665 	202 	1718
f 290 	1716 	1751
f 1741 	1774 	1730
f 1860 	1730 	1774
f 1777 	1344 	1776
f 1353 	1335 	1344
f 1776 	1344 	1335
f 1337 	1776 	1335
f 1789 	1790 	1788
f 1790 	1791 	1788
f 1788 	1791 	290
f 1743 	1745 	1792
f 1745 	1851 	1506
f 1792 	1793 	1743
f 1793 	1672 	1743
f 1750 	1743 	1672
f 47 	43 	23
f 43 	42 	23
f 1673 	1750 	1672
f 1663 	1672 	1793
f 1344 	1777 	1366
f 1788 	290 	1755
f 1776 	1337 	1689
f 1337 	1347 	1689
f 290 	1689 	1347
f 1694 	563 	1800
f 582 	583 	1800
f 563 	582 	1800
f 1754 	1387 	1688
f 1799 	1798 	1818
f 1799 	1818 	1819
f 1698 	568 	1694
f 563 	1694 	568
f 1814 	1803 	1815
f 1803 	1802 	1815
f 1816 	1815 	1802
f 568 	1698 	579
f 1823 	1600 	1822
f 1768 	1767 	1712
f 1821 	1771 	1708
f 1705 	1708 	1769
f 1712 	1711 	1768
f 1769 	1768 	1705
f 1711 	1705 	1768
f 1800 	1821 	1708
f 1754 	1688 	1599
f 1688 	1622 	1599
f 1690 	407 	1778
f 1771 	1821 	1772
f 1690 	1772 	1821
f 1782 	407 	1766
f 1712 	1767 	407
f 1766 	407 	1767
f 1822 	290 	1791
f 1770 	1708 	1771
f 1769 	1708 	1770
f 1754 	1599 	1789
f 1823 	1789 	1599
f 1790 	1789 	1823
f 1772 	1690 	1773
f 1773 	1690 	1775
f 1818 	1798 	86
f 84 	86 	1798
f 1778 	1775 	1690
f 1814 	109 	1803
f 1778 	407 	1779
f 407 	1782 	1779
f 87 	1803 	109
f 668 	71 	1817
f 111 	1817 	71
f 1113 	1128 	85
f 1805 	1694 	1800
f 1711 	1694 	1805
f 407 	590 	1712
f 1805 	1705 	1711
f 590 	579 	1712
f 1821 	1800 	583
f 1698 	1712 	579
f 1506 	1547 	1792
f 1819 	1506 	1851
f 1851 	1852 	1819
f 1799 	1819 	1852
f 1802 	1730 	1816
f 1799 	1852 	1720
f 1743 	1720 	1852
f 1856 	1816 	1730
f 365 	360 	981
f 1530 	1261 	981
f 357 	263 	981
f 265 	271 	981
f 1839 	981 	271
f 1683 	1839 	277
f 1856 	1730 	1860
f 1754 	1752 	1819
f 1752 	1715 	1819
f 1506 	1819 	1715
f 1690 	1401 	1683
f 1401 	1402 	1683
f 1821 	583 	18
f 17 	18 	583
f 18 	1458 	1821
f 4 	1821 	1443
f 1443 	1821 	1458
f 6 	1456 	1690
f 1401 	1690 	1456
f 1690 	1821 	10
f 10 	7 	1690
f 6 	1690 	7
f 946 	981 	1839
f 10 	1821 	4
f 1113 	44 	161
f 71 	716 	690
f 63 	71 	690
f 202 	1113 	83
f 84 	1873 	38
f 1113 	84 	44
f 38 	44 	84
f 1884 	60 	88
f 1874 	87 	60
f 87 	88 	60
f 1873 	1874 	60
f 1873 	60 	38
f 1486 	1819 	1591
f 63 	90 	71
f 1883 	1885 	81
f 1883 	75 	1884
f 63 	81 	1885
f 90 	63 	1885
f 1819 	1387 	1754
f 1777 	1688 	1366
f 263 	265 	981
f 1113 	161 	83
f 1366 	1688 	1387
f 248 	1441 	282
f 1454 	282 	594
f 83 	416 	202
f 1486 	1487 	1465
f 1465 	1819 	1486
f 1819 	1590 	1591
f 1590 	1819 	1128
# 1360 faces

g group_0_2829873

usemtl color_2829873
s 0

f 266 	269 	1
f 2 	1 	3
f 12 	13 	40
f 704 	40 	13
f 41 	12 	40
f 703 	12 	41
f 54 	55 	72
f 597 	72 	55
f 62 	704 	13
f 69 	12 	703
f 73 	1894 	598
f 72 	73 	54
f 80 	945 	219
f 1894 	39 	598
f 94 	95 	1011
f 597 	1011 	95
f 199 	597 	95
f 132 	133 	199
f 597 	199 	133
f 76 	80 	224
f 281 	132 	598
f 200 	598 	132
f 199 	200 	132
f 208 	704 	214
f 94 	598 	200
f 215 	208 	214
f 207 	208 	215
f 220 	222 	280
f 597 	280 	222
f 224 	80 	219
f 704 	272 	247
f 97 	245 	93
f 281 	598 	220
f 273 	247 	272
f 703 	246 	273
f 246 	247 	273
f 266 	258 	261
f 255 	258 	266
f 258 	1442 	249
f 1442 	1254 	249
f 266 	1 	255
f 269 	268 	1
f 249 	1 	268
f 249 	268 	261
f 3 	1 	249
f 3 	249 	248
f 281 	220 	280
f 280 	597 	133
f 219 	1840 	743
f 214 	704 	247
f 215 	246 	703
f 336 	337 	751
f 337 	598 	751
f 1207 	1213 	359
f 362 	359 	358
f 378 	381 	691
f 598 	691 	381
f 1679 	689 	224
f 429 	430 	835
f 432 	419 	431
f 432 	703 	418
f 418 	419 	432
f 419 	272 	704
f 273 	418 	703
f 464 	465 	470
f 597 	470 	465
f 471 	464 	470
f 598 	464 	471
f 489 	704 	490
f 488 	489 	490
f 490 	491 	488
f 491 	703 	488
f 492 	493 	501
f 493 	597 	501
f 502 	492 	501
f 598 	492 	502
f 703 	704 	508
f 507 	508 	704
f 378 	597 	465
f 598 	381 	464
f 597 	570 	569
f 566 	569 	570
f 570 	571 	566
f 429 	704 	489
f 411 	1783 	586
f 575 	411 	586
f 584 	1783 	576
f 597 	598 	599
f 597 	599 	600
f 601 	602 	610
f 703 	610 	602
f 703 	430 	488
f 611 	601 	610
f 704 	601 	611
f 967 	968 	597
f 633 	704 	634
f 632 	633 	634
f 634 	635 	632
f 635 	703 	632
f 1431 	1783 	1412
f 501 	597 	569
f 598 	502 	566
f 1571 	1577 	846
f 611 	507 	704
f 692 	378 	691
f 692 	597 	378
f 703 	508 	610
f 597 	600 	470
f 490 	704 	633
f 599 	598 	471
f 632 	703 	491
f 692 	570 	597
f 597 	753 	704
f 705 	706 	708
f 708 	709 	705
f 709 	703 	705
f 566 	571 	598
f 598 	571 	691
f 1303 	1412 	846
f 690 	689 	688
f 224 	739 	1679
f 753 	336 	751
f 634 	704 	753
f 753 	597 	336
f 739 	972 	1679
f 844 	846 	1784
f 1650 	846 	1645
f 336 	597 	493
f 706 	601 	704
f 708 	704 	837
f 703 	751 	598
f 598 	337 	492
f 705 	703 	602
f 703 	635 	751
f 1650 	1286 	846
f 1286 	1303 	846
f 835 	430 	703
f 837 	429 	835
f 837 	704 	429
f 847 	1570 	846
f 848 	847 	846
f 848 	846 	844
f 706 	704 	708
f 245 	250 	704
f 703 	709 	835
f 739 	743 	972
f 597 	704 	250
f 93 	245 	704
f 598 	597 	968
f 1828 	76 	689
f 967 	597 	222
f 689 	956 	952
f 949 	952 	956
f 959 	949 	956
f 947 	1828 	689
f 965 	689 	962
f 689 	945 	962
f 945 	959 	962
f 965 	956 	689
f 689 	690 	945
f 946 	945 	690
f 968 	220 	598
f 1500 	969 	1840
f 704 	703 	1028
f 704 	1028 	1029
f 1029 	431 	704
f 431 	419 	704
f 1066 	1828 	947
f 949 	959 	945
f 952 	947 	689
f 432 	1028 	703
f 969 	743 	1840
f 972 	743 	969
f 40 	704 	208
f 41 	207 	703
f 207 	215 	703
f 1013 	598 	94
f 1011 	1013 	94
f 55 	1011 	597
f 54 	598 	1013
f 1134 	1358 	1118
f 1147 	1119 	1359
f 1160 	1865 	1159
f 1304 	1285 	847
f 1207 	359 	1204
f 359 	1108 	1204
f 1224 	1213 	1221
f 1213 	1212 	1221
f 1108 	1221 	1212
f 1108 	1212 	1204
f 1242 	1264 	359
f 1224 	1227 	359
f 1239 	1242 	1227
f 1227 	1226 	1239
f 1108 	1239 	1226
f 1227 	1242 	359
f 1108 	1226 	1221
f 1 	1264 	1251
f 1255 	1 	1251
f 1243 	1251 	1264
f 1264 	1263 	1243
f 1263 	1239 	1108
f 1285 	1651 	847
f 1286 	1651 	1285
f 1108 	249 	1263
f 1 	359 	1264
f 359 	362 	1108
f 1110 	1108 	362
f 847 	1411 	1304
f 359 	1 	358
f 1213 	1224 	359
f 1255 	1254 	1442
f 1243 	1263 	249
f 411 	1606 	1432
f 1359 	1358 	1380
f 1379 	1380 	1358
f 847 	411 	1411
f 847 	410 	411
f 1389 	1358 	1399
f 1397 	1398 	1609
f 1400 	1389 	1399
f 1400 	1359 	1388
f 1388 	1389 	1400
f 1432 	1411 	411
f 1412 	1304 	1411
f 1303 	1304 	1412
f 1427 	1428 	1429
f 1429 	1430 	1427
f 1430 	1512 	1427
f 1 	2 	358
f 2 	3 	358
f 362 	358 	3
f 254 	255 	1
f 1 	1255 	254
f 1379 	1358 	1389
f 704 	1674 	1358
f 249 	1108 	248
f 248 	1108 	1110
f 1380 	1388 	1359
f 1397 	1512 	1430
f 1398 	1429 	1510
f 1472 	1358 	1507
f 1254 	1243 	249
f 261 	258 	249
f 1442 	254 	1255
f 1510 	1491 	1490
f 1488 	1490 	1491
f 1491 	1492 	1488
f 1492 	1512 	1488
f 1508 	1472 	1507
f 1359 	1470 	1508
f 1470 	1472 	1508
f 1514 	1517 	1512
f 1510 	1512 	1517
f 1519 	1520 	1729
f 1512 	1729 	1520
f 1512 	1510 	1522
f 1512 	1522 	1523
f 1399 	1358 	1472
f 1488 	1512 	1520
f 1400 	1470 	1359
f 1519 	1510 	1490
f 1553 	1609 	1510
f 1552 	1553 	1554
f 1554 	1555 	1552
f 1512 	1552 	1555
f 1427 	1512 	1492
f 1578 	1570 	847
f 1428 	1491 	1510
f 1429 	1428 	1510
f 576 	1617 	575
f 1617 	411 	575
f 1571 	846 	1570
f 1606 	1608 	1431
f 847 	1644 	1578
f 1680 	688 	1679
f 1680 	1683 	688
f 972 	1497 	1679
f 1514 	1512 	1555
f 1617 	1606 	411
f 1598 	1358 	1134
f 1554 	1553 	1510
f 1517 	1554 	1510
f 1607 	1359 	1829
f 1604 	1607 	1829
f 1431 	1432 	1606
f 1608 	1783 	1431
f 1609 	1610 	1397
f 1610 	1512 	1397
f 1147 	1359 	1596
f 1134 	1147 	1596
f 1596 	1598 	1134
f 1616 	1783 	1608
f 576 	1783 	1616
f 1616 	1617 	576
f 1625 	1359 	1626
f 1624 	1625 	1626
f 1626 	1627 	1624
f 1627 	1604 	1358
f 1512 	1610 	1552
f 1507 	1358 	1598
f 1609 	1398 	1510
f 1508 	1596 	1359
f 1845 	1500 	1840
f 410 	847 	848
f 1784 	410 	848
f 1633 	1635 	1656
f 1635 	1512 	1656
f 1118 	1358 	1648
f 1645 	1578 	1644
f 1577 	1578 	1645
f 1604 	1830 	1358
f 844 	1784 	848
f 1649 	1359 	1119
f 1648 	1649 	1119
f 1119 	1118 	1648
f 1651 	1286 	1650
f 1651 	1644 	847
f 1657 	1633 	1656
f 1577 	1645 	846
f 1656 	1512 	1523
f 1660 	1661 	1674
f 1661 	1358 	1674
f 1066 	945 	1825
f 1657 	1522 	1510
f 1840 	219 	945
f 1675 	1660 	1674
f 1359 	1660 	1675
f 1676 	1677 	1831
f 1677 	1512 	1831
f 1626 	1359 	1607
f 1680 	1679 	1683
f 1692 	1359 	1696
f 1691 	1692 	1696
f 1696 	1697 	1691
f 1697 	1624 	1358
f 1066 	949 	945
f 1648 	1358 	1661
f 1160 	1837 	1510
f 1660 	1359 	1649
f 1512 	1868 	1704
f 1732 	1519 	1729
f 1732 	1510 	1519
f 1736 	1703 	1700
f 1736 	1700 	1734
f 1738 	1704 	1703
f 1738 	1703 	1736
f 1740 	704 	62
f 1736 	1877 	1738
f 1761 	1359 	1763
f 1760 	1761 	1763
f 1763 	1764 	1760
f 1764 	1729 	1358
f 703 	1739 	69
f 62 	69 	1739
f 1739 	1740 	62
f 1624 	1627 	1358
f 1901 	1700 	1896
f 1825 	1828 	1066
f 1696 	1359 	1625
f 1674 	704 	1740
f 1512 	1358 	1729
f 1359 	1675 	703
f 1739 	703 	1675
f 1780 	1781 	1358
f 1358 	1359 	1780
f 1763 	1359 	1732
f 1786 	1358 	1785
f 1786 	1787 	1358
f 1358 	1787 	1888
f 584 	586 	1783
f 411 	410 	1783
f 1784 	1783 	410
f 1795 	1359 	1796
f 1794 	1795 	1796
f 1796 	1797 	1794
f 1797 	1760 	1358
f 1811 	1786 	1785
f 1811 	1785 	1807
f 1812 	1787 	1786
f 1812 	1786 	1811
f 1787 	1812 	1888
f 1760 	1764 	1358
f 846 	1783 	1784
f 846 	1412 	1783
f 1796 	1359 	1761
f 1781 	1691 	1358
f 1691 	1697 	1358
f 1512 	1820 	1358
f 1840 	945 	946
f 1829 	1830 	1604
f 1830 	1794 	1358
f 1358 	1824 	1785
f 1833 	1676 	1831
f 1510 	1676 	1833
f 1820 	1512 	1832
f 1704 	1832 	1512
f 1825 	945 	80
f 1831 	1512 	1635
f 1824 	1358 	1820
f 1839 	1840 	946
f 1824 	1835 	1807
f 1824 	1807 	1785
f 1633 	1657 	1510
f 1833 	1633 	1510
f 1836 	1832 	1704
f 1836 	1704 	1738
f 1832 	1836 	1820
f 1834 	1820 	1836
f 76 	224 	689
f 1794 	1797 	1358
f 1820 	1834 	1835
f 1820 	1835 	1824
f 1703 	1704 	1899
f 1835 	1834 	1877
f 1835 	1877 	1807
f 1837 	1838 	1854
f 1512 	1854 	1838
f 1829 	1359 	1795
f 1834 	1836 	1877
f 1836 	1738 	1877
f 1159 	1512 	1838
f 1811 	1807 	1877
f 1734 	1877 	1736
f 1510 	1732 	1359
f 1780 	1359 	1692
f 1837 	1855 	1510
f 1841 	1844 	1679
f 1840 	1679 	1844
f 1845 	1848 	1497
f 1844 	1845 	1840
f 1841 	1679 	1848
f 1683 	1679 	1840
f 1683 	1840 	1839
f 1855 	1837 	1854
f 1854 	1512 	1677
f 1861 	93 	1859
f 690 	688 	1683
f 1497 	1848 	1679
f 1676 	1510 	1855
f 1858 	93 	1857
f 1859 	93 	1858
f 1497 	1500 	1845
f 1850 	704 	1849
f 1889 	1849 	704
f 1865 	1160 	1510
f 1865 	1866 	1159
f 1512 	1159 	1866
f 1679 	688 	689
f 1869 	1849 	1893
f 1870 	1850 	1849
f 1870 	1849 	1869
f 1871 	1853 	1850
f 1871 	1850 	1870
f 1700 	1703 	1899
f 1877 	1853 	1871
f 1876 	1858 	1857
f 1876 	1857 	1877
f 1878 	1859 	1858
f 1878 	1858 	1876
f 1879 	1861 	1859
f 1879 	1859 	1878
f 1877 	1857 	1853
f 1812 	1811 	1869
f 1878 	1876 	1879
f 1877 	1902 	1876
f 5 	597 	1887
f 1895 	597 	5
f 1890 	1887 	1512
f 1868 	1512 	250
f 1510 	1886 	1891
f 1890 	1891 	1886
f 1886 	1887 	1890
f 1358 	1888 	704
f 704 	1888 	1889
f 1512 	1866 	1890
f 1888 	1812 	1892
f 1893 	1889 	1888
f 1893 	1888 	1892
f 1889 	1893 	1849
f 1865 	1510 	1891
f 1892 	1869 	1893
f 1900 	1896 	1861
f 72 	597 	1895
f 1512 	1887 	597
f 1861 	1879 	1900
f 1870 	1869 	1811
f 1510 	703 	598
f 54 	73 	598
f 1901 	1896 	1900
f 1899 	1896 	1700
f 1868 	1863 	1704
f 93 	1861 	1896
f 1863 	1899 	1704
f 39 	1886 	598
f 1510 	598 	1886
f 5 	39 	1894
f 1894 	1895 	5
f 597 	250 	1512
f 703 	1510 	1359
f 1902 	1900 	1879
f 1903 	1901 	1900
f 1903 	1900 	1902
f 1901 	1903 	1734
f 1901 	1734 	1700
f 1871 	1870 	1811
f 1869 	1892 	1812
f 1877 	1871 	1811
f 1902 	1877 	1903
f 1879 	1876 	1902
f 1734 	1903 	1877
f 1853 	93 	1850
f 1857 	93 	1853
f 1863 	245 	97
f 1899 	1863 	97
f 704 	1850 	93
# 516 faces

g group_0_10988977

usemtl color_10988977
s 0

f 15 	16 	19
f 15 	19 	20
f 27 	28 	29
f 27 	29 	30
f 31 	32 	33
f 31 	33 	34
f 34 	27 	30
f 34 	30 	31
f 34 	33 	28
f 34 	28 	27
f 30 	29 	32
f 30 	32 	31
f 35 	36 	37
f 35 	15 	20
f 15 	45 	16
f 20 	19 	36
f 20 	36 	35
f 64 	65 	66
f 67 	68 	70
f 66 	65 	68
f 66 	68 	67
f 98 	97 	93
f 98 	93 	92
f 1726 	1803 	1875
f 1875 	1872 	1726
f 180 	181 	66
f 226 	307 	225
f 251 	250 	245
f 251 	245 	244
f 307 	276 	225
f 311 	303 	276
f 311 	276 	307
f 623 	355 	368
f 376 	377 	379
f 376 	379 	380
f 383 	384 	386
f 385 	387 	388
f 385 	388 	389
f 391 	392 	394
f 393 	395 	396
f 397 	398 	399
f 397 	399 	400
f 401 	402 	403
f 401 	403 	404
f 394 	392 	384
f 394 	384 	383
f 405 	1061 	343
f 379 	377 	406
f 520 	413 	433
f 1039 	1061 	405
f 412 	388 	387
f 412 	387 	423
f 434 	399 	398
f 434 	398 	435
f 403 	402 	311
f 439 	403 	311
f 377 	376 	406
f 343 	1061 	226
f 439 	444 	404
f 439 	404 	403
f 412 	445 	389
f 412 	389 	388
f 387 	385 	446
f 387 	446 	423
f 181 	64 	66
f 434 	448 	400
f 434 	400 	399
f 674 	449 	450
f 428 	452 	395
f 428 	395 	393
f 398 	397 	453
f 398 	453 	435
f 402 	401 	303
f 402 	303 	311
f 183 	67 	70
f 379 	406 	644
f 475 	484 	483
f 475 	483 	476
f 644 	380 	379
f 520 	506 	413
f 436 	509 	522
f 527 	528 	529
f 522 	509 	506
f 522 	506 	520
f 535 	536 	539
f 562 	775 	530
f 536 	535 	528
f 536 	528 	527
f 674 	383 	449
f 526 	767 	561
f 658 	767 	775
f 563 	564 	565
f 386 	449 	383
f 391 	394 	682
f 564 	563 	568
f 564 	568 	567
f 674 	682 	383
f 394 	383 	682
f 511 	510 	517
f 511 	517 	515
f 623 	592 	593
f 623 	593 	624
f 484 	515 	517
f 643 	644 	645
f 592 	623 	368
f 476 	511 	475
f 515 	475 	511
f 593 	373 	624
f 644 	406 	645
f 476 	483 	511
f 510 	511 	483
f 475 	515 	484
f 644 	643 	380
f 658 	630 	561
f 660 	631 	630
f 660 	630 	658
f 562 	631 	660
f 562 	660 	775
f 660 	658 	775
f 568 	436 	567
f 674 	657 	659
f 674 	659 	682
f 522 	564 	567
f 657 	674 	450
f 565 	564 	433
f 520 	433 	564
f 391 	682 	659
f 522 	567 	436
f 522 	520 	564
f 730 	731 	732
f 730 	732 	733
f 736 	738 	740
f 746 	747 	748
f 740 	738 	747
f 740 	747 	746
f 756 	757 	758
f 756 	758 	759
f 757 	730 	733
f 757 	733 	758
f 757 	756 	731
f 757 	731 	730
f 733 	732 	759
f 733 	759 	758
f 658 	561 	767
f 735 	767 	526
f 744 	355 	770
f 623 	770 	355
f 775 	749 	530
f 373 	750 	780
f 373 	780 	624
f 623 	624 	770
f 780 	770 	624
f 780 	750 	744
f 780 	744 	770
f 767 	735 	749
f 767 	749 	775
f 66 	527 	180
f 529 	180 	527
f 67 	183 	536
f 539 	536 	183
f 66 	67 	527
f 536 	527 	67
f 1863 	1864 	245
f 251 	1868 	250
f 1867 	251 	1864
f 244 	245 	1864
f 1868 	251 	1867
f 244 	1864 	251
f 898 	899 	1373
f 645 	975 	976
f 645 	976 	643
f 406 	376 	976
f 406 	976 	975
f 645 	406 	975
f 307 	226 	1061
f 1061 	1039 	444
f 1061 	444 	439
f 439 	311 	307
f 439 	307 	1061
f 1080 	1086 	23
f 1086 	1080 	445
f 1086 	445 	412
f 423 	1670 	412
f 740 	1198 	736
f 746 	748 	1201
f 1092 	1201 	748
f 740 	746 	1198
f 1201 	1198 	746
f 1198 	1090 	736
f 1201 	1092 	1090
f 1201 	1090 	1198
f 1203 	652 	1091
f 1342 	1343 	1344
f 1343 	1353 	1344
f 903 	1375 	1171
f 1344 	1365 	1342
f 1165 	1373 	899
f 1373 	1165 	1171
f 1373 	1171 	1375
f 393 	1584 	428
f 1343 	1584 	1353
f 1343 	1342 	1584
f 1509 	1353 	1584
f 1403 	1404 	1407
f 1408 	1409 	1410
f 1409 	1408 	1404
f 1409 	1404 	1403
f 1342 	1365 	1435
f 1414 	1435 	1365
f 1435 	1414 	452
f 1435 	452 	428
f 428 	1342 	1435
f 435 	453 	1489
f 435 	1489 	1501
f 393 	396 	1584
f 1509 	1584 	396
f 35 	37 	1586
f 1511 	1586 	37
f 1586 	15 	35
f 1695 	1501 	1588
f 1342 	428 	1584
f 1586 	1511 	45
f 1586 	45 	15
f 1588 	1124 	1695
f 1489 	1587 	1501
f 1587 	1588 	1501
f 1695 	435 	1501
f 1628 	1629 	1630
f 1630 	1629 	652
f 1630 	652 	1203
f 1695 	1124 	1637
f 1695 	1637 	1685
f 1373 	1403 	898
f 1630 	1678 	1628
f 1673 	1203 	1091
f 1407 	898 	1403
f 1658 	1659 	1678
f 1375 	903 	1409
f 1410 	1409 	903
f 1373 	1375 	1403
f 1409 	1403 	1375
f 1670 	1667 	1713
f 423 	446 	1667
f 423 	1667 	1670
f 1678 	1672 	1658
f 1681 	1673 	1672
f 1681 	1672 	1678
f 1695 	1685 	448
f 1695 	448 	434
f 435 	1695 	434
f 1699 	1698 	1694
f 1699 	1694 	1693
f 1705 	1706 	1707
f 1705 	1707 	1708
f 1681 	1203 	1673
f 1681 	1678 	1203
f 1659 	1628 	1678
f 1709 	1711 	1712
f 1709 	1712 	1710
f 1678 	1630 	1203
f 1670 	1713 	1714
f 1707 	1800 	1708
f 1720 	1723 	1724
f 1726 	1727 	1730
f 1724 	1723 	1727
f 1724 	1727 	1726
f 47 	1086 	1714
f 1670 	1714 	1086
f 1086 	47 	23
f 1086 	412 	1670
f 1711 	1693 	1694
f 1699 	1712 	1698
f 1799 	1724 	1798
f 1726 	1802 	1803
f 1800 	1801 	1804
f 1800 	1804 	1805
f 1699 	1693 	1710
f 1709 	1710 	1693
f 1706 	1804 	1707
f 1801 	1707 	1804
f 1709 	1693 	1711
f 1699 	1710 	1712
f 1805 	1804 	1705
f 1706 	1705 	1804
f 1801 	1800 	1707
f 84 	1798 	1872
f 87 	1875 	1803
f 1872 	1798 	1724
f 1726 	1872 	1724
f 1724 	1799 	1720
f 1802 	1726 	1730
f 1864 	1863 	1868
f 1864 	1868 	1867
f 1872 	1873 	84
f 1874 	1875 	87
f 1875 	1874 	1873
f 1875 	1873 	1872
f 1897 	1896 	1899
f 1897 	1899 	1898
f 1898 	1899 	97
f 93 	1896 	1897
f 1898 	97 	98
f 98 	92 	1898
f 1897 	92 	93
f 1897 	1898 	92
# 305 faces

g group_0_14541540

usemtl color_14541540
s 0

f 243 	356 	230
f 231 	230 	350
f 350 	230 	356
f 618 	617 	686
f 618 	686 	687
f 924 	1031 	1032
f 924 	1032 	1020
f 1031 	618 	1032
f 687 	1032 	618
f 687 	686 	1020
f 687 	1020 	1032
f 1413 	1371 	1370
f 1413 	1370 	1350
f 1413 	1350 	356
f 350 	356 	1350
f 1371 	1413 	356
f 1371 	356 	243
# 17 faces

g group_0_14860437

usemtl color_14860437
s 0

f 204 	302 	191
f 204 	203 	302
f 195 	302 	167
f 167 	302 	205
f 171 	195 	167
f 203 	206 	302
f 205 	302 	206
f 205 	209 	167
f 213 	167 	209
f 167 	213 	212
f 179 	167 	218
f 186 	175 	217
f 216 	175 	186
f 174 	217 	175
f 212 	218 	167
f 182 	175 	198
f 198 	175 	216
f 216 	252 	198
f 238 	198 	252
f 239 	238 	278
f 252 	279 	238
f 279 	278 	238
f 263 	344 	265
f 274 	271 	233
f 284 	236 	235
f 284 	235 	285
f 278 	277 	239
f 277 	275 	239
f 240 	239 	275
f 232 	240 	275
f 275 	274 	232
f 233 	232 	274
f 265 	344 	271
f 292 	291 	290
f 292 	290 	293
f 293 	284 	285
f 293 	285 	292
f 293 	290 	236
f 293 	236 	284
f 285 	235 	291
f 285 	291 	292
f 297 	325 	298
f 299 	298 	315
f 289 	288 	304
f 315 	318 	299
f 318 	317 	299
f 300 	299 	317
f 316 	314 	313
f 304 	288 	314
f 304 	314 	316
f 312 	310 	321
f 317 	192 	300
f 301 	300 	192
f 192 	190 	301
f 190 	191 	301
f 302 	301 	191
f 322 	323 	324
f 326 	327 	328
f 324 	323 	327
f 324 	327 	326
f 325 	297 	329
f 315 	298 	325
f 331 	329 	297
f 339 	342 	296
f 296 	295 	339
f 340 	339 	295
f 340 	295 	294
f 341 	333 	332
f 297 	296 	331
f 342 	331 	296
f 321 	310 	333
f 321 	333 	341
f 233 	271 	344
f 345 	344 	263
f 263 	357 	345
f 346 	345 	360
f 361 	360 	345
f 357 	361 	345
f 365 	390 	347
f 347 	346 	365
f 360 	365 	346
f 390 	382 	348
f 348 	347 	390
f 349 	348 	382
f 370 	351 	375
f 340 	351 	370
f 382 	375 	349
f 294 	351 	340
f 349 	375 	351
f 720 	721 	726
f 762 	764 	765
f 764 	762 	721
f 764 	721 	720
f 912 	911 	884
f 926 	886 	901
f 883 	884 	911
f 911 	901 	885
f 886 	885 	901
f 885 	883 	911
f 931 	937 	912
f 884 	931 	912
f 878 	912 	937
f 1008 	1007 	925
f 953 	1005 	874
f 894 	973 	895
f 937 	936 	878
f 936 	955 	878
f 874 	878 	954
f 960 	974 	894
f 902 	961 	894
f 960 	894 	961
f 938 	895 	973
f 974 	973 	894
f 973 	980 	938
f 939 	938 	980
f 980 	979 	939
f 875 	874 	1004
f 1005 	1004 	874
f 979 	978 	939
f 940 	939 	978
f 942 	940 	978
f 978 	915 	942
f 915 	977 	942
f 977 	1078 	944
f 955 	954 	878
f 954 	953 	874
f 916 	1003 	917
f 1004 	993 	875
f 904 	875 	993
f 905 	904 	993
f 993 	882 	905
f 992 	1097 	906
f 882 	992 	905
f 997 	1069 	998
f 1026 	1024 	1001
f 1067 	1026 	1000
f 1024 	1049 	1001
f 1002 	1001 	1049
f 1049 	1041 	1002
f 1040 	932 	1006
f 1012 	1145 	1058
f 1006 	1002 	1041
f 1006 	1041 	1040
f 906 	905 	992
f 961 	1008 	966
f 966 	1008 	1036
f 925 	1036 	1008
f 920 	925 	1007
f 902 	1008 	961
f 932 	920 	1007
f 1007 	1006 	932
f 1097 	1095 	1047
f 1048 	1047 	1095
f 1044 	1565 	1046
f 986 	1046 	982
f 1001 	1000 	1026
f 1000 	998 	1067
f 1068 	1067 	998
f 1069 	1068 	998
f 1182 	1010 	994
f 994 	1102 	1182
f 995 	1010 	997
f 1046 	1565 	982
f 1062 	996 	1076
f 982 	1076 	996
f 1075 	1062 	1076
f 1075 	1077 	1062
f 944 	942 	977
f 1070 	944 	1078
f 1078 	1088 	1070
f 1071 	1070 	1088
f 1088 	1087 	1071
f 1087 	1084 	1071
f 988 	1050 	989
f 1063 	1062 	1023
f 1083 	1023 	1062
f 1077 	1083 	1062
f 999 	1064 	1104
f 1106 	1104 	1064
f 1072 	1071 	1084
f 1073 	1072 	1084
f 1084 	1081 	1073
f 1016 	1019 	1063
f 1064 	1063 	1019
f 1023 	1016 	1063
f 1094 	1106 	1064
f 1019 	1094 	1064
f 1047 	906 	1097
f 1131 	1130 	1109
f 1082 	1131 	1109
f 1048 	1095 	1052
f 1117 	1115 	1052
f 988 	999 	1104
f 1117 	1052 	1095
f 1054 	1052 	1115
f 1074 	1073 	1081
f 1051 	1050 	1122
f 1050 	988 	1122
f 1123 	1122 	988
f 1081 	1082 	1074
f 1109 	1074 	1082
f 1104 	1103 	988
f 1103 	1123 	988
f 1115 	1140 	1054
f 1140 	1138 	1054
f 1138 	1135 	1055
f 1130 	482 	1111
f 1122 	1132 	1051
f 1132 	1035 	1051
f 1053 	1051 	1035
f 1035 	1033 	1053
f 1033 	1030 	1053
f 1056 	1053 	1030
f 1058 	1056 	1030
f 1030 	1012 	1058
f 1111 	1109 	1130
f 482 	1143 	1111
f 1143 	1142 	1112
f 1112 	1111 	1143
f 1194 	1162 	1139
f 1139 	1162 	1145
f 1163 	1162 	1194
f 1098 	1096 	1155
f 1157 	1155 	1096
f 1142 	1157 	1112
f 1096 	1112 	1157
f 1179 	1178 	1100
f 1100 	1098 	1179
f 1155 	1179 	1098
f 1059 	1058 	1145
f 1161 	1059 	1145
f 1162 	1161 	1145
f 1173 	1172 	1101
f 1102 	1101 	1172
f 1172 	1182 	1102
f 1178 	1173 	1101
f 1101 	1100 	1178
f 1194 	1200 	1163
f 1200 	1199 	1163
f 1166 	1163 	1199
f 1069 	997 	1196
f 995 	994 	1010
f 1196 	997 	1010
f 1167 	1166 	1406
f 1199 	1406 	1166
f 1405 	1457 	1174
f 1302 	1300 	1346
f 1377 	1376 	1218
f 1232 	1230 	1209
f 1126 	1331 	1038
f 1037 	1126 	1038
f 1127 	1126 	1037
f 1055 	1054 	1138
f 1233 	1232 	1272
f 1273 	1272 	1232
f 1270 	1273 	1232
f 1209 	1270 	1232
f 1135 	1133 	1055
f 1057 	1055 	1133
f 1133 	485 	1057
f 1060 	1057 	485
f 485 	1127 	1060
f 1037 	1060 	1127
f 1272 	1284 	1233
f 1284 	1283 	1233
f 1234 	1233 	1283
f 1192 	1191 	1269
f 1268 	1192 	1269
f 1216 	1192 	1268
f 1267 	1192 	1216
f 1265 	1494 	1267
f 1259 	1494 	1265
f 1271 	1269 	1191
f 1191 	1202 	1271
f 1274 	1271 	1202
f 1279 	1308 	1280
f 1283 	1301 	1234
f 1235 	1234 	1301
f 1301 	1293 	1235
f 1281 	1280 	1295
f 1295 	1292 	1281
f 1494 	1259 	1495
f 1261 	1495 	1258
f 1258 	1495 	1259
f 1292 	1288 	1281
f 1282 	1281 	1288
f 926 	1282 	1288
f 926 	900 	1282
f 900 	926 	901
f 1293 	1289 	1235
f 1236 	1235 	1289
f 1237 	1236 	1289
f 1289 	1190 	1237
f 1190 	1287 	1237
f 1294 	1461 	1296
f 1296 	1455 	1297
f 1320 	1319 	1297
f 1319 	1318 	1297
f 1298 	1297 	1318
f 1238 	1237 	1287
f 1287 	1321 	1238
f 1308 	1279 	1309
f 1315 	1309 	1278
f 1295 	1280 	1308
f 1278 	1309 	1279
f 914 	1315 	1278
f 914 	1278 	1277
f 1352 	914 	1275
f 1277 	1275 	914
f 1310 	1238 	1321
f 1321 	1330 	1310
f 1299 	1298 	1246
f 1246 	1220 	1299
f 1318 	1329 	1298
f 1330 	1328 	1310
f 1311 	1310 	1328
f 1229 	1346 	1300
f 1329 	1246 	1298
f 1322 	1038 	1331
f 1003 	916 	1146
f 1003 	1146 	1327
f 1220 	1229 	1299
f 1300 	1299 	1229
f 1328 	1354 	1311
f 1354 	1351 	1311
f 1312 	1311 	1351
f 1323 	1322 	1339
f 1341 	1339 	1322
f 1331 	1341 	1322
f 1357 	1356 	1324
f 1324 	1323 	1357
f 1339 	1357 	1323
f 1346 	1338 	1302
f 1202 	1302 	1338
f 1351 	1348 	1312
f 1313 	1312 	1348
f 1348 	1333 	1313
f 1314 	1313 	1333
f 1333 	1332 	1314
f 1316 	1314 	1332
f 1316 	1332 	1317
f 1340 	1471 	1332
f 1276 	1274 	1202
f 1334 	1276 	1202
f 1338 	1334 	1202
f 1326 	1325 	1355
f 1355 	1352 	1326
f 1275 	1326 	1352
f 1356 	1355 	1325
f 1325 	1324 	1356
f 1445 	1151 	1447
f 1156 	1447 	1151
f 1395 	1394 	1177
f 1406 	1405 	1167
f 1174 	1167 	1405
f 1457 	1454 	1174
f 1422 	1396 	1151
f 1177 	1151 	1396
f 1177 	1396 	1395
f 1210 	1209 	1252
f 1230 	1252 	1209
f 1252 	1377 	1210
f 1197 	1210 	1377
f 1394 	1218 	1376
f 1218 	1197 	1377
f 1376 	1177 	1394
f 1454 	594 	1174
f 1192 	1368 	1208
f 1449 	881 	1450
f 1466 	1463 	1450
f 1320 	1297 	1455
f 1361 	1463 	1294
f 1422 	1151 	1445
f 1156 	1364 	1447
f 1364 	1363 	1447
f 1453 	1447 	1363
f 1307 	1453 	1363
f 1307 	1363 	1362
f 1360 	1436 	1362
f 1307 	1362 	1436
f 1585 	1615 	1149
f 1149 	1148 	1585
f 1439 	1585 	1148
f 1148 	1176 	1439
f 1461 	1294 	1463
f 1361 	1450 	1463
f 1455 	1296 	1461
f 1466 	1450 	881
f 1448 	1460 	1449
f 881 	1449 	1460
f 1317 	1332 	1471
f 1340 	1496 	1471
f 1496 	700 	1471
f 700 	1502 	1471
f 1473 	1471 	1502
f 1502 	1521 	1473
f 1521 	1518 	1473
f 1518 	1516 	1474
f 1474 	1473 	1518
f 1192 	1267 	1368
f 1368 	1267 	1493
f 1462 	1475 	1527
f 1529 	1527 	1475
f 1493 	1267 	1494
f 1516 	1529 	1474
f 1475 	1474 	1529
f 1495 	1261 	1513
f 1261 	1530 	1513
f 1530 	1537 	1513
f 1468 	1467 	1526
f 1526 	1524 	1468
f 1524 	1436 	1468
f 1360 	1468 	1436
f 1467 	1462 	1526
f 1527 	1526 	1462
f 1537 	1536 	1513
f 1515 	1513 	1536
f 1540 	1539 	1481
f 1536 	1542 	1515
f 1542 	1540 	1515
f 456 	1551 	1482
f 1482 	1481 	456
f 1539 	456 	1481
f 1480 	1515 	1540
f 1481 	1480 	1540
f 1483 	1482 	1551
f 1550 	1483 	1551
f 1549 	1483 	1550
f 1549 	1564 	1484
f 1484 	1483 	1549
f 1175 	1174 	594
f 1176 	1175 	594
f 594 	1441 	1176
f 1441 	1440 	1176
f 1440 	1439 	1176
f 1485 	1484 	1564
f 1561 	1460 	1556
f 1563 	1561 	1556
f 1448 	1556 	1460
f 1556 	1485 	1563
f 1564 	1563 	1485
f 1560 	1568 	1562
f 1044 	1562 	1566
f 1076 	982 	1565
f 1566 	1565 	1044
f 1568 	1560 	1569
f 1560 	1559 	1569
f 1566 	1562 	1568
f 1572 	1569 	1559
f 1183 	1572 	1559
f 1183 	1559 	1558
f 1557 	1567 	1558
f 1183 	1558 	1567
f 1579 	1150 	1614
f 1615 	1614 	1150
f 1150 	1149 	1615
f 1581 	1580 	1613
f 1613 	1589 	1581
f 1589 	1567 	1581
f 1557 	1581 	1567
f 1614 	1613 	1580
f 1580 	1579 	1614
f 1146 	312 	1327
f 322 	324 	726
f 328 	765 	326
f 764 	326 	765
f 324 	326 	720
f 341 	332 	1003
f 321 	341 	1003
f 1327 	321 	1003
f 1575 	289 	1682
f 304 	1682 	289
f 316 	313 	1684
f 1576 	1684 	313
f 304 	316 	1682
f 1684 	1682 	316
f 1684 	1576 	1575
f 1684 	1575 	1682
f 321 	1327 	312
f 720 	726 	324
f 764 	720 	326
f 917 	1003 	332
# 482 faces

g group_0_16311991

usemtl color_16311991
s 0

f 76 	77 	78
f 76 	78 	80
f 77 	1826 	78
f 1826 	80 	78
f 76 	1828 	77
f 1420 	1595 	99
f 100 	129 	130
f 100 	130 	101
f 129 	99 	130
f 99 	51 	101
f 99 	101 	130
f 119 	135 	136
f 119 	136 	120
f 148 	150 	151
f 148 	151 	152
f 138 	155 	156
f 138 	156 	139
f 135 	156 	155
f 135 	155 	136
f 135 	119 	139
f 135 	139 	156
f 155 	138 	120
f 155 	120 	136
f 169 	171 	168
f 170 	171 	169
f 167 	168 	171
f 172 	173 	174
f 175 	176 	174
f 172 	174 	176
f 176 	169 	168
f 176 	168 	172
f 173 	172 	179
f 172 	168 	179
f 167 	179 	168
f 170 	169 	182
f 169 	176 	182
f 175 	182 	176
f 185 	187 	188
f 185 	188 	189
f 219 	221 	223
f 219 	223 	224
f 255 	256 	257
f 255 	257 	258
f 253 	257 	256
f 255 	254 	253
f 255 	253 	256
f 261 	262 	264
f 261 	264 	266
f 267 	268 	269
f 267 	269 	270
f 262 	267 	270
f 262 	270 	264
f 269 	266 	264
f 269 	264 	270
f 261 	268 	267
f 261 	267 	262
f 741 	223 	221
f 743 	221 	219
f 741 	224 	223
f 187 	839 	838
f 187 	838 	188
f 838 	189 	188
f 187 	185 	840
f 187 	840 	839
f 461 	486 	487
f 461 	487 	462
f 496 	572 	573
f 496 	573 	498
f 486 	573 	572
f 486 	572 	487
f 579 	576 	575
f 579 	575 	581
f 486 	461 	498
f 486 	498 	573
f 589 	586 	584
f 589 	584 	590
f 575 	586 	589
f 575 	589 	581
f 572 	496 	462
f 572 	462 	487
f 537 	595 	596
f 537 	596 	538
f 584 	576 	579
f 584 	579 	590
f 637 	654 	655
f 637 	655 	638
f 595 	655 	654
f 595 	654 	596
f 595 	537 	638
f 595 	638 	655
f 654 	637 	538
f 654 	538 	596
f 607 	671 	672
f 607 	672 	608
f 739 	741 	742
f 739 	742 	743
f 741 	221 	742
f 221 	743 	742
f 739 	224 	741
f 727 	761 	763
f 727 	763 	728
f 776 	777 	778
f 776 	778 	779
f 783 	784 	785
f 783 	785 	786
f 777 	785 	784
f 777 	784 	778
f 777 	776 	786
f 777 	786 	785
f 784 	783 	779
f 784 	779 	778
f 768 	795 	796
f 768 	796 	769
f 761 	796 	795
f 761 	795 	763
f 761 	727 	769
f 761 	769 	796
f 795 	768 	728
f 795 	728 	763
f 677 	818 	819
f 677 	819 	678
f 671 	819 	818
f 671 	818 	672
f 671 	607 	678
f 671 	678 	819
f 818 	677 	608
f 818 	608 	672
f 836 	838 	839
f 836 	839 	840
f 841 	842 	843
f 841 	843 	845
f 833 	843 	842
f 189 	838 	836
f 842 	841 	834
f 842 	834 	833
f 869 	870 	871
f 869 	871 	872
f 873 	874 	875
f 876 	877 	875
f 873 	875 	877
f 877 	871 	870
f 877 	870 	873
f 874 	873 	878
f 873 	870 	878
f 869 	878 	870
f 876 	872 	871
f 876 	871 	877
f 887 	888 	889
f 887 	889 	890
f 892 	894 	895
f 896 	897 	895
f 892 	895 	897
f 897 	889 	888
f 897 	888 	892
f 894 	892 	902
f 892 	888 	902
f 887 	902 	888
f 896 	890 	889
f 896 	889 	897
f 907 	908 	909
f 907 	909 	910
f 949 	950 	951
f 949 	951 	952
f 950 	948 	951
f 947 	952 	951
f 947 	951 	948
f 956 	957 	958
f 956 	958 	959
f 962 	963 	964
f 962 	964 	965
f 957 	964 	963
f 957 	963 	958
f 962 	959 	958
f 962 	958 	963
f 956 	965 	964
f 956 	964 	957
f 969 	970 	971
f 969 	971 	972
f 984 	986 	983
f 985 	986 	984
f 982 	983 	986
f 987 	988 	989
f 990 	991 	989
f 987 	989 	991
f 991 	984 	983
f 991 	983 	987
f 999 	987 	996
f 988 	987 	999
f 987 	983 	996
f 982 	996 	983
f 990 	985 	984
f 990 	984 	991
f 1500 	970 	969
f 834 	1034 	833
f 1034 	843 	833
f 1066 	947 	1065
f 948 	1065 	947
f 948 	950 	1065
f 1066 	1065 	949
f 950 	949 	1065
f 1153 	1156 	1152
f 1154 	1156 	1153
f 1151 	1152 	1156
f 1164 	1168 	1169
f 1164 	1169 	1170
f 1170 	1153 	1152
f 1170 	1152 	1164
f 843 	1034 	845
f 1168 	1164 	1177
f 1164 	1152 	1177
f 1151 	1177 	1152
f 1169 	1154 	1153
f 1169 	1153 	1170
f 1185 	1186 	1187
f 1185 	1187 	1188
f 1189 	1191 	1192
f 1189 	1192 	1193
f 1193 	1187 	1186
f 1193 	1186 	1189
f 1191 	1189 	1202
f 1189 	1186 	1202
f 1185 	1202 	1186
f 1204 	1205 	1206
f 1204 	1206 	1207
f 1188 	1187 	1208
f 1187 	1193 	1208
f 1192 	1208 	1193
f 1211 	1212 	1213
f 1211 	1213 	1214
f 1205 	1211 	1214
f 1205 	1214 	1206
f 1213 	1207 	1206
f 1213 	1206 	1214
f 1204 	1212 	1211
f 1204 	1211 	1205
f 1221 	1222 	1223
f 1221 	1223 	1224
f 1225 	1226 	1227
f 1225 	1227 	1228
f 1222 	1225 	1228
f 1222 	1228 	1223
f 1227 	1224 	1223
f 1227 	1223 	1228
f 1231 	1034 	834
f 1221 	1226 	1225
f 1221 	1225 	1222
f 1231 	845 	1034
f 1239 	1240 	1241
f 1239 	1241 	1242
f 1243 	1245 	1248
f 1243 	1248 	1251
f 1253 	1254 	1255
f 1253 	1255 	1256
f 1245 	1253 	1256
f 1245 	1256 	1248
f 1255 	1251 	1248
f 1255 	1248 	1256
f 1243 	1254 	1253
f 1243 	1253 	1245
f 1262 	1263 	1264
f 1262 	1264 	1266
f 1240 	1262 	1266
f 1240 	1266 	1241
f 1264 	1242 	1241
f 1264 	1241 	1266
f 1239 	1263 	1262
f 1239 	1262 	1240
f 1290 	1286 	1285
f 1290 	1285 	1291
f 1305 	1304 	1303
f 1305 	1303 	1306
f 1285 	1304 	1305
f 1285 	1305 	1291
f 1303 	1286 	1290
f 1303 	1290 	1306
f 1417 	1412 	1411
f 1417 	1411 	1418
f 1423 	1424 	1425
f 1423 	1425 	1426
f 99 	129 	1420
f 129 	100 	1420
f 1433 	1432 	1431
f 1433 	1431 	1434
f 1411 	1432 	1433
f 1411 	1433 	1418
f 1431 	1412 	1417
f 1431 	1417 	1434
f 253 	254 	1469
f 1442 	1469 	254
f 1469 	257 	253
f 257 	1469 	258
f 1442 	258 	1469
f 1497 	1498 	1499
f 1497 	1499 	1500
f 1573 	1571 	1570
f 1573 	1570 	1574
f 1582 	1578 	1577
f 1582 	1577 	1583
f 1570 	1578 	1582
f 1570 	1582 	1574
f 1577 	1571 	1573
f 1577 	1573 	1583
f 1611 	1608 	1606
f 1611 	1606 	1612
f 1618 	1617 	1616
f 1618 	1616 	1619
f 1606 	1617 	1618
f 1606 	1618 	1612
f 1616 	1608 	1611
f 1616 	1611 	1619
f 971 	970 	1498
f 1499 	1498 	970
f 970 	1500 	1499
f 971 	1498 	972
f 1497 	972 	1498
f 1646 	1645 	1644
f 1646 	1644 	1647
f 1652 	1651 	1650
f 1652 	1650 	1653
f 1644 	1651 	1652
f 1644 	1652 	1647
f 1650 	1645 	1646
f 1650 	1646 	1653
f 51 	99 	1595
f 1424 	909 	1425
f 908 	1425 	909
f 910 	909 	1423
f 1424 	1423 	909
f 1425 	908 	1426
f 907 	1426 	908
f 1420 	100 	1595
f 1719 	1721 	1722
f 1719 	1722 	1725
f 1728 	1731 	1733
f 1728 	1733 	1735
f 1721 	1733 	1731
f 1721 	1731 	1722
f 1721 	1719 	1735
f 1721 	1735 	1733
f 1731 	1728 	1725
f 1731 	1725 	1722
f 1806 	1808 	1809
f 1806 	1809 	1810
f 1825 	1826 	1827
f 1825 	1827 	1828
f 1825 	80 	1826
f 77 	1827 	1826
f 77 	1828 	1827
f 152 	1809 	148
f 1808 	148 	1809
f 1809 	152 	1810
f 151 	1810 	152
f 150 	148 	1806
f 1808 	1806 	148
f 1841 	1842 	1843
f 1841 	1843 	1844
f 1845 	1846 	1847
f 1845 	1847 	1848
f 1842 	1847 	1846
f 1842 	1846 	1843
f 1845 	1844 	1843
f 1845 	1843 	1846
f 1841 	1848 	1847
f 1841 	1847 	1842
# 364 faces

g group_0_16448250

usemtl color_16448250
s 0

f 39 	83 	1886
f 12 	42 	13
f 43 	13 	42
f 1011 	53 	52
f 1011 	52 	1013
f 1013 	52 	54
f 62 	43 	48
f 43 	62 	13
f 42 	69 	49
f 12 	69 	42
f 22 	21 	40
f 41 	40 	21
f 82 	417 	1887
f 95 	1144 	199
f 200 	1141 	94
f 214 	211 	210
f 210 	215 	214
f 968 	17 	220
f 227 	247 	228
f 246 	228 	247
f 1636 	1634 	280
f 280 	133 	1636
f 214 	227 	211
f 214 	247 	227
f 246 	210 	228
f 210 	246 	215
f 259 	272 	260
f 259 	273 	272
f 231 	350 	352
f 231 	352 	166
f 336 	306 	305
f 336 	305 	337
f 353 	354 	242
f 241 	353 	242
f 378 	364 	363
f 378 	363 	381
f 408 	419 	409
f 418 	409 	419
f 429 	415 	414
f 429 	414 	430
f 272 	408 	260
f 272 	419 	408
f 418 	259 	409
f 259 	418 	273
f 39 	5 	416
f 421 	420 	431
f 432 	431 	420
f 464 	442 	465
f 441 	465 	442
f 473 	489 	474
f 488 	474 	489
f 5 	1887 	417
f 416 	83 	39
f 507 	497 	495
f 507 	495 	508
f 501 	438 	437
f 501 	437 	502
f 364 	378 	465
f 364 	465 	441
f 442 	464 	381
f 442 	381 	363
f 470 	451 	447
f 470 	447 	471
f 566 	558 	569
f 556 	569 	558
f 415 	429 	489
f 415 	489 	473
f 474 	488 	430
f 474 	430 	414
f 490 	469 	468
f 490 	468 	491
f 616 	617 	618
f 622 	616 	620
f 618 	620 	616
f 587 	611 	588
f 610 	588 	611
f 632 	628 	633
f 627 	633 	628
f 599 	583 	600
f 582 	600 	583
f 556 	501 	569
f 438 	501 	556
f 558 	566 	502
f 558 	502 	437
f 570 	555 	553
f 570 	553 	571
f 620 	648 	622
f 559 	55 	560
f 54 	560 	55
f 497 	507 	611
f 497 	611 	587
f 691 	685 	692
f 684 	692 	685
f 588 	610 	508
f 588 	508 	495
f 601 	578 	577
f 601 	577 	602
f 451 	600 	582
f 451 	470 	600
f 469 	490 	633
f 469 	633 	627
f 583 	599 	471
f 583 	471 	447
f 628 	632 	491
f 628 	491 	468
f 555 	570 	692
f 555 	692 	684
f 634 	626 	625
f 634 	625 	635
f 55 	559 	53
f 560 	54 	52
f 685 	691 	571
f 685 	571 	553
f 705 	698 	706
f 697 	706 	698
f 492 	427 	493
f 426 	493 	427
f 751 	717 	753
f 715 	753 	717
f 306 	336 	493
f 306 	493 	426
f 578 	601 	706
f 578 	706 	697
f 626 	634 	753
f 626 	753 	715
f 427 	492 	337
f 427 	337 	305
f 698 	705 	602
f 698 	602 	577
f 708 	696 	695
f 708 	695 	709
f 717 	751 	635
f 717 	635 	625
f 73 	72 	773
f 774 	773 	72
f 835 	828 	837
f 827 	837 	828
f 202 	73 	773
f 696 	708 	837
f 696 	837 	827
f 867 	95 	868
f 94 	868 	95
f 828 	835 	709
f 828 	709 	695
f 95 	867 	1144
f 18 	17 	967
f 968 	967 	17
f 222 	18 	967
f 941 	133 	943
f 132 	943 	133
f 1014 	922 	921
f 1014 	921 	1015
f 929 	1015 	921
f 1015 	1043 	1045
f 1015 	1045 	1014
f 1015 	929 	1021
f 1015 	1021 	1043
f 922 	1014 	1022
f 1045 	1022 	1014
f 1017 	1029 	1018
f 1028 	1018 	1029
f 618 	1031 	1042
f 620 	618 	1042
f 421 	1029 	1017
f 431 	1029 	421
f 1028 	420 	1018
f 420 	1028 	432
f 207 	146 	208
f 145 	208 	146
f 145 	22 	208
f 40 	208 	22
f 207 	41 	21
f 207 	21 	146
f 1114 	1118 	1113
f 1119 	1113 	1118
f 55 	53 	1011
f 1134 	1114 	1125
f 1114 	1134 	1118
f 1128 	1113 	1147
f 1119 	1147 	1113
f 86 	85 	1159
f 1160 	1159 	85
f 1079 	1042 	1031
f 1079 	1031 	924
f 1042 	1079 	648
f 1042 	648 	620
f 1043 	1137 	1136
f 1043 	1136 	1045
f 1043 	1021 	1137
f 1045 	1136 	1022
f 1335 	1336 	1337
f 1347 	1337 	1345
f 1336 	1345 	1337
f 199 	1144 	1141
f 199 	1141 	200
f 1380 	1379 	1366
f 1367 	1366 	1379
f 868 	94 	1141
f 1369 	1349 	1350
f 1369 	1350 	1370
f 1386 	1389 	1387
f 1388 	1387 	1389
f 1349 	1369 	1384
f 1336 	1335 	1372
f 1397 	1391 	1390
f 1397 	1390 	1398
f 350 	1350 	352
f 1349 	352 	1350
f 353 	1345 	354
f 1336 	354 	1345
f 1415 	1430 	1416
f 1429 	1416 	1430
f 1386 	1367 	1389
f 1379 	1389 	1367
f 1388 	1380 	1366
f 1388 	1366 	1387
f 1393 	1392 	1399
f 1400 	1399 	1392
f 1397 	1430 	1415
f 1397 	1415 	1391
f 1429 	1398 	1390
f 1429 	1390 	1416
f 1427 	1421 	1419
f 1427 	1419 	1428
f 1488 	1479 	1478
f 1488 	1478 	1490
f 1458 	222 	1459
f 220 	1459 	222
f 1464 	1472 	1465
f 1470 	1465 	1472
f 1523 	1522 	1632
f 1505 	1520 	1506
f 1519 	1506 	1520
f 1399 	1464 	1393
f 1399 	1472 	1464
f 1488 	1520 	1505
f 1488 	1505 	1479
f 1522 	1657 	1632
f 1465 	1400 	1392
f 1514 	1504 	1503
f 1514 	1503 	1517
f 1470 	1400 	1465
f 1519 	1490 	1478
f 1519 	1478 	1506
f 1507 	1487 	1486
f 1476 	1492 	1477
f 1491 	1477 	1492
f 1486 	1508 	1507
f 1427 	1492 	1476
f 1427 	1476 	1421
f 1545 	1555 	1546
f 1554 	1546 	1555
f 1491 	1428 	1419
f 1491 	1419 	1477
f 1458 	18 	222
f 1459 	220 	17
f 1514 	1555 	1545
f 1514 	1545 	1504
f 1554 	1517 	1503
f 1554 	1503 	1546
f 1552 	1548 	1547
f 1552 	1547 	1553
f 1590 	1598 	1591
f 1596 	1591 	1598
f 1601 	1610 	1602
f 1609 	1602 	1610
f 1604 	1600 	1599
f 1604 	1599 	1607
f 1552 	1610 	1601
f 1552 	1601 	1548
f 1507 	1590 	1487
f 1507 	1598 	1590
f 1609 	1553 	1547
f 1609 	1547 	1602
f 1486 	1591 	1508
f 1596 	1508 	1591
f 1128 	1147 	1134
f 1128 	1134 	1125
f 1523 	1632 	1631
f 1620 	1627 	1621
f 1626 	1621 	1627
f 1604 	1627 	1620
f 1604 	1620 	1600
f 1643 	1642 	1648
f 1649 	1648 	1642
f 281 	280 	1634
f 1663 	1635 	1664
f 1633 	1664 	1635
f 166 	352 	1384
f 1349 	1384 	352
f 1654 	1661 	1655
f 1636 	133 	941
f 132 	281 	1634
f 132 	1634 	943
f 1660 	1655 	1661
f 242 	354 	1372
f 1336 	1372 	354
f 1626 	1607 	1599
f 1626 	1599 	1621
f 1624 	1623 	1622
f 1624 	1622 	1625
f 1793 	1635 	1663
f 1347 	1345 	353
f 1347 	353 	241
f 1648 	1661 	1654
f 1648 	1654 	1643
f 1745 	1676 	1855
f 1660 	1642 	1655
f 1642 	1660 	1649
f 1656 	1702 	1701
f 1656 	1701 	1657
f 1666 	1665 	1674
f 1675 	1674 	1665
f 1631 	1702 	1523
f 1656 	1523 	1702
f 1657 	1701 	1632
f 1686 	1697 	1687
f 1696 	1687 	1697
f 1729 	1716 	1715
f 1729 	1715 	1732
f 1740 	1718 	1717
f 1739 	1718 	1740
f 1624 	1697 	1686
f 1624 	1686 	1623
f 1743 	1677 	1745
f 1676 	1745 	1677
f 1751 	1764 	1752
f 1763 	1752 	1764
f 1696 	1625 	1622
f 1696 	1622 	1687
f 1691 	1689 	1688
f 1691 	1688 	1692
f 1666 	1740 	1717
f 1674 	1740 	1666
f 1729 	1764 	1751
f 1729 	1751 	1716
f 1665 	1718 	1675
f 1739 	1675 	1718
f 1743 	1854 	1677
f 49 	69 	62
f 49 	62 	48
f 1763 	1732 	1715
f 1763 	1715 	1752
f 1760 	1755 	1754
f 1760 	1754 	1761
f 1833 	1831 	1792
f 1664 	1633 	1792
f 1788 	1797 	1789
f 1796 	1789 	1797
f 1776 	1781 	1777
f 1780 	1777 	1781
f 1760 	1797 	1788
f 1760 	1788 	1755
f 1796 	1761 	1754
f 1796 	1754 	1789
f 1794 	1791 	1790
f 1794 	1790 	1795
f 1793 	1792 	1831
f 1831 	1635 	1793
f 1822 	1830 	1823
f 1829 	1823 	1830
f 1833 	1792 	1633
f 1794 	1830 	1822
f 1794 	1822 	1791
f 1837 	1819 	1838
f 1818 	1838 	1819
f 1829 	1795 	1790
f 1829 	1790 	1823
f 1691 	1781 	1776
f 1691 	1776 	1689
f 1818 	86 	1838
f 1159 	1838 	86
f 1780 	1692 	1688
f 1780 	1688 	1777
f 1837 	1160 	1819
f 1160 	85 	1819
f 1851 	1855 	1854
f 1855 	1851 	1745
f 1854 	1852 	1851
f 1865 	44 	1866
f 38 	1866 	44
f 1852 	1854 	1743
f 161 	44 	1865
f 1886 	83 	1887
f 82 	1887 	83
f 162 	161 	1890
f 1891 	1890 	161
f 38 	162 	1866
f 1890 	1866 	162
f 1865 	1891 	161
f 1894 	202 	1895
f 201 	1895 	202
f 201 	774 	1895
f 72 	1895 	774
f 1894 	73 	202
f 417 	416 	5
# 396 faces

g group_0_16500122

usemtl color_16500122
s 0

f 26 	1423 	25
f 25 	10 	4
f 25 	4 	26
f 24 	6 	7
f 7 	10 	25
f 7 	25 	24
f 1595 	1593 	51
f 61 	56 	58
f 61 	59 	56
f 74 	75 	79
f 74 	79 	81
f 50 	57 	91
f 91 	96 	50
f 102 	103 	101
f 103 	104 	101
f 100 	101 	104
f 100 	104 	105
f 106 	108 	103
f 106 	103 	102
f 108 	110 	104
f 108 	104 	103
f 104 	110 	112
f 104 	112 	105
f 112 	114 	105
f 117 	119 	116
f 118 	119 	117
f 119 	120 	116
f 115 	116 	120
f 115 	120 	121
f 116 	122 	123
f 116 	123 	117
f 123 	124 	118
f 123 	118 	117
f 158 	88 	89
f 124 	125 	118
f 121 	126 	127
f 127 	128 	115
f 127 	115 	121
f 128 	122 	116
f 128 	116 	115
f 50 	131 	51
f 101 	51 	131
f 101 	131 	102
f 134 	131 	96
f 50 	96 	131
f 106 	102 	134
f 131 	134 	102
f 74 	505 	75
f 141 	142 	139
f 140 	141 	139
f 139 	142 	138
f 143 	138 	142
f 137 	138 	143
f 140 	160 	144
f 144 	147 	141
f 144 	141 	140
f 147 	149 	142
f 147 	142 	141
f 142 	149 	153
f 142 	153 	143
f 153 	154 	137
f 153 	137 	143
f 154 	164 	137
f 1880 	1881 	150
f 157 	1880 	150
f 118 	159 	119
f 139 	119 	159
f 139 	159 	140
f 160 	159 	125
f 118 	125 	159
f 159 	160 	140
f 158 	89 	107
f 138 	163 	120
f 121 	120 	163
f 163 	138 	137
f 137 	164 	163
f 107 	109 	158
f 121 	163 	126
f 164 	126 	163
f 157 	111 	113
f 113 	90 	157
f 189 	74 	185
f 455 	189 	850
f 194 	455 	193
f 850 	193 	455
f 454 	196 	197
f 840 	185 	855
f 850 	319 	193
f 320 	855 	197
f 455 	505 	189
f 505 	74 	189
f 455 	194 	422
f 422 	440 	505
f 422 	505 	455
f 454 	425 	424
f 459 	461 	458
f 460 	461 	459
f 461 	462 	458
f 457 	458 	462
f 457 	462 	463
f 424 	196 	454
f 458 	466 	467
f 458 	467 	459
f 467 	472 	460
f 467 	460 	459
f 472 	477 	460
f 463 	478 	479
f 479 	481 	457
f 479 	457 	463
f 481 	466 	458
f 481 	458 	457
f 454 	185 	504
f 504 	185 	74
f 440 	75 	505
f 443 	504 	81
f 74 	81 	504
f 500 	512 	498
f 499 	500 	498
f 498 	512 	496
f 513 	496 	512
f 494 	496 	513
f 454 	504 	425
f 443 	425 	504
f 499 	580 	514
f 514 	516 	500
f 514 	500 	499
f 516 	518 	512
f 516 	512 	500
f 512 	518 	519
f 512 	519 	513
f 519 	521 	494
f 519 	494 	513
f 521 	525 	494
f 533 	537 	532
f 534 	537 	533
f 537 	538 	532
f 531 	532 	538
f 531 	538 	540
f 532 	541 	542
f 532 	542 	533
f 542 	543 	534
f 542 	534 	533
f 543 	545 	534
f 546 	547 	548
f 549 	550 	531
f 549 	531 	540
f 548 	551 	546
f 544 	552 	554
f 554 	557 	544
f 550 	541 	532
f 550 	532 	531
f 460 	574 	461
f 498 	461 	574
f 498 	574 	499
f 580 	574 	477
f 460 	477 	574
f 574 	580 	499
f 496 	585 	462
f 463 	462 	585
f 585 	496 	494
f 591 	585 	525
f 494 	525 	585
f 463 	585 	478
f 591 	478 	585
f 605 	607 	604
f 606 	607 	605
f 607 	608 	604
f 603 	604 	608
f 603 	608 	609
f 604 	612 	613
f 604 	613 	605
f 613 	614 	606
f 613 	606 	605
f 614 	615 	606
f 609 	619 	621
f 621 	629 	603
f 621 	603 	609
f 629 	612 	604
f 629 	604 	603
f 640 	641 	638
f 639 	640 	638
f 638 	641 	637
f 642 	637 	641
f 636 	637 	642
f 639 	663 	646
f 646 	647 	640
f 646 	640 	639
f 647 	649 	641
f 647 	641 	640
f 641 	649 	650
f 641 	650 	642
f 650 	651 	636
f 650 	636 	642
f 651 	653 	636
f 534 	661 	537
f 638 	537 	661
f 638 	661 	639
f 663 	661 	545
f 534 	545 	661
f 661 	663 	639
f 637 	669 	538
f 540 	538 	669
f 669 	637 	636
f 670 	669 	653
f 636 	653 	669
f 540 	669 	549
f 670 	549 	669
f 1217 	1806 	1219
f 680 	681 	678
f 679 	680 	678
f 678 	681 	677
f 683 	677 	681
f 676 	677 	683
f 675 	664 	662
f 675 	662 	666
f 675 	666 	1219
f 656 	673 	667
f 1217 	667 	673
f 656 	668 	673
f 702 	836 	61
f 546 	836 	702
f 836 	840 	61
f 693 	702 	58
f 61 	58 	702
f 546 	702 	547
f 693 	547 	702
f 679 	824 	707
f 694 	701 	557
f 544 	557 	701
f 707 	710 	680
f 707 	680 	679
f 61 	701 	59
f 694 	59 	701
f 710 	711 	681
f 710 	681 	680
f 681 	711 	712
f 681 	712 	683
f 712 	713 	676
f 712 	676 	683
f 713 	714 	676
f 724 	727 	723
f 725 	727 	724
f 727 	728 	723
f 722 	723 	728
f 722 	728 	729
f 723 	734 	737
f 723 	737 	724
f 737 	745 	725
f 737 	725 	724
f 745 	752 	725
f 729 	754 	755
f 755 	760 	722
f 755 	722 	729
f 760 	734 	723
f 760 	723 	722
f 1603 	771 	769
f 771 	772 	768
f 766 	768 	772
f 771 	781 	782
f 771 	782 	787
f 771 	787 	772
f 787 	788 	766
f 787 	766 	772
f 788 	789 	766
f 793 	776 	792
f 794 	776 	793
f 776 	779 	792
f 791 	792 	779
f 791 	779 	798
f 802 	803 	786
f 800 	802 	786
f 786 	803 	783
f 804 	783 	803
f 799 	783 	804
f 725 	805 	727
f 808 	805 	752
f 725 	752 	805
f 794 	807 	776
f 786 	776 	807
f 786 	807 	800
f 805 	808 	809
f 783 	810 	779
f 798 	779 	810
f 810 	783 	799
f 792 	811 	812
f 792 	812 	793
f 768 	813 	728
f 729 	728 	813
f 813 	768 	766
f 812 	814 	794
f 812 	794 	793
f 815 	813 	789
f 766 	789 	813
f 807 	794 	816
f 814 	816 	794
f 729 	813 	754
f 815 	754 	813
f 807 	816 	817
f 807 	817 	800
f 817 	820 	802
f 817 	802 	800
f 820 	821 	803
f 820 	803 	802
f 850 	836 	546
f 606 	822 	607
f 678 	607 	822
f 678 	822 	679
f 803 	821 	823
f 803 	823 	804
f 850 	546 	790
f 551 	790 	546
f 824 	822 	615
f 606 	615 	822
f 823 	825 	799
f 823 	799 	804
f 544 	797 	552
f 822 	824 	679
f 810 	799 	826
f 825 	826 	799
f 826 	829 	798
f 826 	798 	810
f 677 	830 	608
f 609 	608 	830
f 830 	677 	676
f 829 	831 	791
f 829 	791 	798
f 832 	830 	714
f 676 	714 	830
f 831 	811 	792
f 831 	792 	791
f 609 	830 	619
f 832 	619 	830
f 701 	61 	840
f 544 	701 	840
f 849 	1244 	834
f 856 	849 	834
f 189 	836 	850
f 852 	853 	845
f 845 	853 	841
f 854 	841 	853
f 851 	841 	854
f 544 	840 	855
f 454 	855 	185
f 801 	850 	790
f 834 	841 	856
f 856 	841 	851
f 852 	857 	858
f 850 	801 	319
f 806 	855 	320
f 454 	197 	855
f 858 	859 	853
f 858 	853 	852
f 544 	855 	797
f 806 	797 	855
f 853 	859 	860
f 853 	860 	854
f 860 	861 	851
f 860 	851 	854
f 856 	851 	862
f 861 	862 	851
f 849 	856 	863
f 862 	863 	856
f 863 	864 	849
f 910 	1383 	907
f 918 	907 	1381
f 919 	927 	928
f 928 	930 	919
f 934 	918 	933
f 1381 	1158 	918
f 934 	935 	918
f 919 	1669 	927
f 1027 	1671 	935
f 1244 	1247 	834
f 1260 	1257 	845
f 852 	1257 	857
f 1089 	1244 	864
f 849 	864 	1244
f 1219 	666 	1105
f 1105 	1107 	1217
f 1105 	1217 	1219
f 1107 	667 	1217
f 1249 	1231 	1247
f 1250 	1231 	1249
f 1260 	1231 	1250
f 834 	1247 	1231
f 845 	1231 	1260
f 852 	845 	1257
f 1247 	1099 	1116
f 1247 	1116 	1249
f 1116 	1120 	1250
f 1116 	1250 	1249
f 1120 	1093 	1260
f 1120 	1260 	1250
f 1121 	1257 	1093
f 1260 	1093 	1257
f 1085 	857 	1257
f 1121 	1085 	1257
f 1244 	1089 	1129
f 1129 	1099 	1247
f 1129 	1247 	1244
f 919 	1382 	910
f 933 	918 	1158
f 1382 	1383 	910
f 1381 	907 	1383
f 1184 	1382 	930
f 919 	930 	1382
f 1184 	1180 	1383
f 1184 	1383 	1382
f 1383 	1180 	1195
f 1383 	1195 	1381
f 1195 	1158 	1381
f 769 	727 	805
f 768 	769 	771
f 1374 	805 	809
f 781 	771 	1378
f 1603 	1378 	771
f 1385 	805 	1374
f 24 	25 	1426
f 1437 	24 	1426
f 1438 	1443 	1444
f 1444 	1446 	1438
f 1452 	1437 	1451
f 1452 	1456 	1437
f 1438 	1423 	26
f 1423 	1426 	25
f 1438 	26 	1443
f 4 	1443 	26
f 24 	1437 	6
f 1456 	6 	1437
f 1594 	51 	1593
f 50 	51 	1594
f 1592 	1593 	1595
f 1592 	1595 	1597
f 1593 	1525 	1528
f 1593 	1528 	1594
f 50 	1594 	57
f 1528 	57 	1594
f 1597 	1532 	1531
f 1531 	1533 	1592
f 1531 	1592 	1597
f 1533 	1525 	1593
f 1533 	1593 	1592
f 805 	1605 	769
f 1603 	769 	1605
f 1535 	1605 	1534
f 805 	1534 	1605
f 1638 	1669 	1446
f 1437 	1671 	1451
f 1535 	1538 	1603
f 1535 	1603 	1605
f 1538 	1378 	1603
f 1662 	100 	105
f 1541 	1662 	114
f 105 	114 	1662
f 1541 	1543 	1662
f 1662 	1668 	100
f 1597 	1595 	1668
f 1595 	100 	1668
f 1544 	1668 	1543
f 1662 	1543 	1668
f 1597 	1668 	1532
f 1544 	1532 	1668
f 1438 	1669 	1423
f 910 	1423 	1669
f 910 	1669 	919
f 907 	1671 	1426
f 1437 	1426 	1671
f 1671 	907 	918
f 1534 	805 	1385
f 1640 	1669 	1638
f 1438 	1446 	1669
f 1669 	1640 	1025
f 1025 	927 	1669
f 1641 	1671 	1027
f 918 	935 	1671
f 1639 	1451 	1671
f 1641 	1639 	1671
f 1737 	1741 	1742
f 675 	1737 	664
f 1742 	664 	1737
f 1747 	1719 	1746
f 1748 	1719 	1747
f 1719 	1725 	1746
f 1744 	1746 	1725
f 1744 	1725 	1749
f 1757 	1758 	1735
f 1756 	1757 	1735
f 1735 	1758 	1728
f 1759 	1728 	1758
f 1753 	1728 	1759
f 1748 	1762 	1719
f 1735 	1719 	1762
f 1735 	1762 	1756
f 1728 	1765 	1725
f 1749 	1725 	1765
f 1765 	1728 	1753
f 1746 	1766 	1767
f 1746 	1767 	1747
f 1767 	1768 	1748
f 1767 	1748 	1747
f 1762 	1748 	1769
f 1768 	1769 	1748
f 1762 	1769 	1770
f 1762 	1770 	1756
f 1770 	1771 	1757
f 1770 	1757 	1756
f 1771 	1772 	1758
f 1771 	1758 	1757
f 1758 	1772 	1773
f 1758 	1773 	1759
f 1773 	1775 	1753
f 1773 	1753 	1759
f 1765 	1753 	1778
f 1775 	1778 	1753
f 1778 	1779 	1749
f 1778 	1749 	1765
f 1219 	1806 	675
f 1779 	1782 	1744
f 1779 	1744 	1749
f 1737 	1774 	1741
f 1782 	1766 	1746
f 1782 	1746 	1744
f 1737 	675 	1810
f 1217 	673 	1806
f 1813 	1814 	1815
f 1815 	1816 	1813
f 673 	668 	1817
f 158 	1813 	151
f 1810 	151 	1813
f 157 	150 	673
f 1806 	673 	150
f 1814 	1813 	109
f 158 	109 	1813
f 673 	1817 	111
f 673 	111 	157
f 1813 	1862 	1810
f 1856 	1862 	1816
f 1862 	1737 	1810
f 1806 	1810 	675
f 1860 	1862 	1856
f 1813 	1816 	1862
f 1737 	1862 	1774
f 1860 	1774 	1862
f 1882 	151 	1881
f 158 	151 	1882
f 151 	150 	1881
f 1881 	1883 	1884
f 1881 	1884 	1882
f 158 	1882 	88
f 1884 	88 	1882
f 1885 	1880 	90
f 157 	90 	1880
f 1885 	1883 	1881
f 1885 	1881 	1880
# 554 faces

 #end of obj_0

