# Object Export From Tinkercad Server 2015

mtllib obj.mtl

o obj_0
v -72.0744 		-31.046 		25.261
v -72.079 		-31.046 		25.1701
v -72.0882 		-31.046 		25
v -72.0335 		-31.046 		25.518
v -41.086 		-34.171 		27.612
v -41.068 		-34.171 		27.616
v -41.051 		-34.171 		27.62
v -42.375 		-39.171 		17.5
v -71.9674 		-31.046 		25.766
v -59.625 		-34.046 		9.998
v -41.103 		-34.171 		27.605
v -59.625 		-31.046 		9.998
v -59.625 		-31.046 		0
v -71.9905 		-31.046 		25.6796
v -59.625 		-34.046 		0
v -39.875 		-39.171 		18
v -59.625 		-31.046 		30
v -59.625 		-31.046 		20.003
v -59.625 		-34.046 		20.003
v -59.625 		-34.046 		30
v -41.119 		-34.171 		27.597
v -41.135 		-34.171 		27.588
v -41.15 		-34.171 		27.576
v -71.8754 		-31.046 		26.001
v -71.9074 		-31.046 		25.9191
v -40.392 		-33.171 		16.522
v -21.184 		-34.046 		27.5772
v -21.191 		-34.046 		27.582
v -28.27 		-34.046 		27.551
v -40.392 		-39.171 		16.522
v -28.258 		-34.046 		27.565
v -21.206 		-34.046 		27.591
v -21.22 		-34.046 		27.598
v -40.607 		-39.171 		16.768
v -40.607 		-33.171 		16.768
v -71.7599 		-31.046 		26.219
v -71.8004 		-31.046 		26.143
v -36.782 		-34.046 		27.627
v -41.165 		-34.171 		27.562
v -40.853 		-39.171 		16.983
v -21.235 		-34.046 		27.604
v -21.251 		-34.046 		27.609
v -21.268 		-34.046 		27.614
v -21.306 		-34.046 		27.622
v -41.191 		-34.171 		27.53
v -40.853 		-33.171 		16.983
v -21.312 		-34.046 		27.6229
v -41.125 		-39.171 		17.165
v -71.6232 		-31.046 		26.416
v -71.6706 		-31.046 		26.3473
v -41.203 		-34.171 		27.511
v -41.418 		-39.171 		17.31
v -41.125 		-33.171 		17.165
v -71.467 		-31.046 		26.589
v -41.213 		-34.171 		27.489
v -71.2939 		-31.046 		26.734
v -41.728 		-39.171 		17.415
v -36.544 		-34.046 		27.6267
v -36.549 		-34.046 		27.627
v -41.418 		-33.171 		17.31
v -71.1078 		-31.046 		26.85
v -42.049 		-39.171 		17.479
v -41.223 		-34.171 		27.465
v -28.283 		-34.046 		27.533
v -41.728 		-33.171 		17.415
v -28.2908 		-34.046 		27.52
v -42.049 		-33.171 		17.479
v -41.231 		-34.171 		27.439
v -70.9107 		-31.046 		26.934
v -41.239 		-34.171 		27.41
v -42.701 		-39.171 		17.479
v -70.7075 		-31.046 		26.985
v -42.375 		-33.171 		17.5
v -43.022 		-39.171 		17.415
v -43.332 		-39.171 		17.31
v -70.5 		-31.046 		27.003
v -43.625 		-39.171 		17.165
v -70.5728 		-31.046 		26.9967
v -41.245 		-34.171 		27.378
v -43.897 		-39.171 		16.983
v -41.25 		-34.171 		27.343
v -59.375 		-39.173 		19.003
v -42.701 		-33.171 		17.479
v -44.143 		-39.171 		16.768
v -41.254 		-34.171 		27.305
v -59.375 		-39.173 		10.998
v -41.256 		-34.171 		27.264
v -70.2923 		-31.046 		26.985
v -70.3647 		-31.046 		26.9913
v -36.782 		-34.171 		28
v -41.258 		-34.171 		27.22
v -43.022 		-33.171 		17.415
v -41.259 		-34.171 		27.173
v -44.358 		-39.171 		16.522
v -70.0891 		-31.046 		26.934
v -59.375 		-41.296 		10
v -43.332 		-33.171 		17.31
v -69.892 		-31.046 		26.85
v -36.335 		-34.171 		27.536
v -59.375 		-31.296 		10.998
v -69.7059 		-31.046 		26.734
v -59.375 		-31.296 		10
v -43.625 		-33.171 		17.165
v -28.295 		-34.046 		27.513
v -28.306 		-34.046 		27.492
v -28.315 		-34.046 		27.468
v -28.323 		-34.046 		27.442
v -36.348 		-34.171 		27.551
v -28.331 		-34.046 		27.415
v -59.375 		-41.296 		20
v -69.5327 		-31.046 		26.589
v -28.3353 		-34.046 		27.392
v -43.897 		-33.171 		16.983
v -59.375 		-31.296 		20
v -59.375 		-31.296 		19.003
v -69.3766 		-31.046 		26.416
v -36.362 		-34.171 		27.565
v -44.143 		-33.171 		16.768
v -40.21 		-39.171 		13.75
v -52.992 		-34.046 		30
v -41.408 		-34.171 		28
v -69.2402 		-31.046 		26.219
v -69.2883 		-31.046 		26.2881
v -36.376 		-34.171 		27.578
v -69.1244 		-31.046 		26.001
v -44.358 		-33.171 		16.522
v -69.1648 		-31.046 		26.0775
v -40.065 		-39.171 		14.043
v -36.391 		-34.171 		27.589
v -39.96 		-39.171 		14.353
v -39.896 		-39.171 		14.674
v -36.407 		-34.171 		27.598
v -42.174 		-34.171 		27.439
v -42.167 		-34.171 		27.41
v -39.875 		-39.171 		15
v -54.9112 		-34.046 		22.998
v -55.1183 		-34.046 		23.015
v -36.423 		-34.171 		27.606
v -39.896 		-39.171 		15.326
v -69.0324 		-31.046 		25.766
v -39.96 		-39.171 		15.647
v -55.2 		-34.046 		23.0354
v -40.21 		-33.171 		13.75
v -55.3219 		-34.046 		23.066
v -68.9664 		-31.046 		25.518
v -40.065 		-39.171 		15.957
v -36.44 		-34.171 		27.612
v -68.9253 		-31.046 		25.261
v -40.065 		-33.171 		14.043
v -40.21 		-39.171 		16.25
v -36.476 		-34.171 		27.62
v -68.9123 		-31.046 		25
v -42.214 		-34.171 		27.53
v -28.337 		-34.046 		27.383
v -39.96 		-33.171 		14.353
v -68.9253 		-31.046 		24.739
v -55.4004 		-34.046 		23.0996
v -55.5186 		-34.046 		23.15
v -36.494 		-34.171 		27.623
v -42.049 		-39.171 		12.521
v -42.375 		-39.171 		12.5
v -42.227 		-34.171 		27.546
v -41.728 		-39.171 		12.585
v -55.7048 		-34.046 		23.266
v -39.896 		-33.171 		14.674
v -42.241 		-34.171 		27.562
v -36.512 		-34.171 		27.625
v -41.418 		-39.171 		12.69
v -55.8778 		-34.046 		23.411
v -39.875 		-33.171 		15
v -41.125 		-39.171 		12.835
v -42.255 		-34.171 		27.576
v -36.53 		-34.171 		27.626
v -56.034 		-34.046 		23.584
v -40.853 		-39.171 		13.017
v -39.896 		-33.171 		15.326
v -56.1711 		-34.046 		23.781
v -28.342 		-34.046 		27.347
v -28.346 		-34.046 		27.309
v -28.349 		-34.046 		27.267
v -28.35 		-34.046 		27.221
v -28.351 		-34.046 		27.173
v -42.27 		-34.171 		27.588
v -40.607 		-39.171 		13.232
v -39.96 		-33.171 		15.647
v -40.392 		-39.171 		13.478
v -65.375 		-31.046 		30
v -56.2862 		-34.046 		23.999
v -36.292 		-34.171 		27.452
v -42.286 		-34.171 		27.597
v -21.431 		-34.046 		27.632
v -56.3231 		-34.046 		24.0932
v -36.301 		-34.171 		27.477
v -56.3782 		-34.046 		24.234
v -42.302 		-34.171 		27.605
v -40.065 		-33.171 		15.957
v -70.7075 		-31.046 		4.015
v -36.312 		-34.171 		27.499
v -70.6348 		-31.046 		4.0091
v -40.21 		-33.171 		16.25
v -42.32 		-34.171 		27.612
v -70.9107 		-31.046 		4.066
v -36.323 		-34.171 		27.519
v -56.4051 		-34.046 		24.3334
v -21.324 		-34.046 		27.6247
v -56.4453 		-34.046 		24.482
v -21.347 		-34.046 		27.627
v -21.367 		-34.046 		27.629
v -44.358 		-39.171 		13.478
v -21.3688 		-34.046 		27.6292
v -21.409 		-34.046 		27.631
v -42.337 		-34.171 		27.616
v -42.355 		-34.171 		27.62
v -44.143 		-39.171 		13.232
v -42.374 		-34.171 		27.623
v -43.897 		-39.171 		13.017
v -42.049 		-33.171 		12.521
v -42.375 		-33.171 		12.5
v -36.782 		-34.171 		27.627
v -42.393 		-34.171 		27.625
v -43.625 		-39.171 		12.835
v -70.0891 		-31.046 		4.066
v -41.728 		-33.171 		12.585
v -42.412 		-34.171 		27.626
v -43.332 		-39.171 		12.69
v -36.549 		-34.171 		27.627
v -70.2923 		-31.046 		4.015
v -53.3772 		-34.046 		24.482
v -21.326 		-34.046 		27.625
v -42.432 		-34.171 		27.627
v -70.5 		-31.046 		3.998
v -53.4442 		-34.046 		24.234
v -43.022 		-39.171 		12.585
v -41.418 		-33.171 		12.69
v -70.4276 		-31.046 		4.004
v -42.701 		-39.171 		12.521
v -53.4809 		-34.046 		24.1403
v -53.5357 		-34.046 		23.999
v -42.182 		-34.171 		27.465
v -71.1078 		-31.046 		4.15
v -53.5816 		-34.046 		23.9121
v -53.6514 		-34.046 		23.781
v -42.192 		-34.171 		27.489
v -41.125 		-33.171 		12.835
v -42.203 		-34.171 		27.511
v -37.698 		-34.046 		26.708
v -37.726 		-34.046 		27.036
v -44.54 		-39.171 		16.25
v -37.736 		-34.046 		27.119
v -37.749 		-34.046 		27.194
v -71.2939 		-31.046 		4.266
v -37.764 		-34.046 		27.263
v -37.783 		-34.046 		27.326
v -40.853 		-33.171 		13.017
v -37.806 		-34.046 		27.381
v -71.467 		-31.046 		4.411
v -44.685 		-39.171 		15.957
v -53.7884 		-34.046 		23.584
v -37.831 		-34.046 		27.43
v -37.86 		-34.046 		27.473
v -37.895 		-34.046 		27.508
v -42.143 		-34.171 		27.22
v -37.934 		-34.046 		27.536
v -21.388 		-34.046 		27.631
v -44.79 		-39.171 		15.647
v -40.607 		-33.171 		13.232
v -53.9445 		-34.046 		23.411
v -37.979 		-34.046 		27.555
v -38.029 		-34.046 		27.567
v -42.145 		-34.171 		27.264
v -38.084 		-34.046 		27.571
v -44.854 		-39.171 		15.326
v -54.1167 		-34.046 		23.266
v -42.149 		-34.171 		27.305
v -71.6232 		-31.046 		4.584
v -44.875 		-39.171 		15
v -40.392 		-33.171 		13.478
v -71.7599 		-31.046 		4.781
v -42.153 		-34.171 		27.343
v -37.698 		-34.171 		26.708
v -44.854 		-39.171 		14.674
v -71.7125 		-31.046 		4.7123
v -54.1914 		-34.046 		23.2197
v -37.726 		-34.171 		27.036
v -54.3032 		-34.046 		23.15
v -54.3815 		-34.046 		23.1165
v -54.4999 		-34.046 		23.066
v -42.159 		-34.171 		27.378
v -44.79 		-39.171 		14.353
v -44.685 		-39.171 		14.043
v -71.8754 		-31.046 		4.999
v -54.7041 		-34.046 		23.015
v -71.8349 		-31.046 		4.923
v -44.54 		-39.171 		13.75
v -71.9674 		-31.046 		5.234
v -71.9354 		-31.046 		5.1521
v -37.736 		-34.171 		27.119
v -21.178 		-34.046 		27.17
v -21.161 		-34.046 		27.208
v -21.145 		-34.046 		27.248
v -21.132 		-34.046 		27.286
v -21.122 		-34.046 		27.323
v -21.115 		-34.046 		27.358
v -21.111 		-34.046 		27.392
v -42.143 		-34.171 		25.392
v -42.143 		-34.171 		25.82
v -19.375 		-39.173 		19.003
v -72.0335 		-31.046 		5.482
v -72.0104 		-31.046 		5.3956
v -44.358 		-33.171 		13.478
v -56.4853 		-34.046 		24.739
v -19.375 		-39.173 		10.998
v -21.1927 		-34.046 		27.136
v -56.4909 		-34.046 		24.8437
v -56.4993 		-34.046 		25
v -72.0744 		-31.046 		5.739
v -44.143 		-33.171 		13.232
v -43.071 		-34.171 		27.627
v -72.0882 		-31.046 		6
v -37.749 		-34.171 		27.194
v -72.0836 		-31.046 		5.9091
v -43.312 		-34.171 		27.627
v -43.897 		-33.171 		13.017
v -43.332 		-34.171 		27.626
v -56.4937 		-34.046 		25.1047
v -56.4853 		-34.046 		25.261
v -19.375 		-41.296 		10
v -43.625 		-33.171 		12.835
v -43.351 		-34.171 		27.625
v -56.4453 		-34.046 		25.518
v -19.375 		-41.296 		20
v -56.4184 		-34.046 		25.6175
v -43.37 		-34.171 		27.623
v -56.3782 		-34.046 		25.766
v -9.375 		-41.296 		20
v -43.389 		-34.171 		27.62
v -9.375 		-41.296 		10
v -43.332 		-33.171 		12.69
v -43.425 		-34.171 		27.612
v -43.442 		-34.171 		27.605
v -37.764 		-34.171 		27.263
v -56.3413 		-34.046 		25.8602
v -56.2862 		-34.046 		26.001
v -69.1244 		-31.046 		4.999
v -9.875 		-39.171 		18
v -9.875 		-39.171 		12
v -56.1711 		-34.046 		26.219
v -43.022 		-33.171 		12.585
v -69.2402 		-31.046 		4.781
v -69.1998 		-31.046 		4.8575
v -56.034 		-34.046 		26.416
v -43.071 		-34.171 		28
v -55.8778 		-34.046 		26.589
v -42.669 		-34.171 		28
v -69.3766 		-31.046 		4.584
v -42.701 		-33.171 		12.521
v -55.7048 		-34.046 		26.734
v -69.3286 		-31.046 		4.6531
v -55.5186 		-34.046 		26.85
v -37.783 		-34.171 		27.326
v -55.4401 		-34.046 		26.8836
v -55.3219 		-34.046 		26.934
v -69.5327 		-31.046 		4.411
v -44.54 		-33.171 		16.25
v -9.375 		-39.173 		19.003
v -9.375 		-39.173 		10.998
v -69.7059 		-31.046 		4.266
v -55.2402 		-34.046 		26.9544
v -55.1183 		-34.046 		26.985
v -69.892 		-31.046 		4.15
v -44.685 		-33.171 		15.957
v -37.806 		-34.171 		27.381
v -54.9112 		-34.046 		27.003
v -44.79 		-33.171 		15.647
v -28.109 		-34.171 		27.629
v -42.669 		-34.171 		27.627
v -72.0744 		-31.046 		6.261
v -72.079 		-31.046 		6.1701
v -44.854 		-33.171 		15.326
v -28.128 		-34.171 		27.627
v -72.0335 		-31.046 		6.518
v -37.831 		-34.171 		27.43
v -21.4739 		-34.046 		26.624
v -54.7041 		-34.046 		26.985
v -21.262 		-34.046 		26.996
v -21.245 		-34.046 		27.028
v -21.2319 		-34.046 		27.0528
v -21.211 		-34.046 		27.097
v -44.875 		-33.171 		15
v -21.194 		-34.046 		27.133
v -71.9674 		-31.046 		6.766
v -71.9905 		-31.046 		6.6796
v -28.146 		-34.171 		27.623
v -54.4999 		-34.046 		26.934
v -43.458 		-34.171 		27.597
v -44.854 		-33.171 		14.674
v -28.164 		-34.171 		27.618
v -43.473 		-34.171 		27.588
v -54.4216 		-34.046 		26.9005
v -54.3032 		-34.046 		26.85
v -37.86 		-34.171 		27.473
v -71.8754 		-31.046 		7.001
v -44.79 		-33.171 		14.353
v -71.9074 		-31.046 		6.9191
v -43.487 		-34.171 		27.576
v -28.182 		-34.171 		27.612
v -71.7599 		-31.046 		7.219
v -71.8004 		-31.046 		7.143
v -44.685 		-33.171 		14.043
v -54.2285 		-34.046 		26.8037
v -54.1167 		-34.046 		26.734
v -37.32 		-34.046 		26.708
v -43.501 		-34.171 		27.562
v -28.199 		-34.171 		27.606
v -71.6232 		-31.046 		7.416
v -44.54 		-33.171 		13.75
v -37.32 		-34.171 		26.708
v -71.6706 		-31.046 		7.3473
v -43.526 		-34.171 		27.53
v -43.513 		-34.171 		27.546
v -53.9445 		-34.046 		26.589
v -28.215 		-34.171 		27.598
v -71.467 		-31.046 		7.589
v -21.227 		-34.046 		27.062
v -53.7884 		-34.046 		26.416
v -43.538 		-34.171 		27.511
v -71.2939 		-31.046 		7.734
v -53.6514 		-34.046 		26.219
v -43.549 		-34.171 		27.489
v -28.23 		-34.171 		27.589
v -71.1078 		-31.046 		7.85
v -44.875 		-33.171 		18
v -53.6055 		-34.046 		26.1321
v -37.895 		-34.171 		27.508
v -43.56 		-34.171 		27.465
v -53.5357 		-34.046 		26.001
v -28.244 		-34.171 		27.578
v -53.499 		-34.046 		25.9073
v -43.569 		-34.171 		27.439
v -53.4442 		-34.046 		25.766
v -43.577 		-34.171 		27.41
v -70.9107 		-31.046 		7.934
v -28.258 		-34.171 		27.565
v -20.928 		-34.046 		26.7935
v -37.934 		-34.171 		27.536
v -70.7075 		-31.046 		7.985
v -28.27 		-34.171 		27.551
v -43.584 		-34.171 		27.378
v -53.3772 		-34.046 		25.518
v -43.589 		-34.171 		27.343
v -70.5 		-31.046 		8.002
v -53.3361 		-34.046 		25.261
v -70.5728 		-31.046 		7.9961
v -20.129 		-34.171 		28
v -53.3231 		-34.046 		25
v -28.283 		-34.171 		27.533
v -37.979 		-34.171 		27.555
v -43.592 		-34.171 		27.305
v -43.595 		-34.171 		27.264
v -53.3361 		-34.046 		24.739
v -20.129 		-34.171 		27.632
v -20.181 		-34.171 		27.632
v -43.597 		-34.171 		27.22
v -70.2923 		-31.046 		7.985
v -70.3647 		-31.046 		7.991
v -38.029 		-34.171 		27.567
v -28.295 		-34.171 		27.513
v -70.0891 		-31.046 		7.934
v -28.306 		-34.171 		27.492
v -20.208 		-34.171 		27.631
v -44.478 		-34.171 		27.243
v -69.892 		-31.046 		7.85
v -38.084 		-34.171 		27.571
v -69.7059 		-31.046 		7.734
v -28.315 		-34.171 		27.468
v -28.323 		-34.171 		27.442
v -69.5327 		-31.046 		7.589
v -20.235 		-34.171 		27.628
v -44.48 		-34.171 		27.285
v -69.3766 		-31.046 		7.416
v -28.331 		-34.171 		27.415
v -69.2402 		-31.046 		7.219
v -69.2883 		-31.046 		7.2881
v -37.32 		-34.046 		28
v -43.597 		-34.171 		25.82
v -20.26 		-34.171 		27.624
v -69.1244 		-31.046 		7.001
v -69.1648 		-31.046 		7.0775
v -37.32 		-34.171 		28
v -43.597 		-34.171 		25.392
v -28.337 		-34.171 		27.383
v -37.698 		-34.046 		25.402
v -50.988 		-34.046 		24.172
v -50.988 		-34.046 		25.828
v -20.284 		-34.171 		27.618
v -28.342 		-34.171 		27.347
v -37.698 		-34.171 		25.402
v -20.33 		-34.171 		27.601
v -20.351 		-34.171 		27.592
v -45 		-34.171 		28
v -28.346 		-34.171 		27.309
v -69.0324 		-31.046 		6.766
v -20.308 		-34.171 		27.611
v -44.553 		-34.171 		27.535
v -68.9664 		-31.046 		6.518
v -68.9253 		-31.046 		6.261
v -37.698 		-34.046 		25.82
v -28.349 		-34.171 		27.267
v -55.3682 		-31.046 		23.015
v -20.372 		-34.171 		27.581
v -55.161 		-31.046 		22.998
v -68.9123 		-31.046 		6
v -55.572 		-31.046 		23.066
v -28.35 		-34.171 		27.221
v -55.5112 		-31.046 		23.0507
v -37.698 		-34.171 		25.82
v -20.394 		-34.171 		27.567
v -68.9253 		-31.046 		5.739
v -28.351 		-34.171 		27.173
v -68.9664 		-31.046 		5.482
v -20.415 		-34.171 		27.552
v -69.0324 		-31.046 		5.234
v -55.7684 		-31.046 		23.15
v -55.7095 		-31.046 		23.1249
v -39.024 		-34.046 		27.571
v -39.024 		-34.171 		27.571
v -55.9546 		-31.046 		23.266
v -29.412 		-34.046 		28
v -20.437 		-34.171 		27.535
v -29.412 		-34.171 		28
v -56.1277 		-31.046 		23.411
v -29.211 		-34.046 		27.309
v -20.458 		-34.171 		27.516
v -56.2838 		-31.046 		23.584
v -29.211 		-34.171 		27.309
v -39.9737 		-34.046 		27.52
v -56.4209 		-31.046 		23.781
v -39.9747 		-34.046 		27.5216
v -39.993 		-34.046 		27.546
v -44.566 		-34.171 		27.551
v -40.005 		-34.046 		27.562
v -40.019 		-34.046 		27.576
v -40.033 		-34.046 		27.588
v -20.48 		-34.171 		27.496
v -56.536 		-31.046 		23.999
v -40.048 		-34.046 		27.597
v -40.064 		-34.046 		27.605
v -40.081 		-34.046 		27.612
v -40.117 		-34.046 		27.62
v -56.6281 		-31.046 		24.234
v -40.128 		-34.046 		27.6217
v -56.6006 		-31.046 		24.1639
v -44.58 		-34.171 		27.565
v -20.501 		-34.171 		27.474
v -44.594 		-34.171 		27.578
v -20.523 		-34.171 		27.45
v -56.6951 		-31.046 		24.482
v -56.6751 		-31.046 		24.408
v -44.609 		-34.171 		27.589
v -20.546 		-34.171 		27.424
v -70.5 		-31.046 		22.998
v -44.625 		-34.171 		27.598
v -54.7498 		-31.046 		23.066
v -39.98 		-34.046 		27.53
v -20.568 		-34.171 		27.395
v -65.375 		-31.046 		9.998
v -44.641 		-34.171 		27.606
v -65.375 		-31.046 		20.003
v -44.658 		-34.171 		27.612
v -20.591 		-34.171 		27.364
v -54.9539 		-31.046 		23.015
v -65.375 		-31.046 		0
v -44.694 		-34.171 		27.62
v -75.375 		-31.046 		9.998
v -44.712 		-34.171 		27.623
v -20.635 		-34.171 		27.295
v -53.627 		-31.046 		24.482
v -20.659 		-34.171 		27.256
v -75.375 		-31.046 		0
v -44.73 		-34.171 		27.625
v -53.694 		-31.046 		24.234
v -20.613 		-34.171 		27.331
v -31.232 		-34.046 		28
v -30.304 		-34.046 		24.615
v -53.7858 		-31.046 		23.999
v -53.7584 		-31.046 		24.0697
v -31.232 		-34.171 		28
v -75.375 		-31.046 		20.003
v -75.375 		-31.046 		30
v -30.304 		-34.171 		24.615
v -44.502 		-34.171 		27.42
v -53.9012 		-31.046 		23.781
v -53.8663 		-31.046 		23.8465
v -20.684 		-34.171 		27.214
v -31.899 		-34.046 		27.309
v -44.51 		-34.171 		27.447
v -44.52 		-34.171 		27.472
v -54.0383 		-31.046 		23.584
v -31.899 		-34.171 		27.309
v -20.709 		-34.171 		27.169
v -54.1943 		-31.046 		23.411
v -71.2172 		-34.046 		23.411
v -44.53 		-34.171 		27.495
v -54.3665 		-31.046 		23.266
v -44.541 		-34.171 		27.516
v -54.5533 		-31.046 		23.15
v -54.4974 		-31.046 		23.1848
v -71.3734 		-34.046 		23.584
v -20.735 		-34.171 		27.122
v -54.6906 		-31.046 		23.0912
v -71.4214 		-34.046 		23.6531
v -71.5098 		-34.046 		23.781
v -21.431 		-34.171 		28
v -28.351 		-34.046 		23.827
v -28.35 		-34.046 		23.779
v -28.349 		-34.046 		23.733
v -28.346 		-34.046 		23.691
v -28.342 		-34.046 		23.653
v -21.111 		-34.171 		27.392
v -28.337 		-34.046 		23.617
v -21.109 		-34.171 		27.425
v -71.5502 		-34.046 		23.8575
v -28.331 		-34.046 		23.585
v -28.323 		-34.046 		23.558
v -28.3211 		-34.046 		23.552
v -39.9279 		-34.046 		27.392
v -39.932 		-34.046 		27.41
v -39.94 		-34.046 		27.439
v -39.948 		-34.046 		27.465
v -21.11 		-34.171 		27.444
v -71.6256 		-34.046 		23.999
v -39.958 		-34.046 		27.489
v -39.968 		-34.046 		27.511
v -56.7351 		-31.046 		24.739
v -71.6579 		-34.046 		24.0815
v -71.7176 		-34.046 		24.234
v -56.7492 		-31.046 		25
v -56.745 		-31.046 		24.9222
v -21.112 		-34.171 		27.463
v -21.116 		-34.171 		27.48
v -56.7351 		-31.046 		25.261
v -56.7393 		-31.046 		25.1831
v -44.748 		-34.171 		27.626
v -21.122 		-34.171 		27.497
v -56.6951 		-31.046 		25.518
v -44.767 		-34.171 		27.627
v -71.7407 		-34.046 		24.321
v -56.6281 		-31.046 		25.766
v -56.6481 		-31.046 		25.692
v -21.129 		-34.171 		27.512
v -71.7836 		-34.046 		24.482
v -44.484 		-34.171 		27.324
v -56.536 		-31.046 		26.001
v -21.137 		-34.171 		27.526
v -56.5635 		-31.046 		25.9309
v -44.488 		-34.171 		27.359
v -56.4209 		-31.046 		26.219
v -21.146 		-34.171 		27.539
v -44.494 		-34.171 		27.391
v -56.2838 		-31.046 		26.416
v -21.156 		-34.171 		27.551
v -56.1277 		-31.046 		26.589
v -70.3223 		-34.046 		23.0039
v -45 		-34.171 		27.627
v -21.166 		-34.171 		27.562
v -40.136 		-34.046 		27.623
v -40.156 		-34.046 		27.625
v -70.4577 		-34.046 		23.015
v -40.198 		-34.046 		27.627
v -41.259 		-34.171 		23.787
v -55.9546 		-31.046 		26.734
v -28.315 		-34.046 		23.532
v -28.306 		-34.046 		23.508
v -21.178 		-34.171 		27.573
v -28.295 		-34.046 		23.487
v -28.283 		-34.046 		23.467
v -41.258 		-34.171 		23.743
v -28.27 		-34.046 		23.449
v -28.258 		-34.046 		23.435
v -28.2462 		-34.046 		23.424
v -70.6609 		-34.046 		23.066
v -55.7684 		-31.046 		26.85
v -41.256 		-34.171 		23.702
v -55.572 		-31.046 		26.934
v -55.631 		-31.046 		26.9089
v -41.254 		-34.171 		23.663
v -21.431 		-34.171 		27.632
v -41.25 		-34.171 		23.628
v -70.858 		-34.046 		23.15
v -41.245 		-34.171 		23.595
v -55.3682 		-31.046 		26.985
v -55.429 		-31.046 		26.9697
v -21.191 		-34.171 		27.582
v -41.239 		-34.171 		23.565
v -55.161 		-31.046 		27.003
v -71.0441 		-34.046 		23.266
v -54.9539 		-31.046 		26.985
v -21.206 		-34.171 		27.591
v -54.7498 		-31.046 		26.934
v -21.22 		-34.171 		27.598
v -39.908 		-34.046 		27.173
v -39.909 		-34.046 		27.221
v -39.911 		-34.046 		27.266
v -39.914 		-34.046 		27.308
v -39.919 		-34.046 		27.345
v -39.925 		-34.046 		27.379
v -21.235 		-34.171 		27.604
v -40.431 		-34.171 		23.373
v -19.377 		-34.046 		10.998
v -40.431 		-34.171 		23
v -19.377 		-34.046 		19.003
v -40.74 		-34.171 		23
v -40.74 		-34.171 		23.373
v -54.5533 		-31.046 		26.85
v -21.251 		-34.171 		27.609
v -54.6125 		-31.046 		26.8752
v -69.1268 		-34.046 		23.584
v -21.268 		-34.171 		27.614
v -41.147 		-34.171 		23.415
v -54.3665 		-31.046 		26.734
v -54.4224 		-31.046 		26.7688
v -41.132 		-34.171 		23.405
v -21.306 		-34.171 		27.622
v -41.117 		-34.171 		23.396
v -28.244 		-34.046 		23.422
v -28.23 		-34.046 		23.411
v -28.215 		-34.046 		23.402
v -54.1943 		-31.046 		26.589
v -28.199 		-34.046 		23.394
v -69.2829 		-34.046 		23.411
v -28.182 		-34.046 		23.388
v -41.102 		-34.171 		23.389
v -28.146 		-34.046 		23.38
v -28.128 		-34.046 		23.377
v -54.0383 		-31.046 		26.416
v -28.109 		-34.046 		23.375
v -21.347 		-34.171 		27.627
v -28.096 		-34.046 		23.3744
v -21.367 		-34.171 		27.629
v -53.9012 		-31.046 		26.219
v -69.4561 		-34.046 		23.266
v -9.625 		-34.046 		20.003
v -53.7858 		-31.046 		26.001
v -53.8207 		-31.046 		26.0666
v -21.326 		-34.171 		27.625
v -69.6421 		-34.046 		23.15
v -53.694 		-31.046 		25.766
v -53.7214 		-31.046 		25.8367
v -69.8393 		-34.046 		23.066
v -13.9112 		-34.046 		22.998
v -53.627 		-31.046 		25.518
v -70.0425 		-34.046 		23.015
v -53.5859 		-31.046 		25.261
v -53.5729 		-31.046 		25
v -21.409 		-34.171 		27.631
v -70.1152 		-34.046 		23.0091
v -53.5859 		-31.046 		24.739
v -21.388 		-34.171 		27.631
v -70.2499 		-34.046 		22.998
v -39.993 		-34.171 		27.546
v -40.005 		-34.171 		27.562
v -68.7165 		-34.046 		24.482
v -21.178 		-34.171 		27.17
v -21.161 		-34.171 		27.208
v -39.98 		-34.171 		27.53
v -68.7826 		-34.046 		24.234
v -68.8746 		-34.046 		23.999
v -21.145 		-34.171 		27.248
v -40.019 		-34.171 		27.576
v -68.9151 		-34.046 		23.923
v -21.132 		-34.171 		27.286
v -68.9901 		-34.046 		23.781
v -40.033 		-34.171 		27.588
v -69.0375 		-34.046 		23.7123
v -28.351 		-34.171 		23.827
v -21.122 		-34.171 		27.323
v -40.048 		-34.171 		27.597
v -20.928 		-34.171 		27.392
v -28.35 		-34.171 		23.779
v -21.115 		-34.171 		27.358
v -40.064 		-34.171 		27.605
v -28.349 		-34.171 		23.733
v -28.346 		-34.171 		23.691
v -71.8246 		-34.046 		24.739
v -41.086 		-34.171 		23.383
v -28.342 		-34.171 		23.653
v -40.081 		-34.171 		27.612
v -21.262 		-34.171 		26.996
v -41.068 		-34.171 		23.38
v -28.337 		-34.171 		23.617
v -21.245 		-34.171 		27.028
v -41.051 		-34.171 		23.378
v -40.117 		-34.171 		27.62
v -28.331 		-34.171 		23.585
v -41.033 		-34.171 		23.376
v -21.211 		-34.171 		27.097
v -21.194 		-34.171 		27.133
v -28.323 		-34.171 		23.558
v -71.8296 		-34.046 		24.8306
v -41.014 		-34.171 		23.374
v -21.227 		-34.171 		27.062
v -71.838 		-34.046 		25
v -39.932 		-34.171 		27.41
v -28.315 		-34.171 		23.532
v -40.977 		-34.171 		23.373
v -40.996 		-34.171 		23.374
v -39.94 		-34.171 		27.439
v -28.306 		-34.171 		23.508
v -39.948 		-34.171 		27.465
v -41.23 		-34.171 		23.539
v -71.8331 		-34.046 		25.0916
v -28.295 		-34.171 		23.487
v -41.221 		-34.171 		23.515
v -21.952 		-34.046 		26.5263
v -21.748 		-34.046 		26.143
v -39.958 		-34.171 		27.489
v -41.21 		-34.171 		23.493
v -21.748 		-34.171 		26.143
v -28.283 		-34.171 		23.467
v -71.8246 		-34.046 		25.261
v -39.968 		-34.171 		27.511
v -28.27 		-34.171 		23.449
v -71.7836 		-34.046 		25.518
v -41.199 		-34.171 		23.473
v -41.187 		-34.171 		23.455
v -28.258 		-34.171 		23.435
v -40.136 		-34.171 		27.623
v -41.174 		-34.171 		23.439
v -40.156 		-34.171 		27.625
v -41.161 		-34.171 		23.426
v -40.198 		-34.171 		27.627
v -28.244 		-34.171 		23.422
v -21.547 		-34.046 		25.74
v -20.9499 		-34.046 		24.576
v -9.625 		-34.046 		9.998
v -28.23 		-34.171 		23.411
v -21.547 		-34.171 		25.74
v -9.625 		-34.046 		0
v -28.215 		-34.171 		23.402
v -39.908 		-34.171 		27.173
v -39.909 		-34.171 		27.221
v -28.199 		-34.171 		23.394
v -42.174 		-34.171 		23.558
v -22.009 		-34.046 		28
v -42.167 		-34.171 		23.585
v -39.911 		-34.171 		27.266
v -28.182 		-34.171 		23.388
v -42.159 		-34.171 		23.617
v -39.914 		-34.171 		27.308
v -42.153 		-34.171 		23.653
v -13.9112 		-34.046 		3.998
v -22.009 		-34.046 		27.632
v -39.919 		-34.171 		27.345
v -22.029 		-34.046 		27.632
v -14.1183 		-34.046 		4.015
v -22.059 		-34.046 		27.631
v -22.088 		-34.046 		27.629
v -28.146 		-34.171 		23.38
v -22.115 		-34.046 		27.627
v -22.14 		-34.046 		27.623
v -22.164 		-34.046 		27.618
v -42.149 		-34.171 		23.691
v -14.2 		-34.046 		4.0354
v -22.186 		-34.046 		27.612
v -14.3219 		-34.046 		4.066
v -22.207 		-34.046 		27.606
v -22.208 		-34.046 		27.6057
v -42.145 		-34.171 		23.733
v -28.128 		-34.171 		23.377
v -39.925 		-34.171 		27.379
v -42.143 		-34.171 		23.779
v -28.109 		-34.171 		23.375
v -13.4999 		-34.046 		4.066
v -13.7041 		-34.046 		4.015
v -29.2359 		-34.046 		23.552
v -29.235 		-34.046 		23.555
v -39.024 		-34.046 		25.402
v -29.227 		-34.046 		23.583
v -29.221 		-34.046 		23.614
v -29.217 		-34.046 		23.647
v -29.213 		-34.046 		23.683
v -29.211 		-34.046 		23.721
v -39.024 		-34.171 		25.402
v -42.241 		-34.171 		23.435
v -71.7605 		-34.046 		25.605
v -14.4004 		-34.046 		4.0996
v -14.5186 		-34.046 		4.15
v -71.7176 		-34.046 		25.766
v -42.227 		-34.171 		23.449
v -14.7048 		-34.046 		4.266
v -42.214 		-34.171 		23.467
v -14.8779 		-34.046 		4.411
v -42.203 		-34.171 		23.487
v -39.024 		-34.046 		25.82
v -71.6853 		-34.046 		25.8485
v -15.034 		-34.046 		4.584
v -42.192 		-34.171 		23.508
v -39.024 		-34.171 		25.82
v -71.6256 		-34.046 		26.001
v -42.182 		-34.171 		23.532
v -15.1711 		-34.046 		4.781
v -71.5852 		-34.046 		26.0775
v -15.2862 		-34.046 		4.999
v -71.5098 		-34.046 		26.219
v -42.412 		-34.171 		23.374
v -42.432 		-34.171 		23.373
v -15.3231 		-34.046 		5.0932
v -15.3782 		-34.046 		5.234
v -42.393 		-34.171 		23.375
v -42.374 		-34.171 		23.377
v -37.14 		-34.046 		24.287
v -15.4051 		-34.046 		5.3334
v -42.355 		-34.171 		23.38
v -15.4453 		-34.046 		5.482
v -42.337 		-34.171 		23.384
v -15.4853 		-34.046 		5.739
v -29.376 		-34.046 		23.3937
v -29.369 		-34.046 		23.396
v -15.4909 		-34.046 		5.8437
v -29.349 		-34.046 		23.405
v -42.32 		-34.171 		23.388
v -29.331 		-34.046 		23.415
v -15.4993 		-34.046 		6
v -29.315 		-34.046 		23.426
v -29.299 		-34.046 		23.439
v -29.285 		-34.046 		23.453
v -29.272 		-34.046 		23.47
v -42.302 		-34.171 		23.394
v -29.261 		-34.046 		23.488
v -29.251 		-34.046 		23.508
v -29.242 		-34.046 		23.531
v -42.286 		-34.171 		23.402
v -15.4937 		-34.046 		6.1047
v -42.27 		-34.171 		23.411
v -12.3231 		-34.046 		6
v -42.255 		-34.171 		23.422
v -71.4617 		-34.046 		26.2881
v -36.3646 		-34.046 		23.424
v -36.362 		-34.046 		23.426
v -36.348 		-34.046 		23.439
v -12.3361 		-34.046 		5.739
v -36.335 		-34.046 		23.455
v -36.323 		-34.046 		23.473
v -36.312 		-34.046 		23.493
v -36.301 		-34.046 		23.515
v -36.292 		-34.046 		23.539
v -71.3734 		-34.046 		26.416
v -12.3772 		-34.046 		5.482
v -71.2172 		-34.046 		26.589
v -12.4442 		-34.046 		5.234
v -12.4809 		-34.046 		5.1403
v -12.5357 		-34.046 		4.999
v -22.226 		-34.046 		27.6
v -22.244 		-34.046 		27.594
v -22.261 		-34.046 		27.587
v -22.277 		-34.046 		27.579
v -22.291 		-34.046 		27.571
v -22.302 		-34.046 		27.561
v -22.313 		-34.046 		27.55
v -22.322 		-34.046 		27.538
v -22.33 		-34.046 		27.526
v -12.5816 		-34.046 		4.9121
v -22.3335 		-34.046 		27.52
v -12.6514 		-34.046 		4.781
v -12.7884 		-34.046 		4.584
v -42.669 		-34.171 		23.373
v -42.669 		-34.171 		23
v -71.0441 		-34.046 		26.734
v -12.9445 		-34.046 		4.411
v -43.442 		-34.171 		23.394
v -13.1167 		-34.046 		4.266
v -43.425 		-34.171 		23.388
v -70.858 		-34.046 		26.85
v -43.389 		-34.171 		23.38
v -13.1914 		-34.046 		4.2197
v -13.3032 		-34.046 		4.15
v -13.3815 		-34.046 		4.1165
v -43.37 		-34.171 		23.377
v -70.6609 		-34.046 		26.934
v -43.351 		-34.171 		23.375
v -43.332 		-34.171 		23.374
v -70.4577 		-34.046 		26.985
v -15.4853 		-34.046 		6.261
v -43.312 		-34.171 		23.373
v -70.3852 		-34.046 		26.9913
v -43.071 		-34.171 		23
v -43.071 		-34.171 		23.373
v -70.2499 		-34.046 		27.003
v -15.4453 		-34.046 		6.518
v -29.539 		-34.046 		23.374
v -29.512 		-34.046 		23.374
v -29.485 		-34.046 		23.376
v -44.478 		-34.171 		23.779
v -15.4184 		-34.046 		6.6175
v -29.459 		-34.046 		23.378
v -44.48 		-34.171 		23.733
v -29.435 		-34.046 		23.38
v -29.412 		-34.046 		23.383
v -29.39 		-34.046 		23.389
v -15.3782 		-34.046 		6.766
v -36.53 		-34.046 		23.374
v -36.512 		-34.046 		23.374
v -36.458 		-34.046 		23.38
v -36.44 		-34.046 		23.383
v -36.423 		-34.046 		23.389
v -36.407 		-34.046 		23.396
v -43.597 		-34.171 		23.779
v -36.391 		-34.046 		23.405
v -36.376 		-34.046 		23.415
v -43.595 		-34.171 		23.733
v -43.592 		-34.171 		23.691
v -15.3413 		-34.046 		6.8602
v -29.621 		-34.046 		23.373
v -15.2862 		-34.046 		7.001
v -29.568 		-34.046 		23.373
v -70.1771 		-34.046 		26.9967
v -43.589 		-34.171 		23.653
v -70.0425 		-34.046 		26.985
v -36.544 		-34.046 		23.3733
v -43.584 		-34.171 		23.617
v -15.1711 		-34.046 		7.219
v -43.577 		-34.171 		23.585
v -15.034 		-34.046 		7.416
v -22.337 		-34.046 		27.514
v -22.343 		-34.046 		27.501
v -43.569 		-34.171 		23.558
v -22.348 		-34.046 		27.489
v -22.352 		-34.046 		27.476
v -22.355 		-34.046 		27.464
v -14.8779 		-34.046 		7.589
v -69.8393 		-34.046 		26.934
v -22.357 		-34.046 		27.451
v -14.7048 		-34.046 		7.734
v -22.359 		-34.046 		27.425
v -22.358 		-34.046 		27.4
v -22.3568 		-34.046 		27.392
v -69.6421 		-34.046 		26.85
v -14.5186 		-34.046 		7.85
v -14.4401 		-34.046 		7.8836
v -14.3219 		-34.046 		7.934
v -43.56 		-34.171 		23.532
v -69.4561 		-34.046 		26.734
v -43.549 		-34.171 		23.508
v -69.2829 		-34.046 		26.589
v -14.2402 		-34.046 		7.9544
v -14.1183 		-34.046 		7.985
v -43.538 		-34.171 		23.487
v -13.9112 		-34.046 		8.002
v -43.526 		-34.171 		23.467
v -43.513 		-34.171 		23.449
v -43.501 		-34.171 		23.435
v -43.487 		-34.171 		23.422
v -13.7041 		-34.046 		7.985
v -43.473 		-34.171 		23.411
v -13.4999 		-34.046 		7.934
v -43.458 		-34.171 		23.402
v -13.4216 		-34.046 		7.9005
v -13.3032 		-34.046 		7.85
v -36.782 		-34.046 		23.373
v -36.549 		-34.046 		23.373
v -13.2285 		-34.046 		7.8037
v -13.1167 		-34.046 		7.734
v -44.509 		-34.171 		23.558
v -44.502 		-34.171 		23.585
v -12.9445 		-34.046 		7.589
v -44.494 		-34.171 		23.617
v -44.488 		-34.171 		23.653
v -22.354 		-34.046 		27.373
v -12.7884 		-34.046 		7.416
v -22.348 		-34.046 		27.344
v -22.339 		-34.046 		27.313
v -22.328 		-34.046 		27.279
v -22.315 		-34.046 		27.243
v -22.301 		-34.046 		27.206
v -22.2715 		-34.046 		27.136
v -44.484 		-34.171 		23.691
v -12.6514 		-34.046 		7.219
v -22.976 		-34.171 		28
v -44.576 		-34.171 		23.435
v -12.6055 		-34.046 		7.1321
v -12.5357 		-34.046 		7.001
v -22.009 		-34.171 		28
v -44.562 		-34.171 		23.449
v -22.009 		-34.171 		27.632
v -12.499 		-34.046 		6.9073
v -22.029 		-34.171 		27.632
v -12.4442 		-34.046 		6.766
v -44.549 		-34.171 		23.467
v -22.059 		-34.171 		27.631
v -44.537 		-34.171 		23.487
v -22.088 		-34.171 		27.629
v -44.527 		-34.171 		23.508
v -12.3772 		-34.046 		6.518
v -22.115 		-34.171 		27.627
v -44.517 		-34.171 		23.532
v -12.3361 		-34.046 		6.261
v -22.14 		-34.171 		27.623
v -36.782 		-34.046 		23
v -22.164 		-34.171 		27.618
v -22.186 		-34.171 		27.612
v -22.207 		-34.171 		27.606
v -44.728 		-34.171 		23.375
v -44.709 		-34.171 		23.377
v -37.14 		-34.046 		23
v -22.25 		-34.046 		27.091
v -22.231 		-34.046 		27.051
v -22.21 		-34.046 		27.011
v -22.004 		-34.046 		26.624
v -44.69 		-34.171 		23.38
v -22.226 		-34.171 		27.6
v -37.14 		-34.171 		24.287
v -44.654 		-34.171 		23.388
v -22.244 		-34.171 		27.594
v -44.637 		-34.171 		23.394
v -22.269 		-34.046 		27.13
v -22.261 		-34.171 		27.587
v -44.621 		-34.171 		23.402
v -22.277 		-34.171 		27.579
v -44.605 		-34.171 		23.411
v -36.362 		-34.171 		23.426
v -22.291 		-34.171 		27.571
v -44.59 		-34.171 		23.422
v -36.348 		-34.171 		23.439
v -22.302 		-34.171 		27.561
v -36.335 		-34.171 		23.455
v -22.313 		-34.171 		27.55
v -29.621 		-34.046 		23
v -22.322 		-34.171 		27.538
v -36.323 		-34.171 		23.473
v -44.767 		-34.171 		23.373
v -22.33 		-34.171 		27.526
v -44.747 		-34.171 		23.374
v -36.312 		-34.171 		23.493
v -36.301 		-34.171 		23.515
v -22.337 		-34.171 		27.514
v -36.292 		-34.171 		23.539
v -29.235 		-34.171 		23.555
v -22.343 		-34.171 		27.501
v -45 		-34.171 		23.373
v -29.227 		-34.171 		23.583
v -22.348 		-34.171 		27.489
v -45 		-34.171 		23
v -29.221 		-34.171 		23.614
v -9.375 		-31.296 		10
v -22.352 		-34.171 		27.476
v -9.375 		-31.296 		10.998
v -36.53 		-34.171 		23.374
v -9.375 		-31.296 		19.003
v -9.375 		-31.296 		20
v -29.217 		-34.171 		23.647
v -36.512 		-34.171 		23.374
v -22.355 		-34.171 		27.464
v -29.213 		-34.171 		23.683
v -22.357 		-34.171 		27.451
v -29.211 		-34.171 		23.721
v -22.359 		-34.171 		27.425
v -22.358 		-34.171 		27.4
v -36.458 		-34.171 		23.38
v -36.44 		-34.171 		23.383
v -42.375 		-26.171 		17.5
v -42.049 		-26.171 		17.479
v -41.728 		-26.171 		17.415
v -36.423 		-34.171 		23.389
v -41.418 		-26.171 		17.31
v -41.125 		-26.171 		17.165
v -40.853 		-26.171 		16.983
v -40.607 		-26.171 		16.768
v -40.392 		-26.171 		16.522
v -22.354 		-34.171 		27.373
v -29.369 		-34.171 		23.396
v -22.348 		-34.171 		27.344
v -22.339 		-34.171 		27.313
v -22.328 		-34.171 		27.279
v -44.358 		-26.171 		16.522
v -44.143 		-26.171 		16.768
v -29.349 		-34.171 		23.405
v -43.897 		-26.171 		16.983
v -22.315 		-34.171 		27.243
v -43.625 		-26.171 		17.165
v -43.332 		-26.171 		17.31
v -69.1268 		-34.046 		26.416
v -43.022 		-26.171 		17.415
v -42.701 		-26.171 		17.479
v -22.301 		-34.171 		27.206
v -29.331 		-34.171 		23.415
v -69.0794 		-34.046 		26.3473
v -29.315 		-34.171 		23.426
v -40.21 		-26.171 		16.25
v -40.065 		-26.171 		15.957
v -39.96 		-26.171 		15.647
v -39.896 		-26.171 		15.326
v -39.875 		-26.171 		15
v -39.896 		-26.171 		14.674
v -39.96 		-26.171 		14.353
v -40.065 		-26.171 		14.043
v -40.21 		-26.171 		13.75
v -22.269 		-34.171 		27.13
v -36.407 		-34.171 		23.396
v -22.231 		-34.171 		27.051
v -22.25 		-34.171 		27.091
v -36.391 		-34.171 		23.405
v -22.21 		-34.171 		27.011
v -40.392 		-26.171 		13.478
v -40.607 		-26.171 		13.232
v -40.853 		-26.171 		13.017
v -36.376 		-34.171 		23.415
v -41.125 		-26.171 		12.835
v -41.418 		-26.171 		12.69
v -23.858 		-34.171 		28
v -41.728 		-26.171 		12.585
v -42.049 		-26.171 		12.521
v -42.375 		-26.171 		12.5
v -23.322 		-34.171 		27.288
v -68.9901 		-34.046 		26.219
v -23.307 		-34.171 		27.258
v -36.782 		-34.171 		23.373
v -36.549 		-34.171 		23.373
v -68.9496 		-34.046 		26.143
v -42.701 		-26.171 		12.521
v -43.022 		-26.171 		12.585
v -43.332 		-26.171 		12.69
v -43.625 		-26.171 		12.835
v -68.8746 		-34.046 		26.001
v -43.897 		-26.171 		13.017
v -23.337 		-34.171 		27.317
v -44.143 		-26.171 		13.232
v -44.358 		-26.171 		13.478
v -23.366 		-34.171 		27.37
v -23.352 		-34.171 		27.344
v -23.381 		-34.171 		27.396
v -68.7826 		-34.046 		25.766
v -44.54 		-26.171 		13.75
v -44.685 		-26.171 		14.043
v -44.79 		-26.171 		14.353
v -44.854 		-26.171 		14.674
v -44.875 		-26.171 		15
v -23.396 		-34.171 		27.42
v -44.854 		-26.171 		15.326
v -44.79 		-26.171 		15.647
v -44.685 		-26.171 		15.957
v -68.7165 		-34.046 		25.518
v -44.54 		-26.171 		16.25
v -36.782 		-34.171 		23
v -23.412 		-34.171 		27.443
v -68.6755 		-34.046 		25.261
v -23.429 		-34.171 		27.464
v -37.14 		-34.171 		23
v -23.446 		-34.171 		27.484
v -68.6625 		-34.046 		25
v -37.505 		-34.046 		24.287
v -23.464 		-34.171 		27.503
v -68.6755 		-34.046 		24.739
v -23.482 		-34.171 		27.52
v -37.5349 		-34.046 		24.064
v -71.1078 		-31.046 		23.15
v -71.2939 		-31.046 		23.266
v -71.467 		-31.046 		23.411
v -23.5 		-34.171 		27.536
v -37.673 		-34.046 		23.552
v -37.658 		-34.046 		23.575
v -23.518 		-34.171 		27.55
v -71.6232 		-31.046 		23.584
v -37.644 		-34.046 		23.601
v -37.631 		-34.046 		23.628
v -37.619 		-34.046 		23.656
v -37.608 		-34.046 		23.685
v -37.6044 		-34.046 		23.6958
v -37.59 		-34.046 		23.747
v -37.581 		-34.046 		23.779
v -37.573 		-34.046 		23.813
v -37.566 		-34.046 		23.848
v -37.5592 		-34.046 		23.883
v -37.549 		-34.046 		23.959
v -23.537 		-34.171 		27.564
v -71.7125 		-31.046 		23.7123
v -71.7599 		-31.046 		23.781
v -23.557 		-34.171 		27.576
v -23.577 		-34.171 		27.587
v -71.8349 		-31.046 		23.923
v -23.598 		-34.171 		27.597
v -71.8754 		-31.046 		23.999
v -23.621 		-34.171 		27.606
v -71.9354 		-31.046 		24.1521
v -71.9674 		-31.046 		24.234
v -23.644 		-34.171 		27.614
v -23.669 		-34.171 		27.62
v -23.696 		-34.171 		27.625
v -23.724 		-34.171 		27.629
v -72.0104 		-31.046 		24.3956
v -23.754 		-34.171 		27.631
v -72.0335 		-31.046 		24.482
v -23.786 		-34.171 		27.632
v -37.598 		-34.046 		23.715
v -23.858 		-34.171 		27.632
v -70.6348 		-31.046 		23.0091
v -23.858 		-34.046 		28
v -22.383 		-34.171 		25.457
v -70.7075 		-31.046 		23.015
v -70.9107 		-31.046 		23.066
v -22.178 		-34.171 		25.059
v -23.307 		-34.046 		27.258
v -23.322 		-34.046 		27.288
v -23.3257 		-34.046 		27.2953
v -23.352 		-34.046 		27.344
v -23.366 		-34.046 		27.37
v -23.381 		-34.046 		27.396
v -23.396 		-34.046 		27.42
v -37.559 		-34.046 		23.884
v -23.412 		-34.046 		27.443
v -37.554 		-34.046 		23.921
v -23.429 		-34.046 		27.464
v -23.446 		-34.046 		27.484
v -20.522 		-34.171 		23.742
v -23.464 		-34.046 		27.503
v -23.482 		-34.046 		27.52
v -23.488 		-34.046 		27.5253
v -20.486 		-34.171 		23.673
v -20.449 		-34.171 		23.613
v -20.412 		-34.171 		23.56
v -69.1244 		-31.046 		23.999
v -29.299 		-34.171 		23.439
v -20.374 		-34.171 		23.515
v -20.336 		-34.171 		23.478
v -29.285 		-34.171 		23.453
v -69.1998 		-31.046 		23.8575
v -20.297 		-34.171 		23.449
v -20.259 		-34.171 		23.426
v -69.2402 		-31.046 		23.781
v -29.272 		-34.171 		23.47
v -20.221 		-34.171 		23.407
v -20.184 		-34.171 		23.392
v -69.3286 		-31.046 		23.6531
v -29.261 		-34.171 		23.488
v -69.3766 		-31.046 		23.584
v -20.147 		-34.171 		23.382
v -23.337 		-34.046 		27.317
v -20.112 		-34.171 		23.375
v -37.907 		-34.046 		23.429
v -29.251 		-34.171 		23.508
v -37.88 		-34.046 		23.43
v -37.854 		-34.046 		23.433
v -37.829 		-34.046 		23.438
v -20.076 		-34.171 		23.373
v -29.242 		-34.171 		23.531
v -20 		-34.171 		23.373
v -69.5327 		-31.046 		23.411
v -20 		-34.171 		23
v -21.664 		-34.171 		24.085
v -69.7059 		-31.046 		23.266
v -37.805 		-34.046 		23.445
v -37.783 		-34.046 		23.453
v -37.762 		-34.046 		23.464
v -29.539 		-34.171 		23.374
v -37.743 		-34.046 		23.478
v -29.512 		-34.171 		23.374
v -37.724 		-34.046 		23.494
v -37.706 		-34.046 		23.512
v -37.689 		-34.046 		23.531
v -29.621 		-34.171 		23.373
v -29.568 		-34.171 		23.373
v -21.535 		-34.171 		23.824
v -21.545 		-34.171 		23.845
v -29.485 		-34.171 		23.376
v -21.594 		-34.171 		23.948
v -21.58 		-34.171 		23.919
v -29.459 		-34.171 		23.378
v -21.567 		-34.171 		23.893
v -21.609 		-34.171 		23.979
v -23.5 		-34.046 		27.536
v -29.435 		-34.171 		23.38
v -23.518 		-34.046 		27.55
v -23.537 		-34.046 		27.564
v -21.644 		-34.171 		24.047
v -23.557 		-34.046 		27.576
v -21.626 		-34.171 		24.012
v -23.577 		-34.046 		27.587
v -23.598 		-34.046 		27.597
v -23.621 		-34.046 		27.606
v -23.644 		-34.046 		27.614
v -23.669 		-34.046 		27.62
v -23.696 		-34.046 		27.625
v -23.724 		-34.046 		27.629
v -23.744 		-34.046 		27.6303
v -21.483 		-34.171 		23.681
v -29.412 		-34.171 		23.383
v -21.486 		-34.171 		23.693
v -21.494 		-34.171 		23.72
v -29.39 		-34.171 		23.389
v -21.49 		-34.171 		23.706
v -37.505 		-34.171 		24.287
v -21.499 		-34.171 		23.735
v -21.511 		-34.171 		23.767
v -37.673 		-34.171 		23.552
v -37.658 		-34.171 		23.575
v -21.518 		-34.171 		23.784
v -21.526 		-34.171 		23.803
v -37.644 		-34.171 		23.601
v -37.631 		-34.171 		23.628
v -29.621 		-34.171 		23
v -30.722 		-34.046 		23
v -37.619 		-34.171 		23.656
v -21.479 		-34.171 		23.6
v -30.722 		-34.171 		23
v -37.608 		-34.171 		23.685
v -30.344 		-34.046 		23
v -21.479 		-34.171 		23.627
v -30.344 		-34.171 		23
v -21.48 		-34.171 		23.641
v -37.59 		-34.171 		23.747
v -37.581 		-34.171 		23.779
v -21.482 		-34.171 		23.668
v -21.481 		-34.171 		23.654
v -37.598 		-34.171 		23.715
v -31.899 		-34.046 		23.827
v -31.898 		-34.046 		23.779
v -31.896 		-34.046 		23.733
v -31.892 		-34.046 		23.691
v -31.887 		-34.046 		23.653
v -31.88 		-34.046 		23.617
v -31.871 		-34.046 		23.585
v -31.861 		-34.046 		23.558
v -31.8585 		-34.046 		23.552
v -21.841 		-34.171 		23.373
v -21.816 		-34.171 		23.373
v -37.573 		-34.171 		23.813
v -21.713 		-34.171 		23.38
v -23.858 		-34.046 		27.632
v -37.566 		-34.171 		23.848
v -21.629 		-34.171 		23.399
v -21.563 		-34.171 		23.43
v -40.392 		-31.046 		16.522
v -21.516 		-34.171 		23.474
v -21.841 		-34.171 		23
v -40.607 		-31.046 		16.768
v -21.488 		-34.171 		23.531
v -37.549 		-34.171 		23.959
v -40.853 		-31.046 		16.983
v -23.754 		-34.046 		27.631
v -23.786 		-34.046 		27.632
v -37.559 		-34.171 		23.884
v -41.125 		-31.046 		17.165
v -37.554 		-34.171 		23.921
v -41.418 		-31.046 		17.31
v -22.781 		-34.171 		24.034
v -22.815 		-34.171 		23.972
v -41.728 		-31.046 		17.415
v -37.907 		-34.171 		23.429
v -22.847 		-34.171 		23.904
v -42.049 		-31.046 		17.479
v -37.88 		-34.171 		23.43
v -22.862 		-34.171 		23.869
v -42.375 		-31.046 		17.5
v -22.877 		-34.171 		23.832
v -37.854 		-34.171 		23.433
v -31.453 		-34.046 		23.373
v -31.453 		-34.046 		23
v -22.892 		-34.171 		23.794
v -37.829 		-34.171 		23.438
v -22.904 		-34.171 		23.756
v -42.701 		-31.046 		17.479
v -37.805 		-34.171 		23.445
v -22.914 		-34.171 		23.718
v -37.783 		-34.171 		23.453
v -22.92 		-34.171 		23.68
v -31.68 		-34.046 		23.3923
v -31.662 		-34.046 		23.388
v -31.636 		-34.046 		23.384
v -31.609 		-34.046 		23.38
v -31.58 		-34.046 		23.377
v -31.55 		-34.046 		23.375
v -31.518 		-34.046 		23.374
v -22.924 		-34.171 		23.643
v -43.022 		-31.046 		17.415
v -31.485 		-34.046 		23.373
v -37.762 		-34.171 		23.464
v -22.926 		-34.171 		23.605
v -43.332 		-31.046 		17.31
v -37.743 		-34.171 		23.478
v -37.724 		-34.171 		23.494
v -43.625 		-31.046 		17.165
v -22.923 		-34.171 		23.568
v -37.706 		-34.171 		23.512
v -43.897 		-31.046 		16.983
v -37.689 		-34.171 		23.531
v -22.917 		-34.171 		23.534
v -44.143 		-31.046 		16.768
v -22.905 		-34.171 		23.503
v -22.89 		-34.171 		23.475
v -44.358 		-31.046 		16.522
v -39.024 		-34.046 		23.429
v -22.87 		-34.171 		23.451
v -39.024 		-34.171 		23.429
v -22.845 		-34.171 		23.429
v -40.21 		-31.046 		13.75
v -54.9112 		-34.046 		3.998
v -55.1183 		-34.046 		4.015
v -22.817 		-34.171 		23.412
v -55.2 		-34.046 		4.0354
v -40.065 		-31.046 		14.043
v -55.3219 		-34.046 		4.066
v -22.781 		-34.171 		23.398
v -22.74 		-34.171 		23.387
v -31.85 		-34.046 		23.532
v -31.837 		-34.046 		23.508
v -39.96 		-31.046 		14.353
v -31.823 		-34.046 		23.487
v -31.807 		-34.046 		23.467
v -31.791 		-34.046 		23.449
v -22.692 		-34.171 		23.38
v -31.773 		-34.046 		23.435
v -31.753 		-34.046 		23.422
v -31.732 		-34.046 		23.411
v -31.71 		-34.046 		23.402
v -31.687 		-34.046 		23.394
v -39.896 		-31.046 		14.674
v -22.637 		-34.171 		23.375
v -39.9373 		-34.046 		23.552
v -39.932 		-34.046 		23.57
v -39.925 		-34.046 		23.599
v -39.919 		-34.046 		23.63
v -39.914 		-34.046 		23.665
v -39.875 		-31.046 		15
v -39.911 		-34.046 		23.702
v -39.909 		-34.046 		23.743
v -39.908 		-34.046 		23.787
v -22.576 		-34.171 		23
v -22.576 		-34.171 		23.373
v -39.896 		-31.046 		15.326
v -23.554 		-34.171 		23.573
v -54.4999 		-34.046 		4.066
v -39.96 		-31.046 		15.647
v -23.533 		-34.171 		23.599
v -54.7041 		-34.046 		4.015
v -23.513 		-34.171 		23.626
v -9.875 		-33.171 		12
v -40.065 		-31.046 		15.957
v -9.875 		-33.171 		18
v -55.4004 		-34.046 		4.0996
v -23.492 		-34.171 		23.656
v -55.5186 		-34.046 		4.15
v -40.21 		-31.046 		16.25
v -23.471 		-34.171 		23.687
v -55.7048 		-34.046 		4.266
v -23.449 		-34.171 		23.719
v -42.049 		-31.046 		12.521
v -55.8778 		-34.046 		4.411
v -42.375 		-31.046 		12.5
v -23.427 		-34.171 		23.752
v -56.034 		-34.046 		4.584
v -23.405 		-34.171 		23.786
v -41.728 		-31.046 		12.585
v -56.1711 		-34.046 		4.781
v -23.382 		-34.171 		23.821
v -41.418 		-31.046 		12.69
v -56.2862 		-34.046 		4.999
v -23.36 		-34.171 		23.858
v -56.3231 		-34.046 		5.0932
v -56.3782 		-34.046 		5.234
v -23.488 		-34.171 		23.552
v -41.125 		-31.046 		12.835
v -40.0129 		-34.046 		23.424
v -40.006 		-34.046 		23.43
v -39.993 		-34.046 		23.444
v -40.853 		-31.046 		13.017
v -39.98 		-34.046 		23.459
v -39.968 		-34.046 		23.476
v -39.958 		-34.046 		23.496
v -20 		-34.046 		23
v -39.948 		-34.046 		23.518
v -39.94 		-34.046 		23.543
v -56.4051 		-34.046 		5.3334
v -56.4453 		-34.046 		5.482
v -40.607 		-31.046 		13.232
v -21.841 		-34.046 		23
v -56.4853 		-34.046 		5.739
v -40.392 		-31.046 		13.478
v -31.899 		-34.171 		23.827
v -23.74 		-34.171 		23.416
v -56.4909 		-34.046 		5.8437
v -56.4993 		-34.046 		6
v -31.898 		-34.171 		23.779
v -23.715 		-34.171 		23.431
v -31.896 		-34.171 		23.733
v -23.691 		-34.171 		23.447
v -23.667 		-34.171 		23.464
v -31.892 		-34.171 		23.691
v -56.4937 		-34.046 		6.1047
v -23.644 		-34.171 		23.484
v -31.887 		-34.171 		23.653
v -23.598 		-34.171 		23.526
v -53.3231 		-34.046 		6
v -31.88 		-34.171 		23.617
v -22.576 		-34.046 		23
v -23.576 		-34.171 		23.548
v -44.358 		-31.046 		13.478
v -53.3361 		-34.046 		5.739
v -31.871 		-34.171 		23.585
v -44.143 		-31.046 		13.232
v -53.3772 		-34.046 		5.482
v -31.861 		-34.171 		23.558
v -43.897 		-31.046 		13.017
v -53.4442 		-34.046 		5.234
v -43.625 		-31.046 		12.835
v -23.974 		-34.046 		23
v -23.974 		-34.171 		23.373
v -23.942 		-34.171 		23.373
v -53.4809 		-34.046 		5.1403
v -31.453 		-34.171 		23.373
v -53.5357 		-34.046 		4.999
v -31.453 		-34.171 		23
v -43.332 		-31.046 		12.69
v -23.909 		-34.171 		23.374
v -53.5816 		-34.046 		4.9121
v -53.6514 		-34.046 		4.781
v -23.974 		-34.171 		23
v -23.878 		-34.171 		23.377
v -31.662 		-34.171 		23.388
v -43.022 		-31.046 		12.585
v -23.848 		-34.171 		23.381
v -40.128 		-34.046 		23.3772
v -40.103 		-34.046 		23.38
v -31.636 		-34.171 		23.384
v -40.085 		-34.046 		23.383
v -24.232 		-34.046 		23
v -40.068 		-34.046 		23.389
v -40.052 		-34.046 		23.397
v -40.036 		-34.046 		23.406
v -42.701 		-31.046 		12.521
v -40.021 		-34.046 		23.417
v -23.819 		-34.171 		23.387
v -53.7884 		-34.046 		4.584
v -22.383 		-34.046 		25.457
v -23.792 		-34.171 		23.394
v -53.9445 		-34.046 		4.411
v -23.765 		-34.171 		23.404
v -31.609 		-34.171 		23.38
v -24.232 		-34.171 		23
v -44.54 		-31.046 		16.25
v -69.892 		-31.046 		23.15
v -54.1167 		-34.046 		4.266
v -31.58 		-34.171 		23.377
v -22.1784 		-34.046 		25.0583
v -44.685 		-31.046 		15.957
v -54.1914 		-34.046 		4.2197
v -54.3032 		-34.046 		4.15
v -54.3815 		-34.046 		4.1165
v -44.79 		-31.046 		15.647
v -31.55 		-34.171 		23.375
v -31.518 		-34.171 		23.374
v -44.854 		-31.046 		15.326
v -24.79 		-34.171 		26.708
v -22.178 		-34.046 		25.059
v -24.818 		-34.171 		27.036
v -44.875 		-31.046 		15
v -56.4853 		-34.046 		6.261
v -31.485 		-34.171 		23.373
v -24.828 		-34.171 		27.119
v -44.854 		-31.046 		14.674
v -56.4453 		-34.046 		6.518
v -24.841 		-34.171 		27.194
v -56.4184 		-34.046 		6.6175
v -44.79 		-31.046 		14.353
v -56.3782 		-34.046 		6.766
v -27.523 		-34.046 		23
v -24.857 		-34.171 		27.263
v -31.85 		-34.171 		23.532
v -44.685 		-31.046 		14.043
v -40.178 		-34.046 		23.374
v -40.158 		-34.046 		23.374
v -40.139 		-34.046 		23.376
v -27.836 		-34.046 		23
v -24.876 		-34.171 		27.326
v -31.837 		-34.171 		23.508
v -44.54 		-31.046 		13.75
v -24.898 		-34.171 		27.381
v -56.3413 		-34.046 		6.8602
v -20.928 		-34.046 		24.5334
v -20.522 		-34.046 		23.742
v -56.2862 		-34.046 		7.001
v -27.523 		-34.171 		23
v -20.486 		-34.046 		23.673
v -31.823 		-34.171 		23.487
v -24.923 		-34.171 		27.43
v -20.449 		-34.046 		23.613
v -20.412 		-34.046 		23.56
v -20.374 		-34.046 		23.515
v -20.336 		-34.046 		23.478
v -20.297 		-34.046 		23.449
v -20.259 		-34.046 		23.426
v -24.412 		-34.171 		26.708
v -20.221 		-34.046 		23.407
v -56.1711 		-34.046 		7.219
v -20.184 		-34.046 		23.392
v -31.807 		-34.171 		23.467
v -19.377 		-31.046 		9.998
v -40.198 		-34.046 		23.373
v -20.147 		-34.046 		23.382
v -24.952 		-34.171 		27.473
v -20.112 		-34.046 		23.375
v -20.076 		-34.046 		23.373
v -56.034 		-34.046 		7.416
v -19.377 		-31.046 		20.003
v -20 		-34.046 		23.373
v -31.791 		-34.171 		23.449
v -24.987 		-34.171 		27.508
v -27.836 		-34.171 		23
v -55.8778 		-34.046 		7.589
v -31.773 		-34.171 		23.435
v -55.7048 		-34.046 		7.734
v -25.026 		-34.171 		27.536
v -31.753 		-34.171 		23.422
v -25.071 		-34.171 		27.555
v -55.5186 		-34.046 		7.85
v -25.121 		-34.171 		27.567
v -31.732 		-34.171 		23.411
v -55.4401 		-34.046 		7.8836
v -55.3219 		-34.046 		7.934
v -25.176 		-34.171 		27.571
v -28.608 		-34.171 		23
v -31.71 		-34.171 		23.402
v -39.932 		-34.171 		23.57
v -24.412 		-34.171 		28
v -39.925 		-34.171 		23.599
v -70.0891 		-31.046 		23.066
v -31.687 		-34.171 		23.394
v -39.919 		-34.171 		23.63
v -24.79 		-34.171 		25.402
v -24.79 		-34.171 		25.82
v -70.2923 		-31.046 		23.015
v -55.2402 		-34.046 		7.9544
v -39.914 		-34.171 		23.665
v -55.1183 		-34.046 		7.985
v -26.116 		-34.171 		27.571
v -39.911 		-34.171 		23.702
v -70.4276 		-31.046 		23.004
v -54.9112 		-34.046 		8.002
v -27 		-34.171 		27.173
v -39.909 		-34.171 		23.743
v -27.001 		-34.171 		27.221
v -32.836 		-34.046 		28
v -27.003 		-34.171 		27.266
v -39.908 		-34.171 		23.787
v -68.9664 		-31.046 		24.482
v -69.0324 		-31.046 		24.234
v -27.007 		-34.171 		27.308
v -54.7041 		-34.046 		7.985
v -27.011 		-34.171 		27.345
v -40.103 		-34.171 		23.38
v -54.4999 		-34.046 		7.934
v -32.3332 		-34.046 		27.392
v -32.334 		-34.046 		27.396
v -32.341 		-34.046 		27.425
v -32.349 		-34.046 		27.452
v -32.357 		-34.046 		27.478
v -32.366 		-34.046 		27.501
v -32.377 		-34.046 		27.521
v -40.085 		-34.171 		23.383
v -27.017 		-34.171 		27.379
v -54.4216 		-34.046 		7.9005
v -32.389 		-34.046 		27.54
v -54.3032 		-34.046 		7.85
v -72.0744 		-31.046 		24.739
v -32.402 		-34.046 		27.556
v -32.415 		-34.046 		27.569
v -32.43 		-34.046 		27.58
v -32.445 		-34.046 		27.59
v -32.448 		-34.046 		27.5918
v -27.032 		-34.171 		27.439
v -27.025 		-34.171 		27.41
v -54.2285 		-34.046 		7.8037
v -27.04 		-34.171 		27.465
v -40.068 		-34.171 		23.389
v -54.1167 		-34.046 		7.734
v -72.0836 		-31.046 		24.9091
v -27.05 		-34.171 		27.489
v -40.052 		-34.171 		23.397
v -27.06 		-34.171 		27.511
v -21.653 		-34.046 		24.064
v -21.664 		-34.046 		24.085
v -53.9445 		-34.046 		7.589
v -40.036 		-34.171 		23.406
v -53.7884 		-34.046 		7.416
v -40.021 		-34.171 		23.417
v -53.6514 		-34.046 		7.219
v -27.072 		-34.171 		27.53
v -40.006 		-34.171 		23.43
v -53.6055 		-34.046 		7.1321
v -53.5357 		-34.046 		7.001
v -27.523 		-34.171 		28
v -53.499 		-34.046 		6.9073
v -53.4442 		-34.046 		6.766
v -39.993 		-34.171 		23.444
v -27.832 		-34.171 		28
v -53.3772 		-34.046 		6.518
v -32.836 		-34.046 		23
v -27.097 		-34.171 		27.562
v -27.085 		-34.171 		27.546
v -39.98 		-34.171 		23.459
v -53.3361 		-34.046 		6.261
v -32.972 		-34.046 		23
v -21.5281 		-34.046 		23.808
v -27.111 		-34.171 		27.576
v -33.153 		-34.046 		23
v -21.5296 		-34.046 		23.8114
v -21.545 		-34.046 		23.845
v -39.968 		-34.171 		23.476
v -21.5586 		-34.046 		23.8747
v -21.58 		-34.046 		23.919
v -21.594 		-34.046 		23.948
v -21.6086 		-34.046 		23.9781
v -27.125 		-34.171 		27.588
v -21.626 		-34.046 		24.012
v -21.644 		-34.046 		24.047
v -27.14 		-34.171 		27.597
v -39.958 		-34.171 		23.496
v -32.836 		-34.171 		23
v -27.156 		-34.171 		27.605
v -39.948 		-34.171 		23.518
v -33.153 		-34.171 		23
v -32.972 		-34.171 		23
v -27.173 		-34.171 		27.612
v -34.853 		-34.046 		23
v -27.209 		-34.171 		27.62
v -39.94 		-34.171 		23.543
v -21.535 		-34.046 		23.824
v -27.229 		-34.171 		27.623
v -27.248 		-34.171 		27.625
v -34.853 		-34.171 		23
v -27.29 		-34.171 		27.627
v -40.178 		-34.171 		23.374
v -40.158 		-34.171 		23.374
v -27.523 		-34.171 		27.627
v -32.46 		-34.046 		27.599
v -32.477 		-34.046 		27.606
v -32.511 		-34.046 		27.618
v -28.069 		-34.171 		27.632
v -32.529 		-34.046 		27.623
v -21.579 		-34.046 		23.917
v -27.832 		-34.171 		27.632
v -32.547 		-34.046 		27.627
v -40.198 		-34.171 		23.373
v -21.5601 		-34.046 		23.8778
v -32.565 		-34.046 		27.629
v -32.584 		-34.046 		27.631
v -28.089 		-34.171 		27.631
v -32.602 		-34.046 		27.632
v -40.139 		-34.171 		23.376
v -55.3682 		-31.046 		4.015
v -55.161 		-31.046 		3.998
v -55.572 		-31.046 		4.066
v -55.5112 		-31.046 		4.0507
v -26.116 		-34.171 		25.402
v -40.74 		-34.046 		28
v -40.431 		-34.046 		28
v -26.116 		-34.171 		25.82
v -21.567 		-34.046 		23.893
v -40.431 		-34.046 		27.627
v -40.74 		-34.046 		27.627
v -24.597 		-34.171 		24.287
v -54.7498 		-31.046 		4.066
v -54.6906 		-31.046 		4.0912
v -24.232 		-34.171 		24.287
v -24.75 		-34.171 		23.575
v -24.765 		-34.171 		23.552
v -24.736 		-34.171 		23.601
v -54.9539 		-31.046 		4.015
v -21.609 		-34.046 		23.979
v -24.723 		-34.171 		23.628
v -24.711 		-34.171 		23.656
v -55.7684 		-31.046 		4.15
v -55.7095 		-31.046 		4.1249
v -24.7 		-34.171 		23.685
v -55.9546 		-31.046 		4.266
v -56.1277 		-31.046 		4.411
v -56.2838 		-31.046 		4.584
v -56.4209 		-31.046 		4.781
v -21.4829 		-34.046 		23.68
v -21.483 		-34.046 		23.681
v -56.536 		-31.046 		4.999
v -21.484 		-34.046 		23.685
v -21.49 		-34.046 		23.706
v -21.494 		-34.046 		23.72
v -40.977 		-34.046 		27.627
v -21.499 		-34.046 		23.735
v -40.996 		-34.046 		27.626
v -21.511 		-34.046 		23.767
v -41.014 		-34.046 		27.625
v -21.518 		-34.046 		23.784
v -41.033 		-34.046 		27.623
v -56.6281 		-31.046 		5.234
v -41.047 		-34.046 		27.6207
v -56.6006 		-31.046 		5.1639
v -21.526 		-34.046 		23.803
v -41.068 		-34.046 		27.616
v -24.69 		-34.171 		23.715
v -41.086 		-34.046 		27.612
v -41.103 		-34.046 		27.605
v -41.119 		-34.046 		27.597
v -41.135 		-34.046 		27.588
v -41.15 		-34.046 		27.576
v -41.152 		-34.046 		27.5741
v -24.673 		-34.171 		23.779
v -24.682 		-34.171 		23.747
v -56.6951 		-31.046 		5.482
v -56.6751 		-31.046 		5.408
v -24.665 		-34.171 		23.813
v -32.317 		-34.046 		27.203
v -56.7351 		-31.046 		5.739
v -32.318 		-34.046 		27.248
v -32.32 		-34.046 		27.29
v -32.323 		-34.046 		27.329
v -32.328 		-34.046 		27.364
v -24.658 		-34.171 		23.848
v -56.7492 		-31.046 		6
v -56.745 		-31.046 		5.9222
v -24.651 		-34.171 		23.884
v -40.431 		-34.046 		23
v -24.646 		-34.171 		23.921
v -40.74 		-34.046 		23
v -53.5729 		-31.046 		6
v -53.5859 		-31.046 		5.739
v -24.642 		-34.171 		23.959
v -24.999 		-34.171 		23.429
v -53.627 		-31.046 		5.482
v -24.972 		-34.171 		23.43
v -53.694 		-31.046 		5.234
v -32.836 		-34.046 		27.632
v -24.946 		-34.171 		23.433
v -41.051 		-34.046 		27.62
v -53.7858 		-31.046 		4.999
v -53.7584 		-31.046 		5.0697
v -53.9012 		-31.046 		4.781
v -24.921 		-34.171 		23.438
v -53.8663 		-31.046 		4.8465
v -21.486 		-34.046 		23.693
v -24.897 		-34.171 		23.445
v -24.875 		-34.171 		23.453
v -54.0383 		-31.046 		4.584
v -24.855 		-34.171 		23.464
v -54.1943 		-31.046 		4.411
v -24.835 		-34.171 		23.478
v -54.3665 		-31.046 		4.266
v -24.816 		-34.171 		23.494
v -54.5533 		-31.046 		4.15
v -54.4974 		-31.046 		4.1848
v -42.669 		-34.046 		23
v -32.836 		-34.171 		28
v -24.798 		-34.171 		23.512
v -24.781 		-34.171 		23.531
v -43.071 		-34.046 		23
v -32.334 		-34.171 		27.396
v -56.7351 		-31.046 		6.261
v -56.7393 		-31.046 		6.1831
v -32.341 		-34.171 		27.425
v -56.6951 		-31.046 		6.518
v -45 		-34.046 		23
v -32.349 		-34.171 		27.452
v -56.6281 		-31.046 		6.766
v -56.6481 		-31.046 		6.692
v -41.165 		-34.046 		27.562
v -41.191 		-34.046 		27.53
v -41.203 		-34.046 		27.511
v -41.213 		-34.046 		27.489
v -41.223 		-34.046 		27.465
v -41.231 		-34.046 		27.439
v -41.239 		-34.046 		27.41
v -41.2424 		-34.046 		27.392
v -32.357 		-34.171 		27.478
v -21.4853 		-34.046 		23.552
v -21.479 		-34.046 		23.6
v -21.481 		-34.046 		23.654
v -21.482 		-34.046 		23.668
v -56.536 		-31.046 		7.001
v -32.366 		-34.171 		27.501
v -56.5635 		-31.046 		6.9309
v -56.4209 		-31.046 		7.219
v -32.377 		-34.171 		27.521
v -27.06 		-34.171 		23.476
v -56.2838 		-31.046 		7.416
v -9.625 		-31.046 		30
v -27.072 		-34.171 		23.459
v -56.1277 		-31.046 		7.589
v -32.389 		-34.171 		27.54
v -27.05 		-34.171 		23.496
v -21.479 		-34.046 		23.627
v -21.48 		-34.046 		23.641
v -55.9546 		-31.046 		7.734
v -27.04 		-34.171 		23.518
v -32.402 		-34.171 		27.556
v -55.7684 		-31.046 		7.85
v -32.415 		-34.171 		27.569
v -27.032 		-34.171 		23.543
v -55.572 		-31.046 		7.934
v -32.43 		-34.171 		27.58
v -55.631 		-31.046 		7.9089
v -32.445 		-34.171 		27.59
v -27.017 		-34.171 		23.599
v -55.3682 		-31.046 		7.985
v -55.429 		-31.046 		7.9697
v -27.025 		-34.171 		23.57
v -14.3682 		-31.046 		23.015
v -27.011 		-34.171 		23.63
v -55.161 		-31.046 		8.002
v -14.572 		-31.046 		23.066
v -27.007 		-34.171 		23.665
v -21.841 		-34.046 		23.373
v -21.816 		-34.046 		23.373
v -14.5112 		-31.046 		23.0507
v -21.713 		-34.046 		23.38
v -21.629 		-34.046 		23.399
v -54.9539 		-31.046 		7.985
v -21.563 		-34.046 		23.43
v -21.516 		-34.046 		23.474
v -21.488 		-34.046 		23.531
v -27.003 		-34.171 		23.702
v -32.46 		-34.171 		27.599
v -54.7498 		-31.046 		7.934
v -27.001 		-34.171 		23.743
v -41.245 		-34.046 		27.378
v -41.25 		-34.046 		27.343
v -32.477 		-34.171 		27.606
v -41.254 		-34.046 		27.305
v -41.256 		-34.046 		27.264
v -41.258 		-34.046 		27.22
v -41.259 		-34.046 		27.173
v -14.7684 		-31.046 		23.15
v -14.7095 		-31.046 		23.1249
v -54.5533 		-31.046 		7.85
v -54.6125 		-31.046 		7.8752
v -27 		-34.171 		23.787
v -32.511 		-34.171 		27.618
v -14.9546 		-31.046 		23.266
v -26.116 		-34.171 		23.429
v -54.3665 		-31.046 		7.734
v -54.4224 		-31.046 		7.7688
v -32.529 		-34.171 		27.623
v -15.1277 		-31.046 		23.411
v -32.547 		-34.171 		27.627
v -27.523 		-34.171 		23.373
v -27.29 		-34.171 		23.373
v -54.1943 		-31.046 		7.589
v -15.2838 		-31.046 		23.584
v -32.565 		-34.171 		27.629
v -54.0383 		-31.046 		7.416
v -27.251 		-34.171 		23.374
v -27.27 		-34.171 		23.374
v -15.4209 		-31.046 		23.781
v -53.9012 		-31.046 		7.219
v -27.213 		-34.171 		23.378
v -32.584 		-34.171 		27.631
v -15.536 		-31.046 		23.999
v -53.7858 		-31.046 		7.001
v -27.195 		-34.171 		23.38
v -53.8207 		-31.046 		7.0666
v -15.6281 		-31.046 		24.234
v -32.602 		-34.171 		27.632
v -15.6006 		-31.046 		24.1639
v -53.694 		-31.046 		6.766
v -27.177 		-34.171 		23.383
v -53.7214 		-31.046 		6.8367
v -27.16 		-34.171 		23.389
v -15.6951 		-31.046 		24.482
v -15.6751 		-31.046 		24.408
v -27.144 		-34.171 		23.397
v -32.317 		-34.171 		27.203
v -53.627 		-31.046 		6.518
v -27.128 		-34.171 		23.406
v -32.318 		-34.171 		27.248
v -40.431 		-34.171 		28
v -27.113 		-34.171 		23.417
v -53.5859 		-31.046 		6.261
v -32.32 		-34.171 		27.29
v -40.74 		-34.171 		28
v -27.099 		-34.171 		23.43
v -13.9539 		-31.046 		23.015
v -32.323 		-34.171 		27.329
v -27.085 		-34.171 		23.444
v -40.431 		-34.171 		27.627
v -70.3223 		-34.046 		4.0039
v -32.328 		-34.171 		27.364
v -70.4577 		-34.046 		4.015
v -40.74 		-34.171 		27.627
v -70.6609 		-34.046 		4.066
v -12.627 		-31.046 		24.482
v -32.836 		-34.171 		27.632
v -28.069 		-34.171 		23.373
v -12.694 		-31.046 		24.234
v -27.836 		-34.171 		23.373
v -12.7858 		-31.046 		23.999
v -12.7584 		-31.046 		24.0697
v -40.977 		-34.171 		27.627
v -12.9012 		-31.046 		23.781
v -12.8663 		-31.046 		23.8465
v -40.996 		-34.171 		27.626
v -33.454 		-34.046 		26.698
v -13.0383 		-31.046 		23.584
v -33.4557 		-34.046 		26.624
v -13.1943 		-31.046 		23.411
v -41.014 		-34.171 		27.625
v -13.3665 		-31.046 		23.266
v -13.5533 		-31.046 		23.15
v -13.4974 		-31.046 		23.1848
v -41.033 		-34.171 		27.623
v -33.454 		-34.171 		26.698
v -13.7498 		-31.046 		23.066
v -13.6906 		-31.046 		23.0912
v -19.377 		-31.168 		19.003
v -19.377 		-31.168 		10.998
v -33.465 		-34.046 		26.902
v -33.465 		-34.171 		26.902
v -33.496 		-34.046 		27.088
v -33.496 		-34.171 		27.088
v -33.547 		-34.046 		27.258
v -33.547 		-34.171 		27.258
v -40.392 		-31.168 		16.522
v -15.7351 		-31.046 		24.739
v -33.619 		-34.046 		27.411
v -15.7492 		-31.046 		25
v -15.745 		-31.046 		24.9222
v -33.619 		-34.171 		27.411
v -40.607 		-31.168 		16.768
v -33.711 		-34.046 		27.548
v -40.853 		-31.168 		16.983
v -33.711 		-34.171 		27.548
v -15.7351 		-31.046 		25.261
v -33.824 		-34.046 		27.667
v -15.7393 		-31.046 		25.1831
v -41.125 		-31.168 		17.165
v -69.8393 		-34.046 		4.066
v -15.6951 		-31.046 		25.518
v -41.418 		-31.168 		17.31
v -33.824 		-34.171 		27.667
v -15.6281 		-31.046 		25.766
v -70.0425 		-34.046 		4.015
v -15.6481 		-31.046 		25.692
v -41.728 		-31.168 		17.415
v -70.1152 		-34.046 		4.0091
v -15.536 		-31.046 		26.001
v -15.5635 		-31.046 		25.9309
v -33.959 		-34.046 		27.769
v -42.049 		-31.168 		17.479
v -70.2499 		-34.046 		3.998
v -15.4209 		-31.046 		26.219
v -33.959 		-34.171 		27.769
v -15.2838 		-31.046 		26.416
v -42.375 		-31.168 		17.5
v -34.118 		-34.046 		27.852
v -15.1277 		-31.046 		26.589
v -34.118 		-34.171 		27.852
v -14.9546 		-31.046 		26.734
v -71.2172 		-34.046 		4.411
v -34.24 		-34.046 		27.8958
v -42.701 		-31.168 		17.479
v -14.7684 		-31.046 		26.85
v -43.022 		-31.168 		17.415
v -14.572 		-31.046 		26.934
v -14.631 		-31.046 		26.9089
v -43.332 		-31.168 		17.31
v -43.625 		-31.168 		17.165
v -14.3682 		-31.046 		26.985
v -14.429 		-31.046 		26.9697
v -71.3734 		-34.046 		4.584
v -43.897 		-31.168 		16.983
v -14.161 		-31.046 		27.003
v -71.4214 		-34.046 		4.6531
v -71.5098 		-34.046 		4.781
v -13.9539 		-31.046 		26.985
v -44.143 		-31.168 		16.768
v -44.358 		-31.168 		16.522
v -71.5502 		-34.046 		4.8575
v -13.7498 		-31.046 		26.934
v -71.6256 		-34.046 		4.999
v -13.5533 		-31.046 		26.85
v -13.6125 		-31.046 		26.8752
v -71.6579 		-34.046 		5.0815
v -71.7176 		-34.046 		5.234
v -13.3665 		-31.046 		26.734
v -13.4224 		-31.046 		26.7688
v -13.1943 		-31.046 		26.589
v -42.167 		-34.046 		27.41
v -42.174 		-34.046 		27.439
v -42.176 		-34.046 		27.4455
v -33.545 		-34.046 		26.138
v -33.5549 		-34.046 		26.112
v -13.0383 		-31.046 		26.416
v -12.9012 		-31.046 		26.219
v -42.1625 		-34.046 		27.392
v -12.7858 		-31.046 		26.001
v -12.8207 		-31.046 		26.0666
v -12.694 		-31.046 		25.766
v -12.7214 		-31.046 		25.8367
v -71.7407 		-34.046 		5.321
v -33.523 		-34.046 		26.209
v -33.502 		-34.046 		26.283
v -12.627 		-31.046 		25.518
v -12.5859 		-31.046 		25.261
v -12.5729 		-31.046 		25
v -33.485 		-34.046 		26.36
v -12.5859 		-31.046 		24.739
v -42.2082 		-34.046 		27.52
v -42.214 		-34.046 		27.53
v -42.227 		-34.046 		27.546
v -42.241 		-34.046 		27.562
v -42.255 		-34.046 		27.576
v -42.27 		-34.046 		27.588
v -42.286 		-34.046 		27.597
v -42.302 		-34.046 		27.605
v -42.32 		-34.046 		27.612
v -42.337 		-34.046 		27.616
v -42.355 		-34.046 		27.62
v -42.374 		-34.046 		27.623
v -42.393 		-34.046 		27.625
v -42.412 		-34.046 		27.626
v -33.472 		-34.046 		26.44
v -42.432 		-34.046 		27.627
v -33.462 		-34.046 		26.523
v -33.456 		-34.046 		26.609
v -33.851 		-34.046 		25.638
v -40.21 		-31.168 		13.75
v -40.065 		-31.168 		14.043
v -33.81 		-34.046 		25.682
v -39.96 		-31.168 		14.353
v -33.771 		-34.046 		25.728
v -39.896 		-31.168 		14.674
v -39.875 		-31.168 		15
v -33.732 		-34.046 		25.778
v -39.896 		-31.168 		15.326
v -39.96 		-31.168 		15.647
v -33.696 		-34.046 		25.83
v -40.065 		-31.168 		15.957
v -33.661 		-34.046 		25.886
v -40.21 		-31.168 		16.25
v -33.628 		-34.046 		25.944
v -42.375 		-31.168 		12.5
v -42.049 		-31.168 		12.521
v -33.598 		-34.046 		26.006
v -41.728 		-31.168 		12.585
v -42.182 		-34.046 		27.465
v -71.7836 		-34.046 		5.482
v -42.192 		-34.046 		27.489
v -42.203 		-34.046 		27.511
v -33.571 		-34.046 		26.07
v -41.418 		-31.168 		12.69
v -41.125 		-31.168 		12.835
v -40.853 		-31.168 		13.017
v -40.607 		-31.168 		13.232
v -33.545 		-34.171 		26.138
v -40.392 		-31.168 		13.478
v -33.523 		-34.171 		26.209
v -42.143 		-34.046 		27.22
v -42.145 		-34.046 		27.264
v -42.149 		-34.046 		27.305
v -33.502 		-34.171 		26.283
v -42.153 		-34.046 		27.343
v -42.159 		-34.046 		27.378
v -33.485 		-34.171 		26.36
v -33.472 		-34.171 		26.44
v -33.462 		-34.171 		26.523
v -71.8246 		-34.046 		5.739
v -44.358 		-31.168 		13.478
v -44.143 		-31.168 		13.232
v -71.8296 		-34.046 		5.8306
v -71.838 		-34.046 		6
v -43.897 		-31.168 		13.017
v -43.625 		-31.168 		12.835
v -43.332 		-31.168 		12.69
v -71.8331 		-34.046 		6.0916
v -43.022 		-31.168 		12.585
v -42.701 		-31.168 		12.521
v -70.858 		-34.046 		4.15
v -22.7633 		-34.046 		24.064
v -71.0441 		-34.046 		4.266
v -33.456 		-34.171 		26.609
v -22.781 		-34.046 		24.034
v -22.815 		-34.046 		23.972
v -22.847 		-34.046 		23.904
v -22.862 		-34.046 		23.869
v -22.877 		-34.046 		23.832
v -22.8865 		-34.046 		23.808
v -33.851 		-34.171 		25.638
v -33.81 		-34.171 		25.682
v -33.771 		-34.171 		25.728
v -33.732 		-34.171 		25.778
v -33.696 		-34.171 		25.83
v -33.661 		-34.171 		25.886
v -33.628 		-34.171 		25.944
v -22.892 		-34.046 		23.794
v -22.904 		-34.046 		23.756
v -22.914 		-34.046 		23.718
v -22.92 		-34.046 		23.68
v -22.924 		-34.046 		23.643
v -22.926 		-34.046 		23.605
v -22.923 		-34.046 		23.568
v -22.9202 		-34.046 		23.552
v -33.598 		-34.171 		26.006
v -33.571 		-34.171 		26.07
v -34.167 		-34.046 		25.401
v -34.214 		-34.046 		25.376
v -34.167 		-34.171 		25.401
v -34.214 		-34.171 		25.376
v -34.121 		-34.046 		25.428
v -34.121 		-34.171 		25.428
v -34.074 		-34.046 		25.457
v -22.576 		-34.046 		23.373
v -34.074 		-34.171 		25.457
v -34.028 		-34.046 		25.489
v -34.028 		-34.171 		25.489
v -33.982 		-34.046 		25.522
v -22.917 		-34.046 		23.534
v -22.905 		-34.046 		23.503
v -22.89 		-34.046 		23.475
v -22.87 		-34.046 		23.451
v -22.845 		-34.046 		23.429
v -33.982 		-34.171 		25.522
v -22.817 		-34.046 		23.412
v -22.781 		-34.046 		23.398
v -22.74 		-34.046 		23.387
v -22.692 		-34.046 		23.38
v -22.637 		-34.046 		23.375
v -33.937 		-34.046 		25.558
v -33.937 		-34.171 		25.558
v -33.893 		-34.046 		25.596
v -44.54 		-31.168 		16.25
v -31.9234 		-34.171 		23.552
v -33.893 		-34.171 		25.596
v -44.685 		-31.168 		15.957
v -69.1268 		-34.046 		4.584
v -44.79 		-31.168 		15.647
v -44.854 		-31.168 		15.326
v -42.143 		-34.046 		25.82
v -69.2829 		-34.046 		4.411
v -34.299 		-34.046 		27.917
v -69.4561 		-34.046 		4.266
v -44.875 		-31.168 		15
v -42.143 		-34.046 		25.392
v -69.6421 		-34.046 		4.15
v -44.854 		-31.168 		14.674
v -34.505 		-34.046 		27.963
v -44.79 		-31.168 		14.353
v -34.733 		-34.046 		27.991
v -71.8246 		-34.046 		6.261
v -44.685 		-31.168 		14.043
v -34.986 		-34.046 		28
v -71.7836 		-34.046 		6.518
v -44.54 		-31.168 		13.75
v -71.7605 		-34.046 		6.605
v -42.669 		-34.046 		27.627
v -43.071 		-34.046 		27.627
v -43.312 		-34.046 		27.627
v -71.7176 		-34.046 		6.766
v -43.332 		-34.046 		27.626
v -43.351 		-34.046 		27.625
v -43.37 		-34.046 		27.623
v -43.389 		-34.046 		27.62
v -43.425 		-34.046 		27.612
v -43.442 		-34.046 		27.605
v -43.456 		-34.046 		27.598
v -34.4494 		-34.046 		27.136
v -34.46 		-34.046 		27.173
v -34.479 		-34.046 		27.226
v -34.501 		-34.046 		27.274
v -71.6853 		-34.046 		6.8485
v -34.525 		-34.046 		27.319
v -34.552 		-34.046 		27.359
v -34.58 		-34.046 		27.396
v -34.611 		-34.046 		27.43
v -34.645 		-34.046 		27.46
v -34.682 		-34.046 		27.487
v -34.722 		-34.046 		27.511
v -34.752 		-34.046 		27.525
v -71.6256 		-34.046 		7.001
v -71.5852 		-34.046 		7.0775
v -71.5098 		-34.046 		7.219
v -71.4617 		-34.046 		7.2881
v -71.3734 		-34.046 		7.416
v -71.2172 		-34.046 		7.589
v -71.0441 		-34.046 		7.734
v -34.765 		-34.046 		27.531
v -34.809 		-34.046 		27.548
v -70.858 		-34.046 		7.85
v -34.856 		-34.046 		27.562
v -34.907 		-34.046 		27.572
v -34.961 		-34.046 		27.58
v -35.018 		-34.046 		27.585
v -35.078 		-34.046 		27.586
v -70.6609 		-34.046 		7.934
v -70.4577 		-34.046 		7.985
v -70.3852 		-34.046 		7.991
v -70.2499 		-34.046 		8.002
v -23.5725 		-34.046 		23.552
v -23.554 		-34.046 		23.573
v -23.533 		-34.046 		23.599
v -23.513 		-34.046 		23.626
v -23.5095 		-34.046 		23.631
v -23.471 		-34.046 		23.687
v -23.4496 		-34.046 		23.7181
v -23.405 		-34.046 		23.786
v -23.3907 		-34.046 		23.8078
v -23.36 		-34.046 		23.858
v -70.1771 		-34.046 		7.9961
v -70.0425 		-34.046 		7.985
v -69.8393 		-34.046 		7.934
v -34.3912 		-34.046 		26.624
v -34.392 		-34.046 		26.693
v -34.395 		-34.046 		26.774
v -34.401 		-34.046 		26.851
v -34.409 		-34.046 		26.924
v -69.6421 		-34.046 		7.85
v -34.419 		-34.046 		26.992
v -34.431 		-34.046 		27.057
v -34.444 		-34.046 		27.117
v -69.4561 		-34.046 		7.734
v -69.2829 		-34.046 		7.589
v -69.1268 		-34.046 		7.416
v -69.0794 		-34.046 		7.3473
v -43.071 		-34.046 		28
v -42.669 		-34.046 		28
v -34.299 		-34.171 		27.917
v -68.9901 		-34.046 		7.219
v -34.505 		-34.171 		27.963
v -68.9496 		-34.046 		7.143
v -68.8746 		-34.046 		7.001
v -34.733 		-34.171 		27.991
v -34.986 		-34.171 		28
v -34.46 		-34.171 		27.173
v -68.7826 		-34.046 		6.766
v -34.479 		-34.171 		27.226
v -68.7165 		-34.046 		6.518
v -34.501 		-34.171 		27.274
v -68.6755 		-34.046 		6.261
v -34.525 		-34.171 		27.319
v -43.458 		-34.046 		27.597
v -43.473 		-34.046 		27.588
v -68.6625 		-34.046 		6
v -43.487 		-34.046 		27.576
v -43.513 		-34.046 		27.546
v -34.552 		-34.171 		27.359
v -43.526 		-34.046 		27.53
v -43.538 		-34.046 		27.511
v -43.549 		-34.046 		27.489
v -43.56 		-34.046 		27.465
v -43.569 		-34.046 		27.439
v -43.577 		-34.046 		27.41
v -68.6755 		-34.046 		5.739
v -43.5809 		-34.046 		27.392
v -34.58 		-34.171 		27.396
v -68.7165 		-34.046 		5.482
v -34.611 		-34.171 		27.43
v -34.645 		-34.171 		27.46
v -68.7826 		-34.046 		5.234
v -68.8746 		-34.046 		4.999
v -34.682 		-34.171 		27.487
v -23.492 		-34.046 		23.656
v -68.9151 		-34.046 		4.923
v -34.722 		-34.171 		27.511
v -68.9901 		-34.046 		4.781
v -69.0375 		-34.046 		4.7123
v -43.501 		-34.046 		27.562
v -34.765 		-34.171 		27.531
v -34.809 		-34.171 		27.548
v -19.375 		-31.296 		10.998
v -19.375 		-31.296 		10
v -34.856 		-34.171 		27.562
v -19.375 		-31.296 		20
v -19.375 		-31.296 		19.003
v -34.907 		-34.171 		27.572
v -9.625 		-31.046 		20.003
v -34.961 		-34.171 		27.58
v -35.018 		-34.171 		27.585
v -14.161 		-31.046 		22.998
v -35.078 		-34.171 		27.586
v -34.392 		-34.171 		26.693
v -34.395 		-34.171 		26.774
v -43.584 		-34.046 		27.378
v -43.589 		-34.046 		27.343
v -43.592 		-34.046 		27.305
v -43.595 		-34.046 		27.264
v -43.597 		-34.046 		27.22
v -34.401 		-34.171 		26.851
v -34.409 		-34.171 		26.924
v -23.449 		-34.046 		23.719
v -23.427 		-34.046 		23.752
v -34.419 		-34.171 		26.992
v -34.431 		-34.171 		27.057
v -34.444 		-34.171 		27.117
v -36.259 		-34.046 		27.203
v -36.26 		-34.046 		27.247
v -36.262 		-34.046 		27.288
v -36.265 		-34.046 		27.326
v -36.27 		-34.046 		27.362
v -36.276 		-34.046 		27.395
v -36.284 		-34.046 		27.425
v -36.259 		-34.171 		27.203
v -44.478 		-34.046 		27.243
v -44.48 		-34.046 		27.285
v -36.26 		-34.171 		27.247
v -36.262 		-34.171 		27.288
v -36.265 		-34.171 		27.326
v -36.27 		-34.171 		27.362
v -36.276 		-34.171 		27.395
v -36.284 		-34.171 		27.425
v -35.379 		-34.046 		27.586
v -35.379 		-34.171 		27.586
v -34.4349 		-34.046 		26.112
v -34.427 		-34.046 		26.153
v -34.416 		-34.046 		26.221
v -34.407 		-34.046 		26.291
v -34.4 		-34.046 		26.365
v -34.395 		-34.046 		26.443
v -34.392 		-34.046 		26.523
v -34.391 		-34.046 		26.607
v -9.625 		-31.046 		9.998
v -9.625 		-31.046 		0
v -15.997 		-31.046 		0
v -14.3682 		-31.046 		4.015
v -14.161 		-31.046 		3.998
v -14.572 		-31.046 		4.066
v -14.5112 		-31.046 		4.0507
v -34.752 		-34.046 		25.6356
v -34.744 		-34.046 		25.639
v -34.703 		-34.046 		25.662
v -34.664 		-34.046 		25.69
v -34.629 		-34.046 		25.721
v -34.596 		-34.046 		25.755
v -34.566 		-34.046 		25.794
v -34.539 		-34.046 		25.836
v -34.514 		-34.046 		25.879
v -34.491 		-34.046 		25.927
v -34.471 		-34.046 		25.978
v -34.454 		-34.046 		26.033
v -34.439 		-34.046 		26.091
v -13.7498 		-31.046 		4.066
v -13.6906 		-31.046 		4.0912
v -13.9539 		-31.046 		4.015
v -14.7684 		-31.046 		4.15
v -14.7095 		-31.046 		4.1249
v -14.9546 		-31.046 		4.266
v -15.1277 		-31.046 		4.411
v -15.2838 		-31.046 		4.584
v -34.427 		-34.171 		26.153
v -15.4209 		-31.046 		4.781
v -34.416 		-34.171 		26.221
v -15.536 		-31.046 		4.999
v -34.407 		-34.171 		26.291
v -34.4 		-34.171 		26.365
v -15.6281 		-31.046 		5.234
v -15.6006 		-31.046 		5.1639
v -34.395 		-34.171 		26.443
v -34.392 		-34.171 		26.523
v -15.6951 		-31.046 		5.482
v -15.6751 		-31.046 		5.408
v -43.597 		-34.046 		25.82
v -34.391 		-34.171 		26.607
v -15.7351 		-31.046 		5.739
v -15.7492 		-31.046 		6
v -15.745 		-31.046 		5.9222
v -34.838 		-34.171 		25.605
v -34.789 		-34.171 		25.62
v -12.5729 		-31.046 		6
v -34.744 		-34.171 		25.639
v -12.5859 		-31.046 		5.739
v -34.703 		-34.171 		25.662
v -23.382 		-34.046 		23.821
v -12.627 		-31.046 		5.482
v -34.664 		-34.171 		25.69
v -43.597 		-34.046 		25.392
v -12.694 		-31.046 		5.234
v -34.629 		-34.171 		25.721
v -34.596 		-34.171 		25.755
v -12.7858 		-31.046 		4.999
v -12.7584 		-31.046 		5.0697
v -34.566 		-34.171 		25.794
v -12.9012 		-31.046 		4.781
v -12.8663 		-31.046 		4.8465
v -34.8597 		-34.046 		25.6
v -23.744 		-34.046 		23.4141
v -23.74 		-34.046 		23.416
v -34.838 		-34.046 		25.605
v -23.715 		-34.046 		23.431
v -34.789 		-34.046 		25.62
v -23.691 		-34.046 		23.447
v -23.667 		-34.046 		23.464
v -23.644 		-34.046 		23.484
v -34.539 		-34.171 		25.836
v -23.598 		-34.046 		23.526
v -23.576 		-34.046 		23.548
v -34.514 		-34.171 		25.879
v -44.5435 		-34.046 		27.52
v -44.553 		-34.046 		27.535
v -13.0383 		-31.046 		4.584
v -44.566 		-34.046 		27.551
v -44.58 		-34.046 		27.565
v -34.491 		-34.171 		25.927
v -44.594 		-34.046 		27.578
v -44.609 		-34.046 		27.589
v -44.625 		-34.046 		27.598
v -13.1943 		-31.046 		4.411
v -44.641 		-34.046 		27.606
v -34.471 		-34.171 		25.978
v -44.658 		-34.046 		27.612
v -44.694 		-34.046 		27.62
v -44.712 		-34.046 		27.623
v -44.73 		-34.046 		27.625
v -44.736 		-34.046 		27.6253
v -34.454 		-34.171 		26.033
v -9.625 		-34.046 		30
v -13.3665 		-31.046 		4.266
v -34.439 		-34.171 		26.091
v -13.5533 		-31.046 		4.15
v -13.4974 		-31.046 		4.1848
v -15.7351 		-31.046 		6.261
v -15.7393 		-31.046 		6.1831
v -14.1183 		-34.046 		23.015
v -15.6951 		-31.046 		6.518
v -14.2 		-34.046 		23.0354
v -14.3219 		-34.046 		23.066
v -15.6281 		-31.046 		6.766
v -15.6481 		-31.046 		6.692
v -35.01 		-34.171 		25.17
v -35.07 		-34.171 		25.578
v -35.379 		-34.171 		25.578
v -35.006 		-34.171 		25.58
v -15.536 		-31.046 		7.001
v -15.5635 		-31.046 		6.9309
v -34.946 		-34.171 		25.585
v -14.4004 		-34.046 		23.0996
v -14.5186 		-34.046 		23.15
v -34.89 		-34.171 		25.593
v -23.974 		-34.046 		23.373
v -15.4209 		-31.046 		7.219
v -23.942 		-34.046 		23.373
v -23.909 		-34.046 		23.374
v -23.878 		-34.046 		23.377
v -23.848 		-34.046 		23.381
v -23.819 		-34.046 		23.387
v -14.7048 		-34.046 		23.266
v -23.792 		-34.046 		23.394
v -23.765 		-34.046 		23.404
v -15.2838 		-31.046 		7.416
v -14.8779 		-34.046 		23.411
v -35.379 		-34.171 		25.17
v -15.1277 		-31.046 		7.589
v -15.034 		-34.046 		23.584
v -14.9546 		-31.046 		7.734
v -15.1711 		-34.046 		23.781
v -65.375 		-39.173 		19.003
v -15.2862 		-34.046 		23.999
v -15.3231 		-34.046 		24.0932
v -15.3782 		-34.046 		24.234
v -65.375 		-39.173 		10.998
v -14.7684 		-31.046 		7.85
v -32.341 		-34.171 		23.565
v -14.572 		-31.046 		7.934
v -14.631 		-31.046 		7.9089
v -32.334 		-34.171 		23.595
v -15.4051 		-34.046 		24.3334
v -15.4453 		-34.046 		24.482
v -32.328 		-34.171 		23.628
v -14.3682 		-31.046 		7.985
v -14.429 		-31.046 		7.9697
v -32.323 		-34.171 		23.663
v -32.32 		-34.171 		23.702
v -14.161 		-31.046 		8.002
v -44.4943 		-34.046 		27.392
v -44.502 		-34.046 		27.42
v -44.51 		-34.046 		27.447
v -44.52 		-34.046 		27.472
v -32.318 		-34.171 		23.743
v -44.53 		-34.046 		27.495
v -44.541 		-34.046 		27.516
v -13.9539 		-31.046 		7.985
v -12.3772 		-34.046 		24.482
v -32.317 		-34.171 		23.787
v -12.4442 		-34.046 		24.234
v -65.375 		-41.296 		10
v -65.375 		-41.296 		20
v -12.4809 		-34.046 		24.1403
v -12.5357 		-34.046 		23.999
v -32.445 		-34.171 		23.405
v -12.5816 		-34.046 		23.9121
v -12.6514 		-34.046 		23.781
v -65.375 		-34.046 		30
v -13.7498 		-31.046 		7.934
v -32.43 		-34.171 		23.415
v -65.375 		-31.296 		10.998
v -32.415 		-34.171 		23.426
v -65.375 		-31.296 		10
v -13.5533 		-31.046 		7.85
v -13.6125 		-31.046 		7.8752
v -32.402 		-34.171 		23.439
v -65.375 		-31.296 		19.003
v -65.375 		-31.296 		20
v -13.3665 		-31.046 		7.734
v -13.4224 		-31.046 		7.7688
v -12.7884 		-34.046 		23.584
v -32.389 		-34.171 		23.455
v -65.375 		-34.046 		9.998
v -32.377 		-34.171 		23.473
v -65.375 		-34.046 		20.003
v -12.9445 		-34.046 		23.411
v -32.366 		-34.171 		23.493
v -13.1943 		-31.046 		7.589
v -65.375 		-34.046 		0
v -13.1167 		-34.046 		23.266
v -75.375 		-39.173 		19.003
v -75.375 		-39.173 		10.998
v -32.357 		-34.171 		23.515
v -44.748 		-34.046 		27.626
v -13.1914 		-34.046 		23.2197
v -44.767 		-34.046 		27.627
v -13.3032 		-34.046 		23.15
v -13.0383 		-31.046 		7.416
v -75.375 		-41.296 		10
v -32.349 		-34.171 		23.539
v -13.3815 		-34.046 		23.1165
v -75.375 		-41.296 		20
v -13.4999 		-34.046 		23.066
v -12.9012 		-31.046 		7.219
v -75.375 		-31.296 		10.998
v -75.375 		-31.296 		10
v -12.7858 		-31.046 		7.001
v -12.8207 		-31.046 		7.0666
v -75.375 		-31.296 		20
v -75.375 		-31.296 		19.003
v -75.375 		-34.046 		9.998
v -13.7041 		-34.046 		23.015
v -12.694 		-31.046 		6.766
v -12.7214 		-31.046 		6.8367
v -32.602 		-34.171 		23.373
v -32.565 		-34.171 		23.374
v -12.627 		-31.046 		6.518
v -32.584 		-34.171 		23.374
v -44.484 		-34.046 		27.324
v -44.488 		-34.046 		27.359
v -44.494 		-34.046 		27.391
v -32.511 		-34.171 		23.38
v -32.494 		-34.171 		23.383
v -12.5859 		-31.046 		6.261
v -15.4853 		-34.046 		24.739
v -15.4909 		-34.046 		24.8437
v -32.477 		-34.171 		23.389
v -15.4993 		-34.046 		25
v -32.46 		-34.171 		23.396
v -15.4937 		-34.046 		25.1047
v -15.4853 		-34.046 		25.261
v -15.4453 		-34.046 		25.518
v -15.4184 		-34.046 		25.6175
v -15.3782 		-34.046 		25.766
v -45 		-34.046 		27.627
v -32.836 		-34.171 		23.373
v -15.3413 		-34.046 		25.8602
v -15.2862 		-34.046 		26.001
v -33.212 		-34.171 		23.444
v -15.1711 		-34.046 		26.219
v -33.189 		-34.171 		23.428
v -15.034 		-34.046 		26.416
v -14.8779 		-34.046 		26.589
v -33.165 		-34.171 		23.415
v -34.7565 		-34.046 		24.576
v -35.01 		-34.046 		25.17
v -35.379 		-34.046 		25.17
v -33.141 		-34.171 		23.404
v -14.7048 		-34.046 		26.734
v -33.118 		-34.171 		23.394
v -14.5186 		-34.046 		26.85
v -14.4401 		-34.046 		26.8836
v -14.3219 		-34.046 		26.934
v -33.094 		-34.171 		23.387
v -35.379 		-34.046 		25.578
v -33.07 		-34.171 		23.381
v -35.07 		-34.046 		25.578
v -35.006 		-34.046 		25.58
v -34.946 		-34.046 		25.585
v -34.89 		-34.046 		25.593
v -14.2402 		-34.046 		26.9544
v -14.1183 		-34.046 		26.985
v -33.045 		-34.171 		23.377
v -13.9112 		-34.046 		27.003
v -33.019 		-34.171 		23.374
v -32.992 		-34.171 		23.373
v -32.972 		-34.171 		23.373
v -13.7041 		-34.046 		26.985
v -75.375 		-34.046 		0
v -75.375 		-34.046 		20.003
v -13.4999 		-34.046 		26.934
v -75.375 		-34.046 		30
v -13.4216 		-34.046 		26.9005
v -13.3032 		-34.046 		26.85
v -13.2285 		-34.046 		26.8037
v -13.1167 		-34.046 		26.734
v -33.551 		-34.171 		23.943
v -12.9445 		-34.046 		26.589
v -12.7884 		-34.046 		26.416
v -12.6514 		-34.046 		26.219
v -12.6055 		-34.046 		26.1321
v -12.5357 		-34.046 		26.001
v -32.345 		-34.046 		23.552
v -32.341 		-34.046 		23.565
v -32.334 		-34.046 		23.595
v -32.328 		-34.046 		23.628
v -32.323 		-34.046 		23.663
v -12.499 		-34.046 		25.9073
v -12.4442 		-34.046 		25.766
v -32.32 		-34.046 		23.702
v -32.318 		-34.046 		23.743
v -32.317 		-34.046 		23.787
v -74.875 		-39.171 		12
v -74.875 		-39.171 		18
v -12.3772 		-34.046 		25.518
v -12.3361 		-34.046 		25.261
v -12.3231 		-34.046 		25
v -12.3361 		-34.046 		24.739
v -33.504 		-34.171 		23.847
v -33.527 		-34.171 		23.894
v -74.875 		-33.171 		18
v -74.875 		-33.171 		12
v -33.481 		-34.171 		23.802
v -32.448 		-34.046 		23.4032
v -32.445 		-34.046 		23.405
v -32.43 		-34.046 		23.415
v -32.415 		-34.046 		23.426
v -32.402 		-34.046 		23.439
v -32.389 		-34.046 		23.455
v -32.377 		-34.046 		23.473
v -33.436 		-34.171 		23.719
v -33.458 		-34.171 		23.76
v -32.366 		-34.046 		23.493
v -32.357 		-34.046 		23.515
v -32.349 		-34.046 		23.539
v -41.259 		-34.046 		23.787
v -41.258 		-34.046 		23.743
v -41.256 		-34.046 		23.702
v -41.254 		-34.046 		23.663
v -41.25 		-34.046 		23.628
v -41.245 		-34.046 		23.595
v -33.414 		-34.171 		23.681
v -41.239 		-34.046 		23.565
v -41.2345 		-34.046 		23.552
v -33.392 		-34.171 		23.647
v -33.369 		-34.171 		23.614
v -33.347 		-34.171 		23.584
v -33.325 		-34.171 		23.556
v -50.988 		-34.171 		25.828
v -50.988 		-34.171 		24.172
v -33.303 		-34.171 		23.529
v -33.282 		-34.171 		23.505
v -49.375 		-31.046 		30
v -33.259 		-34.171 		23.482
v -33.236 		-34.171 		23.462
v -40.74 		-34.046 		23.373
v -40.431 		-34.046 		23.373
v -33.312 		-34.171 		23.002
v -33.234 		-34.171 		23.001
v -24.79 		-34.046 		26.708
v -24.818 		-34.046 		27.036
v -24.828 		-34.046 		27.119
v -24.841 		-34.046 		27.194
v -24.857 		-34.046 		27.263
v -24.876 		-34.046 		27.326
v -24.898 		-34.046 		27.381
v -24.923 		-34.046 		27.43
v -24.952 		-34.046 		27.473
v -24.987 		-34.046 		27.508
v -25.026 		-34.046 		27.536
v -25.071 		-34.046 		27.555
v -25.121 		-34.046 		27.567
v -25.176 		-34.046 		27.571
v -32.584 		-34.046 		23.374
v -32.565 		-34.046 		23.374
v -32.511 		-34.046 		23.38
v -32.494 		-34.046 		23.383
v -32.477 		-34.046 		23.389
v -33.709 		-34.171 		23.042
v -32.46 		-34.046 		23.396
v -33.651 		-34.171 		23.03
v -33.591 		-34.171 		23.02
v -33.526 		-34.171 		23.014
v -33.458 		-34.171 		23.009
v -33.387 		-34.171 		23.005
v -50.373 		-31.046 		20.003
v -32.602 		-34.046 		23.373
v -33.962 		-34.171 		23.141
v -33.917 		-34.171 		23.116
v -50.373 		-31.296 		20
v -33.868 		-34.171 		23.094
v -33.818 		-34.171 		23.074
v -33.765 		-34.171 		23.057
v -34.226 		-34.171 		23.399
v -34.192 		-34.171 		23.352
v -34.158 		-34.171 		23.308
v -34.123 		-34.171 		23.269
v -50.373 		-31.046 		9.998
v -34.086 		-34.171 		23.233
v -34.047 		-34.171 		23.199
v -34.006 		-34.171 		23.169
v -34.351 		-34.171 		23.626
v -34.321 		-34.171 		23.564
v -34.29 		-34.171 		23.505
v -34.258 		-34.171 		23.45
v -41.152 		-34.046 		23.4189
v -41.147 		-34.046 		23.415
v -35.252 		-34.171 		23.405
v -41.132 		-34.046 		23.405
v -41.117 		-34.046 		23.396
v -41.102 		-34.046 		23.389
v -41.086 		-34.046 		23.383
v -41.068 		-34.046 		23.38
v -41.051 		-34.046 		23.378
v -41.033 		-34.046 		23.376
v -41.032 		-34.046 		23.3759
v -35.236 		-34.171 		23.396
v -40.996 		-34.046 		23.374
v -40.977 		-34.046 		23.373
v -32.972 		-34.046 		23.373
v -32.836 		-34.046 		23.373
v -35.22 		-34.171 		23.389
v -35.203 		-34.171 		23.383
v -35.185 		-34.171 		23.38
v -35.131 		-34.171 		23.374
v -35.094 		-34.171 		23.373
v -35.113 		-34.171 		23.374
v -34.853 		-34.171 		23.373
v -35.379 		-34.171 		23.743
v -35.377 		-34.171 		23.702
v -33.216 		-34.046 		23.447
v -50.373 		-31.296 		10
v -33.212 		-34.046 		23.444
v -33.189 		-34.046 		23.428
v -33.165 		-34.046 		23.415
v -33.141 		-34.046 		23.404
v -33.118 		-34.046 		23.394
v -33.094 		-34.046 		23.387
v -33.07 		-34.046 		23.381
v -33.045 		-34.046 		23.377
v -35.374 		-34.171 		23.663
v -33.019 		-34.046 		23.374
v -32.992 		-34.046 		23.373
v -35.37 		-34.171 		23.628
v -35.365 		-34.171 		23.595
v -50.373 		-31.168 		10.998
v -50.373 		-31.168 		19.003
v -50.373 		-31.296 		10.998
v -35.359 		-34.171 		23.565
v -50.373 		-31.296 		19.003
v -36.284 		-34.171 		23.565
v -36.276 		-34.171 		23.595
v -36.27 		-34.171 		23.628
v -36.265 		-34.171 		23.663
v -41.014 		-34.046 		23.374
v -36.262 		-34.171 		23.702
v -36.26 		-34.171 		23.743
v -36.259 		-34.171 		23.787
v -49.375 		-39.173 		19.003
v -35.351 		-34.171 		23.539
v -49.375 		-39.173 		10.998
v -35.341 		-34.171 		23.515
v -41.23 		-34.046 		23.539
v -41.221 		-34.046 		23.515
v -41.21 		-34.046 		23.493
v -41.199 		-34.046 		23.473
v -35.331 		-34.171 		23.493
v -41.187 		-34.046 		23.455
v -41.174 		-34.046 		23.439
v -41.161 		-34.046 		23.426
v -35.32 		-34.171 		23.473
v -35.308 		-34.171 		23.455
v -24.412 		-34.046 		26.708
v -35.295 		-34.171 		23.439
v -35.281 		-34.171 		23.426
v -33.216 		-34.046 		23.0008
v -35.267 		-34.171 		23.415
v -49.375 		-41.296 		10
v -49.375 		-41.296 		20
v -48.769 		-34.171 		23.806
v -49.207 		-34.171 		23.806
v -49.061 		-34.171 		25.4051
v -49.101 		-34.171 		25.409
v -49.209 		-34.171 		25.445
v -49.308 		-34.171 		25.501
v -49.392 		-34.171 		25.577
v -24.412 		-34.046 		28
v -49.459 		-34.171 		25.669
v -24.79 		-34.046 		25.402
v -49.505 		-34.171 		25.773
v -49.529 		-34.171 		25.884
v -49.529 		-34.171 		25.998
v -49.505 		-34.171 		26.109
v -49.459 		-34.171 		26.213
v -49.392 		-34.171 		26.305
v -24.79 		-34.046 		25.82
v -49.308 		-34.171 		26.381
v -49.209 		-34.171 		26.438
v -26.116 		-34.046 		27.571
v -49.101 		-34.171 		26.473
v -27 		-34.046 		27.173
v -27.001 		-34.046 		27.221
v -27.003 		-34.046 		27.266
v -27.007 		-34.046 		27.308
v -27.011 		-34.046 		27.345
v -27.0156 		-34.046 		27.371
v -27.025 		-34.046 		27.41
v -27.032 		-34.046 		27.439
v -27.04 		-34.046 		27.465
v -27.05 		-34.046 		27.489
v -27.06 		-34.046 		27.511
v -27.072 		-34.046 		27.53
v -27.017 		-34.046 		27.379
v -49.817 		-34.171 		27
v -49.817 		-34.171 		23
v -48.584 		-34.171 		25.577
v -48.669 		-34.171 		25.501
v -48.767 		-34.171 		25.445
v -42.1758 		-34.046 		23.552
v -42.174 		-34.046 		23.558
v -42.167 		-34.046 		23.585
v -42.159 		-34.046 		23.617
v -42.153 		-34.046 		23.653
v -48.875 		-34.171 		25.409
v -42.149 		-34.046 		23.691
v -42.145 		-34.046 		23.733
v -42.143 		-34.046 		23.779
v -48.915 		-34.171 		25.4051
v -27.832 		-34.046 		28
v -48.988 		-34.171 		26.485
v -27.523 		-34.046 		28
v -48.875 		-34.171 		26.473
v -48.767 		-34.171 		26.438
v -48.669 		-34.171 		26.381
v -48.584 		-34.171 		26.305
v -48.517 		-34.171 		26.213
v -48.471 		-34.171 		26.109
v -48.447 		-34.171 		25.998
v -48.447 		-34.171 		25.884
v -48.471 		-34.171 		25.773
v -48.517 		-34.171 		25.669
v -42.176 		-34.046 		23.5515
v -46.988 		-34.171 		25.828
v -48.16 		-34.171 		27
v -33.5514 		-34.046 		23.9438
v -33.527 		-34.046 		23.894
v -33.504 		-34.046 		23.847
v -33.4903 		-34.046 		23.8202
v -33.458 		-34.046 		23.76
v -33.436 		-34.046 		23.719
v -33.414 		-34.046 		23.681
v -48.16 		-34.171 		23
v -33.392 		-34.046 		23.647
v -46.988 		-34.171 		24.172
v -42.2528 		-34.046 		23.424
v -42.241 		-34.046 		23.435
v -42.227 		-34.046 		23.449
v -42.214 		-34.046 		23.467
v -33.369 		-34.046 		23.614
v -42.203 		-34.046 		23.487
v -33.347 		-34.046 		23.584
v -42.192 		-34.046 		23.508
v -42.182 		-34.046 		23.532
v -33.325 		-34.046 		23.556
v -27.085 		-34.046 		27.546
v -27.097 		-34.046 		27.562
v -49.375 		-34.046 		0
v -27.111 		-34.046 		27.576
v -27.125 		-34.046 		27.588
v -27.14 		-34.046 		27.597
v -36.782 		-34.046 		28
v -27.156 		-34.046 		27.605
v -33.3217 		-34.046 		23.552
v -27.173 		-34.046 		27.612
v -27.209 		-34.046 		27.62
v -27.229 		-34.046 		27.623
v -27.248 		-34.046 		27.625
v -27.29 		-34.046 		27.627
v -49.375 		-34.046 		10.998
v -49.375 		-34.046 		10
v -21.431 		-34.046 		28
v -20.129 		-34.046 		28
v -49.375 		-34.046 		19.003
v -33.551 		-34.046 		23.943
v -48.16 		-34.046 		23
v -49.375 		-34.046 		20
v -45 		-34.046 		28
v -33.481 		-34.046 		23.802
v -42.432 		-34.046 		23.373
v -42.412 		-34.046 		23.374
v -42.393 		-34.046 		23.375
v -42.374 		-34.046 		23.377
v -42.355 		-34.046 		23.38
v -42.337 		-34.046 		23.384
v -42.32 		-34.046 		23.388
v -42.302 		-34.046 		23.394
v -42.286 		-34.046 		23.402
v -42.27 		-34.046 		23.411
v -42.255 		-34.046 		23.422
v -50.373 		-34.046 		20.003
v -49.817 		-34.046 		23
v -50.373 		-34.046 		20
v -33.709 		-34.046 		23.042
v -33.728 		-34.046 		23.0471
v -50.373 		-34.046 		9.998
v -33.651 		-34.046 		23.03
v -27.523 		-34.046 		27.627
v -33.591 		-34.046 		23.02
v -33.526 		-34.046 		23.014
v -33.458 		-34.046 		23.009
v -27.832 		-34.046 		27.632
v -28.069 		-34.046 		27.632
v -28.089 		-34.046 		27.631
v -28.096 		-34.046 		27.6303
v -33.387 		-34.046 		23.005
v -33.312 		-34.046 		23.002
v -33.234 		-34.046 		23.001
v -50.373 		-34.046 		10
v -33.303 		-34.046 		23.529
v -33.282 		-34.046 		23.505
v -33.259 		-34.046 		23.482
v -33.236 		-34.046 		23.462
v -34.226 		-34.046 		23.399
v -34.24 		-34.046 		23.4213
v -34.192 		-34.046 		23.352
v -20.129 		-34.046 		27.632
v -20.181 		-34.046 		27.632
v -20.208 		-34.046 		27.631
v -20.235 		-34.046 		27.628
v -20.26 		-34.046 		27.624
v -20.284 		-34.046 		27.618
v -20.3038 		-34.046 		27.6122
v -20.33 		-34.046 		27.601
v -20.351 		-34.046 		27.592
v -20.372 		-34.046 		27.581
v -20.394 		-34.046 		27.567
v -20.415 		-34.046 		27.552
v -20.416 		-34.046 		27.5512
v -34.158 		-34.046 		23.308
v -34.123 		-34.046 		23.269
v -34.086 		-34.046 		23.233
v -43.071 		-34.046 		23.373
v -42.669 		-34.046 		23.373
v -34.047 		-34.046 		23.199
v -34.006 		-34.046 		23.169
v -33.962 		-34.046 		23.141
v -43.456 		-34.046 		23.401
v -43.442 		-34.046 		23.394
v -43.425 		-34.046 		23.388
v -43.389 		-34.046 		23.38
v -43.37 		-34.046 		23.377
v -43.351 		-34.046 		23.375
v -43.332 		-34.046 		23.374
v -43.312 		-34.046 		23.373
v -26.116 		-34.046 		25.402
v -33.917 		-34.046 		23.116
v -33.868 		-34.046 		23.094
v -26.116 		-34.046 		25.82
v -33.818 		-34.046 		23.074
v -20.308 		-34.046 		27.611
v -44.48 		-34.046 		23.733
v -44.478 		-34.046 		23.779
v -33.765 		-34.046 		23.057
v -24.232 		-34.046 		24.287
v -43.597 		-34.046 		23.779
v -43.595 		-34.046 		23.733
v -43.592 		-34.046 		23.691
v -43.589 		-34.046 		23.653
v -43.584 		-34.046 		23.617
v -43.577 		-34.046 		23.585
v -43.569 		-34.046 		23.558
v -43.5669 		-34.046 		23.552
v -24.597 		-34.046 		24.287
v -24.6276 		-34.046 		24.064
v -20.437 		-34.046 		27.535
v -20.458 		-34.046 		27.516
v -20.48 		-34.046 		27.496
v -20.501 		-34.046 		27.474
v -20.523 		-34.046 		27.45
v -20.546 		-34.046 		27.424
v -20.568 		-34.046 		27.395
v -20.591 		-34.046 		27.364
v -20.611 		-34.046 		27.334
v -20.635 		-34.046 		27.295
v -20.659 		-34.046 		27.256
v -20.684 		-34.046 		27.214
v -20.709 		-34.046 		27.169
v -20.7273 		-34.046 		27.136
v -24.765 		-34.046 		23.552
v -24.75 		-34.046 		23.575
v -24.736 		-34.046 		23.601
v -24.723 		-34.046 		23.628
v -24.711 		-34.046 		23.656
v -24.7 		-34.046 		23.685
v -24.6964 		-34.046 		23.6958
v -24.682 		-34.046 		23.747
v -24.673 		-34.046 		23.779
v -24.665 		-34.046 		23.813
v -24.658 		-34.046 		23.848
v -24.6554 		-34.046 		23.8615
v -24.642 		-34.046 		23.959
v -43.56 		-34.046 		23.532
v -43.549 		-34.046 		23.508
v -43.538 		-34.046 		23.487
v -43.526 		-34.046 		23.467
v -43.513 		-34.046 		23.449
v -43.501 		-34.046 		23.435
v -43.487 		-34.046 		23.422
v -43.473 		-34.046 		23.411
v -43.458 		-34.046 		23.402
v -20.613 		-34.046 		27.331
v -24.69 		-34.046 		23.715
v -20.735 		-34.046 		27.122
v -45 		-34.046 		23.373
v -46.988 		-34.046 		24.172
v -46.988 		-34.046 		25.828
v -24.651 		-34.046 		23.884
v -24.646 		-34.046 		23.921
v -21.109 		-34.046 		27.425
v -21.11 		-34.046 		27.444
v -21.112 		-34.046 		27.463
v -21.116 		-34.046 		27.48
v -48.16 		-34.046 		27
v -21.122 		-34.046 		27.497
v -21.129 		-34.046 		27.512
v -21.137 		-34.046 		27.526
v -21.146 		-34.046 		27.539
v -21.156 		-34.046 		27.551
v -21.166 		-34.046 		27.562
v -21.178 		-34.046 		27.573
v -49.817 		-34.046 		27
v -24.999 		-34.046 		23.429
v -24.972 		-34.046 		23.43
v -24.946 		-34.046 		23.433
v -24.921 		-34.046 		23.438
v -24.897 		-34.046 		23.445
v -24.875 		-34.046 		23.453
v -24.855 		-34.046 		23.464
v -24.835 		-34.046 		23.478
v -24.816 		-34.046 		23.494
v -24.798 		-34.046 		23.512
v -24.781 		-34.046 		23.531
v -34.351 		-34.046 		23.626
v -48.769 		-34.069 		23.798
v -34.321 		-34.046 		23.564
v -49.207 		-34.069 		23.798
v -49.0606 		-34.1138 		25.4051
v -34.3147 		-34.046 		23.552
v -34.29 		-34.046 		23.505
v -19.377 		-34.046 		9.998
v -44.5109 		-34.046 		23.552
v -44.509 		-34.046 		23.558
v -44.502 		-34.046 		23.585
v -44.494 		-34.046 		23.617
v -19.377 		-34.046 		20.003
v -44.488 		-34.046 		23.653
v -44.484 		-34.046 		23.691
v -34.258 		-34.046 		23.45
v -34.853 		-34.046 		23.373
v -35.264 		-34.046 		23.413
v -35.252 		-34.046 		23.405
v -35.236 		-34.046 		23.396
v -35.22 		-34.046 		23.389
v -35.203 		-34.046 		23.383
v -35.185 		-34.046 		23.38
v -35.1472 		-34.046 		23.3758
v -44.5879 		-34.046 		23.424
v -35.113 		-34.046 		23.374
v -44.576 		-34.046 		23.435
v -35.094 		-34.046 		23.373
v -44.562 		-34.046 		23.449
v -44.549 		-34.046 		23.467
v -44.537 		-34.046 		23.487
v -44.527 		-34.046 		23.508
v -44.517 		-34.046 		23.532
v -48.988 		-34.1136 		25.398
v -48.9154 		-34.1138 		25.4051
v -35.131 		-34.046 		23.374
v -48.988 		-34.068 		25.398
v -49.101 		-34.068 		25.409
v -49.209 		-34.068 		25.445
v -44.736 		-34.046 		23.3746
v -44.728 		-34.046 		23.375
v -44.709 		-34.046 		23.377
v -44.69 		-34.046 		23.38
v -44.654 		-34.046 		23.388
v -49.308 		-34.068 		25.501
v -44.637 		-34.046 		23.394
v -44.621 		-34.046 		23.402
v -44.605 		-34.046 		23.411
v -44.59 		-34.046 		23.422
v -49.392 		-34.068 		25.577
v -49.459 		-34.068 		25.669
v -49.505 		-34.068 		25.773
v -49.529 		-34.068 		25.884
v -49.505 		-34.068 		26.109
v -49.529 		-34.068 		25.998
v -49.459 		-34.068 		26.213
v -49.392 		-34.068 		26.305
v -49.308 		-34.068 		26.381
v -49.209 		-34.068 		26.438
v -49.101 		-34.068 		26.473
v -44.767 		-34.046 		23.373
v -44.747 		-34.046 		23.374
v -27.072 		-34.046 		23.459
v -27.06 		-34.046 		23.476
v -27.05 		-34.046 		23.496
v -27.04 		-34.046 		23.518
v -27.0353 		-34.046 		23.5328
v -27.025 		-34.046 		23.57
v -27.017 		-34.046 		23.599
v -27.011 		-34.046 		23.63
v -27.007 		-34.046 		23.665
v -27.003 		-34.046 		23.702
v -27.001 		-34.046 		23.743
v -27 		-34.046 		23.787
v -48.584 		-34.068 		25.577
v -35.379 		-34.046 		23.743
v -35.377 		-34.046 		23.702
v -35.374 		-34.046 		23.663
v -35.37 		-34.046 		23.628
v -35.365 		-34.046 		23.595
v -35.359 		-34.046 		23.565
v -48.669 		-34.068 		25.501
v -35.355 		-34.046 		23.552
v -48.767 		-34.068 		25.445
v -48.875 		-34.068 		25.409
v -27.032 		-34.046 		23.543
v -48.988 		-34.068 		26.485
v -48.875 		-34.068 		26.473
v -48.767 		-34.068 		26.438
v -48.669 		-34.068 		26.381
v -48.584 		-34.068 		26.305
v -48.517 		-34.068 		26.213
v -36.284 		-34.046 		23.565
v -36.276 		-34.046 		23.595
v -26.116 		-34.046 		23.429
v -36.27 		-34.046 		23.628
v -48.471 		-34.068 		26.109
v -36.265 		-34.046 		23.663
v -36.262 		-34.046 		23.702
v -36.26 		-34.046 		23.743
v -36.259 		-34.046 		23.787
v -48.447 		-34.068 		25.998
v -48.447 		-34.068 		25.884
v -48.471 		-34.068 		25.773
v -48.517 		-34.068 		25.669
v -27.27 		-34.046 		23.374
v -27.251 		-34.046 		23.374
v -27.213 		-34.046 		23.378
v -27.195 		-34.046 		23.38
v -27.177 		-34.046 		23.383
v -27.16 		-34.046 		23.389
v -27.144 		-34.046 		23.397
v -27.128 		-34.046 		23.406
v -27.113 		-34.046 		23.417
v -27.099 		-34.046 		23.43
v -27.085 		-34.046 		23.444
v -27.29 		-34.046 		23.373
v -35.351 		-34.046 		23.539
v -35.341 		-34.046 		23.515
v -35.331 		-34.046 		23.493
v -35.32 		-34.046 		23.473
v -35.308 		-34.046 		23.455
v -35.295 		-34.046 		23.439
v -35.281 		-34.046 		23.426
v -35.267 		-34.046 		23.415
v -44.875 		-39.171 		12
v -42.375 		-46.171 		17.5
v -40.392 		-46.171 		16.522
v -40.607 		-46.171 		16.768
v -40.853 		-46.171 		16.983
v -41.125 		-46.171 		17.165
v -41.418 		-46.171 		17.31
v -41.728 		-46.171 		17.415
v -42.049 		-46.171 		17.479
v -42.701 		-46.171 		17.479
v -43.022 		-46.171 		17.415
v -43.332 		-46.171 		17.31
v -43.625 		-46.171 		17.165
v -43.897 		-46.171 		16.983
v -44.143 		-46.171 		16.768
v -44.358 		-46.171 		16.522
v -27.523 		-34.046 		23.373
v -40.21 		-46.171 		13.75
v -40.065 		-46.171 		14.043
v -39.96 		-46.171 		14.353
v -39.896 		-46.171 		14.674
v -39.875 		-46.171 		15
v -39.896 		-46.171 		15.326
v -39.96 		-46.171 		15.647
v -40.065 		-46.171 		15.957
v -40.21 		-46.171 		16.25
v -42.375 		-46.171 		12.5
v -42.049 		-46.171 		12.521
v -41.728 		-46.171 		12.585
v -41.418 		-46.171 		12.69
v -41.125 		-46.171 		12.835
v -40.853 		-46.171 		13.017
v -40.607 		-46.171 		13.232
v -40.392 		-46.171 		13.478
v -42.701 		-46.171 		12.521
v -44.358 		-46.171 		13.478
v -44.143 		-46.171 		13.232
v -43.897 		-46.171 		13.017
v -43.625 		-46.171 		12.835
v -43.332 		-46.171 		12.69
v -43.022 		-46.171 		12.585
v -44.854 		-46.171 		14.674
v -44.79 		-46.171 		14.353
v -44.685 		-46.171 		14.043
v -44.54 		-46.171 		13.75
v -44.54 		-46.171 		16.25
v -27.836 		-34.046 		23.373
v -44.685 		-46.171 		15.957
v -44.79 		-46.171 		15.647
v -44.854 		-46.171 		15.326
v -44.875 		-46.171 		15
v -28.069 		-34.046 		23.373
v -36.3237 		-34.046 		27.52
v -36.335 		-34.046 		27.536
v -36.348 		-34.046 		27.551
v -36.362 		-34.046 		27.565
v -36.376 		-34.046 		27.578
v -36.391 		-34.046 		27.589
v -36.407 		-34.046 		27.598
v -36.423 		-34.046 		27.606
v -36.44 		-34.046 		27.612
v -36.476 		-34.046 		27.62
v -36.494 		-34.046 		27.623
v -36.512 		-34.046 		27.625
v -36.53 		-34.046 		27.626
v -36.292 		-34.046 		27.452
v -36.301 		-34.046 		27.477
v -36.312 		-34.046 		27.499
v -36.323 		-34.046 		27.519
v -28.109 		-34.046 		27.629
v -28.128 		-34.046 		27.627
v -28.146 		-34.046 		27.623
v -28.164 		-34.046 		27.618
v -28.182 		-34.046 		27.612
v -28.199 		-34.046 		27.606
v -28.215 		-34.046 		27.598
v -28.23 		-34.046 		27.589
v -28.244 		-34.046 		27.578
# 3439 vertices

g group_0_16768282

usemtl color_16768282
s 0

f 1774 	588 	3
f 1 	2 	589
f 2 	3 	589
f 6 	7 	121
f 7 	2103 	121
f 10 	12 	13
f 10 	13 	15
f 62 	16 	8
f 2808 	71 	16
f 17 	18 	19
f 17 	19 	20
f 1 	589 	4
f 21 	11 	121
f 11 	5 	121
f 146 	345 	150
f 139 	345 	141
f 22 	21 	121
f 25 	9 	589
f 9 	14 	589
f 4 	589 	14
f 121 	23 	22
f 30 	16 	34
f 34 	16 	40
f 24 	25 	589
f 40 	16 	48
f 41 	304 	33
f 32 	33 	304
f 42 	304 	41
f 28 	32 	304
f 43 	304 	42
f 44 	304 	43
f 47 	303 	44
f 36 	37 	589
f 37 	24 	589
f 23 	121 	39
f 48 	16 	52
f 62 	57 	16
f 50 	36 	589
f 45 	39 	121
f 54 	49 	589
f 49 	50 	589
f 52 	16 	57
f 45 	121 	51
f 3426 	173 	58
f 56 	54 	589
f 38 	59 	219
f 64 	456 	66
f 8 	16 	71
f 75 	74 	2808
f 71 	2808 	74
f 134 	288 	70
f 68 	63 	239
f 2491 	2492 	412
f 77 	2808 	80
f 70 	68 	133
f 80 	2808 	84
f 133 	134 	70
f 61 	589 	69
f 69 	589 	72
f 2490 	2491 	412
f 81 	274 	85
f 96 	110 	86
f 84 	2808 	94
f 89 	187 	88
f 102 	96 	86
f 85 	270 	87
f 86 	100 	102
f 87 	262 	91
f 82 	86 	110
f 110 	114 	82
f 105 	3108 	104
f 107 	109 	3108
f 112 	3108 	109
f 154 	3105 	112
f 75 	2808 	77
f 95 	187 	98
f 101 	98 	187
f 115 	82 	114
f 111 	101 	187
f 63 	55 	239
f 116 	111 	187
f 123 	116 	187
f 119 	346 	128
f 274 	81 	279
f 20 	120 	17
f 122 	187 	127
f 109 	107 	481
f 112 	109 	481
f 141 	345 	146
f 138 	147 	3422
f 213 	212 	354
f 79 	70 	288
f 125 	127 	187
f 142 	19 	137
f 144 	19 	142
f 136 	137 	19
f 3422 	147 	151
f 158 	19 	157
f 144 	157 	19
f 43 	42 	718
f 145 	187 	148
f 148 	187 	152
f 161 	3362 	160
f 160 	346 	163
f 164 	19 	158
f 718 	44 	43
f 163 	346 	168
f 171 	346 	175
f 152 	568 	156
f 169 	19 	164
f 168 	346 	171
f 174 	19 	169
f 44 	723 	47
f 2227 	176 	170
f 177 	19 	174
f 178 	3105 	154
f 179 	3105 	178
f 180 	3105 	179
f 181 	3105 	180
f 568 	152 	187
f 140 	187 	145
f 125 	187 	140
f 122 	123 	187
f 95 	88 	187
f 589 	187 	76
f 78 	589 	76
f 72 	589 	78
f 61 	56 	589
f 89 	76 	187
f 175 	346 	184
f 153 	245 	121
f 162 	153 	121
f 184 	346 	186
f 185 	176 	2227
f 188 	19 	177
f 166 	162 	121
f 186 	346 	119
f 3429 	193 	198
f 172 	166 	121
f 183 	172 	121
f 192 	19 	188
f 203 	3429 	198
f 206 	19 	204
f 205 	229 	303
f 208 	210 	303
f 210 	264 	303
f 191 	303 	211
f 207 	208 	303
f 190 	183 	121
f 195 	190 	121
f 201 	195 	121
f 209 	3362 	214
f 221 	3362 	225
f 723 	745 	47
f 311 	19 	206
f 194 	204 	19
f 212 	201 	121
f 214 	3362 	216
f 197 	199 	579
f 121 	354 	212
f 216 	3362 	221
f 207 	303 	229
f 59 	58 	226
f 572 	579 	231
f 232 	493 	228
f 59 	226 	219
f 225 	3362 	233
f 215 	213 	354
f 220 	215 	354
f 224 	220 	354
f 222 	572 	227
f 235 	227 	572
f 238 	493 	237
f 232 	237 	493
f 133 	68 	239
f 243 	239 	121
f 94 	2808 	248
f 241 	3094 	238
f 242 	3094 	241
f 755 	191 	211
f 245 	243 	121
f 258 	3094 	242
f 211 	303 	264
f 267 	3094 	258
f 265 	2808 	272
f 259 	894 	255
f 255 	894 	253
f 260 	894 	259
f 261 	894 	260
f 263 	894 	261
f 252 	253 	894
f 250 	252 	894
f 249 	250 	894
f 247 	249 	894
f 268 	894 	263
f 269 	894 	268
f 271 	894 	269
f 264 	210 	758
f 208 	739 	210
f 251 	240 	579
f 273 	3094 	267
f 247 	246 	280
f 247 	280 	284
f 285 	3094 	283
f 283 	3094 	273
f 2808 	2807 	276
f 211 	264 	758
f 211 	758 	755
f 294 	2807 	209
f 281 	276 	2807
f 286 	287 	3094
f 287 	292 	3094
f 275 	256 	579
f 256 	251 	579
f 47 	205 	303
f 288 	279 	79
f 81 	79 	279
f 281 	2807 	289
f 278 	282 	579
f 282 	275 	579
f 292 	136 	3094
f 289 	2807 	290
f 270 	85 	274
f 262 	87 	270
f 249 	247 	284
f 249 	284 	297
f 290 	2807 	294
f 302 	1073 	301
f 301 	1073 	300
f 303 	1073 	302
f 291 	293 	579
f 293 	278 	579
f 299 	298 	764
f 295 	296 	579
f 296 	291 	579
f 300 	1073 	299
f 91 	262 	93
f 306 	93 	262
f 305 	93 	306
f 308 	309 	579
f 309 	295 	579
f 314 	19 	311
f 315 	19 	314
f 312 	331 	307
f 250 	249 	297
f 250 	297 	320
f 300 	299 	764
f 324 	322 	352
f 318 	352 	322
f 321 	316 	574
f 574 	316 	579
f 331 	312 	327
f 326 	20 	325
f 301 	300 	771
f 329 	324 	352
f 574 	319 	321
f 202 	579 	240
f 336 	333 	352
f 333 	329 	352
f 332 	20 	330
f 334 	20 	332
f 325 	20 	315
f 331 	327 	337
f 252 	250 	320
f 252 	320 	341
f 339 	336 	352
f 331 	337 	335
f 343 	20 	342
f 342 	20 	334
f 330 	20 	326
f 344 	572 	350
f 351 	20 	347
f 19 	315 	20
f 353 	20 	351
f 20 	343 	347
f 352 	500 	339
f 181 	180 	514
f 302 	301 	771
f 514 	182 	181
f 253 	252 	341
f 253 	341 	360
f 303 	302 	780
f 359 	20 	357
f 353 	357 	20
f 349 	350 	572
f 358 	572 	355
f 358 	349 	572
f 361 	20 	359
f 362 	368 	20
f 304 	303 	780
f 368 	369 	20
f 120 	20 	369
f 355 	572 	363
f 367 	363 	572
f 364 	2326 	371
f 255 	253 	360
f 255 	360 	372
f 373 	120 	369
f 370 	367 	572
f 370 	572 	222
f 2326 	374 	371
f 417 	280 	246
f 854 	856 	1073
f 859 	860 	1072
f 354 	376 	230
f 230 	224 	354
f 259 	255 	372
f 259 	372 	382
f 377 	378 	574
f 319 	574 	378
f 500 	567 	405
f 313 	1074 	390
f 390 	1105 	388
f 424 	1105 	387
f 298 	1074 	313
f 299 	1074 	298
f 387 	1106 	386
f 386 	1107 	385
f 814 	383 	1108
f 381 	377 	574
f 395 	340 	500
f 340 	339 	500
f 260 	259 	382
f 260 	382 	401
f 404 	391 	574
f 392 	574 	391
f 400 	120 	399
f 398 	395 	500
f 402 	404 	574
f 392 	381 	574
f 410 	120 	400
f 406 	414 	3436
f 412 	417 	246
f 407 	408 	574
f 408 	402 	574
f 405 	398 	500
f 411 	120 	410
f 3436 	414 	422
f 388 	1105 	424
f 562 	559 	405
f 567 	562 	405
f 418 	574 	415
f 428 	120 	425
f 386 	791 	387
f 555 	553 	405
f 423 	415 	574
f 261 	260 	401
f 261 	401 	434
f 433 	494 	428
f 413 	405 	553
f 396 	2816 	389
f 2486 	2487 	412
f 553 	540 	413
f 540 	504 	413
f 436 	494 	433
f 437 	443 	31
f 263 	261 	434
f 263 	434 	445
f 420 	413 	504
f 429 	426 	603
f 447 	29 	443
f 31 	443 	29
f 419 	420 	504
f 440 	449 	494
f 366 	312 	365
f 307 	365 	312
f 1535 	2816 	218
f 268 	263 	445
f 268 	445 	457
f 29 	447 	456
f 29 	456 	64
f 504 	605 	419
f 431 	574 	442
f 446 	442 	574
f 426 	419 	605
f 460 	493 	455
f 185 	1537 	176
f 456 	467 	66
f 605 	603 	426
f 269 	268 	457
f 269 	457 	466
f 228 	493 	460
f 493 	494 	455
f 104 	66 	467
f 1537 	67 	432
f 465 	451 	566
f 464 	465 	566
f 469 	105 	467
f 104 	467 	105
f 417 	412 	489
f 468 	464 	566
f 361 	362 	20
f 120 	373 	384
f 120 	384 	394
f 394 	399 	120
f 421 	120 	411
f 425 	120 	421
f 438 	440 	494
f 271 	269 	466
f 271 	466 	473
f 105 	469 	475
f 105 	475 	106
f 26 	35 	1537
f 458 	450 	652
f 479 	471 	459
f 463 	459 	471
f 470 	478 	3123
f 476 	107 	475
f 106 	475 	107
f 46 	53 	1537
f 35 	46 	1537
f 19 	3094 	136
f 194 	19 	192
f 286 	3094 	285
f 271 	473 	526
f 107 	476 	481
f 993 	490 	471
f 463 	471 	485
f 480 	477 	566
f 474 	566 	477
f 53 	60 	1537
f 38 	484 	412
f 3123 	478 	486
f 65 	1537 	60
f 412 	484 	489
f 306 	485 	490
f 306 	490 	305
f 482 	483 	566
f 483 	480 	566
f 154 	112 	491
f 481 	491 	112
f 449 	452 	494
f 452 	455 	494
f 3095 	493 	3094
f 436 	438 	494
f 120 	428 	494
f 120 	494 	3225
f 1537 	65 	67
f 73 	432 	67
f 485 	471 	490
f 488 	482 	566
f 73 	83 	432
f 154 	491 	496
f 154 	496 	178
f 92 	97 	432
f 83 	92 	432
f 501 	179 	496
f 178 	496 	179
f 103 	432 	97
f 179 	501 	508
f 179 	508 	180
f 499 	510 	3129
f 246 	507 	412
f 525 	894 	271
f 2486 	412 	911
f 507 	492 	911
f 507 	911 	412
f 502 	566 	505
f 2465 	365 	307
f 180 	508 	514
f 507 	516 	497
f 507 	497 	492
f 3129 	510 	517
f 505 	566 	506
f 514 	519 	182
f 2880 	18 	511
f 506 	566 	512
f 520 	518 	572
f 512 	566 	518
f 515 	509 	18
f 522 	520 	572
f 526 	525 	271
f 470 	454 	478
f 613 	503 	454
f 513 	515 	18
f 525 	526 	898
f 344 	522 	572
f 523 	18 	527
f 531 	527 	18
f 432 	103 	113
f 432 	113 	118
f 2815 	432 	126
f 539 	541 	546
f 542 	546 	541
f 543 	546 	542
f 547 	548 	539
f 548 	549 	539
f 564 	539 	549
f 538 	564 	549
f 549 	551 	538
f 544 	554 	3172
f 441 	439 	591
f 502 	487 	566
f 474 	472 	566
f 472 	468 	566
f 574 	566 	451
f 574 	451 	453
f 453 	446 	574
f 574 	431 	427
f 534 	18 	537
f 1535 	244 	254
f 1535 	254 	266
f 143 	1535 	277
f 266 	277 	1535
f 149 	1535 	143
f 3172 	554 	556
f 550 	552 	18
f 552 	545 	18
f 149 	155 	1535
f 614 	182 	775
f 519 	775 	182
f 155 	165 	1535
f 165 	170 	1535
f 558 	18 	557
f 550 	18 	558
f 561 	1735 	568
f 439 	435 	596
f 596 	591 	439
f 528 	584 	530
f 546 	547 	539
f 572 	518 	566
f 487 	488 	566
f 597 	596 	435
f 176 	1537 	170
f 821 	765 	536
f 565 	570 	3176
f 603 	597 	435
f 199 	231 	579
f 231 	235 	572
f 202 	197 	579
f 571 	563 	2880
f 435 	429 	603
f 1155 	535 	882
f 532 	882 	535
f 1535 	170 	1537
f 196 	1537 	185
f 511 	571 	2880
f 196 	200 	1537
f 569 	567 	500
f 559 	555 	405
f 427 	423 	574
f 418 	407 	574
f 308 	579 	316
f 575 	573 	500
f 573 	569 	500
f 3205 	3177 	582
f 575 	500 	580
f 528 	583 	584
f 3205 	582 	576
f 543 	542 	773
f 577 	2880 	581
f 589 	3 	588
f 200 	26 	1537
f 587 	590 	584
f 587 	584 	583
f 578 	594 	3180
f 217 	223 	1535
f 218 	217 	1535
f 585 	586 	2880
f 586 	581 	2880
f 595 	1400 	1403
f 595 	1403 	599
f 593 	585 	2880
f 546 	543 	773
f 234 	244 	1535
f 223 	234 	1535
f 592 	593 	2880
f 3180 	594 	600
f 601 	598 	2880
f 598 	592 	2880
f 656 	652 	450
f 659 	656 	448
f 450 	448 	656
f 604 	601 	2880
f 548 	547 	787
f 584 	590 	530
f 2880 	563 	610
f 787 	793 	548
f 549 	548 	793
f 461 	454 	462
f 454 	470 	462
f 611 	1275 	612
f 606 	607 	2880
f 607 	604 	2880
f 551 	549 	793
f 608 	1262 	611
f 610 	606 	2880
f 2816 	356 	218
f 621 	304 	619
f 478 	454 	486
f 3408 	3310 	618
f 617 	618 	3310
f 620 	3408 	618
f 623 	3413 	620
f 616 	617 	3310
f 624 	3413 	623
f 486 	454 	495
f 634 	18 	638
f 551 	666 	629
f 632 	551 	629
f 666 	667 	629
f 536 	551 	633
f 632 	633 	551
f 536 	538 	551
f 628 	629 	667
f 2816 	310 	317
f 495 	454 	503
f 498 	503 	613
f 615 	614 	775
f 317 	323 	2816
f 323 	328 	2816
f 557 	18 	634
f 3216 	639 	640
f 591 	659 	441
f 448 	441 	659
f 616 	615 	782
f 638 	18 	637
f 644 	3216 	640
f 617 	616 	782
f 338 	2816 	328
f 642 	637 	17
f 641 	642 	17
f 629 	628 	809
f 348 	356 	2816
f 580 	500 	643
f 646 	643 	500
f 17 	649 	645
f 645 	641 	17
f 338 	348 	2816
f 632 	629 	809
f 649 	17 	648
f 3221 	654 	658
f 655 	648 	17
f 459 	458 	479
f 624 	623 	798
f 653 	655 	17
f 657 	653 	17
f 364 	2815 	126
f 371 	2815 	364
f 661 	3221 	658
f 652 	479 	458
f 625 	624 	798
f 798 	804 	625
f 374 	2815 	371
f 660 	657 	17
f 664 	646 	500
f 118 	126 	432
f 17 	662 	660
f 703 	704 	1857
f 702 	703 	1857
f 305 	670 	93
f 379 	389 	2815
f 2816 	2815 	389
f 793 	827 	551
f 662 	17 	671
f 675 	733 	673
f 676 	733 	675
f 678 	733 	676
f 673 	733 	672
f 679 	733 	678
f 305 	871 	670
f 403 	409 	2816
f 396 	403 	2816
f 191 	687 	613
f 669 	667 	831
f 409 	416 	2816
f 682 	671 	17
f 2847 	695 	17
f 682 	17 	685
f 868 	862 	683
f 683 	677 	868
f 684 	17 	692
f 28 	27 	693
f 686 	683 	862
f 1256 	696 	1255
f 310 	2816 	416
f 685 	17 	684
f 692 	17 	691
f 831 	1857 	669
f 698 	32 	693
f 28 	693 	32
f 862 	850 	686
f 676 	675 	819
f 32 	698 	700
f 32 	700 	33
f 626 	627 	1857
f 706 	626 	1857
f 669 	1857 	627
f 627 	628 	669
f 667 	669 	628
f 705 	706 	1857
f 701 	702 	1857
f 678 	676 	819
f 707 	41 	700
f 33 	700 	41
f 41 	707 	715
f 41 	715 	42
f 42 	715 	718
f 327 	312 	2462
f 718 	723 	44
f 703 	702 	846
f 331 	2464 	307
f 704 	703 	846
f 205 	47 	745
f 717 	1334 	730
f 828 	825 	889
f 726 	727 	725
f 680 	725 	727
f 727 	729 	680
f 729 	731 	680
f 731 	733 	680
f 679 	680 	733
f 734 	672 	733
f 736 	672 	734
f 738 	625 	736
f 730 	1346 	741
f 739 	208 	737
f 207 	737 	208
f 499 	498 	613
f 706 	705 	870
f 510 	499 	613
f 735 	728 	2847
f 720 	2847 	728
f 740 	735 	2847
f 229 	205 	745
f 679 	826 	680
f 725 	680 	832
f 744 	2847 	743
f 626 	706 	870
f 517 	510 	613
f 613 	521 	517
f 229 	745 	737
f 229 	737 	207
f 726 	725 	832
f 749 	1724 	752
f 748 	2847 	747
f 755 	687 	191
f 752 	1729 	756
f 529 	521 	613
f 533 	529 	613
f 758 	210 	739
f 731 	729 	847
f 541 	539 	760
f 541 	760 	761
f 753 	2847 	754
f 754 	2847 	757
f 2847 	2880 	757
f 544 	533 	613
f 613 	693 	544
f 661 	658 	544
f 733 	731 	847
f 538 	536 	765
f 764 	298 	763
f 751 	747 	2847
f 748 	743 	2847
f 744 	740 	2847
f 720 	721 	2847
f 721 	714 	2847
f 714 	716 	2847
f 716 	699 	2847
f 2847 	699 	697
f 2847 	697 	695
f 691 	17 	695
f 658 	654 	544
f 565 	560 	778
f 797 	763 	313
f 298 	313 	763
f 765 	760 	564
f 539 	564 	760
f 570 	565 	778
f 300 	764 	768
f 761 	769 	541
f 542 	541 	769
f 582 	570 	778
f 578 	576 	778
f 545 	537 	18
f 534 	531 	18
f 523 	524 	18
f 524 	513 	18
f 509 	511 	18
f 771 	300 	768
f 738 	736 	872
f 582 	778 	576
f 542 	769 	773
f 594 	578 	778
f 302 	771 	776
f 751 	2847 	753
f 577 	757 	2880
f 773 	777 	546
f 600 	594 	778
f 778 	776 	600
f 775 	779 	615
f 780 	302 	776
f 17 	637 	18
f 600 	771 	609
f 615 	779 	782
f 781 	547 	777
f 546 	777 	547
f 554 	544 	654
f 304 	780 	619
f 511 	137 	136
f 782 	783 	617
f 889 	884 	828
f 786 	618 	783
f 617 	783 	618
f 383 	788 	385
f 547 	781 	787
f 2726 	750 	742
f 2613 	3249 	750
f 2616 	2626 	3249
f 722 	719 	936
f 618 	786 	790
f 618 	790 	620
f 385 	788 	791
f 385 	791 	386
f 424 	387 	801
f 785 	732 	712
f 794 	623 	790
f 620 	790 	623
f 619 	778 	621
f 623 	794 	798
f 742 	750 	3249
f 797 	390 	796
f 388 	796 	390
f 792 	789 	712
f 791 	801 	387
f 870 	803 	626
f 627 	626 	803
f 672 	625 	804
f 424 	801 	796
f 424 	796 	388
f 803 	807 	627
f 628 	627 	807
f 808 	673 	804
f 672 	804 	673
f 390 	797 	313
f 806 	712 	805
f 809 	628 	807
f 158 	523 	164
f 673 	808 	812
f 673 	812 	675
f 810 	900 	813
f 688 	686 	850
f 814 	815 	383
f 385 	1107 	383
f 632 	809 	816
f 164 	527 	169
f 675 	812 	819
f 633 	632 	816
f 633 	816 	821
f 818 	815 	814
f 819 	822 	678
f 383 	815 	818
f 788 	383 	818
f 536 	633 	821
f 564 	538 	765
f 826 	679 	822
f 678 	822 	679
f 335 	2464 	331
f 897 	893 	817
f 813 	897 	817
f 666 	551 	827
f 630 	621 	778
f 177 	537 	188
f 824 	817 	893
f 666 	827 	829
f 666 	829 	667
f 893 	891 	824
f 832 	680 	826
f 667 	829 	831
f 639 	778 	640
f 833 	834 	444
f 1677 	1678 	3207
f 545 	192 	188
f 726 	832 	836
f 778 	556 	644
f 800 	795 	712
f 795 	792 	712
f 789 	785 	712
f 891 	889 	825
f 830 	828 	884
f 825 	824 	891
f 560 	556 	778
f 837 	833 	444
f 727 	726 	836
f 727 	836 	839
f 701 	1742 	840
f 194 	550 	204
f 713 	805 	712
f 806 	800 	712
f 650 	644 	556
f 834 	833 	837
f 840 	841 	701
f 702 	701 	841
f 204 	558 	206
f 557 	206 	558
f 556 	554 	654
f 654 	650 	556
f 839 	842 	727
f 729 	727 	842
f 846 	702 	841
f 847 	729 	842
f 704 	846 	849
f 665 	544 	674
f 661 	544 	665
f 705 	704 	849
f 705 	849 	853
f 843 	900 	694
f 733 	847 	858
f 845 	843 	694
f 694 	690 	845
f 674 	544 	693
f 734 	733 	858
f 734 	858 	869
f 861 	864 	1071
f 860 	861 	1071
f 1070 	1071 	864
f 864 	866 	1070
f 1071 	1072 	860
f 866 	867 	1070
f 1068 	1070 	867
f 867 	953 	1068
f 1027 	1028 	953
f 857 	859 	1072
f 870 	705 	853
f 848 	845 	690
f 690 	688 	848
f 863 	838 	855
f 869 	872 	734
f 736 	734 	872
f 700 	698 	613
f 698 	693 	613
f 850 	848 	688
f 871 	868 	677
f 677 	670 	871
f 136 	571 	511
f 707 	700 	613
f 886 	3061 	865
f 907 	908 	3061
f 912 	914 	3061
f 715 	707 	613
f 718 	715 	613
f 874 	838 	873
f 851 	838 	874
f 990 	991 	880
f 880 	881 	990
f 881 	882 	990
f 882 	532 	1015
f 1013 	1015 	532
f 1015 	990 	882
f 810 	694 	900
f 884 	936 	830
f 897 	813 	900
f 232 	581 	237
f 876 	875 	1137
f 887 	3061 	886
f 883 	1492 	877
f 237 	586 	238
f 585 	238 	586
f 878 	876 	1137
f 890 	3061 	887
f 857 	856 	1091
f 877 	492 	883
f 497 	883 	492
f 892 	3061 	890
f 507 	246 	894
f 246 	247 	894
f 732 	724 	936
f 25 	895 	888
f 898 	894 	525
f 896 	3061 	892
f 881 	880 	1153
f 25 	24 	895
f 901 	3061 	896
f 238 	585 	241
f 1153 	1155 	881
f 882 	881 	1155
f 859 	857 	1091
f 903 	3061 	901
f 838 	865 	3061
f 898 	516 	894
f 507 	894 	516
f 191 	3075 	844
f 844 	852 	191
f 723 	718 	613
f 906 	967 	905
f 737 	745 	613
f 745 	723 	613
f 907 	3061 	903
f 905 	967 	909
f 739 	737 	613
f 946 	3329 	911
f 916 	919 	3061
f 912 	3061 	908
f 909 	967 	910
f 613 	687 	755
f 613 	755 	758
f 758 	739 	613
f 910 	967 	913
f 609 	763 	797
f 913 	967 	915
f 923 	933 	3061
f 918 	931 	917
f 920 	931 	918
f 922 	931 	920
f 924 	931 	922
f 925 	931 	924
f 926 	931 	925
f 927 	931 	926
f 929 	931 	927
f 930 	931 	929
f 931 	875 	917
f 876 	995 	875
f 764 	763 	609
f 610 	287 	286
f 915 	967 	921
f 764 	609 	768
f 285 	606 	286
f 919 	923 	3061
f 983 	989 	3061
f 933 	983 	3061
f 928 	921 	712
f 932 	928 	712
f 934 	932 	712
f 838 	835 	941
f 922 	920 	1185
f 866 	1101 	867
f 1009 	938 	911
f 939 	940 	911
f 940 	942 	911
f 942 	943 	911
f 943 	944 	911
f 944 	945 	911
f 946 	911 	945
f 292 	571 	136
f 948 	838 	941
f 936 	934 	712
f 719 	830 	936
f 724 	722 	936
f 712 	732 	936
f 950 	838 	948
f 924 	922 	1185
f 951 	838 	950
f 958 	959 	956
f 959 	960 	956
f 955 	956 	960
f 957 	958 	956
f 960 	961 	955
f 954 	955 	961
f 961 	963 	954
f 953 	954 	963
f 963 	1024 	953
f 56 	968 	949
f 634 	314 	311
f 962 	838 	952
f 964 	838 	962
f 952 	838 	951
f 942 	940 	1125
f 315 	637 	325
f 927 	926 	1329
f 965 	838 	964
f 966 	967 	906
f 712 	921 	967
f 943 	942 	1125
f 969 	838 	965
f 641 	326 	642
f 325 	642 	326
f 929 	927 	1329
f 971 	838 	969
f 975 	838 	971
f 873 	838 	977
f 956 	955 	1118
f 970 	1142 	972
f 974 	972 	986
f 957 	956 	1118
f 332 	649 	648
f 332 	648 	334
f 977 	838 	976
f 976 	838 	975
f 946 	945 	1136
f 980 	978 	986
f 978 	974 	986
f 649 	332 	330
f 648 	655 	334
f 986 	987 	984
f 981 	986 	984
f 878 	879 	995
f 997 	875 	995
f 876 	878 	995
f 998 	875 	997
f 999 	875 	998
f 879 	880 	992
f 917 	875 	999
f 991 	992 	880
f 771 	600 	776
f 768 	609 	771
f 653 	657 	343
f 993 	1007 	490
f 994 	3244 	989
f 1000 	3244 	994
f 1006 	911 	1005
f 1005 	911 	1004
f 1008 	911 	1006
f 1003 	1004 	911
f 1009 	911 	1008
f 938 	939 	911
f 1014 	3244 	1012
f 1012 	3244 	1000
f 3244 	3061 	989
f 1147 	1002 	1001
f 993 	996 	1007
f 992 	995 	879
f 1010 	1007 	996
f 1021 	3244 	1014
f 1015 	1013 	1360
f 996 	1076 	1011
f 1011 	1010 	996
f 1023 	3244 	1021
f 1217 	1147 	1019
f 1001 	1019 	1147
f 1017 	1011 	1076
f 1030 	3244 	1023
f 1033 	3244 	1030
f 1024 	1025 	953
f 1025 	1027 	953
f 1028 	1029 	953
f 1029 	1032 	953
f 1032 	1034 	953
f 1034 	1035 	953
f 1035 	1036 	953
f 1036 	1068 	953
f 1038 	3244 	1033
f 1064 	1063 	1022
f 1066 	1064 	1022
f 1067 	1066 	1020
f 1020 	1017 	1067
f 1076 	1067 	1017
f 961 	1131 	963
f 671 	682 	357
f 1039 	3244 	1038
f 1040 	3244 	1039
f 990 	1015 	1360
f 1025 	1024 	1138
f 361 	685 	684
f 361 	684 	362
f 1005 	1004 	1163
f 1046 	3244 	1045
f 1040 	1045 	3244
f 1138 	1027 	1025
f 685 	361 	359
f 1022 	1020 	1066
f 1006 	1005 	1163
f 835 	3244 	1048
f 684 	692 	362
f 644 	640 	778
f 778 	639 	630
f 619 	780 	778
f 780 	776 	778
f 691 	695 	369
f 1050 	1083 	1051
f 1009 	1008 	1206
f 837 	609 	788
f 1052 	1142 	1054
f 1051 	1142 	1052
f 1055 	835 	1053
f 801 	791 	609
f 791 	788 	609
f 938 	1009 	1206
f 1057 	835 	1055
f 995 	992 	1366
f 797 	796 	609
f 796 	801 	609
f 981 	980 	986
f 1056 	1142 	970
f 1054 	1142 	1056
f 1026 	1022 	1063
f 986 	972 	1142
f 1001 	1002 	911
f 1002 	1003 	911
f 1019 	1001 	911
f 1059 	1060 	911
f 1060 	1019 	911
f 1035 	1157 	1036
f 1061 	835 	1058
f 1062 	835 	1061
f 1060 	1059 	1217
f 697 	699 	384
f 788 	818 	837
f 1065 	835 	1062
f 1057 	1058 	835
f 1069 	835 	1065
f 818 	1297 	837
f 1043 	1041 	1092
f 1072 	1073 	857
f 856 	857 	1073
f 303 	191 	1073
f 191 	852 	1073
f 1074 	299 	1073
f 1075 	390 	1074
f 1115 	390 	1075
f 1077 	835 	1069
f 1095 	1092 	1041
f 1019 	1060 	1217
f 997 	995 	1366
f 1041 	1026 	1095
f 1063 	1095 	1026
f 1081 	835 	1080
f 1080 	835 	1077
f 1070 	1068 	1171
f 1079 	1051 	1083
f 1171 	1071 	1070
f 1085 	835 	1081
f 1084 	1082 	1086
f 1049 	1047 	1088
f 1089 	1086 	1082
f 1096 	835 	1093
f 728 	421 	411
f 1091 	1089 	1082
f 1094 	1091 	1082
f 1047 	1043 	1090
f 1092 	1090 	1043
f 935 	941 	835
f 425 	421 	735
f 728 	735 	421
f 1078 	1110 	1082
f 1094 	1082 	1097
f 1097 	1082 	1099
f 1099 	1082 	1100
f 1074 	1184 	1075
f 735 	740 	425
f 1098 	1059 	1104
f 911 	1104 	1059
f 1100 	1082 	1101
f 911 	1111 	1104
f 1048 	1053 	835
f 1087 	835 	1085
f 1046 	1048 	3244
f 852 	854 	1073
f 1106 	387 	1105
f 1107 	386 	1106
f 1108 	383 	1107
f 1247 	1104 	1111
f 1109 	1103 	1142
f 1102 	1142 	1103
f 1101 	1082 	1110
f 433 	743 	436
f 1105 	390 	1115
f 1114 	1112 	1142
f 1112 	1109 	1142
f 1087 	1093 	835
f 1096 	935 	835
f 1142 	1051 	1114
f 1113 	1110 	1078
f 939 	938 	1120
f 855 	838 	851
f 863 	865 	838
f 1116 	1113 	1078
f 1114 	1051 	1117
f 1120 	1123 	939
f 940 	939 	1123
f 914 	916 	3061
f 1118 	1116 	1078
f 1125 	940 	1123
f 1124 	1121 	1078
f 1121 	1118 	1078
f 1090 	1088 	1047
f 1083 	1050 	1088
f 1122 	1051 	1079
f 1119 	1051 	1122
f 1117 	1051 	1119
f 1084 	852 	1082
f 943 	1125 	1129
f 1126 	1124 	1078
f 1086 	854 	1084
f 852 	1084 	854
f 1126 	1078 	1128
f 440 	751 	449
f 944 	943 	1129
f 944 	1129 	1133
f 751 	753 	449
f 1132 	1130 	1142
f 1132 	1142 	1102
f 1133 	1134 	944
f 945 	944 	1134
f 854 	1086 	1089
f 854 	1089 	856
f 1131 	1078 	1135
f 1128 	1078 	1131
f 1127 	1013 	1405
f 452 	754 	455
f 1136 	945 	1134
f 931 	1344 	875
f 1130 	1139 	1142
f 754 	460 	455
f 878 	1137 	1140
f 856 	1089 	1091
f 1049 	1088 	1050
f 879 	878 	1140
f 879 	1140 	1143
f 1135 	1078 	1138
f 335 	365 	1149
f 1143 	1150 	879
f 880 	879 	1150
f 1002 	1147 	1151
f 509 	137 	511
f 1138 	1078 	1141
f 1078 	1230 	1141
f 1091 	1094 	859
f 1153 	880 	1150
f 1230 	1228 	1141
f 142 	515 	144
f 513 	144 	515
f 1145 	1229 	1152
f 1151 	1158 	1002
f 1003 	1002 	1158
f 1097 	860 	1094
f 859 	1094 	860
f 1152 	1225 	1154
f 137 	509 	142
f 515 	142 	509
f 844 	1082 	852
f 1158 	1159 	1003
f 1004 	1003 	1159
f 1407 	1405 	535
f 144 	513 	157
f 524 	157 	513
f 1156 	1154 	1215
f 1163 	1004 	1159
f 860 	1097 	1099
f 860 	1099 	861
f 1162 	1212 	1161
f 1164 	1212 	1162
f 1165 	1212 	1164
f 1166 	1212 	1165
f 1167 	1212 	1166
f 1168 	1212 	1167
f 1160 	1161 	1212
f 1100 	864 	1099
f 861 	1099 	864
f 157 	524 	158
f 523 	158 	524
f 999 	1388 	917
f 1157 	1156 	1215
f 864 	1100 	1101
f 864 	1101 	866
f 1169 	1157 	1215
f 1170 	1176 	918
f 920 	918 	1176
f 1101 	1110 	867
f 1171 	1169 	1215
f 1172 	1171 	1215
f 527 	164 	523
f 1177 	1212 	1175
f 1179 	1212 	1177
f 1180 	1212 	1179
f 1182 	1212 	1180
f 1183 	1212 	1182
f 1160 	1212 	1183
f 1174 	1175 	1212
f 890 	2537 	892
f 1185 	920 	1176
f 1173 	1172 	1215
f 953 	867 	1110
f 1181 	123 	1186
f 169 	527 	531
f 924 	1185 	1187
f 2538 	896 	892
f 1178 	1173 	1215
f 1184 	1178 	1215
f 953 	1110 	1113
f 953 	1113 	954
f 169 	531 	174
f 534 	174 	531
f 123 	122 	1186
f 1189 	1190 	1188
f 1188 	1190 	1191
f 1188 	1191 	1192
f 1188 	1192 	1193
f 1188 	1193 	1194
f 1188 	1194 	1195
f 1168 	1188 	1196
f 1195 	1196 	1188
f 1006 	1163 	1198
f 954 	1113 	1116
f 954 	1116 	955
f 537 	177 	534
f 174 	534 	177
f 1008 	1006 	1198
f 1008 	1198 	1201
f 1184 	1215 	1197
f 955 	1116 	1118
f 1200 	1197 	1215
f 545 	188 	537
f 1118 	1121 	957
f 2547 	908 	907
f 1199 	1200 	1215
f 1202 	1199 	1215
f 1206 	1008 	1201
f 192 	552 	194
f 550 	194 	552
f 1124 	958 	1121
f 957 	1121 	958
f 1209 	1285 	1078
f 1168 	1196 	1203
f 1168 	1203 	1204
f 1168 	1204 	1205
f 1168 	1205 	1207
f 1168 	1207 	1208
f 1168 	1208 	1210
f 1168 	1210 	1211
f 1168 	1211 	1212
f 903 	2543 	907
f 1206 	1120 	938
f 552 	192 	545
f 958 	1124 	1126
f 958 	1126 	959
f 1217 	1059 	1216
f 908 	2546 	912
f 558 	204 	550
f 1128 	960 	1126
f 959 	1126 	960
f 1059 	1243 	1216
f 2551 	914 	912
f 960 	1128 	1131
f 960 	1131 	961
f 1220 	1242 	1219
f 1221 	1242 	1220
f 1222 	1242 	1221
f 1224 	1242 	1222
f 1226 	1242 	1224
f 1227 	1242 	1226
f 1232 	1242 	1227
f 1212 	1219 	1242
f 1059 	1098 	1243
f 1213 	1154 	1225
f 557 	634 	311
f 1225 	1152 	1229
f 311 	206 	557
f 1233 	1234 	1232
f 1232 	1234 	1235
f 1232 	1235 	1236
f 1232 	1236 	1238
f 1232 	1238 	1239
f 1232 	1239 	1240
f 1232 	1240 	1242
f 1174 	1212 	1242
f 1229 	1145 	1228
f 1024 	963 	1135
f 1131 	1135 	963
f 1145 	1141 	1228
f 1024 	1135 	1138
f 1237 	1230 	1078
f 911 	492 	1250
f 1260 	1263 	877
f 1138 	1141 	1027
f 571 	292 	563
f 1250 	1390 	911
f 1246 	1244 	1078
f 1244 	1237 	1078
f 1027 	1141 	1145
f 1027 	1145 	1028
f 1168 	1167 	1431
f 1251 	1248 	1078
f 1248 	1246 	1078
f 1152 	1029 	1145
f 1028 	1145 	1029
f 492 	877 	1250
f 460 	757 	228
f 577 	228 	757
f 1167 	1166 	1437
f 1029 	1152 	1154
f 1029 	1154 	1032
f 1166 	1165 	1437
f 228 	577 	232
f 581 	232 	577
f 689 	1255 	696
f 1156 	1034 	1154
f 1032 	1154 	1034
f 1287 	1286 	1209
f 1251 	1078 	1253
f 1258 	1253 	1078
f 586 	237 	581
f 1257 	602 	1256
f 696 	1256 	602
f 1034 	1156 	1157
f 1034 	1157 	1035
f 1157 	1169 	1036
f 1262 	608 	1257
f 602 	1257 	608
f 1449 	1162 	1161
f 241 	593 	242
f 592 	242 	593
f 1263 	1264 	877
f 1264 	1265 	877
f 1265 	1266 	877
f 1266 	1267 	877
f 1267 	1293 	877
f 1293 	1268 	877
f 1269 	1270 	877
f 1270 	1271 	877
f 1271 	1272 	877
f 1272 	1308 	877
f 1308 	1310 	877
f 1254 	1250 	877
f 1068 	1036 	1169
f 612 	1275 	1276
f 1161 	1160 	1452
f 1161 	1452 	1449
f 241 	585 	593
f 1068 	1169 	1171
f 1275 	611 	1262
f 1183 	1452 	1160
f 1258 	1078 	1261
f 1171 	1172 	1071
f 612 	1276 	622
f 1279 	622 	1276
f 950 	2567 	951
f 1274 	1261 	1078
f 242 	592 	258
f 598 	258 	592
f 1071 	1172 	1173
f 1071 	1173 	1072
f 622 	1279 	631
f 1281 	631 	1279
f 1264 	1263 	1398
f 2571 	952 	951
f 1277 	1274 	1078
f 601 	267 	598
f 258 	598 	267
f 1178 	1073 	1173
f 1072 	1173 	1073
f 635 	1283 	636
f 1284 	636 	1283
f 1265 	1264 	1398
f 1278 	1277 	1078
f 604 	273 	601
f 267 	601 	273
f 1073 	1178 	1184
f 1073 	1184 	1074
f 1280 	1278 	1078
f 273 	604 	283
f 607 	283 	604
f 1184 	1197 	1075
f 1282 	1280 	1078
f 631 	1281 	635
f 1283 	635 	1281
f 1179 	1177 	1483
f 283 	607 	285
f 606 	285 	607
f 1286 	1285 	1209
f 1282 	1078 	1285
f 1199 	1106 	1200
f 1105 	1200 	1106
f 636 	1284 	647
f 1289 	647 	1284
f 1177 	1175 	1483
f 1115 	1075 	1197
f 647 	1289 	651
f 1291 	651 	1289
f 563 	287 	610
f 1489 	1175 	1174
f 1288 	1209 	1290
f 1268 	1269 	877
f 1115 	1197 	1200
f 1115 	1200 	1105
f 1209 	1294 	1292
f 1292 	1290 	1209
f 1288 	1287 	1209
f 1266 	1404 	1267
f 1202 	1107 	1199
f 1106 	1199 	1107
f 610 	286 	606
f 1762 	784 	1291
f 287 	563 	292
f 1215 	1154 	1213
f 1195 	1499 	1196
f 1271 	1270 	1428
f 1194 	1499 	1195
f 1298 	668 	1295
f 663 	1295 	668
f 314 	638 	315
f 637 	315 	638
f 638 	314 	634
f 1436 	1254 	1273
f 1300 	837 	1297
f 818 	1202 	1297
f 1215 	1297 	1202
f 668 	1298 	681
f 1299 	681 	1298
f 1310 	1273 	877
f 1273 	1254 	877
f 642 	325 	637
f 1191 	1528 	1192
f 1271 	1428 	1272
f 1314 	2967 	1312
f 1315 	2967 	1314
f 1311 	2967 	1309
f 1307 	1309 	2967
f 1306 	1307 	2967
f 1305 	1306 	2967
f 1304 	1305 	2967
f 1336 	1304 	2967
f 1303 	1336 	2967
f 681 	1299 	689
f 1255 	689 	1299
f 1190 	1528 	1191
f 645 	330 	326
f 645 	326 	641
f 925 	924 	1187
f 925 	1187 	1321
f 1367 	1362 	1313
f 1321 	1324 	925
f 926 	925 	1324
f 1361 	1396 	1313
f 1325 	770 	1320
f 1329 	926 	1324
f 770 	1325 	772
f 1328 	772 	1325
f 1273 	1310 	1436
f 649 	330 	645
f 1326 	1432 	1327
f 1330 	1327 	1347
f 929 	1329 	1333
f 1305 	1304 	1228
f 774 	1332 	717
f 1334 	717 	1332
f 342 	334 	655
f 1331 	1330 	1347
f 1312 	2967 	1311
f 343 	342 	653
f 655 	653 	342
f 1335 	1331 	1347
f 1332 	774 	1328
f 930 	929 	1333
f 930 	1333 	1339
f 1337 	1335 	1347
f 1302 	1213 	1303
f 772 	1328 	774
f 347 	343 	657
f 931 	930 	1339
f 931 	1339 	1344
f 1211 	1547 	1212
f 1343 	1337 	1347
f 1345 	1343 	1347
f 1346 	730 	1334
f 1137 	875 	1344
f 1306 	1305 	1228
f 657 	660 	347
f 351 	347 	660
f 991 	990 	1353
f 991 	1353 	1355
f 1207 	1560 	1208
f 1350 	877 	1342
f 1341 	1342 	877
f 1340 	1341 	877
f 1351 	877 	1350
f 1352 	877 	1351
f 1354 	877 	1352
f 1356 	877 	1354
f 1357 	877 	1356
f 1358 	877 	1357
f 1259 	877 	1358
f 660 	662 	351
f 353 	351 	662
f 1313 	837 	1348
f 1300 	1348 	837
f 1205 	1560 	1207
f 1360 	1013 	1359
f 662 	671 	353
f 1311 	1309 	1246
f 1387 	1389 	1313
f 1396 	1395 	1313
f 1395 	1392 	1313
f 1362 	1361 	1313
f 1340 	1338 	1450
f 1203 	1576 	1204
f 990 	1360 	1353
f 357 	353 	671
f 1312 	1311 	1246
f 1450 	1341 	1340
f 1196 	1494 	1203
f 359 	357 	682
f 1355 	1363 	991
f 992 	991 	1363
f 2630 	2639 	1021
f 1350 	1342 	1461
f 1359 	1013 	1399
f 685 	359 	682
f 1351 	1350 	1461
f 1366 	992 	1363
f 368 	362 	692
f 1389 	1386 	1313
f 369 	368 	691
f 692 	691 	368
f 1392 	1391 	1313
f 1391 	1387 	1313
f 1365 	1367 	1313
f 373 	369 	695
f 1364 	1365 	1313
f 997 	1366 	1370
f 1356 	1354 	1479
f 1368 	1364 	1313
f 1375 	1368 	1313
f 1373 	1375 	1313
f 1348 	1373 	1313
f 1371 	1372 	2967
f 1374 	2967 	1372
f 1369 	1371 	2967
f 1376 	2967 	1374
f 1377 	2967 	1376
f 1378 	2967 	1377
f 1380 	2967 	1379
f 1381 	2967 	1380
f 1382 	2967 	1381
f 1357 	1356 	1479
f 1357 	1479 	1482
f 695 	697 	373
f 384 	373 	697
f 998 	997 	1370
f 998 	1370 	1385
f 1482 	1358 	1357
f 1315 	1253 	1316
f 1221 	1611 	1222
f 394 	384 	699
f 999 	998 	1385
f 999 	1385 	1388
f 1611 	1221 	1220
f 1317 	1313 	1435
f 1111 	911 	1390
f 2653 	2660 	1040
f 1372 	1371 	1274
f 1219 	1628 	1220
f 1402 	1435 	1313
f 1406 	1402 	1313
f 1393 	1394 	1259
f 1260 	1259 	1394
f 1374 	1372 	1274
f 1170 	917 	1388
f 918 	917 	1170
f 1628 	1219 	1212
f 1408 	1406 	1313
f 1013 	1127 	1399
f 399 	394 	716
f 699 	716 	394
f 1394 	1397 	1260
f 1263 	1260 	1397
f 1046 	2663 	1048
f 400 	399 	714
f 716 	714 	399
f 1398 	1263 	1397
f 1411 	1412 	1313
f 1384 	1411 	1313
f 1386 	1384 	1313
f 411 	410 	720
f 721 	720 	410
f 1265 	1398 	1401
f 1400 	595 	1455
f 1378 	1377 	1282
f 1238 	1650 	1239
f 410 	400 	721
f 1266 	1265 	1401
f 1266 	1401 	1404
f 2663 	2671 	1048
f 1379 	1378 	1282
f 1013 	532 	1405
f 714 	721 	400
f 1236 	1650 	1238
f 1293 	1267 	1413
f 532 	535 	1405
f 1236 	1235 	1658
f 728 	411 	720
f 1269 	1268 	1409
f 1269 	1409 	1410
f 1322 	1319 	1432
f 1235 	1234 	1658
f 1404 	1413 	1267
f 1667 	1234 	1233
f 1413 	1409 	1293
f 1268 	1293 	1409
f 1382 	1381 	1288
f 1233 	1232 	1674
f 1233 	1674 	1667
f 1412 	1408 	1313
f 1318 	1317 	1435
f 1319 	1318 	1435
f 1435 	1432 	1319
f 428 	425 	740
f 1417 	1470 	1416
f 1418 	1469 	1417
f 1419 	1467 	1418
f 1420 	1467 	1419
f 1416 	1471 	1415
f 1414 	1415 	1455
f 1421 	1467 	1420
f 1422 	1467 	1421
f 595 	1414 	1455
f 1410 	1425 	1269
f 1270 	1269 	1425
f 1227 	1595 	1232
f 1383 	1382 	1288
f 744 	433 	428
f 744 	428 	740
f 1426 	1424 	1433
f 1423 	1433 	1424
f 599 	1414 	595
f 1428 	1270 	1425
f 433 	744 	743
f 1429 	1426 	1433
f 438 	748 	747
f 438 	747 	440
f 1294 	1296 	1427
f 1209 	1296 	1294
f 1433 	1347 	1429
f 1167 	1434 	1431
f 1432 	1430 	1347
f 1430 	1429 	1347
f 1436 	1390 	1254
f 1250 	1254 	1390
f 1417 	1416 	1586
f 743 	748 	436
f 1167 	1437 	1434
f 1428 	1440 	1272
f 1308 	1272 	1440
f 1418 	1417 	1586
f 1427 	2967 	1439
f 1438 	2967 	1383
f 1437 	1165 	1441
f 438 	436 	748
f 1440 	1442 	1308
f 1310 	1308 	1442
f 1323 	1322 	1432
f 1326 	1323 	1432
f 1347 	1327 	1432
f 1443 	1441 	1164
f 1165 	1164 	1441
f 1436 	1310 	1442
f 1297 	1444 	1300
f 440 	747 	751
f 1420 	1419 	1597
f 1439 	1438 	1292
f 1446 	1443 	1162
f 1164 	1162 	1443
f 452 	449 	753
f 1597 	1600 	1420
f 1421 	1420 	1600
f 1062 	2702 	1065
f 1427 	1439 	1292
f 1427 	1292 	1294
f 1162 	1449 	1446
f 1338 	1447 	1450
f 1297 	1556 	1444
f 452 	753 	754
f 1421 	1600 	1422
f 2702 	2712 	1065
f 1445 	1444 	1556
f 1450 	1454 	1341
f 1316 	1369 	2967
f 757 	460 	754
f 1455 	1415 	1474
f 1400 	1455 	1456
f 1448 	1445 	1556
f 1341 	1454 	1458
f 1341 	1458 	1342
f 1302 	1303 	2967
f 1379 	2967 	1378
f 1301 	1302 	2967
f 1451 	1448 	1556
f 1342 	1458 	1461
f 1183 	1460 	1452
f 2880 	19 	18
f 1457 	1453 	1556
f 1453 	1451 	1556
f 1461 	1463 	1351
f 1457 	1556 	1459
f 1462 	1556 	1464
f 1459 	1556 	1462
f 1183 	1182 	1473
f 1183 	1473 	1460
f 1467 	1422 	1466
f 1469 	1418 	1468
f 1468 	1418 	1467
f 1470 	1417 	1469
f 1471 	1416 	1470
f 1474 	1415 	1471
f 1465 	1466 	1422
f 1302 	1301 	1215
f 1302 	1215 	1213
f 1475 	1352 	1463
f 1351 	1463 	1352
f 1352 	1475 	1478
f 1352 	1478 	1354
f 1464 	1553 	1472
f 1477 	1473 	1180
f 1182 	1180 	1473
f 741 	1346 	1349
f 1354 	1478 	1479
f 2973 	3096 	110
f 1180 	1179 	1480
f 1180 	1480 	1477
f 1472 	1550 	1476
f 1468 	1467 	1636
f 1179 	1483 	1480
f 1469 	1468 	1636
f 1482 	1484 	1358
f 1228 	1304 	1229
f 1087 	2731 	1093
f 110 	3096 	114
f 1483 	1175 	1486
f 1358 	1484 	1393
f 1358 	1393 	1259
f 1336 	1303 	1225
f 1213 	1225 	1303
f 2731 	2738 	1093
f 1481 	1559 	1485
f 1476 	1559 	1481
f 1175 	1489 	1486
f 1225 	1229 	1336
f 1304 	1336 	1229
f 1338 	1340 	877
f 1490 	1338 	877
f 1259 	1260 	877
f 1474 	1471 	1656
f 1488 	1487 	1559
f 1487 	1485 	1559
f 1492 	1490 	877
f 1306 	1228 	1230
f 1455 	1474 	1656
f 1491 	1488 	1559
f 2512 	1695 	835
f 1307 	1306 	1230
f 1307 	1230 	1237
f 1492 	1447 	1490
f 1338 	1490 	1447
f 1499 	1494 	1196
f 1497 	1493 	1526
f 1493 	1491 	1559
f 1237 	1244 	1307
f 1309 	1307 	1244
f 835 	1695 	3244
f 1194 	1505 	1499
f 1246 	1309 	1244
f 1497 	1526 	1501
f 327 	2462 	337
f 1422 	1503 	1504
f 1422 	1504 	1506
f 1422 	1506 	1507
f 1508 	1510 	1507
f 1422 	1507 	1510
f 1422 	1510 	1511
f 1422 	1511 	1512
f 1422 	1512 	1513
f 1422 	1513 	1514
f 1465 	1422 	1514
f 1193 	1515 	1505
f 1193 	1505 	1194
f 1312 	1246 	1248
f 1502 	1526 	1509
f 1515 	1193 	1522
f 1192 	1522 	1193
f 1314 	1312 	1248
f 1314 	1248 	1251
f 1520 	2851 	1519
f 2850 	1524 	2832
f 2831 	2832 	1524
f 1525 	2831 	1524
f 1526 	1527 	1516
f 1516 	1509 	1526
f 1538 	1540 	15
f 1500 	1538 	15
f 1253 	1315 	1251
f 1314 	1251 	1315
f 1528 	1522 	1192
f 1570 	1824 	1517
f 1190 	1531 	1528
f 1519 	1518 	1723
f 1533 	1495 	3061
f 1723 	1726 	1519
f 1520 	1519 	1726
f 15 	3061 	1495
f 345 	346 	1537
f 1535 	1537 	346
f 1507 	1506 	1694
f 1189 	1536 	1531
f 1189 	1531 	1190
f 1521 	1520 	1726
f 1532 	1529 	1559
f 1536 	1189 	1541
f 1188 	1541 	1189
f 1508 	1507 	1694
f 1369 	1316 	1258
f 1258 	1316 	1253
f 1534 	1532 	1559
f 1559 	1476 	1534
f 1168 	1431 	1188
f 1541 	1188 	1431
f 1524 	1523 	1738
f 1543 	15 	1540
f 1369 	1258 	1261
f 1369 	1261 	1371
f 1546 	15 	1543
f 1738 	1525 	1524
f 1211 	1545 	1547
f 1539 	1534 	1476
f 1549 	15 	1546
f 1371 	1261 	1274
f 1542 	1539 	1476
f 1544 	1542 	1476
f 1551 	1545 	1210
f 1211 	1210 	1545
f 1274 	1277 	1374
f 1548 	1476 	1550
f 1544 	1476 	1548
f 1210 	1208 	1554
f 1210 	1554 	1551
f 1555 	15 	1552
f 1512 	1511 	1715
f 1208 	1560 	1554
f 1553 	1550 	1472
f 1556 	1553 	1464
f 1278 	1376 	1277
f 1374 	1277 	1376
f 2465 	1148 	365
f 1715 	1720 	1512
f 1513 	1512 	1720
f 1557 	15 	1555
f 1558 	15 	1557
f 1560 	1205 	1564
f 1720 	1514 	1513
f 1561 	1562 	1620
f 1562 	1563 	1620
f 1563 	1565 	1620
f 1565 	1566 	1620
f 1567 	1620 	1566
f 1569 	1620 	1567
f 1570 	1620 	1569
f 1517 	1668 	1570
f 1572 	15 	1571
f 1573 	1564 	1204
f 1205 	1204 	1564
f 1376 	1278 	1280
f 1376 	1280 	1377
f 1502 	1501 	1526
f 1559 	1526 	1493
f 1549 	1552 	15
f 1204 	1576 	1573
f 599 	1577 	1414
f 1377 	1280 	1282
f 1414 	1577 	1581
f 1414 	1581 	1415
f 1576 	1203 	1494
f 1282 	1285 	1379
f 1580 	10 	1579
f 1587 	10 	1580
f 1558 	1571 	15
f 1415 	1581 	1583
f 1415 	1583 	1416
f 1628 	1212 	1547
f 1286 	1380 	1285
f 1379 	1285 	1380
f 1565 	1563 	1798
f 1578 	1526 	1582
f 1416 	1583 	1586
f 15 	1575 	10
f 1579 	10 	1575
f 1572 	1575 	15
f 1584 	1582 	1526
f 1585 	1584 	1526
f 1380 	1286 	1287
f 1380 	1287 	1381
f 1586 	1589 	1418
f 1433 	1574 	1568
f 1433 	1568 	1347
f 1566 	1565 	1798
f 1588 	1585 	1526
f 1592 	1419 	1589
f 1418 	1589 	1419
f 1381 	1287 	1288
f 1588 	1526 	1590
f 1596 	3061 	1591
f 1567 	1566 	1815
f 1419 	1592 	1597
f 1227 	1226 	1598
f 1227 	1598 	1595
f 1599 	3061 	1596
f 1288 	1290 	1383
f 1438 	1383 	1290
f 1815 	1569 	1567
f 1224 	1601 	1598
f 1224 	1598 	1226
f 1602 	3061 	1599
f 1438 	1290 	1292
f 1559 	1590 	1526
f 1594 	1590 	1559
f 1529 	1594 	1559
f 1600 	1666 	1422
f 1601 	1224 	1603
f 1222 	1603 	1224
f 1610 	1456 	1608
f 1455 	1608 	1456
f 1607 	3061 	1602
f 1604 	1593 	1615
f 1615 	1593 	1526
f 1612 	1606 	1615
f 1605 	1615 	1606
f 1611 	1603 	1222
f 1721 	1517 	1824
f 1514 	1725 	1465
f 1220 	1618 	1611
f 1614 	3061 	1613
f 1613 	3061 	1609
f 1616 	1612 	1615
f 1617 	1622 	1466
f 1467 	1466 	1622
f 814 	1108 	818
f 1107 	1202 	1108
f 1202 	818 	1108
f 1628 	1618 	1220
f 1619 	1616 	1615
f 1623 	1625 	1621
f 1625 	1626 	1621
f 1620 	1621 	1626
f 1620 	1626 	1627
f 1620 	1627 	1629
f 1561 	1620 	1629
f 1631 	3061 	1614
f 1619 	1615 	1630
f 1526 	1635 	1615
f 1634 	3061 	1631
f 1636 	1467 	1622
f 1632 	2399 	1297
f 1174 	1242 	1489
f 1638 	1489 	1242
f 1623 	1621 	1757
f 1469 	1636 	1641
f 1640 	3061 	1634
f 1630 	1615 	1633
f 1633 	1615 	1635
f 1526 	1578 	1635
f 1240 	1643 	1638
f 1240 	1638 	1242
f 1625 	1623 	1757
f 1645 	3061 	1644
f 1640 	1644 	3061
f 1470 	1469 	1641
f 1470 	1641 	1648
f 1643 	1240 	1647
f 1239 	1647 	1240
f 1626 	1625 	1776
f 1648 	1649 	1470
f 1471 	1470 	1649
f 1650 	1647 	1239
f 1297 	1215 	1632
f 1301 	1632 	1215
f 1776 	1627 	1626
f 1646 	3061 	1645
f 1530 	3061 	1646
f 1680 	1624 	1637
f 1236 	1654 	1650
f 1656 	1471 	1649
f 1657 	1653 	1690
f 1651 	1690 	1653
f 1658 	1654 	1236
f 1659 	10 	1655
f 1587 	1655 	10
f 1455 	1656 	1608
f 1642 	1652 	1300
f 1658 	1234 	1662
f 1690 	1722 	1657
f 1503 	1422 	1666
f 1234 	1667 	1662
f 1660 	1657 	1722
f 1661 	10 	1659
f 1663 	10 	1661
f 1670 	1570 	1669
f 1620 	1570 	1670
f 1669 	1570 	1668
f 1518 	1668 	1517
f 1519 	1668 	1518
f 1503 	1666 	1673
f 1503 	1673 	1504
f 1672 	1665 	1722
f 1665 	1660 	1722
f 1676 	10 	1663
f 1679 	10 	1676
f 1675 	1672 	1722
f 1504 	1673 	1682
f 1504 	1682 	1506
f 1674 	1232 	1595
f 1506 	1682 	1694
f 1668 	1519 	1696
f 1683 	1675 	1722
f 1664 	1624 	1680
f 1681 	3120 	1678
f 1688 	3120 	1687
f 1689 	3120 	1688
f 1686 	1687 	3120
f 1691 	3120 	1689
f 1693 	3120 	1691
f 1697 	3120 	1693
f 1685 	1686 	3120
f 1684 	1685 	3120
f 2748 	3120 	2747
f 1694 	1704 	1508
f 1701 	10 	1692
f 1705 	1698 	1722
f 1698 	1683 	1722
f 1719 	1671 	1706
f 1707 	10 	1701
f 1510 	1508 	1704
f 1510 	1704 	1708
f 1709 	10 	1707
f 1692 	10 	1679
f 1708 	1711 	1510
f 1511 	1510 	1711
f 1710 	1705 	1722
f 1670 	1669 	1847
f 1713 	10 	1709
f 1658 	2892 	1654
f 1715 	1511 	1711
f 1712 	1710 	1722
f 1620 	1670 	1847
f 1714 	1712 	1722
f 1716 	10 	1713
f 1717 	10 	1716
f 1518 	1517 	1721
f 1718 	1714 	1722
f 741 	1349 	746
f 1639 	746 	1349
f 1723 	1518 	1721
f 2550 	2551 	1560
f 2554 	2550 	1560
f 1514 	1720 	1725
f 1724 	749 	1639
f 746 	1639 	749
f 1521 	1726 	1731
f 1729 	752 	1724
f 1515 	1522 	1695
f 1702 	1695 	1522
f 1522 	1528 	1702
f 1732 	10 	1730
f 1717 	1730 	10
f 1718 	1722 	1733
f 1731 	1734 	1521
f 1523 	1521 	1734
f 1617 	1465 	1725
f 1466 	1465 	1617
f 756 	1729 	1735
f 3099 	10 	1736
f 1738 	1523 	1734
f 759 	561 	663
f 1295 	663 	561
f 1452 	1460 	2847
f 1460 	1473 	2847
f 1473 	1477 	2847
f 561 	759 	1735
f 756 	1735 	759
f 1525 	1738 	1742
f 1252 	156 	762
f 1743 	762 	156
f 1437 	1441 	1702
f 701 	1525 	1742
f 762 	1743 	766
f 1744 	766 	1743
f 1434 	1437 	1702
f 1739 	1737 	1733
f 1621 	1620 	1748
f 1320 	767 	1744
f 766 	1744 	767
f 1441 	1443 	1702
f 1749 	3099 	1746
f 1736 	1746 	3099
f 1741 	1739 	1733
f 1320 	770 	767
f 1757 	1621 	1748
f 1759 	3099 	1749
f 1745 	1741 	1733
f 1760 	1763 	1753
f 1756 	1760 	1753
f 1755 	1756 	1754
f 1753 	1754 	1756
f 1763 	1764 	1753
f 1764 	1765 	1753
f 1765 	1766 	1753
f 1766 	1767 	1753
f 1767 	1833 	1753
f 1833 	1834 	1753
f 1834 	1835 	1753
f 1747 	1745 	1733
f 651 	1291 	784
f 1671 	1719 	1127
f 1625 	1757 	1772
f 1758 	1747 	1733
f 1399 	1127 	1719
f 799 	1774 	802
f 3 	802 	1774
f 1768 	1769 	1733
f 1769 	1758 	1733
f 1776 	1625 	1772
f 1770 	3099 	1761
f 1773 	3099 	1770
f 1775 	1771 	1733
f 1771 	1768 	1733
f 1403 	1400 	1405
f 1403 	1405 	1407
f 1774 	799 	1762
f 784 	1762 	799
f 1652 	1642 	1779
f 1778 	2271 	1813
f 1627 	1776 	1781
f 1780 	3099 	1773
f 1759 	1761 	3099
f 1753 	1752 	1957
f 802 	3 	811
f 2 	811 	3
f 1782 	3099 	1780
f 1629 	1627 	1781
f 1629 	1781 	1783
f 811 	2 	820
f 1 	820 	2
f 1754 	1753 	1957
f 1784 	3099 	1782
f 1786 	1561 	1783
f 1629 	1783 	1561
f 1562 	1561 	1786
f 1785 	1777 	1733
f 1775 	1733 	1777
f 1789 	1733 	1722
f 1788 	3099 	1787
f 1787 	3099 	1784
f 1832 	1829 	1789
f 1 	4 	820
f 823 	820 	4
f 1816 	1456 	1610
f 1786 	1792 	1562
f 1563 	1562 	1792
f 837 	1313 	834
f 1677 	834 	1313
f 1760 	1756 	1983
f 1794 	3099 	1791
f 1790 	3099 	1788
f 885 	14 	9
f 885 	9 	888
f 1798 	1563 	1792
f 1799 	3099 	1794
f 1763 	1760 	1983
f 4 	14 	823
f 885 	823 	14
f 1566 	1798 	1806
f 1785 	1733 	1797
f 1764 	1763 	1991
f 1795 	1456 	1816
f 888 	9 	25
f 1804 	1825 	2006
f 1805 	2006 	1825
f 1842 	1856 	2271
f 1809 	1810 	2271
f 1810 	1867 	2271
f 1812 	2271 	1867
f 1813 	2271 	1812
f 1778 	1779 	2271
f 1642 	2271 	1779
f 1591 	3099 	1799
f 1815 	1566 	1806
f 1802 	1796 	1733
f 1796 	1797 	1733
f 899 	895 	24
f 1991 	1765 	1764
f 1789 	1817 	1733
f 1802 	1733 	1811
f 1569 	1815 	1818
f 902 	37 	36
f 902 	36 	904
f 1800 	1820 	1803
f 1819 	1803 	1820
f 1811 	1733 	1814
f 1766 	1765 	1996
f 1791 	3099 	1790
f 1732 	1736 	10
f 902 	899 	37
f 1570 	1569 	1818
f 1570 	1818 	1824
f 1814 	1733 	1817
f 24 	37 	899
f 1821 	1817 	1789
f 1766 	1996 	1767
f 1609 	3061 	1607
f 3099 	1591 	3061
f 1826 	1823 	1789
f 1823 	1821 	1789
f 36 	50 	904
f 937 	904 	50
f 1530 	1533 	3061
f 15 	1495 	1496
f 15 	1496 	1498
f 1498 	1500 	15
f 1827 	1826 	1789
f 937 	50 	49
f 937 	49 	947
f 1831 	1669 	1830
f 1668 	1830 	1669
f 1809 	1808 	1364
f 1829 	1827 	1789
f 949 	947 	54
f 1841 	1696 	2851
f 1808 	2271 	1838
f 1807 	1842 	2271
f 49 	54 	947
f 1828 	1243 	1822
f 1839 	1793 	1836
f 1841 	1830 	1696
f 1668 	1696 	1830
f 1840 	1843 	1753
f 1752 	1753 	1843
f 1843 	1844 	1752
f 1844 	1846 	1752
f 1907 	1909 	2111
f 1975 	1958 	12
f 1914 	12 	1953
f 1914 	1915 	12
f 1104 	1247 	1917
f 1805 	1362 	1807
f 1847 	1669 	1831
f 949 	54 	56
f 1845 	1836 	1793
f 1098 	1822 	1243
f 1847 	1748 	1620
f 973 	968 	61
f 1810 	1809 	1364
f 13 	1851 	1848
f 1838 	2271 	1856
f 1733 	1737 	1855
f 2030 	1852 	1737
f 1728 	1855 	1727
f 1727 	1855 	1852
f 1855 	1737 	1852
f 1362 	1367 	1807
f 56 	61 	968
f 1904 	1905 	13
f 1892 	1879 	13
f 1870 	1871 	13
f 1851 	13 	1850
f 1883 	701 	1858
f 1883 	1885 	701
f 1857 	1858 	701
f 704 	705 	1857
f 1840 	1837 	2038
f 69 	979 	973
f 69 	973 	61
f 1843 	1840 	2038
f 1861 	2514 	1860
f 1247 	710 	1917
f 69 	72 	979
f 982 	979 	72
f 1808 	1809 	2271
f 1864 	1637 	1863
f 1866 	1860 	13
f 1883 	1858 	2082
f 988 	985 	76
f 78 	76 	985
f 1853 	1858 	1854
f 1857 	1854 	1858
f 1850 	13 	1871
f 1846 	1844 	2056
f 1865 	1863 	1637
f 78 	985 	982
f 78 	982 	72
f 2073 	1858 	1853
f 1446 	2847 	1443
f 1018 	1016 	88
f 89 	88 	1016
f 1870 	13 	1873
f 89 	1016 	988
f 89 	988 	76
f 1874 	1873 	13
f 1446 	1449 	2847
f 95 	1031 	1018
f 95 	1018 	88
f 1875 	1874 	13
f 1876 	1875 	13
f 1637 	1868 	1865
f 2006 	2007 	1804
f 1935 	1881 	2007
f 1881 	1882 	2007
f 1884 	1886 	2007
f 1886 	1888 	2007
f 1888 	1893 	2007
f 1893 	1801 	2007
f 1801 	1804 	2007
f 95 	98 	1031
f 1037 	1031 	98
f 1452 	2847 	1449
f 1879 	1876 	13
f 1891 	701 	1889
f 1891 	1929 	701
f 1894 	701 	1929
f 1894 	1896 	701
f 1897 	701 	1896
f 1885 	1887 	701
f 1898 	701 	1897
f 1899 	701 	1898
f 1900 	701 	1899
f 1868 	1637 	1869
f 101 	1042 	1037
f 101 	1037 	98
f 1890 	13 	1905
f 1892 	13 	1890
f 1872 	1637 	1895
f 1477 	1480 	2847
f 101 	111 	1042
f 1044 	1042 	111
f 1751 	1752 	2111
f 1752 	1846 	2111
f 1835 	1837 	1753
f 1837 	1840 	1753
f 1903 	1637 	1902
f 1483 	2847 	1480
f 116 	1181 	1044
f 116 	1044 	111
f 1904 	13 	1908
f 12 	1908 	13
f 1915 	1908 	12
f 1909 	1907 	2068
f 1181 	116 	123
f 1913 	1637 	1916
f 1910 	1909 	2068
f 1918 	1862 	1922
f 1918 	1916 	1862
f 1859 	1922 	1862
f 1920 	2071 	2514
f 1214 	1186 	122
f 1740 	2117 	1927
f 1887 	1889 	701
f 1926 	2514 	1931
f 2085 	1947 	1927
f 1925 	1923 	1637
f 1889 	2103 	1891
f 1486 	2880 	1483
f 1489 	2880 	1486
f 1882 	1884 	2007
f 1909 	1910 	2111
f 1927 	2111 	1846
f 1928 	1925 	1637
f 1926 	1924 	2514
f 2056 	1927 	1846
f 1933 	1928 	1637
f 1695 	1576 	1494
f 1499 	1695 	1494
f 1576 	1695 	1573
f 712 	967 	1919
f 1930 	1931 	2514
f 1499 	1505 	1695
f 1515 	1695 	1505
f 1934 	1930 	2514
f 1750 	1751 	2111
f 1912 	1750 	2111
f 1936 	1637 	1937
f 1938 	1932 	2514
f 1946 	1919 	967
f 1740 	1927 	1947
f 1939 	1937 	1637
f 13 	1860 	2514
f 1943 	1637 	1948
f 1944 	2514 	1861
f 1945 	2514 	1944
f 1942 	2514 	1945
f 1912 	2080 	1750
f 1528 	1531 	1702
f 1951 	1954 	1751
f 1752 	1751 	1954
f 986 	1142 	1950
f 1956 	1950 	1142
f 1531 	1536 	1702
f 1536 	1541 	1702
f 1953 	12 	1952
f 1957 	1752 	1954
f 1906 	1637 	1913
f 1862 	1916 	1637
f 1906 	1902 	1637
f 1903 	1895 	1637
f 1872 	1869 	1637
f 1864 	1949 	1637
f 1949 	1948 	1637
f 1943 	1941 	1637
f 1541 	1431 	1702
f 1754 	1957 	1968
f 1959 	1955 	12
f 1952 	12 	1955
f 1961 	701 	1960
f 1962 	701 	1961
f 1963 	701 	1962
f 1964 	701 	1963
f 1965 	701 	1964
f 1966 	701 	1965
f 1967 	701 	1966
f 1901 	1960 	701
f 1755 	1754 	1968
f 1755 	1968 	1974
f 1431 	1434 	1702
f 1986 	1971 	2009
f 2007 	2009 	1971
f 1972 	1877 	2007
f 1877 	1878 	2007
f 1985 	1986 	2009
f 1958 	1959 	12
f 1941 	1939 	1637
f 1936 	1933 	1637
f 1974 	1977 	1755
f 1756 	1755 	1977
f 1975 	12 	1973
f 2555 	2556 	1560
f 2556 	2554 	1560
f 1412 	1972 	1971
f 1983 	1756 	1977
f 1980 	2606 	2467
f 1976 	1973 	12
f 1695 	2555 	1560
f 1981 	2077 	2033
f 1971 	1972 	2007
f 1979 	1976 	12
f 1763 	1983 	1989
f 1564 	1573 	1695
f 1560 	1564 	1695
f 1978 	1981 	2033
f 1979 	12 	1982
f 1984 	1978 	2033
f 1991 	1763 	1989
f 1990 	1987 	12
f 1987 	1982 	12
f 1971 	1986 	1412
f 1991 	1994 	1765
f 12 	1995 	1990
f 1765 	1994 	1996
f 1880 	1935 	2007
f 1878 	1880 	2007
f 12 	1998 	1999
f 12 	1999 	1993
f 12 	1993 	1995
f 1988 	1984 	2033
f 1996 	2016 	1767
f 1598 	1601 	2892
f 2000 	1992 	2033
f 1601 	1603 	2892
f 1997 	2000 	2033
f 1992 	1988 	2033
f 1833 	1767 	2016
f 1218 	127 	125
f 1223 	1218 	125
f 1833 	2016 	2021
f 1833 	2021 	1834
f 1900 	1901 	701
f 2019 	701 	1967
f 2020 	701 	2019
f 2020 	2022 	701
f 2023 	701 	2022
f 2025 	701 	2024
f 2005 	2002 	2033
f 2002 	1997 	2033
f 1603 	1611 	2892
f 122 	127 	1214
f 1618 	2892 	1611
f 2015 	2033 	2018
f 2031 	1835 	2021
f 1834 	2021 	1835
f 1966 	70 	1967
f 1218 	1214 	127
f 1628 	2892 	1618
f 1852 	2030 	2033
f 2018 	2033 	2030
f 1835 	2031 	2036
f 1835 	2036 	1837
f 1637 	1923 	2033
f 2015 	2005 	2033
f 2022 	2020 	85
f 2029 	2892 	2028
f 1837 	2036 	2038
f 2039 	1680 	2040
f 2035 	2028 	2892
f 85 	2023 	2022
f 2038 	2043 	1843
f 1231 	1223 	140
f 125 	140 	1223
f 2034 	2035 	2892
f 1680 	2046 	2040
f 1638 	2880 	1489
f 1643 	2880 	1638
f 2045 	2046 	1680
f 2041 	2034 	2892
f 2014 	1969 	2012
f 2010 	2012 	1969
f 2013 	2014 	2012
f 1969 	1970 	2010
f 2009 	2010 	1970
f 1970 	1985 	2009
f 2050 	1844 	2043
f 1843 	2043 	1844
f 2042 	1702 	2047
f 1647 	2880 	1643
f 2025 	2024 	93
f 2049 	2045 	1680
f 1241 	1231 	145
f 140 	145 	1231
f 1844 	2050 	2056
f 2048 	2044 	2892
f 2044 	2041 	2892
f 1650 	2880 	1647
f 2059 	2053 	1680
f 2053 	2049 	1680
f 2051 	2047 	1702
f 1241 	145 	148
f 1241 	148 	1245
f 1654 	2880 	1650
f 2023 	2024 	701
f 148 	152 	1245
f 1249 	1245 	152
f 2054 	2048 	2892
f 2057 	2051 	1702
f 1637 	2033 	1680
f 1662 	1667 	2892
f 1662 	2892 	1658
f 2068 	1907 	2065
f 1249 	152 	1252
f 156 	1252 	152
f 2061 	1680 	2033
f 2059 	1680 	2061
f 2069 	1854 	1857
f 1667 	1674 	2892
f 2058 	2892 	2066
f 2060 	2052 	2892
f 1910 	2068 	2072
f 2064 	2061 	2033
f 1595 	1598 	2892
f 2072 	2076 	1910
f 1911 	1910 	2076
f 1595 	2892 	1674
f 1924 	1921 	2514
f 2071 	2066 	2514
f 2892 	2514 	2066
f 2058 	2060 	2892
f 2070 	2067 	2033
f 2067 	2064 	2033
f 1857 	831 	2078
f 1912 	1911 	2076
f 1912 	2076 	2080
f 2052 	2054 	2892
f 2029 	2017 	2892
f 2017 	2011 	2892
f 2011 	2003 	2892
f 12 	2892 	2003
f 2003 	1998 	12
f 1857 	2078 	2069
f 1951 	1750 	2080
f 1751 	1750 	1951
f 2514 	2892 	1547
f 2077 	2074 	2033
f 2074 	2070 	2033
f 1858 	2073 	2082
f 2847 	1483 	2880
f 2007 	2006 	1423
f 1927 	2056 	2085
f 1942 	1940 	2514
f 1940 	1938 	2514
f 1932 	1934 	2514
f 1921 	1920 	2514
f 2087 	2084 	2467
f 2086 	1706 	2088
f 2082 	2091 	1883
f 2847 	1702 	1443
f 2062 	2063 	2847
f 2546 	2547 	1560
f 13 	1848 	1849
f 1849 	1866 	13
f 2094 	1885 	2091
f 1883 	2091 	1885
f 406 	397 	530
f 2090 	2087 	2467
f 2093 	2089 	2467
f 2089 	2090 	2467
f 2092 	2093 	2467
f 1495 	1849 	1496
f 1885 	2094 	2099
f 1885 	2099 	1887
f 2098 	2096 	2467
f 2096 	2092 	2467
f 2097 	1907 	2095
f 1848 	1498 	1496
f 2103 	1889 	2099
f 1887 	2099 	1889
f 2273 	2097 	2104
f 1702 	2107 	2108
f 1702 	2108 	1695
f 2095 	1907 	2109
f 2100 	2098 	2467
f 1929 	1891 	7
f 2006 	1574 	1433
f 3244 	1695 	2108
f 2109 	2110 	2104
f 2109 	2104 	2095
f 2109 	1907 	2111
f 1702 	3249 	2107
f 5 	1896 	6
f 1894 	6 	1896
f 375 	1845 	1793
f 2111 	2112 	2110
f 2111 	2110 	2109
f 2103 	7 	1891
f 2111 	1927 	2113
f 393 	380 	1793
f 380 	375 	1793
f 200 	2232 	26
f 1929 	7 	6
f 1929 	6 	1894
f 2113 	2114 	2112
f 2113 	2112 	2111
f 1793 	530 	397
f 397 	393 	1793
f 2113 	1927 	2117
f 2126 	1740 	2140
f 1896 	5 	11
f 1896 	11 	1897
f 2117 	2120 	2114
f 2117 	2114 	2113
f 1538 	1871 	1540
f 2117 	1740 	2122
f 21 	1898 	11
f 1897 	11 	1898
f 2122 	2124 	2120
f 2122 	2120 	2117
f 1898 	21 	22
f 1898 	22 	1899
f 2122 	1740 	2126
f 2127 	2847 	2125
f 2119 	2847 	2118
f 2116 	2847 	2119
f 406 	530 	414
f 422 	414 	530
f 2118 	2847 	2127
f 23 	1900 	22
f 1899 	22 	1900
f 2135 	2130 	2847
f 2126 	2132 	2124
f 2126 	2124 	2122
f 1549 	1875 	1552
f 2125 	2847 	2130
f 39 	1901 	23
f 2135 	2847 	2133
f 1876 	1555 	1552
f 2133 	2847 	2139
f 1317 	1681 	1313
f 1678 	1313 	1681
f 1960 	1901 	39
f 1900 	23 	1901
f 2126 	2140 	2144
f 2126 	2144 	2132
f 2139 	2847 	2138
f 2143 	2138 	2847
f 1681 	1317 	1318
f 1681 	1318 	1684
f 2140 	1740 	2147
f 2147 	1740 	2152
f 45 	1961 	39
f 1960 	39 	1961
f 2145 	2143 	2847
f 2148 	2145 	2847
f 1319 	1685 	1318
f 1684 	1318 	1685
f 2140 	2147 	2149
f 2140 	2149 	2144
f 1961 	45 	51
f 1961 	51 	1962
f 2150 	2148 	2847
f 1685 	1319 	1322
f 1685 	1322 	1686
f 55 	1963 	51
f 1962 	51 	1963
f 430 	422 	530
f 1687 	1686 	1322
f 1687 	1322 	1323
f 437 	430 	530
f 443 	437 	530
f 1963 	55 	63
f 1963 	63 	1964
f 1323 	1326 	1687
f 1688 	1687 	1326
f 447 	443 	530
f 2154 	2150 	2847
f 2157 	2154 	2847
f 2156 	2157 	2847
f 68 	1965 	63
f 1964 	63 	1965
f 1572 	1904 	1575
f 1689 	1688 	1326
f 1689 	1326 	1327
f 2156 	2847 	2161
f 1965 	68 	70
f 1965 	70 	1966
f 475 	469 	530
f 467 	456 	530
f 456 	447 	530
f 2161 	2847 	2160
f 2165 	282 	2166
f 1327 	1330 	1689
f 1691 	1689 	1330
f 2019 	1967 	79
f 79 	1967 	70
f 2162 	275 	2165
f 1693 	1691 	1330
f 1693 	1330 	1331
f 1575 	1908 	1579
f 81 	2020 	79
f 2019 	79 	2020
f 1331 	1335 	1693
f 1697 	1693 	1335
f 467 	530 	469
f 2020 	81 	85
f 535 	481 	530
f 1699 	1697 	1335
f 1699 	1335 	1337
f 85 	87 	2023
f 1700 	1699 	1337
f 1700 	1337 	1343
f 2023 	87 	91
f 2023 	91 	2024
f 1345 	1703 	1343
f 1700 	1343 	1703
f 2024 	91 	93
f 26 	2115 	35
f 2121 	35 	2115
f 2147 	2152 	2149
f 1373 	1348 	1778
f 476 	530 	481
f 1652 	1779 	1300
f 1348 	1300 	1779
f 2173 	2174 	1980
f 2171 	1980 	2174
f 46 	35 	2123
f 2121 	2123 	35
f 1678 	1677 	1313
f 2123 	2128 	53
f 2123 	53 	46
f 1893 	1396 	1801
f 2182 	2213 	2181
f 481 	535 	491
f 491 	535 	496
f 60 	53 	2131
f 2128 	2131 	53
f 134 	2181 	2180
f 501 	496 	535
f 2179 	2177 	1980
f 2185 	2179 	1980
f 2184 	2806 	2183
f 1911 	1912 	2111
f 508 	501 	535
f 514 	508 	535
f 2181 	2213 	2180
f 2131 	2136 	65
f 2131 	65 	60
f 519 	514 	535
f 2184 	2183 	2247
f 1602 	1926 	1607
f 67 	65 	2141
f 2136 	2141 	65
f 2183 	2806 	2193
f 2180 	2187 	134
f 2183 	2193 	2247
f 73 	67 	2146
f 2141 	2146 	67
f 2186 	1980 	2189
f 1825 	1804 	1361
f 1396 	1361 	1804
f 1931 	1609 	1607
f 2193 	2806 	2194
f 2188 	2189 	1980
f 1361 	1362 	1825
f 1805 	1825 	1362
f 2190 	2191 	1980
f 1613 	1934 	1614
f 2194 	1907 	2198
f 1364 	1808 	1365
f 475 	530 	476
f 2146 	2153 	73
f 83 	73 	2153
f 1856 	1842 	1367
f 83 	2153 	92
f 2155 	92 	2153
f 1808 	1838 	1365
f 2205 	2206 	2204
f 2203 	2204 	2206
f 2206 	2207 	2203
f 2207 	2208 	2203
f 2208 	2209 	2203
f 2202 	2203 	2209
f 2209 	2210 	2202
f 2201 	2202 	2210
f 2211 	2240 	2210
f 2212 	2182 	2211
f 2213 	2182 	2212
f 2198 	1907 	2214
f 2196 	1980 	2197
f 2199 	2197 	2467
f 2199 	2467 	2084
f 1810 	1364 	1368
f 530 	590 	535
f 1614 	1932 	1631
f 92 	2155 	97
f 2158 	97 	2155
f 1842 	1807 	1367
f 2241 	2201 	2200
f 2214 	1907 	2216
f 2217 	1907 	2097
f 1403 	590 	599
f 587 	599 	590
f 1631 	1938 	1634
f 2159 	103 	97
f 2159 	97 	2158
f 1365 	1838 	1367
f 1856 	1367 	1838
f 2195 	1980 	2196
f 2191 	2188 	1980
f 2186 	2185 	1980
f 2177 	2178 	1980
f 2178 	2173 	1980
f 1980 	2171 	2167
f 1980 	2167 	2164
f 2847 	1980 	2160
f 2214 	2216 	2258
f 2216 	1907 	2217
f 103 	2159 	113
f 2163 	113 	2159
f 1375 	1373 	1812
f 1813 	1812 	1373
f 2467 	2197 	1980
f 2195 	2190 	1980
f 2216 	2217 	2273
f 2216 	2273 	2258
f 2203 	2202 	166
f 1867 	1810 	1368
f 2168 	118 	113
f 2168 	113 	2163
f 1974 	1968 	587
f 587 	1954 	599
f 2164 	2160 	1980
f 2204 	2203 	166
f 1812 	1867 	1368
f 1812 	1368 	1375
f 1644 	1945 	1645
f 1403 	1407 	590
f 118 	2168 	126
f 2169 	126 	2168
f 1778 	1813 	1373
f 1779 	1778 	1348
f 2095 	2104 	2097
f 2217 	2097 	2273
f 1972 	1411 	1877
f 1386 	1880 	1384
f 1878 	1384 	1880
f 535 	1155 	519
f 1944 	1646 	1645
f 1389 	1387 	1881
f 1882 	1881 	1387
f 775 	519 	1155
f 2218 	2280 	2325
f 1935 	1880 	1386
f 2219 	2220 	149
f 2219 	149 	143
f 2207 	2206 	195
f 2218 	2806 	2221
f 782 	779 	1155
f 779 	775 	1155
f 1386 	1389 	1935
f 1881 	1935 	1389
f 155 	149 	2222
f 2220 	2222 	149
f 2221 	2280 	2218
f 1155 	1153 	783
f 783 	782 	1155
f 2208 	2207 	195
f 1952 	1655 	1953
f 2221 	2806 	2223
f 1910 	1911 	2111
f 2222 	2224 	165
f 2222 	165 	155
f 1153 	1150 	786
f 1884 	1882 	1387
f 1884 	1387 	1391
f 170 	165 	2225
f 2224 	2225 	165
f 2223 	2806 	2226
f 1907 	2194 	2806
f 1391 	1392 	1884
f 1886 	1884 	1392
f 1150 	1143 	786
f 170 	2225 	2227
f 2228 	185 	2227
f 1888 	1886 	1392
f 1888 	1392 	1395
f 2226 	2806 	2229
f 2229 	2284 	2226
f 185 	2228 	196
f 2230 	196 	2228
f 2229 	2806 	2231
f 2232 	200 	196
f 2232 	196 	2230
f 1893 	1888 	1395
f 1893 	1395 	1396
f 1143 	1140 	794
f 794 	790 	1143
f 2231 	2284 	2229
f 2231 	2806 	2233
f 1804 	1801 	1396
f 812 	1719 	819
f 819 	1719 	822
f 2233 	2286 	2231
f 2014 	1435 	1969
f 2233 	2806 	2236
f 2242 	2806 	2184
f 1973 	1976 	1679
f 1402 	1985 	1970
f 1406 	1985 	1402
f 2286 	2233 	2295
f 2236 	2295 	2233
f 2241 	2210 	2240
f 2201 	2210 	2241
f 2201 	2241 	2200
f 1979 	1701 	1692
f 826 	1719 	832
f 1972 	1412 	1411
f 2236 	2806 	2242
f 1979 	1982 	1701
f 2295 	2236 	2242
f 836 	832 	1719
f 1406 	1408 	1985
f 1986 	1985 	1408
f 839 	836 	1719
f 842 	839 	1719
f 2649 	2055 	2656
f 1412 	1986 	1408
f 2247 	2296 	2184
f 1411 	1384 	1877
f 1878 	1877 	1384
f 2062 	2657 	2063
f 847 	1719 	858
f 1423 	1424 	2007
f 2246 	2248 	277
f 2193 	2249 	2247
f 2249 	2193 	2253
f 2194 	2253 	2193
f 2248 	2219 	143
f 2248 	143 	277
f 872 	869 	1706
f 2086 	872 	1706
f 2007 	1424 	1426
f 2007 	1426 	2009
f 2215 	2347 	2180
f 2187 	2180 	2347
f 2255 	2187 	2347
f 2252 	2254 	2347
f 2254 	2255 	2347
f 2238 	2211 	2182
f 2240 	2211 	2238
f 2198 	2256 	2253
f 2198 	2253 	2194
f 1423 	2006 	1433
f 1719 	1706 	869
f 869 	858 	1719
f 847 	842 	1719
f 826 	822 	1719
f 790 	786 	1143
f 808 	1344 	812
f 2256 	2198 	2257
f 2214 	2257 	2198
f 1429 	2010 	1426
f 2009 	1426 	2010
f 2323 	364 	2169
f 2258 	2257 	2214
f 2010 	1429 	1430
f 2010 	1430 	2012
f 1140 	1137 	794
f 1732 	2003 	1736
f 1432 	2013 	1430
f 2012 	1430 	2013
f 1732 	1998 	2003
f 2013 	1432 	1435
f 2013 	1435 	2014
f 808 	804 	1344
f 2003 	2011 	1736
f 2250 	2330 	262
f 1402 	1969 	1435
f 1970 	1969 	1402
f 804 	798 	1344
f 2181 	134 	133
f 1137 	1344 	798
f 798 	794 	1137
f 786 	783 	1153
f 2182 	2181 	133
f 1805 	1807 	2006
f 2270 	240 	2272
f 1444 	2271 	1300
f 2241 	153 	2201
f 153 	162 	2201
f 2202 	2201 	162
f 2271 	2006 	1807
f 2235 	217 	218
f 2235 	218 	2234
f 166 	2202 	162
f 217 	2235 	223
f 2237 	223 	2235
f 2279 	2287 	2304
f 2287 	2288 	2304
f 2278 	2279 	2304
f 2319 	2304 	2288
f 2290 	2291 	2318
f 1176 	1170 	1719
f 2204 	166 	172
f 183 	2205 	172
f 2204 	172 	2205
f 2243 	234 	223
f 2243 	223 	2237
f 1185 	1176 	1719
f 2221 	2281 	2280
f 2205 	183 	190
f 2205 	190 	2206
f 234 	2243 	244
f 2244 	244 	2243
f 1187 	1185 	1719
f 1321 	1187 	1719
f 2223 	2282 	2281
f 2223 	2281 	2221
f 2206 	190 	195
f 2245 	254 	244
f 2245 	244 	2244
f 2282 	2223 	2283
f 2226 	2283 	2223
f 2278 	1453 	2279
f 2284 	2283 	2226
f 2041 	1780 	1773
f 254 	2245 	266
f 2246 	266 	2245
f 195 	201 	2208
f 2231 	2285 	2284
f 1329 	1324 	1719
f 2041 	2044 	1780
f 277 	266 	2246
f 212 	2209 	201
f 2208 	201 	2209
f 2286 	2285 	2231
f 1333 	1329 	1719
f 1339 	1333 	1719
f 1344 	1339 	1719
f 1719 	812 	1344
f 2289 	2290 	2319
f 2318 	2319 	2290
f 2288 	2289 	2319
f 2317 	2318 	2291
f 2292 	2317 	2291
f 2293 	2317 	2292
f 2304 	2006 	2278
f 2209 	212 	213
f 2209 	213 	2210
f 1784 	2054 	1787
f 215 	2211 	213
f 2210 	213 	2211
f 2242 	2296 	2295
f 1359 	1399 	1360
f 2054 	2052 	1787
f 2242 	2184 	2296
f 2211 	215 	220
f 2211 	220 	2212
f 2060 	2058 	1790
f 1355 	1353 	1399
f 1353 	1360 	1399
f 126 	2169 	364
f 1788 	2060 	1790
f 1719 	1388 	1399
f 1363 	1355 	1399
f 224 	2213 	220
f 2212 	220 	2213
f 2290 	2289 	1464
f 2298 	3039 	2297
f 1363 	1399 	1366
f 310 	416 	2260
f 2291 	2290 	1464
f 2673 	2065 	2806
f 2806 	2065 	1907
f 1370 	1399 	1385
f 2066 	1794 	1791
f 230 	2215 	224
f 2213 	224 	2215
f 2297 	2299 	2300
f 2297 	2300 	2298
f 2260 	2261 	317
f 2260 	317 	310
f 133 	239 	2182
f 2238 	2182 	239
f 1794 	2066 	2071
f 1794 	2071 	1799
f 1366 	1399 	1370
f 1170 	1388 	1719
f 1385 	1399 	1388
f 2297 	3039 	2301
f 239 	243 	2238
f 2240 	2238 	243
f 2264 	323 	317
f 2264 	317 	2261
f 2071 	1920 	1799
f 2293 	1481 	2294
f 1324 	1321 	1719
f 2241 	2240 	243
f 2241 	243 	245
f 2301 	2302 	2299
f 2301 	2299 	2297
f 1848 	1496 	1849
f 323 	2264 	328
f 2265 	328 	2264
f 2301 	3039 	2303
f 1498 	1851 	1500
f 1850 	1500 	1851
f 2241 	245 	153
f 535 	590 	1407
f 2271 	2274 	2006
f 1574 	2006 	2304
f 2276 	2277 	2006
f 2303 	2305 	2302
f 2303 	2302 	2301
f 2266 	338 	328
f 2266 	328 	2265
f 2303 	3039 	2306
f 2304 	1527 	1593
f 599 	2065 	1577
f 338 	2266 	348
f 2268 	348 	2266
f 2306 	2307 	2305
f 2306 	2305 	2303
f 262 	270 	2250
f 2251 	2250 	270
f 2306 	3039 	2308
f 270 	274 	2251
f 2252 	2251 	274
f 2269 	356 	348
f 2269 	348 	2268
f 2308 	2314 	2307
f 2308 	2307 	2306
f 1581 	1577 	2673
f 2065 	2673 	1577
f 2310 	2312 	2309
f 2311 	2312 	2310
f 2294 	2309 	2312
f 2294 	2312 	2313
f 2294 	2313 	2315
f 2294 	2315 	2316
f 2294 	2316 	2317
f 2277 	2278 	2006
f 2275 	2276 	2006
f 2274 	2275 	2006
f 2294 	2317 	2293
f 1583 	1581 	2668
f 1851 	1498 	1848
f 274 	279 	2252
f 2254 	2252 	279
f 2269 	2234 	356
f 218 	356 	2234
f 1586 	1583 	2662
f 2668 	2662 	1583
f 2308 	2806 	2320
f 1871 	1538 	1850
f 2255 	2254 	279
f 2255 	279 	288
f 2320 	2321 	2314
f 2320 	2314 	2308
f 2320 	2806 	2322
f 2218 	2322 	2806
f 2187 	2255 	288
f 2187 	288 	134
f 1646 	1861 	1530
f 1860 	1530 	1861
f 306 	262 	2330
f 1530 	1860 	1533
f 1866 	1533 	1860
f 2323 	2326 	364
f 2322 	2325 	2321
f 2322 	2321 	2320
f 701 	2025 	1525
f 2830 	1525 	2025
f 1533 	1866 	1495
f 1849 	1495 	1866
f 374 	2326 	2328
f 1500 	1850 	1538
f 2218 	2325 	2322
f 93 	670 	2025
f 1540 	1871 	1870
f 2250 	2251 	2347
f 2328 	2329 	379
f 2328 	379 	374
f 2152 	1740 	2332
f 1873 	1543 	1870
f 389 	379 	2334
f 2329 	2334 	379
f 2319 	2318 	1516
f 3021 	2335 	2566
f 1540 	1870 	1543
f 2332 	1740 	2338
f 389 	2334 	396
f 2337 	396 	2334
f 2304 	2319 	1516
f 2304 	1516 	1527
f 305 	2566 	2335
f 1874 	1546 	1873
f 1543 	1873 	1546
f 2420 	2332 	2338
f 403 	396 	2339
f 2337 	2339 	396
f 1556 	1297 	2399
f 1875 	1549 	1874
f 1546 	1874 	1549
f 3021 	305 	2335
f 2338 	2340 	2423
f 2338 	2423 	2420
f 1876 	1552 	1875
f 409 	403 	2342
f 2339 	2342 	403
f 2274 	2271 	1444
f 1642 	1300 	2271
f 1879 	1555 	1876
f 2424 	2423 	2343
f 2340 	2343 	2423
f 1445 	2275 	1444
f 2274 	1444 	2275
f 2342 	2345 	416
f 2342 	416 	409
f 1557 	1892 	1558
f 1890 	1558 	1892
f 2275 	1445 	1448
f 2275 	1448 	2276
f 2355 	2436 	2354
f 2354 	2440 	2353
f 2353 	2440 	2352
f 2352 	2440 	2351
f 2351 	2443 	2349
f 2349 	2443 	2348
f 2356 	2436 	2355
f 2357 	2436 	2356
f 1555 	1879 	1557
f 1892 	1557 	1879
f 2260 	416 	2345
f 1451 	2277 	1448
f 2276 	1448 	2277
f 2348 	318 	322
f 2348 	322 	2349
f 1558 	1890 	1571
f 1905 	1571 	1890
f 1453 	2278 	1451
f 2277 	1451 	2278
f 2360 	2361 	2359
f 2358 	2359 	2361
f 2358 	2361 	2363
f 2358 	2363 	2364
f 2358 	2364 	2365
f 2358 	2365 	2366
f 2358 	2366 	2367
f 2358 	2367 	2368
f 2358 	2368 	2369
f 2358 	2369 	2370
f 2334 	2940 	2337
f 2334 	2329 	2941
f 1571 	1905 	1572
f 1904 	1572 	1905
f 2287 	2279 	1457
f 1453 	1457 	2279
f 2351 	2349 	322
f 2351 	322 	324
f 2287 	1457 	1459
f 2287 	1459 	2288
f 2940 	2234 	2269
f 2337 	2940 	2339
f 2108 	2234 	2940
f 1908 	1575 	1904
f 2288 	1459 	1462
f 2288 	1462 	2289
f 2224 	2108 	2225
f 2222 	2108 	2224
f 2220 	2108 	2222
f 2248 	2108 	2219
f 2352 	2351 	324
f 2352 	324 	329
f 2289 	1462 	1464
f 2361 	2360 	2429
f 1579 	1915 	1580
f 1914 	1580 	1915
f 1464 	1472 	2291
f 2363 	2361 	2429
f 1579 	1908 	1915
f 1476 	2292 	1472
f 2291 	1472 	2292
f 2159 	2158 	2941
f 2141 	2107 	2146
f 2153 	2146 	2941
f 1600 	1597 	2324
f 1597 	1592 	2324
f 1481 	2293 	1476
f 2292 	1476 	2293
f 1485 	2294 	1481
f 1527 	1526 	1593
f 2232 	2107 	2115
f 2366 	2365 	2448
f 1591 	1920 	1596
f 1921 	1596 	1920
f 2309 	2294 	1485
f 2128 	2123 	2107
f 2115 	2107 	2121
f 2131 	2128 	2107
f 1924 	1599 	1921
f 1596 	1921 	1599
f 1636 	1622 	1610
f 2367 	2366 	2448
f 1487 	2310 	1485
f 2309 	1485 	2310
f 2121 	2107 	2123
f 1648 	1610 	1649
f 1599 	1924 	1602
f 1926 	1602 	1924
f 2310 	1487 	1488
f 2310 	1488 	2311
f 1491 	2312 	1488
f 2311 	1488 	2312
f 1610 	1608 	1656
f 1656 	1649 	1610
f 1648 	1641 	1610
f 1931 	1607 	1926
f 2369 	2368 	2455
f 2107 	2136 	2131
f 1491 	1493 	2312
f 2313 	2312 	1493
f 2324 	1666 	1600
f 2369 	2455 	2370
f 2141 	2136 	2107
f 1930 	1609 	1931
f 2315 	2313 	1493
f 2315 	1493 	1497
f 2707 	2701 	2324
f 1673 	1666 	2324
f 1497 	1501 	2315
f 2316 	2315 	1501
f 1614 	1934 	1932
f 2317 	2316 	1501
f 2317 	1501 	1502
f 2107 	2941 	2146
f 1613 	1930 	1934
f 2652 	2714 	2324
f 2655 	2652 	2324
f 1502 	1509 	2317
f 2318 	2317 	1509
f 1609 	1930 	1613
f 2406 	2407 	2385
f 2407 	2409 	2385
f 2409 	2410 	2385
f 2405 	2406 	2385
f 2404 	2405 	2385
f 2403 	2404 	2385
f 1516 	2318 	1509
f 2153 	2941 	2155
f 2155 	2941 	2158
f 1938 	1631 	1932
f 1634 	1938 	1940
f 1634 	1940 	1640
f 1942 	1640 	1940
f 2168 	2941 	2169
f 1641 	1636 	1610
f 1610 	1622 	1617
f 1610 	1617 	1725
f 1725 	1720 	1610
f 1715 	1816 	1720
f 1945 	1644 	1942
f 1640 	1942 	1644
f 2353 	2352 	329
f 2353 	329 	333
f 2393 	3158 	2392
f 2394 	3158 	2393
f 2453 	3158 	2394
f 2396 	3158 	2395
f 2481 	3158 	2396
f 2398 	2563 	3158
f 2399 	3158 	2563
f 2399 	1632 	3158
f 1944 	1645 	1945
f 2383 	2382 	2468
f 2169 	2941 	2323
f 2168 	2163 	2941
f 2159 	2941 	2163
f 2384 	2383 	2468
f 2384 	2468 	2469
f 1646 	1944 	1861
f 2107 	2225 	2108
f 2246 	2108 	2248
f 2245 	2108 	2246
f 2348 	2416 	318
f 2469 	2385 	2384
f 2219 	2108 	2220
f 1951 	599 	1954
f 2354 	2353 	333
f 2354 	333 	336
f 1957 	1954 	587
f 2348 	2347 	2416
f 2225 	2107 	2227
f 1968 	1957 	587
f 1914 	1587 	1580
f 2383 	2384 	2358
f 2382 	2383 	2358
f 2381 	2382 	2358
f 2411 	2358 	2384
f 2379 	2381 	2358
f 2378 	2379 	2358
f 2370 	2378 	2358
f 2410 	2411 	2384
f 2384 	2385 	2410
f 2355 	2354 	336
f 2355 	336 	339
f 2227 	2107 	2228
f 2347 	2417 	2416
f 2228 	2107 	2230
f 1587 	1953 	1655
f 318 	2416 	352
f 2230 	2107 	2232
f 1974 	587 	1977
f 2356 	2355 	339
f 2356 	339 	340
f 1989 	1983 	587
f 1983 	1977 	587
f 2413 	480 	2414
f 2245 	2244 	2108
f 2108 	2235 	2234
f 2235 	2108 	2237
f 1952 	1955 	1655
f 1994 	1991 	587
f 1991 	1989 	587
f 2406 	2405 	2479
f 2237 	2108 	2243
f 480 	483 	2414
f 2407 	2406 	2479
f 2243 	2108 	2244
f 1663 	1661 	1958
f 1959 	1958 	1661
f 340 	395 	2357
f 2616 	2008 	2004
f 587 	1947 	2031
f 587 	2021 	2016
f 587 	2016 	1996
f 1996 	1994 	587
f 1661 	1659 	1959
f 1955 	1959 	1659
f 1958 	1975 	1663
f 2027 	2626 	2004
f 2411 	2410 	2485
f 2419 	482 	488
f 1676 	1973 	1679
f 2358 	2411 	2485
f 2021 	587 	2031
f 2345 	2940 	2260
f 2149 	2152 	2418
f 2332 	2418 	2152
f 2636 	2026 	2032
f 2260 	2940 	2261
f 2264 	2940 	2265
f 1692 	1679 	1976
f 354 	2417 	376
f 2347 	376 	2417
f 2420 	2418 	2332
f 2036 	2031 	1947
f 2038 	2036 	1947
f 2261 	2940 	2264
f 2266 	2265 	2940
f 2636 	2032 	2640
f 2037 	2640 	2032
f 2043 	2038 	1947
f 1692 	1976 	1979
f 2042 	2643 	2037
f 2269 	2268 	2940
f 2050 	2043 	1947
f 1707 	1701 	1982
f 2266 	2940 	2268
f 2359 	2358 	2425
f 2251 	2252 	2347
f 2215 	2180 	2213
f 1982 	1987 	1707
f 2425 	2427 	2359
f 2360 	2359 	2427
f 2347 	2215 	376
f 230 	376 	2215
f 1990 	1713 	1709
f 2648 	2057 	2649
f 2055 	2649 	2057
f 2429 	2360 	2427
f 2065 	599 	2068
f 2323 	2941 	2326
f 2363 	2429 	2431
f 2068 	599 	2072
f 2057 	2648 	2051
f 2328 	2326 	2941
f 2329 	2328 	2941
f 2364 	2363 	2431
f 2364 	2431 	2437
f 2063 	2656 	2055
f 2434 	512 	2444
f 2080 	599 	1951
f 2076 	599 	2080
f 2072 	599 	2076
f 2433 	2435 	2432
f 2435 	2458 	2432
f 2357 	2432 	2436
f 2438 	2354 	2436
f 2439 	2354 	2438
f 2440 	2354 	2439
f 2441 	2351 	2440
f 2442 	2351 	2441
f 2443 	2351 	2442
f 2445 	2348 	2443
f 1717 	1716 	1993
f 1995 	1993 	1716
f 2437 	2446 	2364
f 2365 	2364 	2446
f 2656 	2063 	2657
f 2444 	518 	2447
f 2056 	2050 	1947
f 2085 	2056 	1947
f 2448 	2365 	2446
f 2339 	2940 	2342
f 2448 	2449 	2367
f 2452 	2368 	2449
f 2367 	2449 	2368
f 2342 	2940 	2345
f 2395 	3158 	2453
f 2368 	2452 	2455
f 2393 	1534 	2394
f 350 	2456 	2454
f 2940 	2942 	2108
f 1990 	1995 	1713
f 1716 	1713 	1995
f 2455 	2459 	2370
f 2149 	2437 	2144
f 2425 	2485 	2120
f 2120 	2124 	2425
f 2427 	2425 	2124
f 2429 	2427 	2132
f 2132 	2144 	2429
f 2431 	2429 	2144
f 2132 	2427 	2124
f 2436 	2432 	2458
f 2674 	2084 	2087
f 1993 	1999 	1717
f 2378 	2370 	2459
f 2090 	2677 	2087
f 1730 	1998 	1732
f 2378 	2459 	2460
f 2378 	2460 	2379
f 2678 	2090 	2089
f 312 	2461 	2462
f 2463 	2381 	2460
f 2379 	2460 	2381
f 197 	2081 	199
f 2079 	199 	2081
f 2465 	307 	2464
f 2549 	2548 	2256
f 2257 	2549 	2256
f 2253 	2256 	2548
f 2273 	2553 	2258
f 2104 	2472 	2273
f 2381 	2463 	2466
f 2381 	2466 	2382
f 2083 	2081 	197
f 202 	2083 	197
f 2382 	2466 	2468
f 2055 	2057 	1702
f 2055 	2847 	2063
f 240 	2270 	202
f 2083 	202 	2270
f 2096 	2695 	2092
f 2282 	2283 	2608
f 2283 	2284 	2608
f 2285 	2540 	2284
f 2286 	2542 	2285
f 2295 	2542 	2286
f 2296 	2544 	2295
f 2247 	2544 	2296
f 2608 	2605 	2282
f 2469 	2471 	2385
f 2011 	2017 	1746
f 2098 	2700 	2096
f 2467 	1702 	2470
f 227 	2134 	222
f 2129 	222 	2134
f 2134 	227 	2137
f 235 	2137 	227
f 2001 	2470 	1702
f 2008 	2001 	1702
f 1914 	1953 	1587
f 2511 	2553 	2403
f 199 	2079 	231
f 2142 	231 	2079
f 2305 	2584 	2302
f 2307 	2587 	2305
f 2302 	2584 	2299
f 2314 	2593 	2307
f 2605 	2599 	2280
f 2280 	2281 	2605
f 2404 	2472 	2473
f 2404 	2473 	2405
f 231 	2142 	235
f 2137 	235 	2142
f 2717 	2106 	2105
f 2405 	2473 	2479
f 2475 	2348 	2474
f 2476 	2348 	2475
f 2477 	2348 	2476
f 2478 	2348 	2477
f 2474 	2348 	2445
f 2299 	2572 	2300
f 2479 	2480 	2407
f 251 	2272 	240
f 2026 	1702 	2032
f 2482 	3158 	2481
f 2397 	3158 	2482
f 2483 	2409 	2480
f 2407 	2480 	2409
f 2037 	2032 	1702
f 2037 	1702 	2042
f 256 	2151 	251
f 2272 	251 	2151
f 2395 	1542 	2396
f 2409 	2483 	2484
f 2409 	2484 	2410
f 2423 	2460 	2420
f 2482 	2481 	1548
f 275 	2162 	256
f 2151 	256 	2162
f 2410 	2484 	2485
f 2397 	2482 	1548
f 2116 	2739 	2062
f 2166 	282 	278
f 2112 	2114 	2483
f 2485 	2425 	2358
f 2484 	2483 	2114
f 2740 	2119 	2742
f 2118 	2742 	2119
f 282 	2165 	275
f 1659 	1655 	1955
f 2740 	2116 	2119
f 2105 	2467 	2075
f 2485 	2484 	2114
f 2166 	278 	2170
f 293 	2170 	278
f 2105 	2106 	2467
f 2101 	2467 	2106
f 2489 	412 	2488
f 2487 	2488 	412
f 2492 	3427 	412
f 2490 	412 	2489
f 2127 	2744 	2118
f 2170 	293 	2172
f 291 	2172 	293
f 2114 	2120 	2485
f 2745 	2127 	2125
f 2175 	296 	2176
f 295 	2176 	296
f 2026 	2027 	1702
f 2027 	2004 	1702
f 2004 	2008 	1702
f 2470 	2075 	2467
f 2431 	2144 	2437
f 2487 	2486 	2493
f 2487 	2493 	2496
f 1676 	1663 	1975
f 2101 	2102 	2467
f 2102 	2100 	2467
f 296 	2175 	291
f 2488 	2487 	2496
f 2488 	2496 	2497
f 2448 	2446 	2149
f 2446 	2437 	2149
f 1676 	1975 	1973
f 1702 	2847 	2055
f 2746 	2745 	2130
f 2125 	2130 	2745
f 2495 	2494 	479
f 2489 	2488 	2497
f 2489 	2497 	2498
f 2172 	291 	2175
f 2490 	2489 	2498
f 2490 	2498 	2499
f 2449 	2448 	2418
f 2149 	2418 	2448
f 2478 	2330 	2348
f 2176 	295 	2192
f 309 	2192 	295
f 750 	2470 	2613
f 2491 	2490 	2499
f 2491 	2499 	2500
f 2746 	2130 	2135
f 2492 	2491 	2500
f 2492 	2500 	2501
f 2192 	309 	2239
f 308 	2239 	309
f 2455 	2452 	2420
f 2455 	2420 	2459
f 2418 	2420 	2452
f 2452 	2449 	2418
f 316 	2259 	308
f 189 	2492 	2501
f 2495 	3210 	2494
f 2259 	2239 	308
f 2001 	2613 	2470
f 2502 	2769 	2385
f 1709 	1707 	1987
f 2503 	2769 	2502
f 2262 	321 	2263
f 319 	2263 	321
f 2459 	2420 	2460
f 2470 	750 	2075
f 1990 	1709 	1987
f 2502 	2471 	2503
f 2385 	2471 	2502
f 742 	3249 	2467
f 2259 	316 	2262
f 321 	2262 	316
f 2460 	2423 	2463
f 2356 	340 	2357
f 2432 	2357 	395
f 1702 	2467 	3249
f 2466 	2463 	2423
f 2423 	2424 	2466
f 2432 	395 	398
f 2432 	398 	2433
f 319 	2267 	2263
f 2468 	2466 	2424
f 2469 	2468 	2424
f 2469 	2424 	2471
f 2763 	2757 	2150
f 2385 	2505 	2506
f 2385 	2506 	2507
f 2385 	2507 	2508
f 2385 	2508 	2509
f 2385 	2509 	2510
f 2385 	2510 	2511
f 2385 	2511 	2403
f 405 	2435 	398
f 2433 	398 	2435
f 1149 	2464 	335
f 1730 	1717 	1999
f 2435 	405 	2458
f 1730 	1999 	1998
f 2763 	2150 	2154
f 2512 	835 	838
f 2512 	838 	2513
f 419 	2438 	420
f 2436 	420 	2438
f 2473 	2472 	2104
f 2767 	2766 	2156
f 405 	413 	2458
f 2514 	2513 	838
f 350 	2454 	344
f 1746 	1736 	2011
f 2458 	413 	420
f 2458 	420 	2436
f 2479 	2473 	2110
f 2104 	2110 	2473
f 2509 	2508 	2548
f 2156 	2161 	2767
f 2514 	838 	3061
f 349 	2456 	350
f 1749 	1746 	2017
f 2548 	2510 	2509
f 2110 	2112 	2480
f 2480 	2479 	2110
f 2438 	419 	426
f 2438 	426 	2439
f 2017 	2029 	1749
f 2457 	358 	2327
f 355 	2327 	358
f 2611 	1695 	2614
f 2555 	1695 	2612
f 2611 	2612 	1695
f 2541 	2514 	1560
f 429 	2440 	426
f 2439 	426 	2440
f 349 	358 	2457
f 2164 	2776 	2160
f 2483 	2480 	2112
f 2257 	2258 	2549
f 2440 	429 	435
f 2440 	435 	2441
f 2456 	349 	2457
f 2029 	1759 	1749
f 2514 	2518 	2515
f 439 	2442 	435
f 2441 	435 	2442
f 2327 	355 	2331
f 363 	2331 	355
f 1761 	1759 	2028
f 2029 	2028 	1759
f 441 	2443 	439
f 2442 	439 	2443
f 1770 	2035 	2034
f 1770 	2034 	1773
f 367 	2333 	363
f 2331 	363 	2333
f 2539 	2538 	2514
f 2536 	2517 	2514
f 2518 	2514 	2517
f 2496 	2493 	2503
f 2785 	2782 	2171
f 1770 	1761 	2035
f 2333 	367 	2336
f 370 	2336 	367
f 2521 	2385 	2520
f 2522 	2385 	2521
f 2523 	2385 	2522
f 2524 	2385 	2523
f 2525 	2385 	2524
f 2526 	2385 	2525
f 2527 	2385 	2526
f 2528 	2385 	2527
f 2529 	2385 	2528
f 2530 	2385 	2529
f 2504 	2385 	2531
f 2505 	2385 	2504
f 2531 	2385 	2530
f 448 	2445 	441
f 2497 	2496 	2503
f 2498 	2497 	2503
f 2028 	2035 	1761
f 2336 	370 	2129
f 222 	2129 	370
f 2499 	2498 	2503
f 2474 	2445 	448
f 2443 	441 	2445
f 378 	2267 	319
f 2609 	2513 	2533
f 2533 	2513 	2532
f 2041 	1773 	2034
f 2474 	448 	450
f 2474 	450 	2475
f 2788 	2787 	2173
f 2532 	2513 	2534
f 1782 	1780 	2044
f 377 	2341 	378
f 2267 	378 	2341
f 458 	2476 	450
f 2475 	450 	2476
f 2500 	2499 	2503
f 2501 	2500 	2503
f 2503 	189 	2501
f 2044 	2048 	1782
f 1784 	1782 	2048
f 381 	2344 	2341
f 381 	2341 	377
f 2522 	2521 	2565
f 2476 	458 	459
f 2476 	459 	2477
f 1784 	2048 	2054
f 463 	2478 	459
f 2477 	459 	2478
f 2536 	2514 	2535
f 2537 	2535 	2514
f 2523 	2522 	2565
f 2471 	2424 	2503
f 90 	147 	2424
f 2788 	2173 	2178
f 1788 	1787 	2052
f 2346 	392 	391
f 2346 	391 	2350
f 2478 	463 	2552
f 1791 	1790 	2058
f 381 	392 	2344
f 2346 	2344 	392
f 2538 	2537 	2514
f 2793 	2792 	2185
f 2494 	471 	479
f 391 	404 	2350
f 2362 	2350 	404
f 2052 	2060 	1788
f 2793 	2185 	2186
f 463 	485 	2552
f 1545 	1551 	2514
f 2362 	404 	402
f 2362 	402 	2371
f 2526 	2525 	2584
f 2066 	1791 	2058
f 993 	471 	2494
f 1547 	1545 	2514
f 2539 	2514 	2541
f 2542 	2295 	2544
f 2795 	2794 	2189
f 2373 	2372 	407
f 408 	407 	2372
f 2527 	2526 	2584
f 2247 	2249 	2545
f 2347 	2348 	2330
f 2552 	2330 	2478
f 2330 	2250 	2347
f 2796 	2795 	2188
f 2189 	2188 	2795
f 1551 	1554 	2514
f 2372 	2371 	408
f 2803 	2802 	2190
f 2191 	2190 	2802
f 402 	408 	2371
f 1591 	1799 	1920
f 12 	3099 	2892
f 418 	2374 	2373
f 418 	2373 	407
f 2802 	2796 	2191
f 2249 	2253 	2545
f 2549 	2258 	2553
f 2553 	2273 	2472
f 1554 	1560 	2514
f 2547 	2543 	1560
f 2796 	2188 	2191
f 2375 	2374 	415
f 418 	415 	2374
f 10 	3099 	12
f 2330 	2552 	485
f 2330 	485 	306
f 2551 	2546 	1560
f 2195 	2803 	2190
f 2376 	2375 	423
f 415 	423 	2375
f 2558 	2300 	2560
f 2557 	2619 	2558
f 2397 	2398 	3158
f 2494 	3156 	993
f 96 	102 	3112
f 423 	427 	2376
f 2377 	2376 	427
f 2559 	2512 	2561
f 2397 	1550 	2398
f 2563 	2398 	1553
f 3159 	3160 	2566
f 2560 	2300 	2562
f 305 	490 	2566
f 431 	2380 	2377
f 2377 	427 	431
f 2399 	2563 	1553
f 2562 	2300 	2565
f 490 	3159 	2566
f 2567 	2513 	2571
f 2565 	2300 	2568
f 2519 	2385 	2580
f 2519 	2520 	2385
f 2578 	2580 	2385
f 2575 	2578 	2385
f 2385 	2769 	2771
f 2577 	2579 	3158
f 2579 	2581 	3158
f 2581 	2582 	3158
f 2583 	3158 	2582
f 2585 	3158 	2583
f 2585 	2586 	3158
f 2390 	3158 	2586
f 2391 	3158 	2390
f 2567 	2564 	2513
f 2568 	2300 	2569
f 2570 	2571 	2513
f 2569 	2300 	2572
f 2386 	2380 	442
f 431 	442 	2380
f 1699 	3120 	1697
f 2584 	2305 	2587
f 2572 	2299 	2584
f 2591 	3210 	2589
f 2592 	3210 	2591
f 2594 	3210 	2592
f 2595 	3210 	2594
f 2596 	3210 	2595
f 2598 	3210 	2596
f 2600 	3210 	2598
f 2601 	3210 	2600
f 2602 	3210 	2601
f 2667 	2669 	3210
f 2666 	2667 	3210
f 2574 	2570 	2513
f 446 	2387 	2386
f 446 	2386 	442
f 2599 	2593 	2321
f 2587 	2307 	2593
f 742 	2467 	2606
f 2590 	2573 	2513
f 96 	2973 	110
f 2388 	453 	451
f 2388 	451 	2389
f 2581 	2579 	1584
f 2325 	2280 	2599
f 446 	453 	2387
f 2388 	2387 	453
f 2582 	2581 	1584
f 2847 	2606 	1980
f 2609 	2610 	2513
f 2610 	2607 	2513
f 114 	2884 	115
f 2548 	2545 	2253
f 2545 	2544 	2247
f 2540 	2285 	2542
f 2608 	2284 	2540
f 2281 	2282 	2605
f 2321 	2325 	2599
f 2400 	465 	464
f 2400 	464 	2401
f 451 	465 	2389
f 2400 	2389 	465
f 2300 	2619 	2896
f 464 	468 	2401
f 2402 	2401 	468
f 2614 	1695 	2618
f 2615 	3249 	2613
f 472 	2408 	2402
f 472 	2402 	468
f 2618 	1695 	2617
f 2619 	2620 	2641
f 2627 	2636 	3249
f 2616 	3249 	2615
f 472 	474 	2408
f 2412 	2408 	474
f 2596 	2595 	562
f 2621 	2641 	2620
f 2622 	2620 	2619
f 2617 	1695 	2624
f 2626 	2627 	3249
f 82 	2953 	86
f 477 	2413 	2412
f 477 	2412 	474
f 2633 	2634 	3158
f 2634 	2635 	3158
f 2632 	2633 	3158
f 2635 	2637 	3158
f 2637 	2638 	3158
f 2638 	2576 	3158
f 2576 	2577 	3158
f 2631 	2632 	3158
f 2598 	2596 	562
f 2624 	1695 	2623
f 2630 	2623 	1695
f 2643 	2645 	3249
f 2636 	2640 	3249
f 2413 	477 	480
f 115 	2944 	82
f 2631 	2629 	1606
f 2639 	2630 	1695
f 2625 	2622 	2619
f 2628 	2625 	2619
f 2300 	2558 	2619
f 2321 	2593 	2314
f 2628 	2619 	2557
f 2644 	2642 	1695
f 2642 	2639 	1695
f 2647 	2648 	1568
f 2640 	2643 	3249
f 2924 	2923 	2951
f 2641 	2621 	2952
f 2493 	2952 	2621
f 2503 	2493 	2621
f 2632 	2631 	1606
f 2648 	2649 	1568
f 1703 	1568 	2649
f 2645 	2647 	3249
f 2646 	2676 	2650
f 2531 	2608 	2504
f 2656 	1703 	2649
f 2657 	1703 	2656
f 2540 	2542 	2505
f 2506 	2505 	2542
f 2415 	2414 	483
f 2419 	2415 	482
f 483 	482 	2415
f 2701 	2698 	2324
f 2714 	2707 	2324
f 2507 	2506 	2542
f 2507 	2542 	2544
f 2653 	2654 	1695
f 2651 	1695 	2654
f 1568 	3249 	2647
f 2660 	2653 	1695
f 2659 	2660 	1695
f 2544 	2545 	2507
f 2508 	2507 	2545
f 2658 	2655 	2324
f 2422 	2421 	487
f 2661 	2658 	2324
f 2548 	2508 	2545
f 2603 	3210 	2602
f 2669 	2670 	3210
f 2604 	3210 	2603
f 2670 	2588 	3210
f 2588 	2589 	3210
f 2708 	3210 	2604
f 2662 	2661 	2324
f 2324 	1592 	2662
f 2510 	2548 	2549
f 2674 	742 	2672
f 2675 	2687 	2650
f 1592 	1589 	2662
f 1589 	1586 	2662
f 2673 	2668 	1581
f 2511 	2510 	2549
f 2511 	2549 	2553
f 2678 	742 	2677
f 2674 	2677 	742
f 2675 	2650 	2676
f 2691 	2692 	2646
f 2472 	2403 	2553
f 2404 	2403 	2472
f 2679 	1711 	2684
f 2685 	2650 	2687
f 2669 	2667 	603
f 2680 	742 	2678
f 2681 	742 	2680
f 2635 	2634 	1630
f 2578 	2575 	2557
f 2628 	2557 	2575
f 1711 	1708 	2684
f 2676 	2646 	2692
f 2558 	2580 	2557
f 2578 	2557 	2580
f 2695 	742 	2681
f 566 	2697 	2703
f 603 	2670 	2669
f 2686 	2684 	1708
f 2683 	2512 	2689
f 2699 	568 	2682
f 187 	2682 	568
f 2700 	742 	2695
f 2560 	2519 	2558
f 2580 	2558 	2519
f 2520 	2519 	2560
f 1708 	1704 	2686
f 2690 	2686 	1704
f 566 	2703 	572
f 2704 	742 	2700
f 2694 	2688 	2512
f 2705 	2706 	2716
f 1704 	1694 	2690
f 2711 	742 	2709
f 2520 	2560 	2562
f 2520 	2562 	2521
f 2713 	2716 	2706
f 2693 	2694 	2512
f 2733 	2734 	3210
f 2734 	2735 	3210
f 2696 	2690 	1694
f 2637 	2635 	1630
f 2705 	2716 	2723
f 2521 	2562 	2565
f 2702 	2693 	2512
f 2713 	2706 	2720
f 2719 	2720 	2706
f 2718 	2712 	2512
f 2712 	2702 	2512
f 2723 	2724 	2705
f 2565 	2568 	2523
f 2726 	742 	2717
f 2709 	742 	2704
f 1694 	1682 	2696
f 1682 	1673 	2698
f 2698 	2696 	1682
f 1673 	2324 	2698
f 2421 	2419 	488
f 2569 	2524 	2568
f 2523 	2568 	2524
f 2717 	742 	2715
f 2722 	2718 	2512
f 2524 	2569 	2572
f 2524 	2572 	2525
f 2752 	3120 	2751
f 488 	487 	2421
f 2525 	2572 	2584
f 2727 	2512 	2731
f 2728 	2721 	2512
f 2749 	3210 	2710
f 2735 	2664 	3210
f 2710 	3210 	2708
f 2664 	2665 	3210
f 2665 	2666 	3210
f 2426 	2422 	502
f 487 	502 	2422
f 2730 	1816 	2736
f 2584 	2587 	2527
f 2426 	502 	505
f 2426 	505 	2428
f 479 	2733 	2495
f 2564 	2561 	2513
f 2738 	2512 	2559
f 2731 	2512 	2738
f 2727 	2728 	2512
f 2740 	1703 	2739
f 2657 	2739 	1703
f 2593 	2528 	2587
f 2527 	2587 	2528
f 2430 	2428 	506
f 505 	506 	2428
f 512 	2434 	2430
f 512 	2430 	506
f 2742 	1703 	2740
f 2528 	2593 	2599
f 2528 	2599 	2529
f 2741 	1816 	2743
f 2743 	1711 	2679
f 518 	2444 	512
f 2747 	3120 	2746
f 2742 	2744 	1703
f 2605 	2530 	2599
f 2529 	2599 	2530
f 1711 	2743 	1816
f 2737 	1816 	2741
f 2736 	1816 	2737
f 2721 	2722 	2512
f 2688 	2689 	2512
f 2683 	2671 	2512
f 1695 	2512 	2663
f 2671 	2663 	2512
f 2663 	2659 	1695
f 2651 	2644 	1695
f 2447 	518 	520
f 2447 	520 	2450
f 522 	2450 	520
f 1711 	1816 	1715
f 1610 	1720 	1816
f 2608 	2531 	2605
f 2530 	2605 	2531
f 2607 	2597 	2513
f 2597 	2590 	2513
f 2573 	2574 	2513
f 2513 	2561 	2512
f 2751 	3120 	2748
f 2745 	3120 	2744
f 522 	2451 	2450
f 344 	2451 	522
f 2586 	1594 	2390
f 1816 	2730 	2732
f 2732 	2729 	1816
f 2729 	2750 	1816
f 2540 	2504 	2608
f 2505 	2504 	2540
f 2514 	2515 	2516
f 2516 	2534 	2514
f 2514 	2534 	2513
f 1529 	1532 	2391
f 2392 	2391 	1532
f 1703 	2744 	3120
f 2451 	344 	2454
f 911 	3337 	2486
f 2393 	2392 	1532
f 2393 	1532 	1534
f 1700 	1703 	3120
f 2543 	2541 	1560
f 2756 	3076 	2754
f 2670 	605 	2588
f 2757 	3076 	2756
f 2754 	3120 	2752
f 851 	2516 	855
f 2503 	2621 	2769
f 2453 	2394 	1539
f 1534 	1539 	2394
f 2591 	2589 	504
f 2591 	504 	540
f 1539 	1542 	2453
f 2395 	2453 	1542
f 2763 	3076 	2757
f 540 	553 	2591
f 2592 	2591 	553
f 2760 	2759 	2619
f 855 	2515 	863
f 2765 	2766 	3076
f 2758 	2755 	2852
f 2878 	2879 	2849
f 2761 	2760 	2619
f 2761 	2619 	2641
f 555 	2594 	553
f 2592 	553 	2594
f 2481 	2396 	1544
f 1542 	1544 	2396
f 2536 	886 	2517
f 2766 	2767 	3076
f 2767 	2775 	3076
f 1548 	2481 	1544
f 2594 	555 	559
f 2594 	559 	2595
f 2762 	2758 	2853
f 2773 	2385 	2772
f 2771 	2772 	2385
f 2774 	2385 	2773
f 2575 	2385 	2774
f 2397 	1548 	1550
f 977 	2533 	873
f 2776 	2778 	2606
f 2606 	3076 	2776
f 2595 	559 	562
f 2771 	2769 	2621
f 2771 	2621 	2620
f 2853 	1819 	2764
f 2532 	874 	873
f 1553 	2398 	1550
f 2772 	2771 	2620
f 2772 	2620 	2622
f 562 	567 	2598
f 2777 	1819 	2779
f 2773 	2772 	2622
f 2773 	2622 	2625
f 2399 	1553 	1556
f 569 	2600 	567
f 2598 	567 	2600
f 874 	2534 	851
f 2774 	2773 	2625
f 2774 	2625 	2628
f 2725 	574 	579
f 2725 	579 	2783
f 2575 	2774 	2628
f 865 	2517 	886
f 589 	588 	2784
f 589 	2784 	2786
f 2600 	569 	573
f 2600 	573 	2601
f 1820 	2781 	2780
f 2780 	2779 	1820
f 2777 	2770 	1819
f 1820 	2779 	1819
f 2638 	1635 	2576
f 2577 	2576 	1578
f 2786 	2682 	589
f 187 	589 	2682
f 2896 	2791 	2300
f 1578 	1582 	2577
f 2579 	2577 	1582
f 575 	2602 	573
f 2601 	573 	2602
f 887 	886 	2536
f 2703 	2783 	572
f 580 	2603 	575
f 2602 	575 	2603
f 1584 	2579 	1582
f 2784 	588 	568
f 572 	2783 	579
f 643 	2604 	580
f 2792 	2606 	2790
f 2486 	3337 	2493
f 2723 	2716 	2692
f 2716 	2676 	2692
f 887 	2535 	890
f 2582 	1584 	1585
f 2793 	2606 	2792
f 2735 	659 	2664
f 2687 	2675 	2720
f 2675 	2713 	2720
f 591 	596 	2665
f 2666 	2665 	596
f 2794 	2606 	2793
f 2583 	2582 	1585
f 2583 	1585 	1588
f 2685 	2687 	2720
f 2538 	892 	2537
f 2675 	2676 	2716
f 596 	597 	2666
f 2667 	2666 	597
f 2796 	2606 	2795
f 2789 	2790 	2606
f 1588 	1590 	2583
f 2585 	2583 	1590
f 2675 	2716 	2713
f 603 	2667 	597
f 2586 	2585 	1590
f 2586 	1590 	1594
f 3042 	3082 	2806
f 3041 	3042 	2806
f 3040 	3041 	2806
f 3078 	3040 	2806
f 3039 	3078 	2806
f 2806 	2308 	3039
f 3047 	3053 	2806
f 2670 	603 	605
f 2802 	2606 	2796
f 2807 	2808 	2815
f 1529 	2390 	1594
f 2391 	2390 	1529
f 605 	504 	2588
f 2589 	2588 	504
f 2708 	2604 	643
f 2603 	580 	2604
f 2629 	1605 	1606
f 901 	2541 	903
f 2708 	643 	646
f 2708 	646 	2710
f 646 	664 	2710
f 2606 	2811 	742
f 2812 	742 	2811
f 2632 	1606 	1612
f 3362 	209 	2807
f 2733 	479 	652
f 574 	2697 	566
f 908 	2547 	2546
f 2812 	2672 	742
f 2810 	2811 	2606
f 2705 	2650 	2706
f 2784 	568 	2699
f 652 	656 	2733
f 2734 	2733 	656
f 2646 	2650 	2705
f 2735 	2734 	656
f 2735 	656 	659
f 2633 	2632 	1612
f 2633 	1612 	1616
f 2547 	907 	2543
f 591 	2664 	659
f 2665 	2664 	591
f 2765 	3076 	2763
f 2606 	2778 	2782
f 2606 	2782 	2785
f 2788 	2606 	2787
f 2787 	2606 	2785
f 2789 	2606 	2788
f 2794 	2795 	2606
f 2802 	2803 	2606
f 2806 	2805 	2673
f 2685 	2720 	2719
f 2749 	2710 	664
f 1616 	1619 	2633
f 2634 	2633 	1619
f 2551 	912 	2546
f 2692 	2691 	2724
f 2692 	2724 	2723
f 2606 	2803 	2809
f 2809 	2810 	2606
f 2715 	742 	2711
f 2815 	2816 	2807
f 3209 	3156 	3210
f 2746 	3120 	2745
f 3120 	2754 	3076
f 2775 	2776 	3076
f 1630 	2634 	1619
f 2814 	2791 	2897
f 2896 	2897 	2791
f 2819 	2828 	2818
f 2820 	2828 	2819
f 2821 	2828 	2820
f 2822 	2828 	2821
f 2823 	2828 	2822
f 2824 	2828 	2823
f 2827 	2828 	2824
f 2829 	2818 	2828
f 2797 	2868 	2829
f 2008 	2616 	2615
f 2897 	2898 	2814
f 2813 	2814 	2899
f 2898 	2899 	2814
f 2835 	2912 	2834
f 2834 	2850 	2833
f 2833 	2850 	2832
f 2850 	2851 	1524
f 2838 	2912 	2837
f 2837 	2912 	2835
f 1523 	1524 	2851
f 2830 	2831 	1525
f 2613 	2001 	2615
f 2008 	2615 	2001
f 2650 	2685 	2706
f 2637 	1630 	1633
f 2899 	2888 	2813
f 2555 	923 	2556
f 919 	2556 	923
f 2817 	2813 	2888
f 1615 	1605 	1604
f 2616 	2004 	2626
f 2724 	2691 	2705
f 2821 	2820 	2686
f 2888 	2889 	2817
f 916 	2554 	919
f 2556 	919 	2554
f 2831 	2830 	670
f 2831 	670 	677
f 574 	2725 	2697
f 2638 	2637 	1633
f 2638 	1633 	1635
f 2626 	2027 	2627
f 2026 	2627 	2027
f 2822 	2821 	2686
f 677 	2832 	2831
f 2629 	1604 	1605
f 2893 	2894 	2825
f 2873 	2875 	2841
f 2627 	2026 	2636
f 1635 	1578 	2576
f 494 	493 	2843
f 2844 	2843 	493
f 2845 	2842 	2875
f 2842 	2841 	2875
f 2875 	2876 	2845
f 2640 	2037 	2643
f 2643 	2042 	2645
f 2047 	2645 	2042
f 2829 	2828 	2714
f 941 	2561 	948
f 1696 	1519 	2851
f 1520 	1521 	2851
f 2940 	2334 	2941
f 2051 	2647 	2047
f 2645 	2047 	2647
f 2714 	2652 	2797
f 950 	948 	2564
f 709 	2108 	3073
f 1917 	2851 	2850
f 1917 	2850 	1919
f 3077 	2944 	2107
f 2941 	2107 	2944
f 2862 	3152 	2861
f 2860 	2861 	3152
f 2859 	2860 	3152
f 2858 	2859 	3152
f 2857 	2858 	3152
f 2856 	2857 	3152
f 2855 	2856 	3152
f 2863 	3152 	2862
f 2864 	3152 	2863
f 2865 	3152 	2864
f 2866 	3152 	2865
f 2867 	3152 	2866
f 2847 	17 	120
f 2051 	2648 	2647
f 2871 	2829 	2870
f 2872 	2829 	2871
f 2870 	2829 	2869
f 2874 	2829 	2872
f 2818 	2829 	2874
f 2869 	2829 	2868
f 2770 	2768 	1819
f 2768 	2764 	1819
f 2764 	2762 	2853
f 2852 	2853 	2758
f 2849 	2848 	2878
f 2755 	2753 	2879
f 2848 	2846 	2877
f 2877 	2878 	2848
f 2846 	2845 	2876
f 2877 	2846 	2876
f 2753 	2849 	2879
f 2852 	2755 	2879
f 2855 	2854 	1651
f 2855 	1651 	1653
f 952 	2571 	2570
f 2719 	2706 	2685
f 962 	2574 	964
f 2797 	2798 	2868
f 2691 	2646 	2705
f 2856 	2855 	1653
f 2856 	1653 	1657
f 3096 	3094 	2884
f 608 	2784 	602
f 2840 	2839 	2886
f 2886 	2887 	2840
f 2841 	2840 	2887
f 2873 	2841 	2887
f 2894 	2895 	2825
f 2885 	2886 	2839
f 2895 	2882 	2836
f 2882 	2883 	2836
f 2883 	2885 	2836
f 2836 	2825 	2895
f 2839 	2836 	2885
f 612 	2784 	611
f 1521 	1523 	2851
f 2717 	2105 	2726
f 1628 	1547 	2892
f 611 	2784 	608
f 2826 	2817 	2890
f 2890 	2891 	2826
f 2889 	2890 	2817
f 964 	2573 	965
f 2590 	965 	2573
f 631 	2784 	622
f 965 	2590 	969
f 2825 	2826 	2893
f 2891 	2893 	2826
f 2075 	750 	2726
f 2857 	2856 	1657
f 2857 	1657 	1660
f 969 	2597 	971
f 2199 	2084 	2672
f 622 	2784 	612
f 2901 	2903 	2957
f 2903 	2904 	2957
f 2904 	2905 	2957
f 2905 	2906 	2957
f 2906 	2907 	2957
f 2907 	2908 	2957
f 2908 	2909 	2957
f 2909 	2910 	2957
f 2910 	2949 	2957
f 2949 	2912 	2957
f 2913 	2834 	2912
f 2850 	2834 	2913
f 2881 	2868 	2799
f 2798 	2799 	2868
f 2084 	2674 	2672
f 2610 	975 	2607
f 971 	2607 	975
f 651 	2784 	647
f 635 	636 	2784
f 2854 	2967 	1651
f 2965 	2961 	1129
f 2674 	2087 	2677
f 975 	2610 	976
f 2609 	976 	2610
f 2916 	2911 	1828
f 2858 	2857 	1660
f 2858 	1660 	1665
f 2677 	2090 	2678
f 2904 	2903 	724
f 2917 	1828 	2918
f 2680 	2093 	2681
f 2092 	2681 	2093
f 2905 	2904 	724
f 2919 	1828 	2921
f 2859 	2858 	1665
f 2859 	1665 	1672
f 2609 	977 	976
f 2784 	663 	668
f 2678 	2089 	2680
f 1828 	2922 	2920
f 2921 	1828 	2920
f 2093 	2680 	2089
f 689 	2784 	681
f 2892 	3099 	2926
f 2641 	2952 	2923
f 102 	2926 	3112
f 2092 	2695 	2681
f 602 	2784 	696
f 689 	696 	2784
f 2936 	2937 	2806
f 2937 	2914 	2806
f 2914 	2915 	2806
f 2805 	2806 	2915
f 2804 	2805 	2915
f 2934 	2936 	2806
f 2801 	2804 	2915
f 2800 	2801 	2915
f 2915 	2881 	2800
f 2799 	2800 	2881
f 2933 	2934 	2806
f 2952 	2951 	2923
f 2880 	1654 	2892
f 2695 	2096 	2700
f 2892 	2940 	2941
f 2700 	2098 	2704
f 2100 	2704 	2098
f 2926 	2942 	2940
f 2926 	2940 	2892
f 2951 	2950 	2924
f 2944 	2884 	2941
f 2884 	2880 	2941
f 2892 	2941 	2880
f 2102 	2709 	2100
f 2704 	2100 	2709
f 730 	2699 	717
f 2709 	2102 	2711
f 2101 	2711 	2102
f 3073 	2108 	2942
f 2106 	2717 	2715
f 100 	2942 	2926
f 100 	2926 	102
f 2930 	2929 	2762
f 1690 	1651 	2967
f 1129 	1125 	2966
f 115 	2884 	2944
f 2106 	2715 	2101
f 2931 	2930 	2762
f 2838 	2957 	2912
f 1133 	1129 	2961
f 2860 	2859 	1672
f 2860 	1672 	1675
f 2614 	2618 	989
f 994 	989 	2618
f 2711 	2101 	2715
f 2909 	795 	2910
f 2075 	2726 	2105
f 2624 	2623 	1012
f 2938 	2935 	2948
f 2950 	2948 	2935
f 2935 	2924 	2950
f 2861 	2860 	1675
f 2861 	1675 	1683
f 2657 	2062 	2739
f 749 	2699 	746
f 2699 	730 	741
f 752 	756 	2699
f 746 	2699 	741
f 2958 	2959 	2957
f 2959 	2960 	2957
f 2960 	2962 	2957
f 2962 	2963 	2957
f 2963 	2964 	2957
f 2964 	2900 	2957
f 2900 	2901 	2957
f 2948 	2947 	2938
f 2939 	2938 	2947
f 2630 	1021 	1014
f 2862 	2861 	1683
f 2862 	1683 	1698
f 2739 	2116 	2740
f 2837 	694 	2838
f 756 	759 	2699
f 2784 	2699 	759
f 2943 	2939 	2946
f 2947 	2946 	2939
f 2742 	2118 	2744
f 766 	2699 	762
f 2946 	2945 	2943
f 767 	2699 	766
f 1136 	1134 	2954
f 2744 	2127 	2745
f 2973 	2955 	2953
f 1803 	1819 	2970
f 2973 	2972 	2955
f 2972 	3074 	2955
f 3073 	2955 	3074
f 2863 	2862 	1698
f 2863 	1698 	1705
f 2914 	1800 	2915
f 1795 	2915 	1800
f 2919 	2918 	1828
f 2917 	2916 	1828
f 1134 	1133 	2961
f 2961 	2956 	1134
f 2956 	2954 	1134
f 2945 	1136 	2943
f 2954 	2943 	1136
f 2966 	2965 	1129
f 2968 	2966 	1125
f 1125 	1123 	2968
f 3074 	2972 	3112
f 2747 	2135 	2133
f 2747 	2133 	2748
f 1820 	1800 	2914
f 2135 	2747 	2746
f 2973 	96 	2972
f 2829 	2714 	2797
f 2864 	2863 	1705
f 2864 	1705 	1710
f 2751 	2748 	2139
f 2133 	2139 	2748
f 2652 	2655 	2798
f 2799 	2798 	2655
f 2751 	2139 	2138
f 2751 	2138 	2752
f 2830 	2025 	670
f 2800 	2799 	2655
f 2800 	2655 	2658
f 203 	2503 	99
f 108 	99 	2503
f 2865 	2864 	1710
f 2865 	1710 	1712
f 2658 	2661 	2800
f 2801 	2800 	2661
f 677 	683 	2832
f 2138 	2143 	2752
f 2804 	2801 	2661
f 2804 	2661 	2662
f 1439 	2967 	1438
f 86 	2953 	2955
f 2832 	683 	686
f 2832 	686 	2833
f 2754 	2752 	2143
f 2662 	2668 	2804
f 2805 	2804 	2668
f 1722 	1690 	2967
f 688 	2834 	686
f 2833 	686 	2834
f 2866 	2865 	1712
f 2866 	1712 	1714
f 2673 	2805 	2668
f 3073 	2942 	86
f 2955 	3073 	86
f 2834 	688 	690
f 2834 	690 	2835
f 108 	2503 	117
f 2756 	2754 	2145
f 2143 	2145 	2754
f 1382 	1383 	2967
f 1315 	1316 	2967
f 694 	2837 	690
f 2835 	690 	2837
f 2503 	2424 	117
f 129 	124 	2424
f 3009 	3046 	2975
f 2757 	2756 	2148
f 2145 	2148 	2756
f 124 	117 	2424
f 2874 	2743 	2818
f 2819 	2818 	2679
f 2867 	2866 	1714
f 2867 	1714 	1718
f 2148 	2150 	2757
f 708 	1841 	2851
f 2679 	2684 	2819
f 2820 	2819 	2684
f 132 	2424 	138
f 129 	2424 	132
f 708 	2851 	710
f 1917 	710 	2851
f 2686 	2820 	2684
f 2850 	713 	712
f 2850 	712 	1919
f 2993 	2867 	1718
f 2822 	2686 	2690
f 2763 	2154 	2765
f 138 	2424 	147
f 1296 	2981 	1427
f 2967 	1427 	2981
f 2823 	2822 	2690
f 2823 	2690 	2696
f 2157 	2156 	2766
f 159 	151 	90
f 151 	147 	90
f 1722 	2967 	2981
f 2964 	830 	2900
f 2980 	2844 	2979
f 2696 	2698 	2823
f 2824 	2823 	2698
f 2766 	2765 	2157
f 2154 	2157 	2765
f 2827 	2824 	2698
f 2827 	2698 	2701
f 2843 	2844 	2984
f 2982 	2984 	2844
f 173 	167 	90
f 167 	159 	90
f 2161 	2775 	2767
f 3167 	3158 	2983
f 3158 	1632 	2983
f 719 	722 	2901
f 2903 	2901 	722
f 2985 	2843 	2984
f 2775 	2161 	2160
f 2775 	2160 	2776
f 2701 	2707 	2827
f 2828 	2827 	2707
f 724 	2903 	722
f 2714 	2828 	2707
f 2778 	2776 	2164
f 1058 	1057 	2688
f 2905 	724 	732
f 1632 	1301 	2967
f 1632 	2967 	2990
f 2967 	2854 	2990
f 3152 	2990 	2854
f 2854 	2855 	3152
f 2983 	1632 	2990
f 198 	193 	2503
f 189 	2503 	193
f 2906 	2905 	732
f 2906 	732 	785
f 2798 	2797 	2652
f 2990 	1728 	1727
f 2990 	1727 	2983
f 2694 	2693 	1061
f 3008 	2989 	2991
f 785 	789 	2906
f 2907 	2906 	789
f 2503 	203 	198
f 2732 	2730 	2868
f 2869 	2868 	2730
f 2782 	2778 	2167
f 2164 	2167 	2778
f 2992 	3008 	2991
f 1061 	1058 	2694
f 2990 	3152 	1728
f 2908 	2907 	789
f 2908 	789 	792
f 2988 	2989 	3008
f 173 	90 	226
f 219 	226 	90
f 1058 	2688 	2694
f 2729 	2732 	2881
f 2868 	2881 	2732
f 792 	795 	2908
f 2909 	2908 	795
f 1718 	1733 	2993
f 2870 	2869 	2730
f 2870 	2730 	2736
f 1062 	2693 	2702
f 2994 	3008 	2992
f 2167 	2171 	2782
f 280 	417 	284
f 2736 	2737 	2870
f 2871 	2870 	2737
f 2913 	2912 	806
f 2913 	806 	805
f 417 	489 	297
f 297 	284 	417
f 2872 	2871 	2737
f 2872 	2737 	2741
f 2787 	2785 	2174
f 2171 	2174 	2785
f 320 	297 	489
f 2949 	2910 	800
f 795 	800 	2910
f 2874 	2872 	2741
f 2874 	2741 	2743
f 2174 	2173 	2787
f 341 	320 	489
f 2718 	1077 	1069
f 2743 	2679 	2818
f 800 	806 	2949
f 2912 	2949 	806
f 772 	2699 	770
f 770 	2699 	767
f 2789 	2178 	2177
f 2789 	2177 	2790
f 3000 	3007 	182
f 3101 	182 	3001
f 3007 	3001 	182
f 3072 	3101 	3001
f 2999 	3000 	182
f 2998 	2999 	182
f 3002 	3072 	3001
f 3003 	3071 	3002
f 3004 	3071 	3003
f 3005 	3070 	3004
f 3006 	3070 	3005
f 2718 	2722 	1077
f 805 	2850 	2913
f 713 	2850 	805
f 360 	341 	489
f 382 	372 	489
f 372 	360 	489
f 2750 	2881 	2915
f 2729 	2881 	2750
f 2996 	2995 	1737
f 2996 	1737 	1739
f 2957 	2838 	810
f 810 	2838 	694
f 401 	382 	489
f 2178 	2789 	2788
f 772 	774 	2699
f 717 	2699 	774
f 1816 	2750 	1795
f 2915 	1795 	2750
f 2997 	2996 	1739
f 2997 	1739 	1741
f 445 	434 	489
f 434 	401 	489
f 2957 	810 	813
f 2957 	813 	2958
f 651 	784 	2784
f 2728 	2727 	1085
f 2998 	2997 	1741
f 2998 	1741 	1745
f 2914 	2781 	1820
f 2792 	2790 	2179
f 2177 	2179 	2790
f 817 	2959 	813
f 2958 	813 	2959
f 466 	457 	489
f 457 	445 	489
f 2999 	2998 	1745
f 2999 	1745 	1747
f 1081 	2728 	1085
f 2784 	784 	799
f 802 	2784 	799
f 473 	466 	489
f 2959 	817 	824
f 2959 	824 	2960
f 3000 	2999 	1747
f 2179 	2185 	2792
f 811 	2786 	802
f 2976 	2977 	2975
f 2977 	2978 	2975
f 2979 	2844 	2978
f 3002 	3001 	1769
f 3002 	1769 	1768
f 825 	2962 	824
f 2960 	824 	2962
f 2793 	2186 	2794
f 828 	2963 	825
f 2962 	825 	2963
f 1087 	2727 	2731
f 1747 	1758 	3000
f 3007 	3000 	1758
f 473 	489 	526
f 2186 	2189 	2794
f 885 	2786 	823
f 888 	2786 	885
f 830 	2964 	828
f 2963 	828 	2964
f 3001 	3007 	1758
f 3001 	1758 	1769
f 831 	829 	2069
f 2980 	2982 	2844
f 2986 	2987 	2843
f 2987 	2988 	2843
f 3008 	2843 	2988
f 2985 	2986 	2843
f 2975 	2978 	2844
f 3009 	2975 	2844
f 3116 	2849 	2925
f 3003 	3002 	1768
f 3003 	1768 	1771
f 719 	2900 	830
f 2901 	2900 	719
f 773 	526 	777
f 849 	846 	526
f 489 	2069 	526
f 3004 	3003 	1771
f 3004 	1771 	1775
f 855 	2516 	2515
f 2753 	2755 	2927
f 2928 	2927 	2755
f 3005 	3004 	1775
f 3005 	1775 	1777
f 2517 	865 	2518
f 863 	2518 	865
f 3011 	3048 	3010
f 2755 	2758 	2928
f 2929 	2928 	2758
f 2518 	863 	2515
f 3017 	2566 	3016
f 3019 	2566 	3017
f 3020 	2566 	3019
f 3021 	2566 	3020
f 3015 	3016 	2566
f 3006 	3005 	1777
f 3006 	1777 	1785
f 2762 	2929 	2758
f 3022 	2974 	3018
f 526 	760 	765
f 2195 	2809 	2803
f 2994 	3024 	3008
f 2931 	2762 	2764
f 2809 	2195 	2196
f 2809 	2196 	2810
f 2932 	2931 	2764
f 2932 	2764 	2768
f 3016 	3015 	848
f 2811 	2810 	2197
f 2196 	2197 	2810
f 2768 	2770 	2932
f 2933 	2932 	2770
f 2534 	874 	2532
f 3017 	3016 	848
f 3028 	3038 	3027
f 2811 	2197 	2812
f 2199 	2812 	2197
f 2516 	851 	2534
f 769 	526 	773
f 769 	761 	526
f 2934 	2933 	2770
f 2934 	2770 	2777
f 3019 	3017 	862
f 2812 	2199 	2672
f 2777 	2779 	2934
f 2936 	2934 	2779
f 3031 	3037 	3030
f 862 	3020 	3019
f 899 	2786 	895
f 895 	2786 	888
f 526 	2069 	781
f 777 	526 	781
f 3032 	3037 	3031
f 3021 	3020 	871
f 1345 	1347 	1703
f 1568 	1703 	1347
f 887 	2536 	2535
f 2937 	2936 	2779
f 2937 	2779 	2780
f 787 	781 	2069
f 902 	2786 	899
f 823 	2786 	820
f 820 	2786 	811
f 3035 	3048 	3034
f 2537 	890 	2535
f 3010 	3048 	3035
f 2062 	2847 	2116
f 3015 	2566 	3014
f 2780 	2781 	2937
f 2914 	2937 	2781
f 3026 	3038 	3024
f 3027 	3038 	3026
f 3038 	3028 	3029
f 3029 	3030 	3038
f 3008 	3024 	3038
f 904 	2786 	902
f 870 	853 	526
f 947 	2786 	937
f 807 	803 	526
f 803 	870 	526
f 3038 	3030 	3037
f 3037 	3032 	3033
f 3034 	3037 	3033
f 3012 	3048 	3011
f 3037 	3034 	3048
f 2539 	896 	2538
f 816 	809 	526
f 809 	807 	526
f 949 	2786 	947
f 3012 	3018 	2974
f 3048 	3012 	2974
f 2974 	2975 	3046
f 3046 	3048 	2974
f 2541 	901 	2539
f 896 	2539 	901
f 13 	2514 	3061
f 3054 	2566 	3052
f 3084 	3085 	2566
f 3052 	2566 	3051
f 3056 	2566 	3054
f 3057 	2566 	3056
f 3013 	2566 	3036
f 3014 	2566 	3013
f 3036 	2566 	3057
f 761 	760 	526
f 765 	821 	526
f 821 	816 	526
f 2543 	903 	2541
f 3082 	3043 	2806
f 3044 	3045 	2806
f 3045 	3047 	2806
f 3055 	3058 	2806
f 3067 	3113 	2806
f 3113 	3114 	2806
f 3114 	3115 	2806
f 3115 	3116 	2806
f 3116 	2925 	2806
f 2925 	2927 	2806
f 2927 	2928 	2806
f 3053 	3055 	2806
f 3062 	3064 	3060
f 3063 	3064 	3062
f 3059 	3060 	3064
f 3064 	3066 	3059
f 3066 	3068 	3059
f 3068 	3069 	3059
f 3069 	3070 	3059
f 3006 	3059 	3070
f 3071 	3004 	3070
f 3072 	3002 	3071
f 3039 	2298 	2300
f 793 	787 	2069
f 827 	793 	2069
f 829 	827 	2069
f 3043 	3044 	2806
f 2417 	1853 	120
f 1853 	1854 	120
f 1854 	484 	120
f 484 	3065 	120
f 3065 	2343 	120
f 2606 	120 	2343
f 2606 	2343 	2340
f 2606 	2340 	1740
f 2338 	1740 	2340
f 2606 	1740 	583
f 2606 	583 	528
f 2606 	528 	3023
f 2606 	3023 	3025
f 1296 	2606 	2981
f 844 	2606 	1296
f 3075 	2606 	844
f 3076 	2606 	3075
f 3025 	2981 	2606
f 2550 	914 	2551
f 3079 	3080 	1956
f 3077 	1956 	3080
f 949 	968 	2786
f 526 	840 	898
f 916 	2550 	2554
f 2416 	2417 	120
f 973 	2786 	968
f 914 	2550 	916
f 1785 	3059 	3006
f 982 	2786 	979
f 979 	2786 	973
f 3076 	3075 	454
f 1742 	883 	840
f 841 	840 	526
f 3058 	3067 	2806
f 3057 	900 	3036
f 454 	3075 	613
f 846 	841 	526
f 3041 	2813 	3042
f 3063 	3062 	1811
f 1082 	844 	1078
f 82 	2944 	3077
f 711 	3077 	2107
f 3064 	3063 	1811
f 1209 	1078 	1296
f 844 	1296 	1078
f 849 	526 	853
f 1096 	2559 	935
f 3086 	2566 	3085
f 3087 	2566 	3086
f 3088 	2566 	3087
f 3089 	2566 	3088
f 3090 	2566 	3089
f 3091 	2566 	3090
f 3092 	2566 	3091
f 3093 	2566 	3092
f 3049 	2566 	3093
f 3050 	2566 	3049
f 2973 	2953 	3080
f 3077 	3080 	2953
f 2981 	3025 	1722
f 935 	2559 	941
f 2561 	941 	2559
f 898 	840 	883
f 3094 	3080 	3095
f 3096 	3080 	3094
f 3079 	3095 	3080
f 2564 	948 	2561
f 3069 	3068 	1823
f 19 	2880 	3094
f 2880 	2884 	3094
f 950 	2564 	2567
f 3070 	3069 	1823
f 2884 	114 	3096
f 3080 	3096 	2973
f 2571 	951 	2567
f 516 	898 	497
f 883 	497 	898
f 1789 	1722 	3025
f 3071 	3070 	1827
f 3061 	15 	13
f 1793 	3023 	528
f 1436 	1442 	1111
f 3098 	1822 	3097
f 1827 	3072 	3071
f 2573 	964 	2574
f 985 	2786 	982
f 988 	2786 	985
f 2574 	962 	2570
f 952 	2570 	962
f 3089 	3088 	921
f 1793 	528 	530
f 1018 	2682 	1016
f 3097 	1822 	3100
f 587 	583 	1740
f 1828 	2911 	1120
f 2911 	2902 	1120
f 3090 	3089 	921
f 3105 	182 	3101
f 3025 	3105 	3101
f 2875 	3097 	3100
f 1832 	3025 	3101
f 2902 	2971 	1120
f 587 	1740 	1947
f 3100 	3077 	3102
f 1042 	2682 	1037
f 1031 	2682 	1018
f 1044 	2682 	1042
f 969 	2590 	2597
f 1123 	1120 	2969
f 3100 	3102 	2875
f 2969 	2968 	1123
f 3072 	1829 	3101
f 3103 	3077 	3104
f 2607 	971 	2597
f 3065 	2424 	2343
f 3093 	3092 	936
f 1214 	2682 	1186
f 2682 	1044 	1181
f 3102 	3103 	2877
f 2997 	2998 	182
f 2995 	2996 	182
f 2996 	2997 	182
f 1217 	1243 	1147
f 936 	3049 	3093
f 2424 	3065 	90
f 1147 	1243 	1151
f 3103 	3104 	2877
f 900 	843 	3036
f 3014 	3013 	843
f 2532 	873 	2533
f 1151 	1243 	1158
f 182 	614 	2995
f 3105 	181 	182
f 3106 	112 	3105
f 3108 	112 	3107
f 105 	106 	3108
f 3107 	112 	3106
f 106 	107 	3108
f 843 	845 	3014
f 3015 	3014 	845
f 1159 	1828 	1163
f 1158 	1243 	1159
f 848 	3015 	845
f 3104 	3109 	2879
f 1181 	1186 	2682
f 2533 	977 	2609
f 3105 	1839 	3106
f 1163 	1828 	1198
f 3017 	848 	850
f 1218 	2682 	1214
f 484 	1854 	489
f 862 	3017 	850
f 1201 	1198 	1828
f 3109 	3110 	2879
f 3020 	862 	868
f 3110 	711 	3111
f 1231 	2682 	1223
f 762 	2699 	1252
f 1245 	2682 	1241
f 871 	3020 	868
f 2971 	2969 	1120
f 1206 	1828 	1120
f 1201 	1828 	1206
f 2555 	933 	923
f 2853 	3110 	3111
f 871 	305 	3021
f 3023 	3105 	3025
f 2417 	121 	1853
f 3074 	3112 	3099
f 3074 	3099 	3061
f 489 	1854 	2069
f 1243 	1217 	1216
f 2073 	1853 	121
f 2970 	1819 	2853
f 3111 	2970 	2853
f 3050 	3049 	884
f 1828 	1159 	1243
f 3112 	2926 	3099
f 3107 	1845 	3108
f 884 	889 	3050
f 3051 	3050 	889
f 96 	3112 	2972
f 3052 	3051 	889
f 3052 	889 	891
f 2931 	2932 	2806
f 2930 	2931 	2806
f 2929 	2930 	2806
f 2932 	2933 	2806
f 2928 	2929 	2806
f 3025 	1832 	1789
f 891 	893 	3052
f 3054 	3052 	893
f 2618 	2617 	994
f 1793 	1839 	3105
f 1793 	3105 	3023
f 2682 	1249 	2699
f 1252 	2699 	1249
f 3056 	3054 	893
f 3056 	893 	897
f 3362 	2807 	2816
f 897 	900 	3056
f 3057 	3056 	900
f 121 	2417 	354
f 374 	379 	2815
f 1016 	2682 	988
f 1037 	2682 	1031
f 1218 	1223 	2682
f 2786 	988 	2682
f 1797 	1796 	3059
f 3060 	3059 	1796
f 3013 	3036 	843
f 100 	86 	2942
f 2624 	1012 	1000
f 352 	2416 	3081
f 352 	3081 	500
f 1231 	1241 	2682
f 1245 	1249 	2682
f 906 	905 	3083
f 3084 	3083 	905
f 3059 	1785 	1797
f 2953 	82 	3077
f 2081 	2783 	2079
f 3085 	3084 	905
f 3085 	905 	909
f 1699 	1700 	3120
f 1796 	1802 	3060
f 3062 	3060 	1802
f 909 	910 	3085
f 3086 	3085 	910
f 461 	3120 	454
f 3062 	1802 	1811
f 3118 	1822 	3117
f 2081 	2083 	2783
f 3087 	3086 	910
f 3087 	910 	913
f 1393 	1247 	1394
f 1811 	1814 	3064
f 913 	915 	3087
f 3088 	3087 	915
f 3117 	2888 	3118
f 1394 	1247 	1397
f 921 	3088 	915
f 1398 	1397 	1247
f 1817 	3066 	1814
f 3064 	1814 	3066
f 3117 	1822 	3119
f 2639 	2642 	1023
f 3124 	1678 	3123
f 3125 	1678 	3124
f 3123 	1678 	3122
f 3126 	1678 	3125
f 3122 	1678 	3121
f 3121 	1678 	3120
f 3154 	1678 	3126
f 3128 	1678 	3127
f 3129 	1678 	3128
f 3130 	1678 	3129
f 3131 	1678 	3130
f 3132 	1678 	3131
f 3090 	921 	928
f 3066 	1817 	1821
f 3066 	1821 	3068
f 2134 	2703 	2129
f 2331 	2333 	2703
f 1401 	1247 	1404
f 1033 	1030 	2644
f 461 	462 	3120
f 3121 	3120 	462
f 3119 	1822 	3133
f 3140 	1822 	3150
f 3068 	1821 	1823
f 1413 	1247 	1409
f 3091 	3090 	928
f 3091 	928 	932
f 2137 	2703 	2134
f 2142 	2703 	2137
f 1681 	1684 	3120
f 1823 	1826 	3070
f 3092 	3091 	932
f 3092 	932 	934
f 1410 	1247 	1425
f 3133 	1822 	3134
f 2162 	2783 	2151
f 936 	3092 	934
f 2653 	1040 	1039
f 3070 	1826 	1827
f 1440 	1428 	1247
f 3122 	3121 	462
f 3122 	462 	470
f 3134 	1822 	3135
f 936 	884 	3049
f 1827 	1829 	3072
f 2165 	2783 	2162
f 2166 	2783 	2165
f 2272 	2151 	2783
f 1247 	1111 	1440
f 1442 	1440 	1111
f 1390 	1436 	1111
f 1832 	3101 	1829
f 3051 	2566 	3050
f 3083 	3084 	2566
f 3137 	3083 	2566
f 3148 	3136 	2566
f 3136 	3137 	2566
f 2172 	2783 	2170
f 3135 	1822 	3138
f 1045 	1040 	2660
f 1839 	1836 	3106
f 966 	3083 	3137
f 906 	3083 	966
f 3135 	3138 	2894
f 2176 	2783 	2175
f 1946 	3137 	3136
f 1946 	3136 	1950
f 1046 	1045 	2659
f 2660 	2659 	1045
f 470 	3123 	3122
f 3106 	1836 	1845
f 3106 	1845 	3107
f 3138 	1822 	3139
f 3137 	1946 	967
f 3137 	967 	966
f 2192 	2783 	2176
f 2239 	2783 	2192
f 2166 	2170 	2783
f 1454 	1450 	1247
f 1450 	1447 	1247
f 1950 	3136 	987
f 1950 	987 	986
f 3138 	3139 	2894
f 1046 	2659 	2663
f 2259 	2783 	2239
f 2172 	2175 	2783
f 375 	3108 	1845
f 1458 	1454 	1247
f 3139 	1822 	3140
f 2262 	2725 	2259
f 3124 	3123 	486
f 1053 	1048 	2671
f 3143 	2566 	3142
f 3144 	2566 	3143
f 3145 	2566 	3144
f 3146 	2566 	3145
f 3147 	2566 	3146
f 3148 	2566 	3147
f 3141 	3142 	2566
f 1463 	1461 	1247
f 1461 	1458 	1247
f 3142 	3141 	970
f 3331 	3168 	3149
f 1478 	1475 	1247
f 1475 	1463 	1247
f 3143 	3142 	970
f 3143 	970 	972
f 3076 	454 	3120
f 1852 	3331 	3149
f 1482 	1479 	1247
f 1479 	1478 	1247
f 3095 	3079 	3009
f 3144 	3143 	972
f 3144 	972 	974
f 3149 	2983 	1852
f 1727 	1852 	2983
f 3150 	2883 	3140
f 486 	495 	3124
f 3125 	3124 	495
f 2267 	2725 	2263
f 2263 	2725 	2262
f 3145 	3144 	974
f 3145 	974 	978
f 2555 	2612 	933
f 3150 	1822 	3151
f 2993 	3152 	2867
f 3146 	3145 	978
f 3146 	978 	980
f 3126 	3125 	495
f 3152 	2993 	1855
f 1733 	1855 	2993
f 3151 	2885 	2883
f 3151 	2883 	3150
f 3147 	3146 	980
f 3147 	980 	981
f 933 	2612 	983
f 2611 	983 	2612
f 1428 	1425 	1247
f 1410 	1409 	1247
f 1413 	1404 	1247
f 1401 	1398 	1247
f 1393 	1484 	1247
f 1484 	1482 	1247
f 2083 	2270 	2783
f 3128 	3127 	498
f 3128 	498 	499
f 3148 	3147 	981
f 3148 	981 	984
f 3151 	1822 	3153
f 2995 	614 	3310
f 3127 	1678 	3154
f 989 	983 	2614
f 3136 	3148 	984
f 3136 	984 	987
f 2030 	1737 	3310
f 2995 	3310 	1737
f 2783 	2270 	2272
f 2885 	3151 	3153
f 3154 	3126 	503
f 495 	503 	3126
f 2494 	3210 	3156
f 3152 	1855 	1728
f 2611 	2614 	983
f 1492 	1247 	1447
f 3153 	1822 	3157
f 3157 	1822 	3098
f 3127 	3154 	503
f 3127 	503 	498
f 1000 	994 	2617
f 499 	3129 	3128
f 2331 	2703 	2327
f 3130 	3129 	517
f 2336 	2703 	2333
f 1000 	2617 	2624
f 517 	521 	3130
f 3131 	3130 	521
f 2129 	2703 	2336
f 3161 	2566 	3160
f 3163 	2566 	3162
f 3161 	3162 	2566
f 3164 	2566 	3163
f 3165 	3166 	2566
f 3166 	3196 	2566
f 3164 	3165 	2566
f 1824 	1492 	1721
f 1723 	1721 	1492
f 1014 	1012 	2623
f 3167 	3149 	3168
f 3132 	3131 	521
f 521 	529 	3132
f 1726 	1723 	1492
f 3158 	3167 	1859
f 3078 	3039 	2791
f 2350 	2725 	2346
f 1731 	1726 	1492
f 1734 	1731 	1492
f 2983 	3149 	3167
f 2623 	2630 	1014
f 2813 	3041 	2814
f 3040 	2814 	3041
f 1738 	1734 	1492
f 2346 	2725 	2344
f 1023 	1021 	2639
f 1742 	1738 	1492
f 1492 	883 	1742
f 2300 	2791 	3039
f 3195 	1922 	3168
f 3167 	3168 	1859
f 2362 	2725 	2350
f 1806 	1798 	1492
f 2391 	2392 	3158
f 3078 	2791 	2814
f 3078 	2814 	3040
f 3170 	1678 	3169
f 3172 	1678 	3171
f 3171 	1678 	3170
f 3173 	1678 	3172
f 3174 	1678 	3173
f 3175 	1678 	3174
f 3176 	1678 	3175
f 3177 	1678 	3176
f 3205 	1678 	3177
f 3179 	1678 	3178
f 3180 	1678 	3179
f 3181 	1678 	3180
f 3182 	1678 	3181
f 1030 	1023 	2642
f 2373 	2725 	2372
f 2642 	2644 	1030
f 3169 	3132 	529
f 2825 	3044 	2826
f 3043 	2826 	3044
f 2341 	2725 	2267
f 2374 	2725 	2373
f 2375 	2725 	2374
f 2371 	2725 	2362
f 3170 	3169 	529
f 3170 	529 	533
f 1757 	1748 	710
f 1038 	1033 	2651
f 2813 	2817 	3042
f 3082 	3042 	2817
f 3165 	1026 	3166
f 2376 	2725 	2375
f 3171 	3170 	533
f 3171 	533 	544
f 2644 	2651 	1033
f 544 	3172 	3171
f 3082 	2817 	2826
f 3082 	2826 	3043
f 2371 	2372 	2725
f 3331 	3226 	3185
f 3186 	3331 	3185
f 3187 	3331 	3186
f 3188 	3331 	3187
f 3189 	3331 	3188
f 3206 	3331 	3189
f 3191 	3331 	3190
f 3192 	3331 	3191
f 3193 	3331 	3192
f 3194 	3331 	3193
f 3211 	3331 	3194
f 3168 	3331 	3195
f 1039 	2654 	2653
f 3173 	3172 	556
f 3044 	2825 	2836
f 3044 	2836 	3045
f 1772 	710 	1492
f 3184 	3183 	1863
f 2839 	3047 	2836
f 3045 	2836 	3047
f 2651 	2654 	1038
f 1039 	1038 	2654
f 3197 	2566 	3196
f 3198 	2566 	3197
f 3199 	2566 	3198
f 3200 	2566 	3199
f 3201 	2566 	3200
f 3202 	2566 	3201
f 3203 	2566 	3202
f 3141 	2566 	3204
f 3204 	2566 	3203
f 556 	560 	3173
f 3174 	3173 	560
f 3047 	2839 	2840
f 3047 	2840 	3053
f 2380 	2725 	2377
f 2377 	2725 	2376
f 3175 	3174 	560
f 3175 	560 	565
f 3185 	3184 	1863
f 1776 	1772 	1492
f 2841 	3055 	2840
f 3053 	2840 	3055
f 2386 	2725 	2380
f 565 	3176 	3175
f 2387 	2725 	2386
f 2842 	3058 	2841
f 3055 	2841 	3058
f 1786 	1783 	1492
f 570 	582 	3177
f 2845 	3067 	2842
f 2725 	2387 	2388
f 1792 	1786 	1492
f 3179 	3178 	576
f 3179 	576 	578
f 2873 	2887 	3098
f 1798 	1792 	1492
f 3178 	1678 	3205
f 2401 	2697 	2400
f 2875 	2873 	3097
f 3176 	570 	3177
f 3102 	2876 	2875
f 3178 	3205 	576
f 1815 	1806 	1492
f 1824 	1818 	1492
f 1818 	1815 	1492
f 3190 	3331 	3206
f 2877 	2876 	3102
f 578 	3180 	3179
f 3188 	1872 	3189
f 3203 	3202 	1054
f 1055 	1053 	2683
f 2671 	2683 	1053
f 3104 	2878 	2877
f 3181 	3180 	600
f 1841 	708 	710
f 1054 	3204 	3203
f 2879 	2878 	3104
f 2689 	1057 	1055
f 2689 	1055 	2683
f 1831 	1830 	710
f 1830 	1841 	710
f 3182 	3181 	600
f 609 	3182 	600
f 1057 	2689 	2688
f 3110 	2852 	2879
f 2412 	2697 	2408
f 2408 	2697 	2402
f 1757 	710 	1772
f 1247 	1492 	710
f 1748 	1847 	710
f 1847 	1831 	710
f 2413 	2697 	2412
f 1062 	1061 	2693
f 3009 	3079 	3046
f 2853 	2852 	3110
f 834 	1677 	3207
f 3169 	1678 	3132
f 444 	834 	3207
f 3207 	1678 	3182
f 2414 	2697 	2413
f 1783 	1781 	1492
f 1781 	1776 	1492
f 837 	444 	609
f 3207 	609 	444
f 3208 	3251 	3209
f 3155 	3156 	3209
f 1956 	3208 	3209
f 1956 	3209 	3079
f 2419 	2697 	2415
f 3079 	3209 	3048
f 3079 	3048 	3046
f 120 	2606 	2847
f 3113 	3067 	2845
f 3058 	2842 	3067
f 3207 	3182 	609
f 3212 	3331 	3211
f 2846 	3114 	2845
f 3113 	2845 	3114
f 3210 	2749 	3217
f 2495 	2733 	3210
f 2749 	3081 	3217
f 3081 	2416 	120
f 3217 	3081 	120
f 2078 	831 	2069
f 3210 	3037 	3209
f 3048 	3209 	3037
f 613 	3075 	191
f 1069 	1065 	2712
f 3114 	2846 	2848
f 3114 	2848 	3115
f 2422 	2697 	2421
f 55 	51 	239
f 121 	239 	51
f 5 	6 	121
f 3195 	3212 	1922
f 2718 	1069 	2712
f 2426 	2697 	2422
f 3116 	3115 	2848
f 3116 	2848 	2849
f 2428 	2697 	2426
f 1080 	1077 	2722
f 2927 	2925 	2753
f 2849 	2753 	2925
f 2082 	2073 	2091
f 2430 	2697 	2428
f 1081 	1080 	2721
f 2722 	2721 	1080
f 304 	3213 	3214
f 3215 	3216 	3214
f 304 	3214 	3216
f 304 	3216 	3218
f 304 	3218 	3219
f 304 	3219 	3220
f 304 	3220 	3221
f 304 	3221 	3222
f 304 	3222 	3223
f 3224 	27 	304
f 27 	28 	304
f 3223 	3224 	304
f 304 	44 	303
f 2899 	3118 	2888
f 2434 	2697 	2430
f 2419 	2421 	2697
f 3158 	1624 	2629
f 2629 	2631 	3158
f 1604 	2629 	1624
f 2889 	2888 	3119
f 3117 	3119 	2888
f 1087 	1085 	2727
f 3210 	3217 	3038
f 3210 	3038 	3037
f 3213 	304 	621
f 3156 	3155 	996
f 3156 	996 	993
f 3119 	3133 	2890
f 3119 	2890 	2889
f 621 	630 	3213
f 3214 	3213 	630
f 2728 	1081 	2721
f 2891 	2890 	3134
f 3133 	3134 	2890
f 1007 	3159 	490
f 3215 	3214 	630
f 3215 	630 	639
f 2891 	3134 	2893
f 3135 	2893 	3134
f 2094 	2073 	2099
f 2094 	2091 	2073
f 3159 	1007 	1010
f 3159 	1010 	3160
f 639 	3216 	3215
f 2894 	2893 	3135
f 2103 	2099 	121
f 2073 	121 	2099
f 1011 	3161 	1010
f 3160 	1010 	3161
f 3229 	3230 	3228
f 3227 	3228 	3230
f 3226 	3227 	3230
f 3226 	3230 	3231
f 3226 	3231 	3232
f 3226 	3232 	3233
f 3226 	3233 	3234
f 3226 	3234 	3235
f 3226 	3235 	3236
f 3226 	3236 	3183
f 1096 	1093 	2738
f 3218 	3216 	644
f 3139 	2895 	2894
f 3161 	1011 	1017
f 3161 	1017 	3162
f 644 	650 	3218
f 3219 	3218 	650
f 2559 	1096 	2738
f 1020 	3163 	1017
f 3162 	1017 	3163
f 3140 	2882 	2895
f 3140 	2895 	3139
f 3220 	3219 	650
f 3220 	650 	654
f 3163 	1020 	1022
f 3163 	1022 	3164
f 2883 	2882 	3140
f 3228 	3227 	1928
f 1026 	3165 	1022
f 3164 	1022 	3165
f 654 	3221 	3220
f 3229 	3228 	1928
f 1026 	1041 	3166
f 3222 	3221 	661
f 1144 	337 	2462
f 3038 	3217 	3225
f 3038 	3225 	3008
f 3153 	2886 	2885
f 3196 	3166 	1041
f 661 	665 	3222
f 3223 	3222 	665
f 3157 	2887 	2886
f 3157 	2886 	3153
f 3196 	1041 	1043
f 3196 	1043 	3197
f 665 	674 	3223
f 3224 	3223 	674
f 3217 	120 	3225
f 3197 	1043 	1047
f 3197 	1047 	3198
f 3157 	3098 	2887
f 3097 	2873 	3098
f 3225 	2843 	3008
f 1144 	2462 	1146
f 2461 	1146 	2462
f 1049 	3199 	1047
f 3198 	1047 	3199
f 2843 	3225 	494
f 27 	3224 	674
f 674 	693 	27
f 493 	238 	3094
f 3264 	3253 	2759
f 2759 	2760 	2761
f 2761 	3312 	2759
f 2444 	2697 	2434
f 3199 	1049 	1050
f 3199 	1050 	3200
f 1148 	2465 	2464
f 2464 	1149 	1148
f 1146 	2461 	366
f 312 	366 	2461
f 3009 	2844 	493
f 3009 	493 	3095
f 2447 	2703 	2444
f 3237 	2896 	2759
f 1051 	3201 	1050
f 3200 	1050 	3201
f 2450 	2703 	2447
f 3238 	3240 	2975
f 3238 	2975 	2974
f 1051 	1052 	3201
f 3202 	3201 	1052
f 1146 	366 	1144
f 2451 	2703 	2450
f 3237 	3239 	2896
f 1148 	1149 	365
f 1054 	3202 	1052
f 2456 	2703 	2454
f 2454 	2703 	2451
f 3239 	3253 	3242
f 2976 	2975 	3241
f 3240 	3241 	2975
f 3204 	1054 	1056
f 345 	1537 	16
f 2976 	3241 	2977
f 3274 	2977 	3241
f 3204 	1056 	3141
f 970 	3141 	1056
f 2456 	2457 	2703
f 2327 	2703 	2457
f 346 	3362 	1535
f 2816 	1535 	3362
f 3275 	2978 	3274
f 2977 	3274 	2978
f 1859 	1862 	3158
f 3242 	3253 	3243
f 3237 	3253 	3239
f 3077 	3100 	1822
f 2978 	3275 	3281
f 2978 	3281 	2979
f 1859 	3168 	1922
f 3208 	3297 	3247
f 3297 	3298 	3247
f 3208 	3247 	3248
f 3208 	3248 	3250
f 3208 	3250 	3251
f 3155 	3209 	3251
f 3243 	1822 	3252
f 3252 	1822 	3118
f 3286 	2980 	3281
f 2979 	3281 	2980
f 3073 	3074 	709
f 3244 	709 	3074
f 3061 	3244 	3074
f 2388 	2389 	2725
f 2400 	2697 	2389
f 2402 	2697 	2401
f 2414 	2415 	2697
f 2725 	2389 	2697
f 3287 	2980 	3286
f 3243 	3252 	2899
f 1863 	3183 	1864
f 3185 	1863 	1865
f 2980 	3287 	2982
f 752 	2699 	749
f 759 	663 	2784
f 2784 	668 	681
f 631 	635 	2784
f 636 	647 	2784
f 3252 	3118 	2899
f 3186 	3185 	1865
f 3186 	1865 	1868
f 3237 	2759 	3253
f 1822 	3243 	3253
f 2697 	2444 	2703
f 1868 	1869 	3186
f 3187 	3186 	1869
f 2984 	3289 	2985
f 3251 	3250 	1076
f 3253 	2922 	1822
f 3155 	3251 	1076
f 3188 	3187 	1869
f 3188 	1869 	1872
f 2987 	2986 	3291
f 2142 	2079 	2783
f 2703 	2142 	2783
f 3292 	2988 	2987
f 2783 	2259 	2725
f 2341 	2344 	2725
f 3293 	2989 	2988
f 3293 	2988 	3292
f 3191 	3190 	1903
f 3191 	1903 	1902
f 3257 	3259 	3256
f 3255 	3256 	3259
f 3258 	3259 	3257
f 3259 	3260 	3255
f 3254 	3255 	3260
f 3272 	3354 	3260
f 3264 	3315 	3262
f 3276 	3277 	3245
f 3263 	3268 	3261
f 3265 	3266 	3263
f 3266 	3267 	3263
f 3268 	3263 	3267
f 3269 	3261 	3268
f 3245 	3261 	3269
f 2784 	802 	2786
f 904 	937 	2786
f 3294 	2991 	3293
f 2989 	3293 	2991
f 3206 	3189 	1895
f 1872 	1895 	3189
f 2992 	2991 	3294
f 1895 	1903 	3206
f 3190 	3206 	1903
f 3296 	2994 	2992
f 1902 	1906 	3191
f 3192 	3191 	1906
f 1256 	1255 	588
f 3193 	3192 	1906
f 3193 	1906 	1913
f 1916 	3194 	1913
f 3291 	2986 	2985
f 3291 	2985 	3289
f 1275 	1262 	588
f 1262 	1257 	588
f 1257 	1256 	588
f 1279 	1276 	588
f 1276 	1275 	588
f 3193 	1913 	3194
f 3211 	3194 	1916
f 3271 	3270 	3238
f 3240 	3238 	3270
f 3240 	3270 	3241
f 1916 	1918 	3211
f 3212 	3211 	1918
f 3262 	3354 	3272
f 1283 	1281 	588
f 1281 	1279 	588
f 3274 	3241 	3273
f 3270 	3273 	3241
f 1922 	3212 	1918
f 1284 	1283 	588
f 1624 	3158 	1637
f 1862 	1637 	3158
f 3279 	3280 	3245
f 3280 	3282 	3245
f 3283 	3245 	3282
f 3278 	3279 	3245
f 3277 	3278 	3245
f 3284 	3245 	3283
f 3285 	3245 	3284
f 3261 	3245 	3285
f 3331 	1923 	3226
f 3253 	3264 	2922
f 1291 	588 	1762
f 1289 	588 	1291
f 1289 	1284 	588
f 2619 	2759 	2896
f 3226 	1923 	1925
f 3226 	1925 	3227
f 568 	588 	561
f 2896 	3239 	2897
f 3273 	3270 	3271
f 3227 	1925 	1928
f 2898 	2897 	3242
f 3239 	3242 	2897
f 1298 	1295 	588
f 1295 	561 	588
f 1928 	1933 	3229
f 3243 	2898 	3242
f 1255 	1299 	588
f 1299 	1298 	588
f 3288 	2984 	2982
f 3288 	2982 	3287
f 2899 	2898 	3243
f 1936 	3230 	1933
f 3229 	1933 	3230
f 2984 	3288 	3289
f 3230 	1936 	1937
f 3230 	1937 	3231
f 3290 	2987 	3291
f 2922 	1828 	1822
f 1939 	3232 	1937
f 3231 	1937 	3232
f 2987 	3290 	3292
f 3361 	2971 	3254
f 3232 	1939 	1941
f 3232 	1941 	3233
f 2902 	2911 	3255
f 3256 	3255 	2911
f 1328 	1325 	568
f 1320 	568 	1325
f 1943 	3234 	1941
f 3233 	1941 	3234
f 2911 	2916 	3256
f 3257 	3256 	2916
f 1332 	1328 	568
f 1334 	1332 	568
f 3258 	3257 	2916
f 3258 	2916 	2917
f 3295 	2992 	3294
f 1943 	1948 	3234
f 3235 	3234 	1948
f 2917 	2918 	3258
f 3259 	3258 	2918
f 1346 	1334 	568
f 3296 	2992 	3295
f 1349 	1346 	568
f 2918 	2919 	3260
f 1949 	3236 	1948
f 3235 	1948 	3236
f 3245 	3246 	3298
f 3246 	3247 	3298
f 3276 	3245 	3298
f 3264 	3262 	2921
f 3264 	2921 	2920
f 3236 	1949 	1864
f 3236 	1864 	3183
f 3272 	3260 	2919
f 3259 	2918 	3260
f 1729 	1724 	568
f 1724 	1639 	568
f 1735 	1729 	568
f 3286 	3281 	3296
f 3281 	3275 	3296
f 3275 	3274 	3296
f 3273 	3296 	3274
f 3272 	2919 	2921
f 3272 	2921 	3262
f 3183 	3184 	3226
f 3184 	3185 	3226
f 3212 	3195 	3331
f 3264 	2920 	2922
f 1744 	1743 	568
f 156 	568 	1743
f 1639 	1349 	568
f 568 	1320 	1744
f 3294 	3293 	3295
f 3296 	3295 	3293
f 3293 	3292 	3296
f 3296 	3292 	3290
f 3296 	3290 	3291
f 3296 	3291 	3289
f 3296 	3289 	3288
f 3296 	3288 	3287
f 3287 	3286 	3296
f 3269 	1095 	3245
f 3246 	3245 	1063
f 1063 	1064 	3246
f 3247 	3246 	1064
f 3299 	3300 	3301
f 3303 	3351 	3302
f 3302 	3351 	3301
f 3322 	3343 	3303
f 3305 	3342 	3304
f 3306 	3378 	3305
f 3307 	3378 	3306
f 3308 	3378 	3307
f 3309 	3378 	3308
f 3248 	3247 	1064
f 3248 	1064 	1066
f 1762 	588 	1774
f 1066 	1067 	3248
f 3250 	3248 	1067
f 3022 	3271 	2974
f 3238 	2974 	3271
f 1981 	1978 	3299
f 3300 	3299 	1978
f 1076 	3250 	1067
f 3010 	3341 	3311
f 3301 	3300 	1978
f 3301 	1978 	1984
f 1076 	996 	3155
f 3302 	3301 	1984
f 3302 	1984 	1988
f 3010 	3311 	3318
f 3010 	3318 	3011
f 3315 	3264 	3314
f 3316 	3262 	3315
f 3264 	2759 	3314
f 3317 	3262 	3316
f 3319 	3262 	3317
f 3313 	3314 	2759
f 3312 	3313 	2759
f 3285 	1122 	3261
f 3011 	3318 	3320
f 3011 	3320 	3012
f 3303 	3302 	1988
f 3012 	3320 	3321
f 3012 	3321 	3018
f 3265 	3263 	1079
f 3265 	1079 	1083
f 3305 	3304 	2000
f 3305 	2000 	1997
f 3304 	3343 	3322
f 3273 	3271 	3321
f 3018 	3321 	3271
f 3018 	3271 	3022
f 1083 	1088 	3265
f 3266 	3265 	1088
f 1988 	1992 	3303
f 3322 	3303 	1992
f 3267 	3266 	1088
f 3267 	1088 	1090
f 2994 	3296 	3024
f 3323 	3024 	3296
f 3304 	3322 	1992
f 3304 	1992 	2000
f 3324 	3026 	3024
f 3324 	3024 	3323
f 1090 	1092 	3267
f 3268 	3267 	1092
f 3306 	3305 	1997
f 3306 	1997 	2002
f 3325 	3027 	3026
f 3325 	3026 	3324
f 3269 	3268 	1092
f 3269 	1092 	1095
f 3307 	3306 	2002
f 3307 	2002 	2005
f 3308 	3307 	2005
f 3308 	2005 	2015
f 3326 	3028 	3027
f 3326 	3027 	3325
f 1095 	1063 	3245
f 3309 	3308 	2015
f 3309 	2015 	2018
f 3327 	3029 	3028
f 3327 	3028 	3326
f 3317 	2943 	3319
f 3277 	3276 	1102
f 3298 	1132 	3276
f 3310 	3309 	2018
f 3310 	2018 	2030
f 3029 	3327 	3030
f 3278 	3277 	1102
f 3278 	1102 	1103
f 3030 	3327 	3328
f 1103 	1109 	3278
f 3279 	3278 	1109
f 3030 	3328 	3333
f 3030 	3333 	3031
f 3280 	3279 	1109
f 3280 	1109 	1112
f 3031 	3333 	3338
f 3031 	3338 	3032
f 3332 	911 	3330
f 3329 	3330 	911
f 3334 	911 	3332
f 3335 	911 	3334
f 3336 	911 	3335
f 3337 	911 	3336
f 1852 	2033 	3331
f 3033 	3339 	3340
f 3033 	3340 	3034
f 1112 	1114 	3280
f 3282 	3280 	1114
f 3331 	2033 	1923
f 1136 	2945 	946
f 1568 	1574 	3249
f 2304 	1593 	1574
f 3249 	1574 	1593
f 711 	3249 	1593
f 711 	1593 	1604
f 711 	1604 	1624
f 711 	1624 	1664
f 711 	1664 	1671
f 711 	1671 	1127
f 711 	1127 	1405
f 711 	1405 	1400
f 711 	1400 	1456
f 711 	1456 	1795
f 711 	1795 	1800
f 711 	1800 	1803
f 711 	1803 	2970
f 2970 	3111 	711
f 3109 	3077 	3110
f 3104 	3077 	3109
f 3102 	3077 	3103
f 711 	3110 	3077
f 1098 	3077 	1822
f 1104 	3077 	1098
f 1917 	3077 	1104
f 1919 	3077 	1917
f 1946 	3077 	1919
f 1950 	3077 	1946
f 1956 	3077 	1950
f 3034 	3340 	3341
f 3034 	3341 	3035
f 3283 	3282 	1114
f 3283 	1114 	1117
f 625 	3413 	624
f 614 	615 	3310
f 3035 	3341 	3010
f 1117 	1119 	3283
f 3284 	3283 	1119
f 3285 	3284 	1119
f 3285 	1119 	1122
f 3320 	3333 	3321
f 3318 	3333 	3320
f 3311 	3333 	3318
f 3273 	3321 	3333
f 1079 	3261 	1122
f 3263 	3261 	1079
f 3333 	3328 	3273
f 3273 	3327 	3326
f 3273 	3326 	3325
f 3273 	3325 	3324
f 3273 	3324 	3323
f 3273 	3323 	3296
f 3298 	3297 	1130
f 3298 	1130 	1132
f 2108 	709 	3244
f 3337 	3336 	2952
f 3343 	3304 	3342
f 3344 	3303 	3343
f 3345 	3303 	3344
f 3346 	3303 	3345
f 3347 	3303 	3346
f 3348 	3303 	3347
f 3349 	3303 	3348
f 3350 	3303 	3349
f 3351 	3303 	3350
f 3352 	3301 	3351
f 3299 	3301 	3352
f 3310 	3378 	3309
f 1102 	3276 	1132
f 711 	2107 	3249
f 3327 	3273 	3328
f 3333 	3311 	3341
f 3333 	3341 	3340
f 3333 	3340 	3339
f 3333 	3339 	3338
f 3208 	1139 	1130
f 1130 	3297 	3208
f 2815 	2808 	432
f 432 	2808 	16
f 3032 	3338 	3339
f 3032 	3339 	3033
f 3342 	3305 	3353
f 3356 	3357 	3260
f 3359 	3260 	3358
f 3357 	3358 	3260
f 3355 	3356 	3260
f 3354 	3355 	3260
f 3360 	3260 	3359
f 3361 	3260 	3360
f 3254 	3260 	3361
f 3354 	3262 	3319
f 2115 	26 	2232
f 664 	500 	2749
f 3081 	2749 	500
f 3344 	3343 	2049
f 1139 	3208 	1142
f 3345 	3344 	2049
f 1956 	1142 	3208
f 365 	335 	366
f 3359 	3358 	2968
f 366 	337 	1144
f 3360 	3359 	2968
f 337 	366 	335
f 432 	16 	1537
f 3348 	3347 	2064
f 3349 	3348 	2064
f 3312 	2761 	2923
f 2761 	2641 	2923
f 2924 	3313 	2923
f 3312 	2923 	3313
f 3313 	2924 	2935
f 3313 	2935 	3314
f 2938 	3315 	2935
f 3314 	2935 	3315
f 3364 	3365 	3388
f 3365 	3366 	3388
f 3366 	3367 	3388
f 3367 	3368 	3388
f 3368 	3369 	3388
f 3369 	3370 	3388
f 3363 	3388 	3370
f 3315 	2938 	2939
f 3315 	2939 	3316
f 2943 	3317 	2939
f 3316 	2939 	3317
f 3372 	3388 	3371
f 3373 	3388 	3372
f 3374 	3388 	3373
f 3375 	3388 	3374
f 3376 	3388 	3375
f 3377 	3388 	3376
f 3407 	3388 	3377
f 3363 	3371 	3388
f 2954 	3319 	2943
f 615 	616 	3310
f 3353 	3305 	3378
f 3329 	946 	2945
f 3380 	3381 	3379
f 3379 	3381 	3382
f 3379 	3382 	3383
f 3379 	3383 	3384
f 3379 	3384 	3385
f 3379 	3385 	3386
f 3379 	3386 	3387
f 3330 	3329 	2945
f 3330 	2945 	2946
f 2946 	2947 	3330
f 3332 	3330 	2947
f 3334 	3332 	2947
f 3334 	2947 	2948
f 3378 	3408 	1664
f 2948 	2950 	3334
f 3335 	3334 	2950
f 3390 	3387 	3389
f 3391 	3387 	3390
f 3392 	3387 	3391
f 3393 	3387 	3392
f 3394 	3387 	3393
f 3395 	3387 	3394
f 3379 	3387 	3395
f 3388 	3389 	3387
f 3387 	3364 	3388
f 3336 	3335 	2950
f 3336 	2950 	2951
f 2952 	3336 	2951
f 2493 	3337 	2952
f 3407 	3409 	3388
f 3403 	3404 	3388
f 3396 	3388 	3397
f 3396 	3397 	3398
f 3396 	3398 	3399
f 3400 	3402 	3399
f 3401 	3402 	3400
f 3396 	3399 	3402
f 3354 	3319 	2954
f 2956 	3355 	2954
f 3354 	2954 	3355
f 1671 	1664 	3408
f 3378 	3310 	3408
f 3406 	3397 	3388
f 3405 	3406 	3388
f 3404 	3405 	3388
f 3409 	3410 	3388
f 3410 	3411 	3388
f 3412 	3388 	3411
f 3403 	3388 	3412
f 3355 	2956 	2961
f 3355 	2961 	3356
f 3408 	2088 	1671
f 2965 	3357 	2961
f 3356 	2961 	3357
f 3357 	2965 	2966
f 3357 	2966 	3358
f 3408 	620 	3413
f 672 	736 	625
f 3413 	625 	738
f 3358 	2966 	2968
f 872 	2086 	738
f 3413 	738 	2086
f 3360 	2968 	2969
f 3408 	3413 	2086
f 3408 	2086 	2088
f 3361 	3360 	2969
f 3361 	2969 	2971
f 2046 	2045 	3342
f 3343 	3342 	2045
f 3255 	3254 	2902
f 2971 	2902 	3254
f 38 	3065 	484
f 2039 	2040 	3378
f 3378 	2040 	3353
f 38 	219 	3065
f 90 	3065 	219
f 57 	62 	3370
f 8 	3363 	62
f 2040 	2046 	3353
f 3342 	3353 	2046
f 3371 	3363 	71
f 2049 	3343 	2045
f 3416 	412 	3415
f 3417 	412 	3416
f 3418 	412 	3417
f 3419 	412 	3418
f 3420 	412 	3419
f 3421 	412 	3420
f 3422 	412 	3421
f 3423 	412 	3422
f 3424 	412 	3423
f 3425 	412 	3424
f 3426 	412 	3425
f 59 	412 	58
f 58 	412 	3426
f 3373 	74 	75
f 203 	99 	3414
f 3345 	2049 	2053
f 75 	77 	3373
f 3416 	3415 	99
f 3416 	99 	108
f 3376 	3375 	84
f 3346 	3345 	2053
f 3346 	2053 	2059
f 108 	117 	3416
f 3417 	3416 	117
f 117 	124 	3417
f 3418 	3417 	124
f 2059 	2061 	3346
f 3347 	3346 	2061
f 3419 	3418 	124
f 3419 	124 	129
f 3387 	150 	3364
f 129 	132 	3419
f 3420 	3419 	132
f 3364 	30 	3365
f 34 	3365 	30
f 2064 	3347 	2061
f 3421 	3420 	132
f 3421 	132 	138
f 34 	40 	3366
f 34 	3366 	3365
f 3349 	2064 	2067
f 3367 	3366 	48
f 40 	48 	3366
f 138 	3422 	3421
f 48 	52 	3368
f 48 	3368 	3367
f 3423 	3422 	151
f 3350 	3349 	2067
f 3350 	2067 	2070
f 3369 	3368 	57
f 52 	57 	3368
f 1680 	2039 	3378
f 151 	159 	3423
f 3424 	3423 	159
f 57 	3370 	3369
f 2070 	2074 	3350
f 3351 	3350 	2074
f 3425 	3424 	159
f 3425 	159 	167
f 3370 	62 	3363
f 167 	173 	3425
f 3426 	3425 	173
f 3352 	3351 	2074
f 3352 	2074 	2077
f 3378 	1664 	1680
f 8 	71 	3363
f 173 	226 	58
f 3352 	2077 	1981
f 3352 	1981 	3299
f 74 	3371 	71
f 2088 	1706 	1671
f 3429 	3430 	412
f 3428 	3429 	412
f 3430 	3414 	412
f 3414 	3415 	412
f 3427 	3428 	412
f 38 	412 	59
f 77 	3374 	3373
f 80 	3375 	77
f 3427 	2492 	189
f 80 	84 	3375
f 3428 	3427 	189
f 3428 	189 	193
f 3376 	84 	94
f 193 	3429 	3428
f 3430 	3429 	203
f 3432 	3433 	3431
f 3433 	3434 	3431
f 3434 	3435 	3431
f 3108 	3431 	3435
f 3108 	3435 	3436
f 3108 	3436 	3437
f 3108 	3437 	3438
f 3108 	3438 	3439
f 3108 	3439 	31
f 3108 	31 	29
f 66 	3108 	64
f 66 	104 	3108
f 29 	64 	3108
f 3414 	3430 	203
f 3415 	3414 	99
f 3379 	3395 	119
f 3431 	3108 	375
f 3380 	3379 	128
f 119 	128 	3379
f 128 	130 	3380
f 375 	380 	3431
f 3432 	3431 	380
f 130 	131 	3382
f 3433 	3432 	380
f 3433 	380 	393
f 3383 	3382 	135
f 131 	135 	3382
f 3383 	135 	3384
f 139 	3384 	135
f 393 	397 	3433
f 3434 	3433 	397
f 141 	3385 	3384
f 141 	3384 	139
f 3435 	3434 	397
f 3435 	397 	406
f 3385 	141 	146
f 150 	3387 	146
f 406 	3436 	3435
f 30 	3364 	150
f 3437 	3436 	422
f 422 	430 	3437
f 3438 	3437 	430
f 3391 	163 	168
f 430 	437 	3438
f 3439 	3438 	437
f 168 	171 	3391
f 31 	3439 	437
f 216 	221 	3400
f 221 	225 	3400
f 171 	3392 	3391
f 171 	175 	3392
f 3393 	3392 	175
f 3393 	175 	3394
f 184 	3394 	175
f 3394 	184 	3395
f 186 	3395 	184
f 209 	214 	3398
f 216 	3399 	3398
f 216 	3398 	214
f 216 	3400 	3399
f 225 	3401 	3400
f 3401 	225 	3402
f 233 	3402 	225
f 233 	236 	3402
f 3396 	3402 	236
f 248 	257 	3407
f 3404 	281 	289
f 289 	290 	3405
f 289 	3405 	3404
f 290 	294 	3405
f 294 	209 	3397
f 3371 	74 	3372
f 74 	3373 	3372
f 77 	3375 	3374
f 3376 	94 	3377
f 248 	3407 	3377
f 94 	248 	3377
f 130 	3381 	3380
f 3382 	3381 	130
f 146 	3386 	3385
f 3387 	3386 	146
f 3388 	161 	3389
f 160 	3389 	161
f 163 	3390 	3389
f 163 	3389 	160
f 3391 	3390 	163
f 186 	119 	3395
f 3388 	3396 	161
f 3406 	294 	3397
f 209 	3398 	3397
f 236 	161 	3396
f 257 	3409 	3407
f 265 	3410 	3409
f 265 	3409 	257
f 3410 	265 	3411
f 272 	3411 	265
f 276 	3412 	3411
f 276 	3411 	272
f 281 	3403 	276
f 3412 	276 	3403
f 281 	3404 	3403
f 3405 	294 	3406
f 276 	272 	2808
f 265 	257 	2808
f 257 	248 	2808
f 236 	3362 	161
f 236 	233 	3362
f 3362 	346 	160
f 345 	135 	346
f 135 	345 	139
f 131 	346 	135
f 128 	346 	130
f 130 	346 	131
f 30 	150 	345
f 16 	30 	345
# 6886 faces

 #end of obj_0

