# Object Export From Tinkercad Server 2015

mtllib obj.mtl

o obj_0
v -13.35 		-35.301 		12.5017
v -13.35 		-36.8 		12.5017
v -13.35 		-36.8 		12.4643
v -13.35 		-35.301 		12.4643
v -58 		-35.301 		12.4643
v -58 		-36.8 		12.4643
v -40.613 		-37.22 		11.407
v -58 		-36.8 		12.5017
v -58 		-35.301 		12.5017
v -30.204 		-38.927 		18.97
v -29.87 		-38.937 		18.97
v -30.204 		-38.927 		18.976
v -42.802 		-42.401 		6.488
v -29.87 		-38.937 		18.976
v -30.527 		-38.943 		18.97
v -31.56 		-38.071 		8.64
v -31.538 		-38.071 		8.78
v -31.56 		-38.071 		8.92
v -40.506 		-37.171 		11.436
v -49.067 		-42.401 		6.488
v -30.527 		-38.943 		18.976
v -42.802 		-56.401 		6.488
v -34.631 		-36.521 		8.549
v -31.562 		-38.071 		16.64
v -31.54 		-38.071 		16.78
v -49.067 		-56.401 		6.488
v -31.562 		-38.071 		16.92
v -41.447 		-52.201 		16.67
v -41.447 		-52.201 		8.27
v -49.403 		-35.301 		17.973
v -41.447 		-50.198 		8.27
v -34.631 		-36.521 		8.872
v -35.631 		-36.521 		8.872
v -35.631 		-36.521 		8.549
v -41.36 		-42.301 		16.67
v -41.447 		-50.198 		16.67
v -34.631 		-36.521 		10.227
v -30.843 		-38.071 		8.78
v -41.46 		-49.846 		15.673
v -41.46 		-42.401 		15.673
v -35.631 		-36.521 		10.227
v -41.46 		-42.401 		9.268
v -41.46 		-49.846 		9.268
v -25.658 		-37.071 		7.002
v -30.189 		-39.848 		18.97
v -30.1599 		-39.856 		18.97
v -41.46 		-50.198 		16.603
v -41.46 		-50.198 		8.273
v -29.531 		-39.2135 		18.97
v -29.644 		-39.188 		18.97
v -29.924 		-39.149 		18.97
v -30.201 		-39.136 		18.97
v -30.555 		-39.1683 		18.97
v -40.714 		-37.275 		11.38
v -29.644 		-39.188 		18.976
v -29.924 		-39.149 		18.976
v -30.201 		-39.136 		18.976
v -29.589 		-38.967 		18.97
v -49.403 		-35.301 		6.968
v -29.589 		-38.967 		18.976
v -30.189 		-39.848 		18.976
v -30.555 		-39.7503 		18.97
v -30.448 		-39.783 		18.97
v -30.448 		-39.783 		18.976
v -29.7897 		-40.368 		18.97
v -29.794 		-40.344 		18.97
v -29.838 		-40.272 		18.97
v -41.36 		-40.328 		18.97
v -29.911 		-40.211 		18.97
v -30.031 		-40.155 		18.97
v -30.143 		-40.1189 		18.97
v -30.46 		-40.034 		18.97
v -29.794 		-40.344 		18.976
v -41.46 		-56.401 		16.603
v -29.838 		-40.272 		18.976
v -29.911 		-40.211 		18.976
v -30.031 		-40.155 		18.976
v -30.46 		-40.034 		18.976
v -30.214 		-40.096 		18.97
v -30.214 		-40.096 		18.976
v -41.46 		-56.401 		8.273
v -29.583 		-40.081 		18.97
v -29.531 		-40.132 		18.97
v -29.583 		-40.081 		18.976
v -42.802 		-42.401 		18.388
v -29.732 		-39.995 		18.97
v -29.732 		-39.995 		18.976
v -29.934 		-39.918 		18.97
v -29.934 		-39.918 		18.976
v -30.373 		-40.707 		18.97
v -30.043 		-40.676 		18.97
v -29.845 		-40.583 		18.97
v -29.779 		-40.428 		18.97
v -30.373 		-40.707 		18.976
v -30.043 		-40.676 		18.976
v -29.845 		-40.583 		18.976
v -49.067 		-42.401 		18.388
v -29.779 		-40.428 		18.976
v -29.858 		-40.868 		18.97
v -29.858 		-40.868 		18.976
v -29.7102 		-40.8132 		18.97
v -29.661 		-40.795 		18.97
v -29.661 		-40.795 		18.976
v -40.4739 		-37.1752 		11.321
v -40.4666 		-37.171 		11.3283
v -40.4074 		-37.1434 		11.3874
v -29.531 		-40.7062 		18.97
v -40.3765 		-37.129 		11.4182
v -40.346 		-37.1176 		11.4488
v -40.3041 		-37.1021 		11.4906
v -40.2896 		-37.0972 		11.5051
v -30.382 		-40.927 		18.97
v -30.555 		-40.9201 		18.97
v -30.382 		-40.927 		18.976
v -30.098 		-40.912 		18.97
v -30.098 		-40.912 		18.976
v -42.802 		-56.401 		18.388
v -30.796 		-38.991 		18.97
v -30.6985 		-38.9736 		18.97
v -36.653 		-37.071 		17.211
v -30.796 		-38.991 		18.976
v -31.011 		-39.072 		18.97
v -49.34 		-37.071 		17.973
v -49.34 		-37.071 		7.002
v -49.34 		-38.071 		7.002
v -49.34 		-38.071 		17.973
v -49.067 		-56.401 		18.388
v -43.731 		-37.071 		9.549
v -43.731 		-36.521 		9.549
v -43.731 		-36.521 		9.872
v -43.731 		-37.071 		9.872
v -43.731 		-36.521 		11.227
v -43.731 		-37.071 		11.227
v -43.731 		-36.521 		11.549
v -41.606 		-42.401 		17.413
v -43.731 		-37.071 		11.549
v -41.716 		-42.401 		17.652
v -46.139 		-35.871 		17.036
v -46.139 		-35.871 		16.536
v -45.639 		-35.871 		16.536
v -45.639 		-35.871 		17.036
v -41.6091 		-42.304 		17.4109
v -41.6316 		-42.304 		17.4597
v -44.731 		-37.071 		9.872
v -44.731 		-36.521 		9.872
v -44.731 		-36.521 		9.549
v -41.7189 		-42.304 		17.6493
v -44.731 		-37.071 		9.549
v -44.731 		-37.071 		11.227
v -44.731 		-36.521 		11.227
v -41.7468 		-42.304 		17.693
v -44.731 		-37.071 		11.549
v -44.731 		-36.521 		11.549
v -44.539 		-35.871 		17.036
v -44.539 		-35.871 		16.536
v -31.011 		-39.072 		18.976
v -31.067 		-39.1106 		18.97
v -41.4641 		-42.401 		16.67
v -31.0115 		-39.856 		18.97
v -31.067 		-39.8255 		18.97
v -41.477 		-42.401 		16.882
v -41.526 		-42.401 		17.155
v -30.596 		-39.172 		18.97
v -41.4674 		-42.304 		16.67
v -30.833 		-39.28 		18.97
v -30.912 		-39.46 		18.97
v -30.896 		-39.544 		18.97
v -30.849 		-39.615 		18.97
v -30.77 		-39.672 		18.97
v -30.641 		-39.724 		18.97
v -41.4803 		-42.304 		16.8814
v -30.596 		-39.172 		18.976
v -41.5291 		-42.304 		17.1536
v -41.4902 		-42.304 		16.937
v -30.833 		-39.28 		18.976
v -30.912 		-39.46 		18.976
v -41.5456 		-42.304 		17.2063
v -30.896 		-39.544 		18.976
v -30.849 		-39.615 		18.976
v -30.77 		-39.672 		18.976
v -30.641 		-39.724 		18.976
v -31.169 		-39.181 		18.97
v -31.169 		-39.181 		18.976
v -31.263 		-39.314 		18.97
v -31.263 		-39.314 		18.976
v -31.295 		-39.472 		18.97
v -31.295 		-39.472 		18.976
v -31.276 		-39.594 		18.97
v -31.276 		-39.594 		18.976
v -41.853 		-42.401 		17.865
v -31.22 		-39.702 		18.97
v -42.013 		-42.401 		18.047
v -31.22 		-39.702 		18.976
v -31.126 		-39.793 		18.97
v -42.193 		-42.401 		18.193
v -31.126 		-39.793 		18.976
v -41.8555 		-42.304 		17.8619
v -41.8882 		-42.304 		17.8989
v -31.102 		-40.603 		18.97
v -30.847 		-40.661 		18.97
v -30.604 		-40.695 		18.97
v -30.977 		-39.875 		18.97
v -42.0151 		-42.304 		18.0433
v -31.102 		-40.603 		18.976
v -30.847 		-40.661 		18.976
v -42.1946 		-42.304 		18.1891
v -31.1144 		-40.6236 		18.97
v -42.0519 		-42.304 		18.0733
v -30.604 		-40.695 		18.976
v -42.2344 		-42.304 		18.211
v -31.1405 		-40.6671 		18.97
v -36.792 		-37.071 		17.233
v -31.234 		-40.823 		18.97
v -36.342 		-37.071 		16.78
v -31.234 		-40.823 		18.976
v -39.8227 		-37.094 		11.118
v -30.97 		-40.88 		18.97
v -30.97 		-40.88 		18.976
v -42.388 		-42.401 		18.301
v -34.631 		-36.521 		10.549
v -30.685 		-40.915 		18.97
v -42.592 		-42.401 		18.366
v -35.631 		-36.521 		10.549
v -30.685 		-40.915 		18.976
v -42.389 		-42.304 		18.2967
v -30.977 		-39.875 		18.976
v -42.4308 		-42.304 		18.3099
v -35.59 		-38.071 		6.983
v -30.755 		-39.955 		18.97
v -30.755 		-39.955 		18.976
v -42.5926 		-42.304 		18.3615
v -35.192 		-38.071 		16.328
v -42.6354 		-42.304 		18.366
v -42.802 		-42.304 		18.3835
v -35.331 		-38.071 		16.35
v -31.861 		-40.899 		18.97
v -32.241 		-40.899 		18.97
v -33.437 		-40.899 		18.97
v -31.861 		-40.899 		18.976
v -32.241 		-40.899 		18.976
v -33.437 		-40.899 		18.976
v -35.439 		-38.071 		17.036
v -35.439 		-38.071 		16.536
v -32.241 		-40.079 		18.97
v -33.437 		-40.079 		18.97
v -35.192 		-38.071 		17.233
v -32.241 		-40.079 		18.976
v -35.331 		-38.071 		17.211
v -35.456 		-38.071 		17.146
v -33.437 		-40.079 		18.976
v -35.556 		-38.071 		17.046
v -31.861 		-38.954 		18.97
v -35.62 		-38.071 		16.92
v -31.861 		-38.954 		18.976
v -33.437 		-38.954 		18.97
v -32.241 		-38.954 		18.97
v -35.62 		-38.071 		16.64
v -32.241 		-38.954 		18.976
v -33.437 		-39.86 		18.97
v -35.556 		-38.071 		16.514
v -32.241 		-39.86 		18.97
v -33.437 		-39.86 		18.976
v -32.241 		-39.86 		18.976
v -35.456 		-38.071 		16.414
v -33.437 		-38.954 		18.976
v -33.82 		-40.899 		18.97
v -33.82 		-40.899 		18.976
v -34.549 		-38.954 		18.97
v -34.164 		-38.954 		18.97
v -33.82 		-38.954 		18.97
v -34.164 		-38.954 		18.976
v -34.549 		-38.954 		18.976
v -33.82 		-38.954 		18.976
v -35.053 		-38.071 		16.35
v -34.939 		-38.071 		16.536
v -34.939 		-38.071 		17.036
v -34.927 		-38.071 		16.414
v -35.55 		-40.907 		18.97
v -34.827 		-38.071 		16.514
v -35.55 		-40.907 		18.976
v -34.764 		-38.071 		16.64
v -35.152 		-40.907 		18.97
v -34.741 		-38.071 		16.78
v -44.039 		-35.871 		16.536
v -44.039 		-35.871 		17.036
v -24.753 		-51.0925 		14.943
v -24.753 		-50.1965 		14.943
v -24.658 		-50.1968 		14.848
v -24.7278 		-51.0802 		14.9178
v -24.658 		-50.1852 		14.848
v -24.753 		-50.1855 		14.943
v -35.152 		-40.907 		18.976
v -26.175 		-49.846 		15.324
v -34.851 		-39.556 		18.97
v -26.175 		-50.2495 		15.324
v -26.1703 		-50.2495 		15.3228
v -26.137 		-51.0925 		15.3138
v -34.851 		-39.556 		18.976
v -25.658 		-50.2488 		15.1855
v -35.383 		-40.547 		18.97
v -35.3681 		-40.5867 		18.97
v -25.658 		-50.1333 		15.1855
v -26.175 		-50.1326 		15.324
v -35.383 		-40.547 		18.976
v -24.753 		-49.846 		14.943
v -35.426 		-40.446 		18.97
v -49.278 		-42.401 		18.366
v -24.7786 		-50.2477 		14.9499
v -24.7606 		-50.2117 		14.945
v -49.067 		-42.304 		18.3835
v -49.11 		-42.304 		18.3789
v -25.435 		-50.2486 		15.1257
v -24.7785 		-50.1344 		14.9498
v -24.7786 		-50.1343 		14.9499
v -49.2774 		-42.304 		18.3615
v -49.3192 		-42.304 		18.3482
v -35.426 		-40.446 		18.976
v -24.8276 		-50.1343 		14.963
v -25.435 		-50.1336 		15.1257
v -35.475 		-40.338 		18.97
v -35.475 		-40.338 		18.976
v -30.443 		-38.071 		7.002
v -30.443 		-37.071 		7.002
v -35.3581 		-40.6132 		18.97
v -35.255 		-40.397 		18.97
v -34.959 		-39.776 		18.97
v -34.959 		-39.776 		18.976
v -25.839 		-38.071 		9.036
v -25.839 		-38.071 		8.536
v -35.255 		-40.397 		18.976
v -35.3532 		-40.6262 		18.97
v -35.288 		-40.474 		18.97
v -21.9028 		-49.846 		15.673
v -35.288 		-40.474 		18.976
v -35.3497 		-40.6353 		18.97
v -35.319 		-40.555 		18.97
v -25.73 		-38.071 		9.211
v -25.856 		-38.071 		9.146
v -35.319 		-40.555 		18.976
v -22.9093 		-52.201 		8.27
v -35.348 		-40.64 		18.97
v -35.348 		-40.64 		18.976
v -25.956 		-38.071 		9.046
v -26.021 		-38.071 		8.92
v -36.544 		-38.954 		18.97
v -26.043 		-38.071 		8.78
v -36.544 		-38.954 		18.976
v -26.021 		-38.071 		8.64
v -36.15 		-38.954 		18.97
v -35.854 		-39.556 		18.97
v -36.15 		-38.954 		18.976
v -25.956 		-38.071 		8.514
v -34.764 		-38.071 		16.92
v -25.856 		-38.071 		8.414
v -34.827 		-38.071 		17.046
v -35.854 		-39.556 		18.976
v -34.927 		-38.071 		17.146
v -35.053 		-38.071 		17.211
v -25.73 		-38.071 		8.35
v -35.746 		-39.776 		18.97
v -35.746 		-39.776 		18.976
v -34.631 		-38.071 		17.973
v -37.72 		-40.899 		18.97
v -37.723 		-40.8987 		18.97
v -37.72 		-40.899 		18.976
v -36.99 		-40.899 		18.97
v -39.8241 		-37.0944 		11.1166
v -36.99 		-40.899 		18.976
v -36.99 		-38.954 		18.97
v -25.73 		-37.071 		9.211
v -36.99 		-38.954 		18.976
v -37.37 		-38.954 		18.97
v -25.856 		-37.071 		9.146
v -37.37 		-38.954 		18.976
v -37.37 		-39.756 		18.97
v -25.956 		-37.071 		9.046
v -37.37 		-39.756 		18.976
v -26.021 		-37.071 		8.92
v -37.723 		-40.6857 		18.97
v -37.692 		-40.687 		18.97
v -37.37 		-40.687 		18.97
v -37.37 		-39.968 		18.97
v -37.702 		-39.968 		18.97
v -37.723 		-39.9689 		18.97
v -26.043 		-37.071 		8.78
v -37.37 		-39.968 		18.976
v -37.702 		-39.968 		18.976
v -26.021 		-37.071 		8.64
v -25.956 		-37.071 		8.514
v -37.692 		-40.687 		18.976
v -25.856 		-37.071 		8.414
v -37.37 		-40.687 		18.976
v -39.9276 		-37.129 		11.0131
v -25.73 		-37.071 		8.35
v -38.554 		-38.954 		18.97
v -37.837 		-39.756 		18.97
v -37.837 		-39.756 		18.976
v -25.658 		-37.071 		8.3387
v -38.554 		-38.954 		18.976
v -25.658 		-37.071 		9.2223
v -27.556 		-38.071 		9.046
v -27.621 		-38.071 		8.92
v -27.643 		-38.071 		8.78
v -27.621 		-38.071 		8.64
v -27.556 		-38.071 		8.514
v -39.835 		-37.129 		10.997
v -27.439 		-38.071 		9.036
v -27.439 		-38.071 		8.536
v -26.939 		-38.071 		8.536
v -26.939 		-38.071 		9.036
v -39.845 		-37.171 		10.881
v -38.28 		-39.856 		18.97
v -38.19 		-39.823 		18.97
v -38.19 		-39.823 		18.976
v -39.974 		-37.171 		10.904
v -38.52 		-39.944 		18.97
v -38.4459 		-39.9168 		18.97
v -38.3031 		-39.8645 		18.97
v -38.52 		-39.944 		18.976
v -38.717 		-40.118 		18.97
v -44.29 		-37.071 		16.328
v -44.15 		-37.071 		16.35
v -38.717 		-40.118 		18.976
v -39.951 		-37.1388 		10.9897
v -37.914 		-39.977 		18.97
v -38.085 		-40.006 		18.97
v -38.214 		-40.054 		18.97
v -38.306 		-40.124 		18.97
v -38.361 		-40.218 		18.97
v -38.38 		-40.334 		18.97
v -38.3746 		-40.368 		18.97
v -44.43 		-37.071 		16.35
v -37.914 		-39.977 		18.976
v -40.02 		-37.171 		10.9208
v -38.085 		-40.006 		18.976
v -38.214 		-40.054 		18.976
v -38.306 		-40.124 		18.976
v -38.361 		-40.218 		18.976
v -44.43 		-37.071 		17.211
v -38.38 		-40.334 		18.976
v -44.556 		-37.071 		17.146
v -38.665 		-40.653 		18.97
v -38.6673 		-40.6469 		18.97
v -38.7023 		-40.5559 		18.97
v -39.854 		-37.22 		10.77
v -44.656 		-37.071 		17.046
v -38.665 		-40.653 		18.976
v -38.311 		-40.838 		18.97
v -44.721 		-37.071 		16.92
v -40.003 		-37.22 		10.797
v -38.311 		-40.838 		18.976
v -37.9041 		-40.88 		18.97
v -44.743 		-37.071 		16.78
v -38.362 		-40.448 		18.97
v -38.307 		-40.538 		18.97
v -38.217 		-40.605 		18.97
v -38.086 		-40.651 		18.97
v -37.911 		-40.678 		18.97
v -38.362 		-40.448 		18.976
v -27.05 		-38.071 		8.35
v -38.307 		-40.538 		18.976
v -27.19 		-38.071 		8.328
v -38.217 		-40.605 		18.976
v -26.924 		-38.071 		8.414
v -38.086 		-40.651 		18.976
v -37.911 		-40.678 		18.976
v -26.824 		-38.071 		8.514
v -39.483 		-38.954 		18.97
v -39.003 		-38.954 		18.97
v -26.76 		-38.071 		8.64
v -26.738 		-38.071 		8.78
v -26.76 		-38.071 		8.92
v -26.824 		-38.071 		9.046
v -26.924 		-38.071 		9.146
v -41.4635 		-42.304 		15.673
v -27.05 		-38.071 		9.211
v -40.0677 		-37.198 		10.8731
v -27.33 		-38.071 		9.211
v -40.1065 		-37.22 		10.8344
v -27.456 		-38.071 		9.146
v -40.1872 		-37.275 		10.7537
v -40.1866 		-37.2746 		10.7543
v -27.456 		-38.071 		8.414
v -42.157 		-42.304 		15.673
v -27.33 		-38.071 		8.35
v -27.19 		-38.071 		9.233
v -41.4602 		-42.401 		8.27
v -41.4637 		-42.304 		8.27
v -27.556 		-37.071 		9.046
v -27.621 		-37.071 		8.92
v -41.4635 		-42.304 		9.268
v -27.643 		-37.071 		8.78
v -42.157 		-42.304 		8.27
v -27.621 		-37.071 		8.64
v -27.556 		-37.071 		8.514
v -40.5384 		-37.213 		11.2565
v -40.5499 		-37.22 		11.2449
v -42.157 		-42.304 		9.268
v -40.6012 		-37.2571 		11.1938
v -40.656 		-37.275 		11.222
v -42.157 		-42.304 		8.236
v -40.6257 		-37.275 		11.1693
v -27.05 		-37.071 		8.35
v -27.19 		-37.071 		8.328
v -26.924 		-37.071 		8.414
v -26.824 		-37.071 		8.514
v -44.244 		-45.257 		12.482
v -44.472 		-45.257 		13.332
v -26.76 		-37.071 		8.64
v -26.738 		-37.071 		8.78
v -26.76 		-37.071 		8.92
v -40.6633 		-37.3074 		11.1317
v -26.824 		-37.071 		9.046
v -45.094 		-45.257 		13.954
v -40.6964 		-37.336 		11.0986
v -26.924 		-37.071 		9.146
v -45.944 		-45.257 		14.182
v -40.6581 		-37.3425 		11.0151
v -27.05 		-37.071 		9.211
v -40.6925 		-37.3521 		11.0495
v -46.794 		-45.257 		13.954
v -27.33 		-37.071 		9.211
v -39.483 		-38.954 		18.976
v -39.003 		-38.954 		18.976
v -27.456 		-37.071 		9.146
v -39.483 		-40.899 		18.97
v -39.483 		-40.899 		18.976
v -47.417 		-45.257 		13.332
v -38.783 		-40.346 		18.97
v -38.783 		-40.346 		18.976
v -27.456 		-37.071 		8.414
v -39.862 		-38.954 		18.97
v -39.862 		-38.954 		18.976
v -27.33 		-37.071 		8.35
v -40.582 		-39.727 		18.97
v -40.251 		-39.709 		18.97
v -47.644 		-45.257 		12.482
v -40.251 		-39.709 		18.976
v -40.582 		-39.727 		18.976
v -40.856 		-39.781 		18.97
v -40.856 		-39.781 		18.976
v -27.19 		-37.071 		9.233
v -41.0357 		-39.856 		18.97
v -39.862 		-39.709 		18.97
v -27.049 		-38.071 		16.35
v -39.862 		-39.709 		18.976
v -27.188 		-38.071 		16.328
v -40.308 		-40.899 		18.97
v -40.308 		-40.899 		18.976
v -27.327 		-38.071 		16.35
v -45.944 		-44.801 		12.482
v -40.651 		-40.646 		18.97
v -40.269 		-40.687 		18.97
v -39.862 		-40.687 		18.97
v -39.862 		-39.921 		18.97
v -40.206 		-39.921 		18.97
v -40.449 		-39.931 		18.97
v -40.641 		-39.962 		18.97
v -40.781 		-40.015 		18.97
v -40.795 		-40.026 		18.97
v -39.862 		-40.687 		18.976
v -39.862 		-39.921 		18.976
v -44.721 		-37.071 		16.64
v -40.206 		-39.921 		18.976
v -40.449 		-39.931 		18.976
v -40.641 		-39.962 		18.976
v -44.656 		-37.071 		16.514
v -40.781 		-40.015 		18.976
v -27.552 		-38.071 		17.046
v -35.59 		-37.071 		6.983
v -27.616 		-38.071 		16.92
v -35.631 		-37.071 		6.9763
v -27.638 		-38.071 		16.78
v -27.616 		-38.071 		16.64
v -27.552 		-38.071 		16.514
v -27.439 		-38.071 		17.036
v -27.439 		-38.071 		16.536
v -26.939 		-38.071 		16.536
v -26.939 		-38.071 		17.036
v -40.719 		-37.3594 		11.076
v -26.923 		-38.071 		16.414
v -40.719 		-37.796 		11.076
v -26.824 		-38.071 		16.514
v -47.417 		-45.257 		11.632
v -26.76 		-38.071 		16.64
v -26.738 		-38.071 		16.78
v -26.76 		-38.071 		16.92
v -40.5182 		-37.3317 		10.8752
v -40.4641 		-37.336 		10.8211
v -40.532 		-37.336 		10.878
v -26.824 		-38.071 		17.046
v -46.794 		-45.257 		11.01
v -26.923 		-38.071 		17.146
v -40.5265 		-37.3311 		10.8835
v -27.049 		-38.071 		17.211
v -40.5889 		-37.336 		10.9459
v -45.944 		-45.257 		10.782
v -44.556 		-37.071 		16.414
v -45.094 		-45.257 		11.01
v -44.472 		-45.257 		11.632
v -44.024 		-37.071 		16.414
v -43.924 		-37.071 		16.514
v -43.924 		-37.071 		17.046
v -44.024 		-37.071 		17.146
v -44.15 		-37.071 		17.211
v -44.29 		-37.071 		17.233
v -43.86 		-37.071 		16.64
v -35.192 		-37.071 		16.328
v -43.838 		-37.071 		16.78
v -43.86 		-37.071 		16.92
v -35.331 		-37.071 		16.35
v -44.731 		-37.071 		17.973
v -35.192 		-37.071 		17.233
v -41.716 		-42.401 		7.224
v -35.331 		-37.071 		17.211
v -41.606 		-42.401 		7.463
v -41.675 		-37.071 		12.259
v -35.456 		-37.071 		17.146
v -41.773 		-37.071 		11.64
v -41.526 		-42.401 		7.721
v -41.675 		-37.071 		11.021
v -41.477 		-42.401 		7.994
v -41.39 		-37.071 		10.463
v -35.556 		-37.071 		17.046
v -35.62 		-37.071 		16.92
v -41.7189 		-42.304 		7.2267
v -41.6963 		-42.304 		7.2755
v -41.6091 		-42.304 		7.4651
v -35.631 		-37.071 		16.85
v -41.5291 		-42.304 		7.7225
v -41.39 		-37.071 		12.817
v -35.631 		-37.071 		16.71
v -35.62 		-37.071 		16.64
v -41.5926 		-42.304 		7.5178
v -35.556 		-37.071 		16.514
v -41.5192 		-42.304 		7.7781
v -35.456 		-37.071 		16.414
v -41.4803 		-42.304 		7.9946
v -41.477 		-42.304 		8.0517
v -27.188 		-38.071 		17.233
v -27.327 		-38.071 		17.211
v -27.453 		-38.071 		17.146
v -42.193 		-42.401 		6.683
v -42.013 		-42.401 		6.829
v -41.853 		-42.401 		7.011
v -27.453 		-38.071 		16.414
v -42.1946 		-42.304 		6.6869
v -42.1578 		-42.304 		6.7169
v -42.0151 		-42.304 		6.8327
v -27.049 		-37.071 		16.35
v -27.188 		-37.071 		16.328
v -41.8555 		-42.304 		7.0141
v -41.9824 		-42.304 		6.8697
v -27.327 		-37.071 		16.35
v -41.8276 		-42.304 		7.0577
v -27.552 		-37.071 		17.046
v -27.616 		-37.071 		16.92
v -42.592 		-42.401 		6.51
v -27.638 		-37.071 		16.78
v -42.388 		-42.401 		6.575
v -27.616 		-37.071 		16.64
v -35.053 		-37.071 		16.35
v -27.552 		-37.071 		16.514
v -42.802 		-42.304 		6.4926
v -42.7592 		-42.304 		6.4971
v -42.5926 		-42.304 		6.5146
v -42.5508 		-42.304 		6.5278
v -42.389 		-42.304 		6.5793
v -42.3493 		-42.304 		6.6013
v -40.595 		-37.403 		10.815
v -26.923 		-37.071 		16.414
v -40.4065 		-37.3414 		10.7635
v -26.824 		-37.071 		16.514
v -26.76 		-37.071 		16.64
v -40.724 		-37.403 		10.969
v -26.738 		-37.071 		16.78
v -40.651 		-40.646 		18.976
v -40.269 		-40.687 		18.976
v -41.074 		-39.872 		18.97
v -41.074 		-39.872 		18.976
v -34.927 		-37.071 		16.414
v -41.233 		-39.996 		18.97
v -41.1087 		-39.8991 		18.97
v -41.233 		-39.996 		18.976
v -41.328 		-40.148 		18.97
v -41.328 		-40.148 		18.976
v -41.3493 		-40.2679 		18.97
v -26.76 		-37.071 		16.92
v -34.827 		-37.071 		16.514
v -41.36 		-40.328 		18.976
v -34.764 		-37.071 		16.64
v -41.243 		-40.645 		18.97
v -26.824 		-37.071 		17.046
v -41.243 		-40.645 		18.976
v -34.741 		-37.071 		16.78
v -40.893 		-40.836 		18.97
v -26.923 		-37.071 		17.146
v -34.764 		-37.071 		16.92
v -40.893 		-40.836 		18.976
v -34.827 		-37.071 		17.046
v -40.878 		-40.091 		18.97
v -40.937 		-40.191 		18.97
v -40.956 		-40.315 		18.97
v -40.88 		-40.522 		18.97
v -27.049 		-37.071 		17.211
v -40.878 		-40.091 		18.976
v -27.188 		-37.071 		17.233
v -40.937 		-40.191 		18.976
v -40.956 		-40.315 		18.976
v -27.327 		-37.071 		17.211
v -40.88 		-40.522 		18.976
v -27.453 		-37.071 		17.146
v -50.41 		-42.401 		16.603
v -45.89 		-37.071 		16.328
v -45.75 		-37.071 		16.35
v -50.41 		-42.401 		8.273
v -27.453 		-37.071 		16.414
v -46.03 		-37.071 		16.35
v -49.278 		-42.401 		6.51
v -50.41 		-56.401 		16.603
v -49.4392 		-42.304 		6.5661
v -46.03 		-37.071 		17.211
v -29.039 		-38.071 		9.036
v -29.039 		-38.071 		8.536
v -46.156 		-37.071 		17.146
v -50.41 		-56.401 		8.273
v -49.2774 		-42.304 		6.5146
v -28.539 		-38.071 		8.536
v -28.539 		-38.071 		9.036
v -49.2344 		-42.304 		6.51
v -49.067 		-42.304 		6.4926
v -46.256 		-37.071 		17.046
v -50.4065 		-42.304 		16.603
v -40.651 		-37.475 		10.759
v -28.65 		-38.071 		8.35
v -28.79 		-38.071 		8.328
v -50.4 		-42.304 		16.67
v -28.524 		-38.071 		8.414
v -28.524 		-38.071 		9.146
v -50.4032 		-42.304 		8.2159
v -50.4065 		-42.304 		8.273
v -41.4641 		-50.198 		16.67
v -28.65 		-38.071 		9.211
v -50.4 		-42.304 		8.27
v -34.927 		-37.071 		17.146
v -28.93 		-38.071 		9.211
v -36.792 		-37.071 		16.328
v -29.056 		-38.071 		9.146
v -35.053 		-37.071 		17.211
v -39.152 		-37.071 		9.736
v -29.156 		-38.071 		9.046
v -29.221 		-38.071 		8.92
v -46.321 		-37.071 		16.92
v -29.243 		-38.071 		8.78
v -29.221 		-38.071 		8.64
v -29.156 		-38.071 		8.514
v -29.056 		-38.071 		8.414
v -35.631 		-37.071 		17.973
v -46.343 		-37.071 		16.78
v -35.631 		-37.071 		10.549
v -46.321 		-37.071 		16.64
v -31.3398 		-52.201 		8.27
v -31.34 		-52.201 		8.273
v -46.256 		-37.071 		16.514
v -46.156 		-37.071 		16.414
v -45.624 		-37.071 		16.414
v -45.524 		-37.071 		16.514
v -45.46 		-37.071 		16.64
v -34.631 		-37.071 		17.973
v -45.438 		-37.071 		16.78
v -45.46 		-37.071 		16.92
v -34.631 		-37.071 		10.549
v -45.524 		-37.071 		17.046
v -45.624 		-37.071 		17.146
v -50.4 		-42.301 		16.67
v -45.75 		-37.071 		17.211
v -50.4 		-42.301 		8.27
v -27.671 		-52.702 		12.452
v -50.4 		-42.301 		5.97
v -45.89 		-37.071 		17.233
v -50.4 		-42.301 		18.97
v -38.593 		-37.071 		10.02
v -38.15 		-37.071 		10.463
v -38.15 		-37.071 		12.817
v -38.593 		-37.071 		13.26
v -39.152 		-37.071 		13.545
v -50.4 		-40.901 		16.183
v -44.15 		-38.071 		16.35
v -44.29 		-38.071 		16.328
v -50.4 		-40.901 		8.783
v -28.93 		-38.071 		8.35
v -28.424 		-38.071 		8.514
v -28.36 		-38.071 		8.64
v -35.642 		-38.071 		16.78
v -28.338 		-38.071 		8.78
v -28.36 		-38.071 		8.92
v -28.424 		-38.071 		9.046
v -42.157 		-50.198 		16.641
v -44.43 		-38.071 		16.35
v -49.482 		-42.401 		18.301
v -44.539 		-38.071 		17.036
v -44.539 		-38.071 		16.536
v -39.863 		-37.275 		10.667
v -44.43 		-38.071 		17.211
v -40.03 		-37.275 		10.696
v -28.79 		-38.071 		9.233
v -44.556 		-38.071 		17.146
v -44.656 		-38.071 		17.046
v -41.4602 		-50.198 		8.27
v -37.562 		-38.071 		6.983
v -28.65 		-37.071 		8.35
v -28.79 		-37.071 		8.328
v -28.524 		-37.071 		8.414
v -44.721 		-38.071 		16.92
v -37.157 		-38.071 		17.046
v -44.743 		-38.071 		16.78
v -44.721 		-38.071 		16.64
v -37.221 		-38.071 		16.92
v -44.656 		-38.071 		16.514
v -40.1889 		-37.2764 		10.752
v -37.243 		-38.071 		16.78
v -28.524 		-37.071 		9.146
v -44.556 		-38.071 		16.414
v -37.221 		-38.071 		16.64
v -37.157 		-38.071 		16.514
v -44.039 		-38.071 		16.536
v -44.039 		-38.071 		17.036
v -28.65 		-37.071 		9.211
v -44.024 		-38.071 		16.414
v -39.872 		-37.336 		10.57
v -43.924 		-38.071 		16.514
v -43.924 		-38.071 		17.046
v -37.866 		-38.071 		11.021
v -28.93 		-37.071 		9.211
v -40.055 		-37.336 		10.602
v -44.024 		-38.071 		17.146
v -37.768 		-38.071 		11.64
v -44.15 		-38.071 		17.211
v -37.866 		-38.071 		12.259
v -44.29 		-38.071 		17.233
v -49.481 		-42.304 		18.2967
v -29.056 		-37.071 		9.146
v -43.86 		-38.071 		16.64
v -43.838 		-38.071 		16.78
v -43.86 		-38.071 		16.92
v -29.156 		-37.071 		9.046
v -49.677 		-42.401 		18.193
v -49.857 		-42.401 		18.047
v -29.221 		-37.071 		8.92
v -40.229 		-37.336 		10.666
v -49.6753 		-42.304 		18.1891
v -29.243 		-37.071 		8.78
v -49.5207 		-42.304 		18.2747
v -29.221 		-37.071 		8.64
v -41.675 		-38.071 		12.259
v -49.7122 		-42.304 		18.1591
v -41.773 		-38.071 		11.64
v -29.156 		-37.071 		8.514
v -41.675 		-38.071 		11.021
v -49.8549 		-42.304 		18.0433
v -41.39 		-38.071 		10.463
v -40.2581 		-37.336 		10.6828
v -29.056 		-37.071 		8.414
v -49.8876 		-42.304 		18.0063
v -28.93 		-37.071 		8.35
v -40.078 		-37.403 		10.517
v -28.424 		-37.071 		8.514
v -28.36 		-37.071 		8.64
v -28.338 		-37.071 		8.78
v -42.157 		-50.198 		8.27
v -28.36 		-37.071 		8.92
v -40.267 		-37.403 		10.585
v -28.424 		-37.071 		9.046
v -28.79 		-37.071 		9.233
v -50.017 		-42.401 		17.865
v -50.154 		-42.401 		17.652
v -49.344 		-48.201 		12.482
v -28.65 		-38.071 		16.35
v -50.264 		-42.401 		17.413
v -28.789 		-38.071 		16.328
v -50.0145 		-42.304 		17.8619
v -40.271 		-37.3493 		10.67
v -28.928 		-38.071 		16.35
v -50.0424 		-42.304 		17.8183
v -50.1511 		-42.304 		17.6493
v -50.1736 		-42.304 		17.6005
v -50.2609 		-42.304 		17.4109
v -29.039 		-38.071 		17.036
v -29.039 		-38.071 		16.536
v -28.539 		-38.071 		16.536
v -28.539 		-38.071 		17.036
v -50.344 		-42.401 		17.155
v -41.39 		-38.071 		12.817
v -50.393 		-42.401 		16.882
v -50.3409 		-42.304 		17.1536
v -50.2774 		-42.304 		17.3582
v -50.3508 		-42.304 		17.0979
v -50.3897 		-42.304 		16.8814
v -50.393 		-42.304 		16.8243
v -28.524 		-38.071 		16.414
v -42.544 		-48.201 		12.482
v -43 		-48.201 		14.182
v -45.75 		-38.071 		16.35
v -45.89 		-38.071 		16.328
v -46.03 		-38.071 		16.35
v -28.524 		-38.071 		17.146
v -43.394 		-46.501 		13.954
v -43 		-46.501 		12.482
v -39.88 		-37.403 		10.482
v -28.65 		-38.071 		17.211
v -28.789 		-38.071 		17.233
v -39.887 		-37.475 		10.402
v -28.928 		-38.071 		17.211
v -40.098 		-37.475 		10.439
v -28.3867 		-52.201 		16.3721
v -29.053 		-38.071 		17.146
v -29.153 		-38.071 		17.046
v -39.893 		-37.551 		10.332
v -30.0331 		-52.201 		14.7258
v -40.117 		-37.551 		10.371
v -29.217 		-38.071 		16.92
v -44.244 		-48.201 		15.426
v -29.239 		-38.071 		16.78
v -30.6355 		-52.201 		12.477
v -30.642 		-52.201 		15.38
v -29.217 		-38.071 		16.64
v -45.9427 		-48.9789 		15.673
v -45.944 		-48.9802 		15.673
v -30.0331 		-52.201 		10.2283
v -29.153 		-38.071 		16.514
v -45.5821 		-48.619 		15.673
v -28.3867 		-52.201 		8.5819
v -39.898 		-37.632 		10.271
v -29.053 		-38.071 		16.414
v -45.1648 		-48.201 		15.673
v -36.653 		-38.071 		16.35
v -36.792 		-38.071 		16.328
v -40.132 		-37.632 		10.313
v -46.7232 		-48.201 		15.673
v -47.644 		-48.201 		15.426
v -46.7219 		-48.1997 		15.673
v -36.932 		-38.071 		16.35
v -37.039 		-38.071 		17.036
v -37.039 		-38.071 		16.536
v -35.631 		-37.071 		8.549
v -36.792 		-38.071 		17.233
v -34.631 		-37.071 		8.549
v -36.932 		-38.071 		17.211
v -37.057 		-38.071 		17.146
v -28.424 		-38.071 		16.514
v -44.472 		-46.501 		15.032
v -28.361 		-38.071 		16.64
v -46.139 		-38.071 		17.036
v -46.139 		-38.071 		16.536
v -40.145 		-37.715 		10.264
v -28.339 		-38.071 		16.78
v -45.944 		-46.501 		15.426
v -46.03 		-38.071 		17.211
v -28.361 		-38.071 		16.92
v -46.156 		-38.071 		17.146
v -28.424 		-38.071 		17.046
v -46.256 		-38.071 		17.046
v -46.321 		-38.071 		16.92
v -46.343 		-38.071 		16.78
v -28.65 		-37.071 		16.35
v -28.789 		-37.071 		16.328
v -46.321 		-38.071 		16.64
v -28.928 		-37.071 		16.35
v -46.256 		-38.071 		16.514
v -46.156 		-38.071 		16.414
v -45.944 		-47.4218 		15.673
v -49.712 		-42.304 		8.27
v -45.639 		-38.071 		16.536
v -45.639 		-38.071 		17.036
v -47.417 		-46.501 		15.032
v -49.712 		-42.304 		8.236
v -45.624 		-38.071 		16.414
v -46.3062 		-47.783 		15.673
v -45.524 		-38.071 		16.514
v -45.46 		-38.071 		16.64
v -45.438 		-38.071 		16.78
v -45.46 		-38.071 		16.92
v -45.524 		-38.071 		17.046
v -45.624 		-38.071 		17.146
v -28.524 		-37.071 		16.414
v -45.75 		-38.071 		17.211
v -49.482 		-42.401 		6.575
v -49.481 		-42.304 		6.5793
v -37.057 		-38.071 		16.414
v -28.524 		-37.071 		17.146
v -36.539 		-38.071 		16.536
v -36.539 		-38.071 		17.036
v -36.528 		-38.071 		16.414
v -36.428 		-38.071 		16.514
v -36.364 		-38.071 		16.64
v -36.342 		-38.071 		16.78
v -28.65 		-37.071 		17.211
v -49.857 		-42.401 		6.829
v -36.364 		-38.071 		16.92
v -49.677 		-42.401 		6.683
v -30.642 		-52.201 		9.496
v -28.789 		-37.071 		17.233
v -49.9818 		-42.304 		6.9771
v -28.928 		-37.071 		17.211
v -49.8549 		-42.304 		6.8327
v -29.053 		-37.071 		17.146
v -29.3206 		-52.201 		8.27
v -29.153 		-37.071 		17.046
v -29.217 		-37.071 		16.92
v -48.889 		-48.201 		14.182
v -29.239 		-37.071 		16.78
v -29.217 		-37.071 		16.64
v -29.153 		-37.071 		16.514
v -29.053 		-37.071 		16.414
v -49.6753 		-42.304 		6.6869
v -49.8181 		-42.304 		6.8027
v -28.6517 		-49.846 		13.8562
v -28.396 		-48.741 		13.708
v -28.6521 		-49.846 		13.8558
v -28.424 		-37.071 		16.514
v -49.6356 		-42.304 		6.665
v -28.6487 		-49.846 		13.8592
v -28.361 		-37.071 		16.64
v -28.339 		-37.071 		16.78
v -28.361 		-37.071 		16.92
v -28.424 		-37.071 		17.046
v -28.732 		-48.741 		12.452
v -28.732 		-49.846 		13.557
v -28.6918 		-49.846 		13.7074
v -48.494 		-46.501 		13.954
v -48.889 		-46.501 		12.482
v -40.292 		-37.3708 		10.649
v -29.0284 		-49.846 		12.452
v -36.428 		-38.071 		17.046
v -40.3173 		-37.3639 		10.6743
v -40.441 		-37.403 		10.686
v -36.528 		-38.071 		17.146
v -36.653 		-38.071 		17.211
v -40.3949 		-37.3425 		10.7519
v -30.139 		-38.071 		8.536
v -30.139 		-38.071 		9.036
v -45.89 		-38.071 		17.233
v -40.3 		-37.475 		10.513
v -45.438 		-38.071 		17.973
v -30.25 		-38.071 		8.35
v -30.39 		-38.071 		8.328
v -30.124 		-38.071 		8.414
v -30.024 		-38.071 		8.514
v -29.96 		-38.071 		8.64
v -50.393 		-42.401 		7.994
v -50.344 		-42.401 		7.721
v -29.938 		-38.071 		8.78
v -50.264 		-42.401 		7.463
v -29.96 		-38.071 		8.92
v -50.154 		-42.401 		7.224
v -43 		-48.201 		10.782
v -30.024 		-38.071 		9.046
v -30.124 		-38.071 		9.146
v -50.3897 		-42.304 		7.9946
v -50.3409 		-42.304 		7.7225
v -50.3798 		-42.304 		7.939
v -50.3243 		-42.304 		7.6697
v -30.25 		-38.071 		9.211
v -50.2609 		-42.304 		7.4651
v -43.394 		-46.501 		11.01
v -50.2383 		-42.304 		7.4163
v -30.39 		-38.071 		9.233
v -50.1511 		-42.304 		7.2267
v -50.1232 		-42.304 		7.1831
v -38.325 		-38.071 		12.021
v -38.414 		-38.071 		12.267
v -39.59 		-38.081 		8
v -38.279 		-38.071 		11.5
v -31.59 		-38.081 		8
v -38.992 		-38.678 		8
v -32.187 		-38.678 		8
v -39.59 		-40.09 		8
v -38.992 		-40.09 		8
v -32.187 		-40.09 		8
v -31.59 		-40.09 		8
v -50.017 		-42.401 		7.011
v -40.487 		-37.475 		10.62
v -47.644 		-48.201 		9.537
v -24.658 		-37.071 		17.973
v -30.25 		-37.071 		8.35
v -30.39 		-37.071 		8.328
v -46.6389 		-48.201 		9.268
v -46.2663 		-48.573 		9.268
v -30.124 		-37.071 		8.414
v -46.6383 		-48.2003 		9.268
v -30.024 		-37.071 		8.514
v -40.527 		-37.551 		10.563
v -29.96 		-37.071 		8.64
v -45.944 		-48.8959 		9.268
v -44.244 		-48.201 		9.537
v -40.701 		-37.551 		10.709
v -29.938 		-37.071 		8.78
v -38.279 		-38.071 		11.762
v -29.96 		-37.071 		8.92
v -29.018 		-49.846 		12.4909
v -30.024 		-37.071 		9.046
v -45.249 		-48.201 		9.268
v -28.9846 		-49.846 		12.288
v -29.018 		-49.846 		12.413
v -30.124 		-37.071 		9.146
v -27.671 		-47.68 		12.452
v -30.25 		-37.071 		9.211
v -30.39 		-37.071 		9.233
v -47.417 		-46.501 		9.932
v -30.25 		-38.071 		16.35
v -30.39 		-38.071 		16.328
v -45.9448 		-47.5068 		9.268
v -45.944 		-46.501 		9.537
v -45.944 		-47.506 		9.268
v -40.562 		-37.632 		10.513
v -30.139 		-38.071 		16.536
v -30.139 		-38.071 		17.036
v -38.325 		-38.071 		11.241
v -38.546 		-38.071 		10.767
v -38.414 		-38.071 		10.994
v -30.125 		-38.071 		16.414
v -45.6219 		-47.829 		9.268
v -38.714 		-38.071 		10.566
v -44.472 		-46.501 		9.932
v -39.143 		-38.071 		10.266
v -38.915 		-38.071 		10.397
v -25.658 		-37.071 		17.973
v -50.0145 		-42.304 		7.0141
v -29.243 		-37.071 		17.973
v -28.396 		-48.741 		11.196
v -28.6521 		-49.846 		11.0482
v -28.6522 		-49.846 		11.0488
v -28.6619 		-49.846 		11.0849
v -28.9485 		-49.846 		12.1532
v -28.9797 		-49.846 		12.2699
v -28.4332 		-49.846 		10.8295
v -28.482 		-49.846 		10.8783
v -48.889 		-48.201 		10.782
v -29.938 		-38.071 		17.973
v -26.738 		-38.071 		17.973
v -27.6246 		-49.846 		10.0202
v -27.6335 		-49.846 		10.029
v -27.483 		-49.846 		9.9822
v -30.025 		-38.071 		16.514
v -29.961 		-38.071 		16.64
v -29.939 		-38.071 		16.78
v -29.961 		-38.071 		16.92
v -48.494 		-46.501 		11.01
v -30.025 		-38.071 		17.046
v -30.125 		-38.071 		17.146
v -30.25 		-38.071 		17.211
v -30.3265 		-49.846 		15.673
v -30.39 		-38.071 		17.233
v -40.292 		-37.796 		10.649
v -30.25 		-37.071 		16.35
v -30.39 		-37.071 		16.328
v -30.3963 		-49.846 		9.268
v -28.637 		-49.846 		13.903
v -30.125 		-37.071 		16.414
v -40.33 		-37.551 		10.449
v -30.025 		-37.071 		16.514
v -29.961 		-37.071 		16.64
v -39.389 		-38.071 		10.176
v -40.356 		-37.632 		10.394
v -45.942 		-49.7298 		15.673
v -46.4871 		-49.846 		15.673
v -29.939 		-37.071 		16.78
v -29.961 		-37.071 		16.92
v -39.152 		-38.071 		9.736
v -30.025 		-37.071 		17.046
v -38.593 		-38.071 		10.02
v -38.15 		-38.071 		10.463
v -30.125 		-37.071 		17.146
v -40.377 		-37.715 		10.348
v -30.25 		-37.071 		17.211
v -38.546 		-38.071 		12.495
v -38.714 		-38.071 		12.696
v -30.39 		-37.071 		17.233
v -45.3971 		-49.846 		15.673
v -39.389 		-38.071 		13.085
v -40.591 		-37.715 		10.472
v -38.915 		-38.071 		12.864
v -39.143 		-38.071 		12.996
v -39.59 		-38.071 		17.973
v -38.15 		-38.071 		12.817
v -38.593 		-38.071 		13.26
v -32.458 		-37.071 		17.973
v -30.639 		-38.071 		9.036
v -30.639 		-38.071 		8.536
v -40.394 		-37.802 		10.313
v -30.656 		-38.071 		9.146
v -30.756 		-38.071 		9.046
v -30.821 		-38.071 		8.92
v -30.821 		-38.071 		8.64
v -30.756 		-38.071 		8.514
v -49.712 		-50.198 		16.641
v -30.656 		-38.071 		8.414
v -49.712 		-50.198 		8.27
v -40.613 		-37.802 		10.439
v -30.53 		-38.071 		9.211
v -39.152 		-38.071 		13.545
v -30.53 		-38.071 		8.35
v -42.157 		-49.846 		15.673
v -40.406 		-37.89 		10.287
v -30.656 		-37.071 		9.146
v -30.756 		-37.071 		9.046
v -49.403 		-49.846 		15.673
v -40.63 		-37.89 		10.416
v -30.821 		-37.071 		8.92
v -49.712 		-50.198 		12.4937
v -49.712 		-50.198 		12.4903
v -49.712 		-50.1976 		12.492
v -46.3299 		-49.846 		9.268
v -45.942 		-49.7633 		9.268
v -40.413 		-37.98 		10.271
v -45.5543 		-49.846 		9.268
v -40.639 		-37.98 		10.402
v -40.415 		-38.071 		10.266
v -40.643 		-38.071 		10.397
v -32.443 		-38.071 		17.973
v -37.313 		-37.071 		17.973
v -39.902 		-37.715 		10.221
v -39.906 		-37.802 		10.182
v -40.155 		-37.802 		10.226
v -39.908 		-37.89 		10.154
v -40.163 		-37.89 		10.198
v -35.642 		-37.071 		16.78
v -42.157 		-49.846 		9.268
v -40.903 		-35.301 		6.968
v -37.562 		-37.071 		6.983
v -39.91 		-37.98 		10.137
v -40.167 		-37.98 		10.182
v -30.398 		-35.301 		6.968
v -39.91 		-38.071 		10.131
v -40.169 		-38.071 		10.176
v -39.77 		-37.071 		9.638
v -39.77 		-38.071 		9.638
v -30.843 		-37.071 		8.78
v -40.389 		-38.071 		9.736
v -40.389 		-37.071 		9.736
v -30.821 		-37.071 		8.64
v -30.756 		-37.071 		8.514
v -39.672 		-37.475 		12.86
v -30.656 		-37.071 		8.414
v -37.157 		-37.071 		17.046
v -37.221 		-37.071 		16.92
v -37.243 		-37.071 		16.78
v -49.482 		-56.401 		18.301
v -30.53 		-37.071 		9.211
v -49.4788 		-56.699 		18.2877
v -30.53 		-37.071 		8.35
v -37.221 		-37.071 		16.64
v -49.677 		-56.401 		18.193
v -49.5499 		-56.699 		18.2483
v -37.157 		-37.071 		16.514
v -49.6719 		-56.699 		18.1809
v -37.866 		-37.071 		11.021
v -49.8506 		-56.699 		18.0356
v -49.857 		-56.401 		18.047
v -49.7375 		-56.699 		18.1277
v -30.529 		-38.071 		16.35
v -30.639 		-38.071 		17.036
v -30.639 		-38.071 		16.536
v -49.909 		-56.699 		17.9692
v -50.0094 		-56.699 		17.8555
v -30.654 		-38.071 		17.146
v -30.754 		-38.071 		17.046
v -30.818 		-38.071 		16.92
v -37.768 		-37.071 		11.64
v -30.84 		-38.071 		16.78
v -37.866 		-37.071 		12.259
v -30.818 		-38.071 		16.64
v -30.754 		-38.071 		16.514
v -30.654 		-38.071 		16.414
v -30.642 		-49.846 		9.496
v -49.712 		-56.699 		16.641
v -30.529 		-38.071 		17.211
v -50.017 		-56.401 		17.865
v -30.529 		-37.071 		16.35
v -27.596 		-49.846 		14.943
v -50.1451 		-56.699 		17.6437
v -50.154 		-56.401 		17.652
v -50.0593 		-56.699 		17.7778
v -50.264 		-56.401 		17.413
v -50.1852 		-56.699 		17.5566
v -30.654 		-37.071 		17.146
v -30.754 		-37.071 		17.046
v -30.818 		-37.071 		16.92
v -30.84 		-37.071 		16.78
v -30.642 		-49.846 		15.38
v -30.818 		-37.071 		16.64
v -30.754 		-37.071 		16.514
v -30.654 		-37.071 		16.414
v -50.2545 		-56.699 		17.4067
v -50.344 		-56.401 		17.155
v -50.2836 		-56.699 		17.3126
v -28.396 		-51.641 		13.708
v -50.3345 		-56.699 		17.1506
v -50.3828 		-56.699 		16.8801
v -50.3523 		-56.699 		17.051
v -50.393 		-56.401 		16.882
v -30.529 		-37.071 		17.211
v -50.3992 		-56.699 		16.603
v -50.389 		-56.699 		16.7784
v -28.732 		-51.641 		12.452
v -31.56 		-37.071 		8.64
v -31.538 		-37.071 		8.78
v -31.56 		-37.071 		8.92
v -50.3992 		-56.699 		8.273
v -36.653 		-37.071 		16.35
v -36.932 		-37.071 		16.35
v -49.712 		-56.699 		8.236
v -28.396 		-51.641 		11.196
v -31.562 		-37.071 		16.64
v -31.54 		-37.071 		16.78
v -31.562 		-37.071 		16.92
v -33.873 		-35.571 		6.783
v -33.873 		-35.571 		6.283
v -50.0094 		-56.699 		7.0205
v -33.373 		-35.571 		6.283
v -33.373 		-35.571 		6.783
v -49.8506 		-56.699 		6.8404
v -49.857 		-56.401 		6.829
v -49.951 		-56.699 		6.9542
v -27.566 		-51.1058 		14.9511
v -49.785 		-56.699 		6.7872
v -49.677 		-56.401 		6.683
v -25.658 		-37.071 		12.172
v -25.658 		-36.521 		12.172
v -25.658 		-36.521 		11.849
v -25.658 		-37.071 		11.849
v -25.658 		-37.071 		13.527
v -25.658 		-36.521 		13.527
v -25.658 		-37.071 		13.849
v -25.658 		-36.521 		13.849
v -49.6719 		-56.699 		6.6951
v -25.339 		-35.871 		8.536
v -25.339 		-35.871 		9.036
v -49.4788 		-56.699 		6.5883
v -49.6008 		-56.699 		6.6557
v -49.482 		-56.401 		6.575
v -24.658 		-36.521 		11.849
v -24.658 		-36.521 		12.172
v -24.658 		-36.521 		13.527
v -24.658 		-36.521 		13.849
v -27.596 		-51.1165 		14.943
v -25.45 		-38.071 		8.35
v -25.59 		-38.071 		8.328
v -25.45 		-38.071 		9.211
v -36.932 		-37.071 		17.211
v -50.393 		-56.699 		8.1713
v -50.393 		-56.401 		7.994
v -37.057 		-37.071 		17.146
v -25.339 		-38.071 		8.536
v -25.339 		-38.071 		9.036
v -25.324 		-38.071 		8.414
v -28.6262 		-51.117 		13.9137
v -50.3828 		-56.699 		7.9959
v -25.224 		-38.071 		8.514
v -25.16 		-38.071 		8.64
v -37.057 		-37.071 		16.414
v -25.138 		-38.071 		8.78
v -50.344 		-56.401 		7.721
v -50.365 		-56.699 		7.8964
v -25.16 		-38.071 		8.92
v -25.224 		-38.071 		9.046
v -25.324 		-38.071 		9.146
v -50.3345 		-56.699 		7.7255
v -25.59 		-38.071 		9.233
v -50.2545 		-56.699 		7.4694
v -50.3053 		-56.699 		7.6314
v -50.264 		-56.401 		7.463
v -50.154 		-56.401 		7.224
v -50.1451 		-56.699 		7.2323
v -50.2144 		-56.699 		7.3822
v -36.528 		-37.071 		16.414
v -24.658 		-37.071 		7.002
v -36.428 		-37.071 		16.514
v -39.665 		-37.551 		12.93
v -28.637 		-51.1222 		13.903
v -50.017 		-56.401 		7.011
v -50.0951 		-56.699 		7.1546
v -39.66 		-37.632 		12.99
v -36.364 		-37.071 		16.64
v -29.018 		-51.1223 		12.481
v -29.0169 		-51.1209 		12.477
v -25.45 		-37.071 		8.35
v -25.59 		-37.071 		8.328
v -36.364 		-37.071 		16.92
v -25.45 		-37.071 		9.211
v -36.428 		-37.071 		17.046
v -36.528 		-37.071 		17.146
v -25.324 		-37.071 		8.414
v -38.734 		-37.403 		12.118
v -25.224 		-37.071 		8.514
v -25.16 		-37.071 		8.64
v -25.138 		-37.071 		8.78
v -25.16 		-37.071 		8.92
v -25.224 		-37.071 		9.046
v -25.324 		-37.071 		9.146
v -33.618 		-37.071 		6.078
v -33.479 		-37.071 		6.1
v -49.403 		-49.846 		9.268
v -38.661 		-37.475 		12.152
v -39.656 		-37.715 		13.04
v -33.757 		-37.071 		6.1
v -47.6059 		-49.846 		15.3733
v -39.652 		-37.802 		13.08
v -33.757 		-37.071 		6.96
v -33.883 		-37.071 		6.896
v -27.7546 		-50.45 		14.7845
v -28.4429 		-50.4482 		14.0969
v -33.983 		-37.071 		6.796
v -38.597 		-37.551 		12.182
v -25.59 		-37.071 		9.233
v -24.658 		-37.071 		13.849
v -39.695 		-37.275 		12.595
v -39.713 		-37.171 		12.381
v -49.403 		-41.304 		17.973
v -24.658 		-37.071 		11.849
v -38.542 		-37.632 		12.208
v -39.704 		-37.22 		12.491
v -44.2789 		-49.846 		15.3733
v -39.686 		-37.336 		12.692
v -50.45 		-40.901 		16.183
v -50.45 		-40.901 		8.783
v -43.0607 		-49.846 		10.8281
v -50.4 		-35.301 		5.97
v -50.4 		-35.301 		8.783
v -50.4 		-35.301 		16.183
v -50.4 		-35.301 		18.97
v -42.615 		-49.846 		12.492
v -54.3 		-35.301 		13.985
v -55.051 		-35.301 		13.784
v -55.601 		-35.301 		13.234
v -54.3186 		-35.301 		16.183
v -55.802 		-35.301 		12.483
v -55.601 		-35.301 		11.731
v -55.051 		-35.301 		11.181
v -54.3 		-35.301 		10.98
v -39.679 		-37.403 		12.78
v -54.3187 		-35.301 		8.783
v -43.0607 		-49.846 		14.156
v -56.152 		-35.301 		9.274
v -57.509 		-35.301 		10.63
v -57.509 		-35.301 		14.335
v -56.152 		-35.301 		15.691
v -53.549 		-35.301 		11.181
v -52.999 		-35.301 		11.731
v -52.797 		-35.301 		12.483
v -52.999 		-35.301 		13.234
v -53.549 		-35.301 		13.784
v -38.497 		-37.715 		12.229
v -47.6059 		-49.846 		9.6098
v -39.65 		-37.89 		13.108
v -54.3 		-36.8 		8.783
v -54.3187 		-36.8 		8.783
v -52.948 		-36.809 		8.783
v -54.2888 		-36.809 		8.783
v -54.2888 		-36.8 		8.783
v -52.948 		-38.403 		8.783
v -39.648 		-37.98 		13.125
v -44.2789 		-49.846 		9.6098
v -39.648 		-38.071 		13.131
v -39.758 		-37.0707 		12.0364
v -40.098 		-37.475 		12.822
v -40.1851 		-37.0709 		11.6095
v -49.403 		-41.304 		6.968
v -48.8242 		-49.846 		14.156
v -38.461 		-37.802 		12.246
v -39.887 		-37.475 		12.86
v -40.947 		-37.071 		10.02
v -40.117 		-37.551 		12.89
v -49.403 		-41.304 		15.673
v -49.403 		-41.304 		9.268
v -39.893 		-37.551 		12.93
v -40.947 		-37.071 		13.26
v -31.59 		-42.301 		5.997
v -31.59 		-43.081 		5.997
v -31.59 		-43.081 		0
v -31.59 		-42.301 		5.97
v -39.59 		-43.081 		0
v -39.59 		-43.081 		5.997
v -39.59 		-42.301 		5.997
v -39.59 		-42.301 		5.97
v -36.492 		-43.081 		4.002
v -34.687 		-43.081 		4.002
v -36.492 		-43.081 		0
v -34.687 		-43.081 		0
v -40.738 		-37.071 		7.002
v -38.992 		-42.483 		0
v -36.492 		-42.483 		0
v -34.687 		-42.483 		0
v -32.187 		-42.483 		0
v -40.132 		-37.632 		12.949
v -39.77 		-37.071 		13.643
v -40.389 		-37.071 		13.545
v -38.665 		-37.403 		11.929
v -32.187 		-42.483 		4.402
v -38.992 		-42.483 		4.402
v -34.687 		-42.483 		4.002
v -36.492 		-42.483 		4.002
v -39.898 		-37.632 		12.99
v -33.983 		-37.071 		6.264
v -41.279 		-38.071 		11.5
v -33.883 		-37.071 		6.164
v -41.144 		-38.071 		12.267
v -41.234 		-38.071 		12.021
v -31.34 		-52.201 		16.603
v -33.353 		-37.071 		6.164
v -41.279 		-38.071 		11.762
v -33.254 		-37.071 		6.264
v -33.19 		-37.071 		6.39
v -33.168 		-37.071 		6.53
v -31.34 		-42.401 		15.673
v -33.19 		-37.071 		6.67
v -31.34 		-49.846 		15.673
v -40.844 		-38.071 		10.566
v -33.254 		-37.071 		6.796
v -31.34 		-49.846 		9.268
v -31.34 		-42.401 		9.268
v -33.353 		-37.071 		6.896
v -41.234 		-38.071 		11.241
v -33.479 		-37.071 		6.96
v -41.144 		-38.071 		10.994
v -41.013 		-38.071 		10.767
v -40.947 		-38.071 		10.02
v -38.588 		-37.475 		11.95
v -40.844 		-38.071 		12.696
v -41.013 		-38.071 		12.495
v -49.2699 		-49.846 		12.492
v -31.34 		-56.401 		16.603
v -40.947 		-38.071 		13.26
v -31.34 		-56.401 		8.273
v -22.457 		-42.401 		6.488
v -40.738 		-38.071 		7.002
v -29.772 		-42.401 		6.488
v -39.648 		-38.071 		10.131
v -38.519 		-37.551 		11.968
v -28.637 		-51.1206 		11.06
v -22.457 		-56.401 		6.488
v -28.6205 		-51.1126 		11.0436
v -29.772 		-56.401 		6.488
v -48.8242 		-49.846 		10.8281
v -22.457 		-42.401 		18.388
v -29.772 		-42.401 		18.388
v -40.169 		-38.071 		13.085
v -40.415 		-38.071 		12.996
v -39.91 		-38.071 		13.131
v -28.637 		-49.9338 		13.903
v -40.643 		-38.071 		12.864
v -39.77 		-38.071 		13.643
v -28.5094 		-50.448 		14.0305
v -22.457 		-56.401 		18.388
v -44.244 		-51.145 		12.482
v -44.472 		-51.145 		13.332
v -45.944 		-51.601 		12.482
v -28.637 		-50.4481 		13.903
v -28.65 		-50.545 		13.8546
v -45.094 		-51.145 		13.954
v -38.461 		-37.632 		11.984
v -45.944 		-51.145 		14.182
v -46.794 		-51.145 		13.954
v -28.9433 		-50.5465 		12.7599
v -28.9928 		-50.5462 		12.5752
v -29.772 		-56.401 		18.388
v -47.417 		-51.145 		13.332
v -47.644 		-51.145 		12.482
v -21.973 		-42.401 		18.301
v -22.212 		-42.401 		18.366
v -21.9742 		-42.304 		18.2967
v -22.023 		-42.304 		18.3099
v -40.389 		-38.071 		13.545
v -22.2126 		-42.304 		18.3615
v -22.2627 		-42.304 		18.366
v -38.412 		-37.715 		11.997
v -22.457 		-42.304 		18.3835
v -34.047 		-37.071 		6.67
v -34.069 		-37.071 		6.53
v -34.047 		-37.071 		6.39
v -54.3186 		-36.8 		16.183
v -54.3 		-36.8 		16.183
v -54.2925 		-36.809 		16.183
v -52.948 		-36.809 		16.183
v -54.2925 		-36.8 		16.183
v -52.948 		-38.403 		16.183
v -34.631 		-37.071 		6.078
v -33.873 		-38.081 		6.283
v -33.873 		-38.081 		6.783
v -56.152 		-36.8 		9.274
v -33.373 		-38.081 		6.783
v -33.373 		-38.081 		6.283
v -57.509 		-36.8 		10.63
v -57.509 		-36.8 		14.335
v -56.152 		-36.8 		15.691
v -38.374 		-37.802 		12.007
v -30.018 		-42.401 		18.366
v -55.051 		-36.8 		13.784
v -30.257 		-42.401 		18.301
v -54.3 		-36.8 		13.985
v -55.601 		-36.8 		13.234
v -30.484 		-42.401 		18.193
v -55.802 		-36.8 		12.483
v -55.601 		-36.8 		11.731
v -55.051 		-36.8 		11.181
v -29.772 		-42.304 		18.3835
v -54.3 		-36.8 		10.98
v -40.145 		-37.715 		12.998
v -52.948 		-36.809 		9.1423
v -52.948 		-38.403 		9.1423
v -52.449 		-38.902 		9.276
v -52.449 		-36.8 		9.276
v -39.902 		-37.715 		13.04
v -51.094 		-40.257 		10.631
v -51.094 		-36.8 		10.631
v -50.597 		-40.754 		12.483
v -50.597 		-36.8 		12.483
v -51.094 		-40.257 		14.334
v -51.094 		-36.8 		14.334
v -52.449 		-38.902 		15.689
v -52.449 		-36.8 		15.689
v -40.155 		-37.802 		13.036
v -52.948 		-36.809 		15.8227
v -52.948 		-38.403 		15.8227
v -53.549 		-36.8 		11.181
v -52.999 		-36.8 		11.731
v -39.906 		-37.802 		13.08
v -38.718 		-37.336 		11.724
v -52.797 		-36.8 		12.483
v -52.999 		-36.8 		13.234
v -53.549 		-36.8 		13.784
v -38.718 		-37.336 		11.538
v -27.596 		-51.1126 		10.019
v -38.63 		-37.403 		11.731
v -40.03 		-37.275 		12.566
v -38.63 		-37.403 		11.53
v -33.479 		-38.071 		6.1
v -27.562 		-51.1004 		10.0099
v -33.618 		-38.071 		6.078
v -40.744 		-37.336 		12.081
v -38.55 		-37.475 		11.738
v -33.757 		-38.071 		6.1
v -39.863 		-37.275 		12.595
v -33.757 		-38.071 		6.96
v -33.883 		-38.071 		6.896
v -38.55 		-37.475 		11.523
v -33.983 		-38.071 		6.796
v -33.983 		-38.071 		6.264
v -33.883 		-38.071 		6.164
v -39.974 		-37.171 		12.358
v -33.353 		-38.071 		6.164
v -40.0515 		-37.171 		12.3297
v -33.254 		-38.071 		6.264
v -33.19 		-38.071 		6.39
v -39.845 		-37.171 		12.381
v -40.743 		-37.275 		11.546
v -33.168 		-38.071 		6.53
v -33.19 		-38.071 		6.67
v -33.254 		-38.071 		6.796
v -33.353 		-38.071 		6.896
v -40.743 		-37.275 		11.715
v -33.479 		-38.071 		6.96
v -40.0732 		-37.1834 		12.3514
v -40.138 		-37.22 		12.4162
v -40.003 		-37.22 		12.465
v -47.417 		-51.145 		11.632
v -46.794 		-51.145 		11.01
v -45.944 		-51.145 		10.782
v -39.854 		-37.22 		12.491
v -34.047 		-38.071 		6.67
v -45.094 		-51.145 		11.01
v -34.069 		-38.071 		6.53
v -44.472 		-51.145 		11.632
v -34.047 		-38.071 		6.39
v -40.2021 		-37.266 		12.4802
v -40.2146 		-37.275 		12.4927
v -40.188 		-37.275 		12.508
v -38.48 		-37.551 		11.745
v -40.1511 		-37.2289 		12.4292
v -40.1405 		-37.2217 		12.4186
v -29.0106 		-50.601 		12.4535
v -29.0102 		-50.6039 		12.452
v -29.018 		-50.546 		12.481
v -38.42 		-37.632 		11.75
v -28.9662 		-50.6038 		12.288
v -21.9 		-37.071 		16.183
v -21.9 		-35.301 		16.183
v -21.9 		-35.301 		8.783
v -21.9 		-37.071 		8.783
v -21.9 		-40.901 		16.183
v -21.9 		-38.071 		16.183
v -21.9 		-38.071 		8.783
v -21.9 		-40.901 		8.783
v -28.732 		-50.6033 		11.4143
v -20.89 		-42.401 		16.603
v -28.637 		-50.6041 		11.06
v -28.635 		-50.6096 		11.058
v -38.369 		-37.715 		11.754
v -20.89 		-42.401 		8.273
v -28.6009 		-50.6097 		11.024
v -20.89 		-56.401 		16.603
v -38.33 		-37.802 		11.758
v -20.89 		-56.401 		8.273
v -20.8939 		-42.304 		16.603
v -20.8979 		-42.304 		16.6601
v -20.9 		-42.304 		16.67
v -20.8939 		-42.304 		8.273
v -20.9 		-42.304 		8.27
v -47.8272 		-50.198 		15.7565
v -40.824 		-37.403 		12.118
v -40.897 		-37.475 		12.152
v -45.942 		-50.198 		16.2615
v -20.9 		-42.301 		16.67
v -20.9 		-42.301 		8.27
v -20.9 		-42.301 		5.97
v -20.9 		-42.301 		18.97
v -40.961 		-37.551 		12.182
v -37.813 		-35.571 		6.783
v -37.813 		-35.571 		6.283
v -35.843 		-35.571 		6.783
v -35.843 		-35.571 		6.283
v -41.016 		-37.632 		12.208
v -27.8813 		-50.6115 		10.3043
v -27.6145 		-50.6107 		10.0376
v -27.601 		-50.5738 		10.024
v -41.061 		-37.715 		12.229
v -21.061 		-42.401 		17.413
v -21.189 		-42.401 		17.652
v -21.0645 		-42.304 		17.4109
v -37.313 		-35.571 		6.283
v -37.313 		-35.571 		6.783
v -27.596 		-50.5601 		10.019
v -27.483 		-50.5599 		9.9887
v -21.0908 		-42.304 		17.4597
v -21.1923 		-42.304 		17.6493
v -21.225 		-42.304 		17.693
v -35.73 		-37.071 		6.1
v -20.909 		-42.401 		16.882
v -27.6361 		-49.9317 		14.9029
v -27.596 		-50.0412 		14.943
v -27.483 		-50.0411 		14.9733
v -35.631 		-37.071 		6.0844
v -29.8223 		-42.304 		18.3789
v -20.967 		-42.401 		17.155
v -27.8007 		-49.9316 		14.7385
v -35.73 		-37.071 		6.96
v -35.855 		-37.071 		6.896
v -44.0578 		-50.198 		15.7565
v -35.955 		-37.071 		6.796
v -38.665 		-37.403 		11.332
v -36.019 		-37.071 		6.67
v -36.041 		-37.071 		6.53
v -36.019 		-37.071 		6.39
v -35.955 		-37.071 		6.264
v -35.855 		-37.071 		6.164
v -42.6775 		-50.198 		10.6068
v -42.1725 		-50.198 		12.492
v -40.229 		-37.336 		12.596
v -37.562 		-37.071 		6.078
v -37.423 		-37.071 		6.1
v -40.2627 		-37.3164 		12.5408
v -27.483 		-50.3406 		14.9733
v -27.5214 		-50.3406 		14.963
v -37.702 		-37.071 		6.1
v -20.9129 		-42.304 		16.8814
v -20.9707 		-42.304 		17.1536
v -38.588 		-37.475 		11.312
v -37.827 		-37.071 		6.896
v -20.9247 		-42.304 		16.937
v -40.055 		-37.336 		12.659
v -20.99 		-42.304 		17.2063
v -37.927 		-37.071 		6.796
v -37.991 		-37.071 		6.67
v -39.872 		-37.336 		12.692
v -38.013 		-37.071 		6.53
v -27.6352 		-50.4477 		14.9039
v -27.6361 		-50.4503 		14.9029
v -37.991 		-37.071 		6.39
v -37.927 		-37.071 		6.264
v -27.596 		-50.3407 		14.943
v -37.827 		-37.071 		6.164
v -38.48 		-37.551 		11.517
v -40.267 		-37.403 		12.676
v -38.519 		-37.551 		11.293
v -37.298 		-37.071 		6.164
v -37.198 		-37.071 		6.264
v -30.0174 		-42.304 		18.3615
v -42.6775 		-50.198 		14.3772
v -30.0662 		-42.304 		18.3482
v -30.2558 		-42.304 		18.2967
v -30.4821 		-42.304 		18.1891
v -30.3021 		-42.304 		18.2747
v -30.5252 		-42.304 		18.1591
v -47.8272 		-50.198 		9.2265
v -45.942 		-50.198 		8.7215
v -30.694 		-42.401 		18.047
v -30.881 		-42.401 		17.865
v -31.041 		-42.401 		17.652
v -31.169 		-42.401 		17.413
v -44.0578 		-50.198 		9.2265
v -21.349 		-42.401 		17.865
v -38.42 		-37.632 		11.512
v -21.536 		-42.401 		18.047
v -30.6917 		-42.304 		18.0433
v -21.746 		-42.401 		18.193
v -30.8781 		-42.304 		17.8619
v -30.7298 		-42.304 		18.0063
v -21.3519 		-42.304 		17.8619
v -38.461 		-37.632 		11.278
v -30.9108 		-42.304 		17.8183
v -21.3899 		-42.304 		17.8989
v -40.078 		-37.403 		12.745
v -31.0377 		-42.304 		17.6493
v -31.064 		-42.304 		17.6005
v -31.1655 		-42.304 		17.4109
v -49.2075 		-50.198 		14.3772
v -39.88 		-37.403 		12.78
v -31.263 		-42.401 		17.155
v -31.321 		-42.401 		16.882
v -31.3354 		-42.401 		16.67
v -31.2593 		-42.304 		17.1536
v -31.1847 		-42.304 		17.3582
v -31.2711 		-42.304 		17.0979
v -31.3171 		-42.304 		16.8814
v -31.3315 		-42.304 		16.67
v -38.369 		-37.715 		11.508
v -31.321 		-42.304 		16.8243
v -21.9768 		-56.699 		18.2877
v -38.412 		-37.715 		11.265
v -21.973 		-56.401 		18.301
v -49.2075 		-50.198 		10.6068
v -22.2139 		-56.699 		18.352
v -22.212 		-56.401 		18.366
v -22.0639 		-56.699 		18.3114
v -22.3032 		-56.699 		18.36
v -21.5383 		-42.304 		18.0433
v -21.7479 		-42.304 		18.1891
v -21.5813 		-42.304 		18.0733
v -38.33 		-37.802 		11.504
v -22.457 		-56.699 		18.374
v -38.435 		-37.89 		12.258
v -22.946 		-56.643 		16.641
v -21.9272 		-42.304 		15.673
v -21.9028 		-42.359 		15.673
v -22.946 		-56.699 		16.6179
v -21.7942 		-42.304 		18.211
v -38.347 		-37.89 		12.015
v -41.097 		-37.802 		12.246
v -22.9337 		-42.304 		8.27
v -22.9093 		-42.359 		8.27
v -22.946 		-42.304 		8.2587
v -22.946 		-42.359 		8.236
v -37.134 		-37.071 		6.39
v -37.112 		-37.071 		6.53
v -37.134 		-37.071 		6.67
v -37.198 		-37.071 		6.796
v -37.298 		-37.071 		6.896
v -37.423 		-37.071 		6.96
v -37.702 		-37.071 		6.96
v -40.808 		-37.336 		11.906
v -40.33 		-37.551 		12.813
v -40.356 		-37.632 		12.868
v -37.813 		-38.081 		6.283
v -37.813 		-38.081 		6.783
v -35.843 		-38.081 		6.283
v -35.843 		-38.081 		6.783
v -40.377 		-37.715 		12.913
v -40.893 		-37.403 		11.929
v -40.613 		-37.802 		12.822
v -29.284 		-56.643 		16.641
v -40.394 		-37.802 		12.949
v -29.284 		-56.699 		16.6179
v -40.97 		-37.475 		11.95
v -29.772 		-56.699 		18.374
v -30.018 		-56.401 		18.366
v -30.0161 		-56.699 		18.352
v -41.039 		-37.551 		11.968
v -29.8617 		-56.699 		18.366
v -37.313 		-38.081 		6.783
v -37.313 		-38.081 		6.283
v -41.097 		-37.632 		11.984
v -35.73 		-38.071 		6.1
v -38.302 		-37.89 		11.76
v -35.73 		-38.071 		6.96
v -35.855 		-38.071 		6.896
v -41.146 		-37.715 		11.997
v -35.955 		-38.071 		6.796
v -36.019 		-38.071 		6.67
v -36.041 		-38.071 		6.53
v -38.302 		-37.89 		11.502
v -36.019 		-38.071 		6.39
v -35.955 		-38.071 		6.264
v -35.855 		-38.071 		6.164
v -30.257 		-56.401 		18.301
v -30.1032 		-56.699 		18.3283
v -37.423 		-38.071 		6.1
v -37.562 		-38.071 		6.078
v -30.2532 		-56.699 		18.2877
v -37.702 		-38.071 		6.1
v -41.184 		-37.802 		12.007
v -30.484 		-56.401 		18.193
v -30.3359 		-56.699 		18.2483
v -47.417 		-49.901 		15.032
v -37.827 		-38.071 		6.896
v -37.927 		-38.071 		6.796
v -37.991 		-38.071 		6.67
v -38.013 		-38.071 		6.53
v -37.991 		-38.071 		6.39
v -38.42 		-37.98 		12.265
v -37.927 		-38.071 		6.264
v -37.827 		-38.071 		6.164
v -40.84 		-37.336 		11.538
v -40.2854 		-37.336 		12.5634
v -37.298 		-38.071 		6.164
v -40.3166 		-37.336 		12.5454
v -40.84 		-37.336 		11.724
v -38.33 		-37.98 		12.019
v -40.441 		-37.403 		12.576
v -37.198 		-38.071 		6.264
v -37.134 		-38.071 		6.39
v -40.928 		-37.403 		11.53
v -37.112 		-38.071 		6.53
v -37.134 		-38.071 		6.67
v -37.198 		-38.071 		6.796
v -38.285 		-37.98 		11.762
v -40.928 		-37.403 		11.731
v -37.298 		-38.071 		6.896
v -40.292 		-37.3428 		12.57
v -22.212 		-42.401 		6.51
v -30.4783 		-56.699 		18.1809
v -21.973 		-42.401 		6.575
v -30.5548 		-56.699 		18.1277
v -41.008 		-37.475 		11.523
v -41.008 		-37.475 		11.738
v -21.898 		-42.359 		15.6686
v -21.898 		-42.304 		15.6459
v -30.687 		-56.699 		18.0356
v -30.694 		-56.401 		18.047
v -21.898 		-42.304 		15.673
v -30.881 		-56.401 		17.865
v -30.7552 		-56.699 		17.9692
v -41.078 		-37.551 		11.745
v -30.8721 		-56.699 		17.8555
v -31.041 		-56.401 		17.652
v -31.0308 		-56.699 		17.6437
v -30.9304 		-56.699 		17.7778
v -48.494 		-49.901 		13.954
v -38.285 		-37.98 		11.5
v -31.169 		-56.401 		17.413
v -31.0775 		-56.699 		17.5566
v -37.423 		-38.071 		6.96
v -41.139 		-37.632 		11.75
v -37.702 		-38.071 		6.96
v -40.487 		-37.475 		12.641
v -41.189 		-37.715 		11.754
v -40.3 		-37.475 		12.749
v -41.228 		-37.802 		11.758
v -40.701 		-37.551 		12.553
v -40.527 		-37.551 		12.699
v -38.9015 		-37.275 		12.0386
v -48.494 		-49.901 		11.01
v -38.8984 		-37.2775 		12.0417
v -40.808 		-37.336 		11.355
v -22.2126 		-42.304 		6.5146
v -38.901 		-37.2754 		12.0391
v -22.1638 		-42.304 		6.5278
v -21.9742 		-42.304 		6.5793
v -21.9279 		-42.304 		6.6013
v -40.893 		-37.403 		11.332
v -39.1611 		-37.129 		11.7792
v -39.137 		-37.1391 		11.8032
v -39.0936 		-37.1593 		11.8466
v -39.052 		-37.171 		11.826
v -22.457 		-42.304 		6.4926
v -39.0687 		-37.171 		11.8715
v -22.4069 		-42.304 		6.4971
v -40.97 		-37.475 		11.312
v -39.1526 		-37.1325 		11.7876
v -39.0319 		-37.192 		11.9083
v -38.9823 		-37.22 		11.9578
v -38.945 		-37.22 		11.854
v -41.039 		-37.551 		11.293
v -31.3361 		-42.304 		15.673
v -30.3265 		-42.359 		15.673
v -30.302 		-42.304 		15.673
v -30.6176 		-42.304 		15.38
v -30.642 		-42.359 		15.38
v -40.562 		-37.632 		12.749
v -31.3398 		-42.301 		8.27
v -31.3398 		-42.401 		8.27
v -38.844 		-37.275 		11.881
v -31.3359 		-42.304 		8.27
v -38.9665 		-37.2307 		11.9737
v -31.3396 		-42.3959 		8.27
v -31.3321 		-42.304 		8.2159
v -21.189 		-42.401 		7.224
v -31.3361 		-42.304 		9.268
v -21.061 		-42.401 		7.463
v -20.967 		-42.401 		7.721
v -29.3206 		-42.359 		8.27
v -29.2962 		-42.304 		8.27
v -20.909 		-42.401 		7.994
v -30.3719 		-42.304 		9.268
v -30.3963 		-42.359 		9.268
v -21.3192 		-42.304 		7.0577
v -30.642 		-42.359 		9.496
v -30.6176 		-42.304 		9.496
v -21.1923 		-42.304 		7.2267
v -21.166 		-42.304 		7.2755
v -21.0645 		-42.304 		7.4651
v -29.284 		-42.304 		8.2587
v -29.284 		-42.359 		8.236
v -20.9707 		-42.304 		7.7225
v -21.0453 		-42.304 		7.5178
v -20.9589 		-42.304 		7.7781
v -20.9129 		-42.304 		7.9946
v -20.909 		-42.304 		8.0517
v -31.1582 		-56.699 		17.4067
v -31.263 		-56.401 		17.155
v -31.1925 		-56.699 		17.3126
v -47.417 		-49.901 		9.932
v -21.746 		-42.401 		6.683
v -31.2516 		-56.699 		17.1506
v -21.536 		-42.401 		6.829
v -31.321 		-56.401 		16.882
v -21.349 		-42.401 		7.011
v -31.3089 		-56.699 		16.8801
v -31.2727 		-56.699 		17.051
v -21.7479 		-42.304 		6.6869
v -21.7048 		-42.304 		6.7169
v -31.3158 		-56.699 		16.7784
v -21.5383 		-42.304 		6.8327
v -21.3519 		-42.304 		7.0141
v -21.5002 		-42.304 		6.8697
v -31.3279 		-56.699 		16.603
v -30.484 		-42.401 		6.683
v -30.257 		-42.401 		6.575
v -30.018 		-42.401 		6.51
v -30.4821 		-42.304 		6.6869
v -30.4358 		-42.304 		6.665
v -30.2558 		-42.304 		6.5793
v -30.2069 		-42.304 		6.5661
v -30.0174 		-42.304 		6.5146
v -29.9671 		-42.304 		6.51
v -29.772 		-42.304 		6.4926
v -31.321 		-42.401 		7.994
v -31.263 		-42.401 		7.721
v -31.169 		-42.401 		7.463
v -31.041 		-42.401 		7.224
v -31.3171 		-42.304 		7.9946
v -31.2593 		-42.304 		7.7225
v -31.3053 		-42.304 		7.939
v -41.078 		-37.551 		11.517
v -31.24 		-42.304 		7.6697
v -31.1655 		-42.304 		7.4651
v -31.1392 		-42.304 		7.4163
v -31.0377 		-42.304 		7.2267
v -31.005 		-42.304 		7.1831
v -38.814 		-37.336 		12.081
v -38.842 		-37.3261 		12.0981
v -30.881 		-42.401 		7.011
v -30.694 		-42.401 		6.829
v -38.8305 		-37.336 		12.1095
v -30.8781 		-42.304 		7.0141
v -41.097 		-37.632 		11.278
v -38.751 		-37.336 		11.906
v -30.84 		-42.304 		6.9771
v -30.6917 		-42.304 		6.8327
v -30.6487 		-42.304 		6.8027
v -41.139 		-37.632 		11.512
v -41.146 		-37.715 		11.265
v -41.189 		-37.715 		11.508
v -38.9005 		-37.342 		12.2465
v -38.8682 		-37.351 		12.2142
v -41.228 		-37.802 		11.504
v -38.797 		-37.3709 		12.143
v -27.3825 		-52.201 		16.641
v -22.946 		-52.201 		16.641
v -24.892 		-52.201 		16.641
v -26.137 		-51.9784 		16.641
v -41.256 		-37.89 		11.502
v -41.256 		-37.89 		11.76
v -41.211 		-37.89 		12.015
v -41.123 		-37.89 		12.258
v -41.273 		-37.98 		11.5
v -38.797 		-37.796 		12.143
v -21.6395 		-52.201 		12.477
v -41.273 		-37.98 		11.762
v -21.587 		-52.201 		9.496
v -41.228 		-37.98 		12.019
v -21.587 		-52.201 		15.38
v -41.139 		-37.98 		12.265
v -21.898 		-49.846 		9.268
v -21.898 		-49.846 		15.6686
v -39.5658 		-37.129 		12.2284
v -39.2146 		-37.1112 		11.7257
v -39.145 		-37.129 		11.686
v -40.744 		-37.336 		11.181
v -21.061 		-56.401 		17.413
v -21.189 		-56.401 		17.652
v -21.1992 		-56.699 		17.6437
v -21.1185 		-56.699 		17.4938
v -39.145 		-37.129 		11.575
v -21.2575 		-56.699 		17.7214
v -22.946 		-56.643 		8.236
v -40.591 		-37.715 		12.79
v -22.946 		-56.699 		8.2591
v -31.3354 		-52.201 		16.67
v -20.9021 		-56.699 		16.603
v -20.909 		-56.401 		16.882
v -20.9211 		-56.699 		16.8801
v -20.909 		-56.699 		16.7047
v -20.9422 		-56.699 		16.9796
v -20.967 		-56.401 		17.155
v -39.029 		-37.171 		11.696
v -20.9784 		-56.699 		17.1506
v -21.0718 		-56.699 		17.4067
v -21.0127 		-56.699 		17.2446
v -39.029 		-37.171 		11.565
v -40.292 		-37.796 		12.57
v -35.343 		-35.571 		6.283
v -35.343 		-35.571 		6.783
v -40.4097 		-37.3196 		12.4523
v -40.505 		-37.3121 		12.357
v -40.532 		-37.336 		12.384
v -40.39 		-37.336 		12.503
v -21.349 		-56.401 		17.865
v -35.343 		-38.081 		6.783
v -35.343 		-38.081 		6.283
v -21.3579 		-56.699 		17.8555
v -38.919 		-37.22 		11.706
v -21.543 		-56.699 		18.0356
v -21.536 		-56.401 		18.047
v -35.451 		-38.071 		6.1
v -21.4261 		-56.699 		17.9218
v -35.59 		-38.071 		6.078
v -29.284 		-52.201 		16.641
v -21.746 		-56.401 		18.193
v -21.6196 		-56.699 		18.0888
v -35.326 		-38.071 		6.164
v -21.7517 		-56.699 		18.1809
v -21.8345 		-56.699 		18.2203
v -35.226 		-38.071 		6.264
v -35.162 		-38.071 		6.39
v -38.919 		-37.22 		11.556
v -35.14 		-38.071 		6.53
v -35.162 		-38.071 		6.67
v -35.226 		-38.071 		6.796
v -35.326 		-38.071 		6.896
v -44.472 		-49.901 		9.932
v -35.451 		-38.071 		6.96
v -38.815 		-37.275 		11.715
v -38.815 		-37.275 		11.546
v -40.3771 		-37.322 		12.4849
v -40.5457 		-37.3151 		12.3163
v -40.789 		-37.475 		10.923
v -40.595 		-37.403 		12.446
v -40.724 		-37.403 		12.292
v -35.451 		-37.071 		6.1
v -35.59 		-37.071 		6.078
v -40.651 		-37.475 		12.503
v -21.587 		-56.643 		15.38
v -21.6119 		-56.699 		15.38
v -35.326 		-37.071 		6.164
v -35.226 		-37.071 		6.264
v -40.744 		-37.632 		10.666
v -35.162 		-37.071 		6.39
v -35.14 		-37.071 		6.53
v -35.162 		-37.071 		6.67
v -35.226 		-37.071 		6.796
v -43.394 		-49.901 		11.01
v -35.326 		-37.071 		6.896
v -35.451 		-37.071 		6.96
v -40.78 		-37.715 		10.63
v -43.394 		-49.901 		13.954
v -40.63 		-37.89 		12.846
v -40.406 		-37.89 		12.975
v -22.2139 		-56.699 		6.524
v -22.212 		-56.401 		6.51
v -44.472 		-49.901 		15.032
v -45.944 		-49.901 		15.426
v -22.1268 		-56.699 		6.5477
v -21.973 		-56.401 		6.575
v -21.9768 		-56.699 		6.5883
v -40.163 		-37.89 		13.063
v -39.908 		-37.89 		13.108
v -40.824 		-37.403 		11.143
v -38.945 		-37.22 		11.407
v -22.457 		-56.699 		6.502
v -22.3677 		-56.699 		6.51
v -39.0003 		-37.2162 		11.2792
v -38.9936 		-37.22 		11.2725
v -38.844 		-37.275 		11.38
v -40.897 		-37.475 		11.11
v -26.221 		-53.091 		12.452
v -26.221 		-52.702 		13.902
v -26.946 		-52.702 		13.708
v -27.476 		-52.702 		13.177
v -40.961 		-37.551 		11.08
v -39.164 		-37.129 		11.466
v -39.1959 		-37.1195 		11.4747
v -37.813 		-38.678 		6.783
v -40.639 		-37.98 		12.86
v -37.813 		-38.678 		6.283
v -41.016 		-37.632 		11.054
v -40.413 		-37.98 		12.99
v -39.1702 		-37.129 		11.449
v -20.9021 		-56.699 		8.273
v -40.167 		-37.98 		13.08
v -21.587 		-56.643 		9.496
v -21.6119 		-56.699 		9.496
v -41.061 		-37.715 		11.033
v -39.052 		-37.171 		11.436
v -39.91 		-37.98 		13.125
v -39.0802 		-37.171 		11.359
v -39.1459 		-37.1403 		11.4247
v -30.642 		-56.643 		15.38
v -30.6172 		-56.699 		15.38
v -21.189 		-56.401 		7.224
v -21.1992 		-56.699 		7.2323
v -21.2996 		-56.699 		7.0982
v -21.1525 		-56.699 		7.3194
v -21.061 		-56.401 		7.463
v -32.239 		-35.871 		17.036
v -32.239 		-35.871 		16.536
v -21.0718 		-56.699 		7.4694
v -32.239 		-35.871 		9.036
v -32.239 		-35.871 		8.536
v -31.739 		-35.871 		16.536
v -31.739 		-35.871 		17.036
v -21.0375 		-56.699 		7.5634
v -20.967 		-56.401 		7.721
v -31.739 		-35.871 		8.536
v -31.739 		-35.871 		9.036
v -20.9784 		-56.699 		7.7255
v -20.909 		-56.401 		7.994
v -20.9211 		-56.699 		7.9959
v -20.9573 		-56.699 		7.825
v -38.751 		-37.336 		11.355
v -20.9141 		-56.699 		8.0976
v -43 		-49.901 		12.482
v -32.458 		-37.071 		11.849
v -32.458 		-36.521 		11.849
v -32.458 		-36.521 		12.172
v -32.458 		-37.071 		12.172
v -32.458 		-36.521 		13.527
v -32.458 		-37.071 		13.527
v -32.458 		-36.521 		13.849
v -32.458 		-37.071 		13.849
v -33.839 		-35.871 		17.036
v -33.839 		-35.871 		16.536
v -33.839 		-35.871 		9.036
v -33.839 		-35.871 		8.536
v -21.894 		-56.699 		6.6277
v -39.3113 		-37.0842 		11.59
v -21.746 		-56.401 		6.683
v -39.266 		-37.094 		11.586
v -39.3309 		-37.08 		11.6095
v -39.266 		-37.094 		11.6743
v -39.2724 		-37.094 		11.551
v -45.944 		-49.901 		9.537
v -33.458 		-37.071 		12.172
v -33.458 		-36.521 		12.172
v -33.458 		-36.521 		11.849
v -33.458 		-37.071 		11.849
v -41.097 		-37.802 		11.016
v -39.2642 		-37.0945 		11.6762
v -35.843 		-38.678 		6.783
v -35.843 		-38.678 		6.283
v -41.184 		-37.802 		11.254
v -35.343 		-38.678 		6.783
v -35.343 		-38.678 		6.283
v -27.476 		-52.702 		11.727
v -37.313 		-38.678 		6.783
v -37.313 		-38.678 		6.283
v -26.946 		-52.702 		11.196
v -21.7517 		-56.699 		6.6951
v -26.221 		-52.702 		11.002
v -21.543 		-56.699 		6.8404
v -21.536 		-56.401 		6.829
v -21.6751 		-56.699 		6.7483
v -21.4748 		-56.699 		6.9068
v -21.349 		-56.401 		7.011
v -31.3279 		-56.699 		8.273
v -21.3579 		-56.699 		7.0205
v -30.642 		-56.643 		9.496
v -29.284 		-56.643 		8.236
v -30.6172 		-56.699 		9.496
v -29.284 		-56.699 		8.2591
v -24.771 		-52.702 		12.452
v -24.965 		-52.702 		13.177
v -48.889 		-49.901 		12.482
v -33.873 		-38.678 		6.783
v -33.873 		-38.678 		6.283
v -33.458 		-37.071 		13.527
v -33.458 		-36.521 		13.527
v -33.373 		-38.678 		6.783
v -33.373 		-38.678 		6.283
v -33.458 		-37.071 		13.849
v -38.992 		-38.678 		5.997
v -39.3309 		-37.796 		11.6095
v -25.496 		-52.702 		13.708
v -24.965 		-52.702 		11.727
v -40.847 		-37.551 		10.883
v -32.187 		-38.678 		5.997
v -33.458 		-36.521 		13.849
v -33.339 		-35.871 		16.536
v -33.339 		-35.871 		17.036
v -33.339 		-35.871 		8.536
v -33.339 		-35.871 		9.036
v -40.897 		-37.632 		10.848
v -30.484 		-56.401 		6.683
v -25.496 		-52.702 		11.196
v -30.4783 		-56.699 		6.6951
v -30.2532 		-56.699 		6.5883
v -30.3955 		-56.699 		6.6557
v -30.257 		-56.401 		6.575
v -30.018 		-56.401 		6.51
v -30.0161 		-56.699 		6.524
v -30.166 		-56.699 		6.5646
v -29.9264 		-56.699 		6.516
v -27.2239 		-52.201 		8.27
v -29.772 		-56.699 		6.502
v -40.903 		-35.301 		5.97
v -23.8882 		-52.201 		8.5819
v -30.398 		-35.301 		5.97
v -25.0506 		-52.201 		8.27
v -29.36 		-39.017 		18.97
v -29.36 		-39.252 		18.97
v -22.2419 		-52.201 		10.2283
v -29.351 		-36.553 		18.97
v -29.351 		-36.759 		18.97
v -29.351 		-36.553 		18.976
v -29.351 		-36.759 		18.976
v -31.321 		-56.401 		7.994
v -31.3089 		-56.699 		7.9959
v -31.321 		-56.699 		8.1713
v -22.2419 		-52.201 		14.7258
v -31.263 		-56.401 		7.721
v -31.2878 		-56.699 		7.8964
v -23.8882 		-52.201 		16.3721
v -31.2516 		-56.699 		7.7255
v -31.1582 		-56.699 		7.4694
v -31.2173 		-56.699 		7.6314
v -31.169 		-56.401 		7.463
v -29.36 		-36.77 		18.97
v -31.041 		-56.401 		7.224
v -31.0308 		-56.699 		7.2323
v -31.1115 		-56.699 		7.3822
v -29.36 		-39.017 		18.976
v -29.36 		-39.252 		18.976
v -26.137 		-52.0065 		8.27
v -37.722 		-36.773 		18.97
v -37.722 		-36.553 		18.97
v -37.722 		-36.773 		18.976
v -37.722 		-36.553 		18.976
v -38.734 		-37.403 		11.143
v -23.709 		-48.741 		12.452
v -24.046 		-48.741 		13.708
v -32.805 		-38.527 		18.97
v -38.661 		-37.475 		11.11
v -35.721 		-38.527 		18.97
v -30.881 		-56.401 		7.011
v -30.9725 		-56.699 		7.1546
v -30.8721 		-56.699 		7.0205
v -30.687 		-56.699 		6.8404
v -30.694 		-56.401 		6.829
v -30.8039 		-56.699 		6.9542
v -30.6104 		-56.699 		6.7872
v -38.597 		-37.551 		11.08
v -35.721 		-36.526 		18.97
v -32.805 		-36.526 		18.97
v -29.367 		-38.296 		18.976
v -29.488 		-38.137 		18.976
v -29.524 		-38.424 		18.976
v -29.766 		-37.267 		18.976
v -29.903 		-37.439 		18.976
v -30.005 		-37.58 		18.976
v -30.071 		-37.688 		18.976
v -29.615 		-36.784 		18.976
v -30.112 		-37.784 		18.976
v -29.949 		-37.18 		18.976
v -30.109 		-37.384 		18.976
v -30.224 		-37.551 		18.976
v -30.293 		-37.68 		18.976
v -30.333 		-37.79 		18.976
v -29.615 		-36.773 		18.976
v -30.433 		-36.553 		18.976
v -30.433 		-36.773 		18.976
v -30.014 		-38.279 		18.976
v -38.542 		-37.632 		11.054
v -29.945 		-38.308 		18.976
v -29.865 		-38.318 		18.976
v -24.046 		-48.741 		11.196
v -38.497 		-37.715 		11.033
v -31.34 		-42.301 		18.97
v -26.221 		-48.741 		14.963
v -38.374 		-37.802 		11.254
v -41.606 		-56.401 		17.413
v -41.716 		-56.401 		17.652
v -41.7249 		-56.699 		17.6437
v -38.461 		-37.802 		11.016
v -41.6556 		-56.699 		17.4938
v -41.7748 		-56.699 		17.7214
v -27.476 		-48.741 		14.627
v -41.4708 		-56.699 		16.603
v -41.477 		-56.699 		16.7047
v -26.221 		-47.68 		13.902
v -41.477 		-56.401 		16.882
v -41.4872 		-56.699 		16.8801
v -26.946 		-47.68 		13.708
v -41.505 		-56.699 		16.9796
v -31.99 		-37.071 		8.328
v -31.85 		-37.071 		8.35
v -41.526 		-56.401 		17.155
v -31.724 		-37.071 		8.414
v -31.624 		-37.071 		8.514
v -41.5355 		-56.699 		17.1506
v -41.6155 		-56.699 		17.4067
v -41.5647 		-56.699 		17.2446
v -32.421 		-37.071 		8.64
v -40.938 		-37.715 		10.819
v -27.476 		-47.68 		13.177
v -32.356 		-37.071 		8.514
v -32.256 		-37.071 		8.414
v -32.13 		-37.071 		8.35
v -31.624 		-37.071 		9.046
v -31.724 		-37.071 		9.146
v -26.221 		-47.291 		12.452
v -41.853 		-56.401 		17.865
v -31.85 		-37.071 		9.211
v -41.8606 		-56.699 		17.8555
v -42.0193 		-56.699 		18.0356
v -42.013 		-56.401 		18.047
v -41.919 		-56.699 		17.9218
v -40.97 		-37.802 		10.797
v -32.13 		-37.071 		9.211
v -32.256 		-37.071 		9.146
v -42.193 		-56.401 		18.193
v -42.085 		-56.699 		18.0888
v -32.356 		-37.071 		9.046
v -42.1981 		-56.699 		18.1809
v -32.421 		-37.071 		8.92
v -42.3912 		-56.699 		18.2877
v -42.2692 		-56.699 		18.2203
v -42.388 		-56.401 		18.301
v -42.5939 		-56.699 		18.352
v -42.592 		-56.401 		18.366
v -42.4656 		-56.699 		18.3114
v -42.6705 		-56.699 		18.36
v -32.443 		-37.071 		8.78
v -38.711 		-37.551 		10.883
v -42.802 		-56.699 		18.374
v -31.99 		-37.071 		9.233
v -31.99 		-37.071 		16.328
v -31.851 		-37.071 		16.35
v -38.661 		-37.632 		10.848
v -32.129 		-37.071 		16.35
v -32.129 		-37.071 		17.211
v -32.255 		-37.071 		17.146
v -21.898 		-41.304 		17.973
v -42.157 		-56.699 		16.641
v -21.898 		-41.304 		6.968
v -21.898 		-41.304 		15.673
v -21.898 		-41.304 		9.268
v -40.808 		-37.802 		10.602
v -20.9 		-40.901 		8.783
v -20.9 		-40.901 		16.183
v -21.898 		-40.901 		16.183
v -21.898 		-40.901 		8.783
v -49.067 		-56.699 		18.374
v -29.739 		-38.298 		18.976
v -21.898 		-35.301 		6.968
v -20.9 		-35.301 		5.97
v -21.898 		-35.301 		8.783
v -20.9 		-35.301 		8.783
v -29.614 		-38.238 		18.976
v -30.011 		-38.51 		18.976
v -21.898 		-35.301 		17.973
v -20.9 		-35.301 		16.183
v -21.898 		-35.301 		16.183
v -29.869 		-38.526 		18.976
v -29.691 		-38.5 		18.976
v -40.828 		-37.89 		10.582
v -20.9 		-35.301 		18.97
v -30.137 		-37.887 		18.976
v -16.299 		-35.301 		13.784
v -17.05 		-35.301 		13.985
v -30.145 		-37.996 		18.976
v -15.749 		-35.301 		13.234
v -17.0314 		-35.301 		16.183
v -30.137 		-38.088 		18.976
v -32.354 		-37.071 		17.046
v -30.111 		-38.167 		18.976
v -40.994 		-37.89 		10.78
v -32.418 		-37.071 		16.92
v -30.07 		-38.231 		18.976
v -30.357 		-37.898 		18.976
v -32.44 		-37.071 		16.78
v -30.131 		-38.463 		18.976
v -32.418 		-37.071 		16.64
v -30.365 		-38.004 		18.976
v -30.35 		-38.153 		18.976
v -32.354 		-37.071 		16.514
v -30.305 		-38.279 		18.976
v -30.231 		-38.384 		18.976
v -38.62 		-37.715 		10.819
v -32.255 		-37.071 		16.414
v -31.239 		-36.553 		18.976
v -31.459 		-36.553 		18.976
v -31.239 		-37.296 		18.976
v -31.459 		-37.31 		18.976
v -30.662 		-38.498 		18.976
v -31.347 		-37.514 		18.976
v -15.548 		-35.301 		12.483
v -31.726 		-37.071 		16.414
v -15.749 		-35.301 		11.731
v -16.299 		-35.301 		11.181
v -27.476 		-48.741 		10.277
v -17.05 		-35.301 		10.98
v -15.198 		-35.301 		15.691
v -13.841 		-35.301 		14.335
v -13.841 		-35.301 		10.63
v -15.198 		-35.301 		9.274
v -17.0313 		-35.301 		8.783
v -17.801 		-35.301 		11.181
v -18.351 		-35.301 		11.731
v -26.2214 		-49.846 		9.6444
v -18.553 		-35.301 		12.483
v -26.221 		-48.741 		9.94
v -26.221 		-49.846 		9.6443
v -31.626 		-37.071 		16.514
v -18.351 		-35.301 		13.234
v -27.326 		-49.846 		9.94
v -49.2761 		-56.699 		18.352
v -49.278 		-56.401 		18.366
v -49.1439 		-56.699 		18.366
v -31.626 		-37.071 		17.046
v -27.3448 		-49.846 		9.9451
v -31.726 		-37.071 		17.146
v -49.3505 		-56.699 		18.3283
v -26.2098 		-49.846 		9.6473
v -31.851 		-37.071 		17.211
v -17.801 		-35.301 		13.784
v -31.99 		-37.071 		17.233
v -27.476 		-47.68 		11.727
v -26.946 		-47.68 		11.196
v -38.588 		-37.802 		10.797
v -41.4708 		-56.699 		8.273
v -21.898 		-37.071 		7.002
v -21.898 		-37.071 		8.783
v -21.898 		-38.071 		8.783
v -26.221 		-47.68 		11.002
v -21.898 		-38.071 		7.002
v -42.157 		-56.699 		8.236
v -17.0313 		-36.8 		8.783
v -17.05 		-36.8 		8.783
v -17.0612 		-36.809 		8.783
v -18.402 		-36.809 		8.783
v -24.965 		-48.741 		14.627
v -17.0612 		-36.8 		8.783
v -18.402 		-38.403 		8.783
v -30.902 		-38.498 		18.976
v -32.482 		-37.782 		18.976
v -32.473 		-37.527 		18.976
v -32.482 		-37.272 		18.976
v -41.7249 		-56.699 		7.2323
v -41.716 		-56.401 		7.224
v -32.509 		-37.068 		18.976
v -41.8107 		-56.699 		7.0982
v -32.553 		-36.918 		18.976
v -38.347 		-37.89 		11.247
v -32.255 		-37.526 		18.976
v -32.502 		-36.64 		18.976
v -32.27 		-37.227 		18.976
v -32.317 		-36.979 		18.976
v -32.394 		-36.782 		18.976
v -41.6848 		-56.699 		7.3194
v -41.606 		-56.401 		7.463
v -32.553 		-38.135 		18.976
v -32.509 		-37.985 		18.976
v -38.435 		-37.89 		11.004
v -32.499 		-38.416 		18.976
v -32.316 		-38.082 		18.976
v -41.6155 		-56.699 		7.4694
v -32.036 		-38.498 		18.976
v -31.797 		-38.498 		18.976
v -33.576 		-36.553 		18.976
v -41.5864 		-56.699 		7.5634
v -41.526 		-56.401 		7.721
v -32.805 		-36.731 		18.976
v -32.701 		-36.752 		18.976
v -38.564 		-37.89 		10.78
v -32.91 		-36.752 		18.976
v -33.115 		-36.637 		18.976
v -41.5355 		-56.699 		7.7255
v -32.805 		-36.526 		18.976
v -41.4872 		-56.699 		7.9959
v -41.5177 		-56.699 		7.825
v -41.477 		-56.401 		7.994
v -32.639 		-36.554 		18.976
v -32.995 		-36.814 		18.976
v -33.06 		-36.918 		18.976
v -41.481 		-56.699 		8.0976
v -33.106 		-37.068 		18.976
v -33.133 		-37.272 		18.976
v -38.73 		-37.89 		10.582
v -33.142 		-37.527 		18.976
v -33.133 		-37.781 		18.976
v -33.301 		-36.97 		18.976
v -33.363 		-37.526 		18.976
v -32.617 		-36.814 		18.976
v -33.106 		-37.983 		18.976
v -33.06 		-38.133 		18.976
v -32.995 		-38.237 		18.976
v -33.347 		-37.824 		18.976
v -32.91 		-38.299 		18.976
v -33.3 		-38.072 		18.976
v -32.805 		-38.32 		18.976
v -33.221 		-38.269 		18.976
v -32.701 		-38.299 		18.976
v -33.113 		-38.412 		18.976
v -32.617 		-38.238 		18.976
v -32.974 		-38.499 		18.976
v -32.805 		-38.527 		18.976
v -33.73 		-37.071 		9.211
v -33.856 		-37.071 		9.146
v -34.556 		-37.155 		18.976
v -33.974 		-37.155 		18.976
v -21.898 		-37.071 		16.183
v -21.898 		-37.071 		17.973
v -33.956 		-37.071 		9.046
v -21.898 		-38.071 		16.183
v -21.898 		-38.071 		17.973
v -41.123 		-37.89 		11.004
v -34.494 		-37.375 		18.976
v -34.283 		-38.146 		18.976
v -34.308 		-38.045 		18.976
v -34.336 		-37.937 		18.976
v -38.33 		-37.98 		11.243
v -34.38 		-38.506 		18.976
v -34.037 		-37.375 		18.976
v -34.263 		-38.239 		18.976
v -41.211 		-37.89 		11.247
v -33.8 		-36.553 		18.976
v -34.209 		-37.996 		18.976
v -34.228 		-38.073 		18.976
v -34.021 		-37.071 		8.92
v -34.246 		-38.154 		18.976
v -34.149 		-38.506 		18.976
v -38.42 		-37.98 		10.997
v -34.043 		-37.071 		8.78
v -34.021 		-37.071 		8.64
v -33.956 		-37.071 		8.514
v -17.05 		-36.8 		16.183
v -33.856 		-37.071 		8.414
v -17.0314 		-36.8 		16.183
v -35.616 		-36.752 		18.976
v -18.402 		-36.809 		16.183
v -17.0575 		-36.809 		16.183
v -40.84 		-37.98 		10.57
v -35.555 		-36.554 		18.976
v -33.73 		-37.071 		8.35
v -35.31 		-36.782 		18.976
v -35.418 		-36.64 		18.976
v -41.008 		-37.98 		10.77
v -34.728 		-36.553 		18.976
v -34.957 		-36.553 		18.976
v -17.0575 		-36.8 		16.183
v -18.402 		-38.403 		16.183
v -35.397 		-37.782 		18.976
v -35.388 		-37.527 		18.976
v -35.397 		-37.272 		18.976
v -41.139 		-37.98 		10.997
v -35.424 		-37.068 		18.976
v -35.17 		-37.526 		18.976
v -35.469 		-36.918 		18.976
v -35.533 		-36.814 		18.976
v -35.186 		-37.227 		18.976
v -35.232 		-36.979 		18.976
v -35.616 		-38.299 		18.976
v -41.228 		-37.98 		11.243
v -35.533 		-38.238 		18.976
v -35.469 		-38.135 		18.976
v -15.198 		-36.8 		9.274
v -35.424 		-37.985 		18.976
v -13.841 		-36.8 		10.63
v -35.415 		-38.416 		18.976
v -35.231 		-38.082 		18.976
v -24.965 		-47.68 		13.177
v -13.841 		-36.8 		14.335
v -15.198 		-36.8 		15.691
v -36.64 		-36.553 		18.976
v -36.64 		-36.759 		18.976
v -24.771 		-47.68 		12.452
v -35.721 		-36.731 		18.976
v -35.826 		-36.752 		18.976
v -35.721 		-36.526 		18.976
v -36.03 		-36.637 		18.976
v -35.911 		-36.814 		18.976
v -35.976 		-36.918 		18.976
v -36.021 		-37.068 		18.976
v -36.049 		-37.272 		18.976
v -36.058 		-37.527 		18.976
v -36.049 		-37.781 		18.976
v -36.216 		-36.97 		18.976
v -36.278 		-37.526 		18.976
v -36.656 		-38.296 		18.976
v -36.021 		-37.983 		18.976
v -35.976 		-38.133 		18.976
v -16.299 		-36.8 		13.784
v -17.05 		-36.8 		13.985
v -35.911 		-38.237 		18.976
v -36.262 		-37.824 		18.976
v -15.749 		-36.8 		13.234
v -35.826 		-38.299 		18.976
v -36.215 		-38.072 		18.976
v -15.548 		-36.8 		12.483
v -33.59 		-37.071 		8.328
v -35.721 		-38.32 		18.976
v -36.137 		-38.269 		18.976
v -15.749 		-36.8 		11.731
v -33.45 		-37.071 		8.35
v -36.028 		-38.412 		18.976
v -35.89 		-38.499 		18.976
v -35.721 		-38.527 		18.976
v -37.054 		-37.267 		18.976
v -33.324 		-37.071 		8.414
v -37.191 		-37.439 		18.976
v -25.496 		-47.68 		13.708
v -37.293 		-37.58 		18.976
v -16.299 		-36.8 		11.181
v -17.05 		-36.8 		10.98
v -38.55 		-37.98 		10.77
v -33.224 		-37.071 		8.514
v -37.36 		-37.688 		18.976
v -36.904 		-36.784 		18.976
v -37.401 		-37.784 		18.976
v -37.238 		-37.18 		18.976
v -38.718 		-37.98 		10.57
v -37.398 		-37.384 		18.976
v -37.513 		-37.551 		18.976
v -37.582 		-37.68 		18.976
v -37.622 		-37.79 		18.976
v -36.904 		-36.773 		18.976
v -24.965 		-48.741 		10.277
v -37.154 		-38.318 		18.976
v -18.402 		-36.809 		9.1423
v -18.402 		-38.403 		9.1423
v -18.901 		-36.8 		9.276
v -18.901 		-38.902 		9.276
v -33.16 		-37.071 		8.64
v -25.496 		-47.68 		11.196
v -20.256 		-36.8 		10.631
v -20.256 		-40.257 		10.631
v -33.138 		-37.071 		8.78
v -20.753 		-40.754 		12.483
v -33.16 		-37.071 		8.92
v -20.753 		-36.8 		12.483
v -33.224 		-37.071 		9.046
v -20.256 		-36.8 		14.334
v -24.965 		-47.68 		11.727
v -33.324 		-37.071 		9.146
v -20.256 		-40.257 		14.334
v -18.901 		-36.8 		15.689
v -18.901 		-38.902 		15.689
v -33.45 		-37.071 		9.211
v -18.402 		-36.809 		15.8227
v -33.59 		-37.071 		9.233
v -42.802 		-56.699 		6.502
v -42.5939 		-56.699 		6.524
v -42.592 		-56.401 		6.51
v -42.7254 		-56.699 		6.51
v -42.5195 		-56.699 		6.5477
v -42.388 		-56.401 		6.575
v -18.402 		-38.403 		15.8227
v -33.591 		-37.071 		16.328
v -33.452 		-37.071 		16.35
v -17.801 		-36.8 		11.181
v -18.351 		-36.8 		11.731
v -42.3912 		-56.699 		6.5883
v -18.553 		-36.8 		12.483
v -18.351 		-36.8 		13.234
v -17.801 		-36.8 		13.784
v -42.3201 		-56.699 		6.6277
v -42.193 		-56.401 		6.683
v -42.1981 		-56.699 		6.6951
v -38.902 		-37.275 		11.222
v -33.73 		-37.071 		16.35
v -38.9793 		-37.2298 		11.2582
v -42.0193 		-56.699 		6.8404
v -42.013 		-56.401 		6.829
v -42.1324 		-56.699 		6.7483
v -38.917 		-37.275 		11.1959
v -33.73 		-37.071 		17.211
v -33.856 		-37.071 		17.146
v -41.961 		-56.699 		6.9068
v -41.853 		-56.401 		7.011
v -31.59 		-41.304 		5.97
v -33.955 		-37.071 		17.046
v -39.59 		-41.304 		5.97
v -38.903 		-37.2871 		11.1819
v -41.8606 		-56.699 		7.0205
v -37.813 		-41.071 		4.402
v -37.813 		-41.071 		0.783
v -37.813 		-41.571 		0.783
v -37.813 		-41.571 		4.402
v -35.843 		-41.071 		4.402
v -35.843 		-41.071 		0.783
v -34.019 		-37.071 		16.92
v -34.041 		-37.071 		16.78
v -34.019 		-37.071 		16.64
v -33.955 		-37.071 		16.514
v -38.814 		-37.336 		11.181
v -35.843 		-41.571 		0.783
v -35.843 		-41.571 		4.402
v -35.343 		-41.571 		0.783
v -35.343 		-41.071 		0.783
v -35.343 		-41.071 		4.402
v -35.343 		-41.571 		4.402
v -33.856 		-37.071 		16.414
v -38.8462 		-37.336 		11.1252
v -33.326 		-37.071 		16.414
v -37.313 		-41.571 		0.783
v -37.313 		-41.071 		0.783
v -37.313 		-41.071 		4.402
v -37.313 		-41.571 		4.402
v -33.227 		-37.071 		16.514
v -33.873 		-41.071 		4.402
v -33.873 		-41.071 		0.783
v -33.873 		-41.571 		0.783
v -33.873 		-41.571 		4.402
v -33.373 		-41.571 		0.783
v -33.373 		-41.071 		0.783
v -33.373 		-41.071 		4.402
v -33.373 		-41.571 		4.402
v -33.163 		-37.071 		16.64
v -33.141 		-37.071 		16.78
v -33.163 		-37.071 		16.92
v -33.227 		-37.071 		17.046
v -38.8216 		-37.3614 		11.1006
v -37.028 		-38.298 		18.976
v -33.326 		-37.071 		17.146
v -36.902 		-38.238 		18.976
v -38.8267 		-37.3786 		11.0463
v -36.776 		-38.137 		18.976
v -37.157 		-38.526 		18.976
v -36.98 		-38.5 		18.976
v -36.812 		-38.424 		18.976
v -33.452 		-37.071 		17.211
v -38.797 		-37.3869 		11.076
v -37.425 		-37.887 		18.976
v -33.591 		-37.071 		17.233
v -37.433 		-37.996 		18.976
v -37.425 		-38.088 		18.976
v -37.4 		-38.167 		18.976
v -37.358 		-38.231 		18.976
v -37.646 		-37.898 		18.976
v -37.302 		-38.279 		18.976
v -37.654 		-38.004 		18.976
v -37.234 		-38.308 		18.976
v -49.2761 		-56.699 		6.524
v -37.639 		-38.153 		18.976
v -49.278 		-56.401 		6.51
v -49.4044 		-56.699 		6.5646
v -38.797 		-37.796 		11.076
v -37.299 		-38.51 		18.976
v -37.594 		-38.279 		18.976
v -37.519 		-38.384 		18.976
v -37.42 		-38.463 		18.976
v -29.524 		-38.424 		18.97
v -29.531 		-38.4272 		18.97
v -49.1992 		-56.699 		6.516
v -29.367 		-38.296 		18.97
v -29.531 		-36.9793 		18.97
v -29.488 		-38.137 		18.97
v -49.067 		-56.699 		6.502
v -38.834 		-37.403 		10.969
v -38.8752 		-37.3652 		10.9978
v -29.531 		-38.1715 		18.97
v -38.963 		-37.403 		10.815
v -39.0105 		-37.3525 		10.8625
v -29.949 		-37.18 		18.97
v -38.9273 		-37.3603 		10.9457
v -29.615 		-36.784 		18.97
v -29.615 		-36.773 		18.97
v -30.433 		-36.773 		18.97
v -30.109 		-37.384 		18.97
v -29.9727 		-37.2103 		18.97
v -30.224 		-37.551 		18.97
v -26.0273 		-49.846 		9.268
v -30.293 		-37.68 		18.97
v -40.903 		-41.304 		5.97
v -30.398 		-41.304 		5.97
v -30.333 		-37.79 		18.97
v -30.337 		-37.808 		18.97
v -29.766 		-37.267 		18.97
v -29.903 		-37.439 		18.97
v -30.005 		-37.58 		18.97
v -30.071 		-37.688 		18.97
v -30.112 		-37.784 		18.97
v -30.1178 		-37.808 		18.97
v -26.175 		-49.846 		9.638
v -30.433 		-36.553 		18.97
v -30.011 		-38.51 		18.97
v -30.043 		-38.4975 		18.97
v -29.869 		-38.526 		18.97
v -29.9604 		-38.5157 		18.97
v -33.618 		-37.071 		6.983
v -24.753 		-49.846 		10.019
v -39.0539 		-37.3566 		10.8191
v -29.691 		-38.5 		18.97
v -30.043 		-38.2541 		18.97
v -30.014 		-38.279 		18.97
v -29.945 		-38.308 		18.97
v -29.865 		-38.318 		18.97
v -29.739 		-38.298 		18.97
v -29.614 		-38.238 		18.97
v -40.903 		-41.304 		6.968
v -30.398 		-41.304 		6.968
v -31.59 		-41.304 		6.786
v -39.59 		-41.304 		6.786
v -40.744 		-37.632 		12.596
v -37.813 		-41.071 		6.283
v -37.813 		-41.071 		5.997
v -37.813 		-41.304 		5.997
v -37.813 		-41.304 		6.783
v -35.843 		-41.071 		6.283
v -35.843 		-41.071 		5.997
v -35.843 		-41.304 		5.997
v -35.843 		-41.304 		6.783
v -34.631 		-37.071 		8.872
v -34.631 		-37.071 		10.227
v -35.343 		-41.071 		5.997
v -35.343 		-41.071 		6.283
v -35.343 		-41.304 		5.997
v -35.343 		-41.304 		6.783
v -32.239 		-38.071 		8.536
v -30.357 		-37.898 		18.97
v -31.739 		-38.071 		8.536
v -23.713 		-49.846 		11.06
v -31.85 		-38.071 		8.35
v -31.99 		-38.071 		8.328
v -31.724 		-38.071 		8.414
v -31.624 		-38.071 		8.514
v -30.365 		-38.004 		18.97
v -30.3632 		-37.9797 		18.97
v -32.421 		-38.071 		8.64
v -32.356 		-38.071 		8.514
v -32.256 		-38.071 		8.414
v -30.35 		-38.153 		18.97
v -32.13 		-38.071 		8.35
v -31.739 		-38.071 		9.036
v -32.239 		-38.071 		9.036
v -31.624 		-38.071 		9.046
v -37.313 		-41.071 		5.997
v -37.313 		-41.071 		6.283
v -37.313 		-41.304 		5.997
v -31.724 		-38.071 		9.146
v -37.313 		-41.304 		6.783
v -31.85 		-38.071 		9.211
v -32.13 		-38.071 		9.211
v -23.332 		-49.846 		12.481
v -32.256 		-38.071 		9.146
v -32.356 		-38.071 		9.046
v -33.873 		-41.071 		6.283
v -33.873 		-41.071 		5.997
v -33.873 		-41.304 		5.997
v -32.421 		-38.071 		8.92
v -33.873 		-41.304 		6.783
v -32.443 		-38.071 		8.78
v -33.373 		-41.071 		5.997
v -33.373 		-41.071 		6.283
v -33.373 		-41.304 		5.997
v -33.373 		-41.304 		6.783
v -31.99 		-38.071 		9.233
v -31.851 		-38.071 		16.35
v -31.99 		-38.071 		16.328
v -30.305 		-38.279 		18.97
v -38.992 		-41.304 		5.997
v -30.231 		-38.384 		18.97
v -32.129 		-38.071 		16.35
v -30.131 		-38.463 		18.97
v -32.239 		-38.071 		16.536
v -32.239 		-38.071 		17.036
v -32.129 		-38.071 		17.211
v -40.78 		-37.715 		12.631
v -32.255 		-38.071 		17.146
v -32.187 		-41.304 		5.997
v -30.137 		-37.887 		18.97
v -32.354 		-38.071 		17.046
v -30.145 		-37.996 		18.97
v -30.137 		-38.088 		18.97
v -30.111 		-38.167 		18.97
v -30.07 		-38.231 		18.97
v -32.418 		-38.071 		16.92
v -32.44 		-38.071 		16.78
v -38.992 		-41.304 		6.786
v -32.418 		-38.071 		16.64
v -32.354 		-38.071 		16.514
v -32.187 		-41.304 		6.786
v -32.255 		-38.071 		16.414
v -31.739 		-38.071 		16.536
v -31.739 		-38.071 		17.036
v -31.726 		-38.071 		16.414
v -39.59 		-41.304 		9.268
v -38.769 		-37.475 		10.923
v -31.626 		-38.071 		16.514
v -31.626 		-38.071 		17.046
v -31.726 		-38.071 		17.146
v -31.851 		-38.071 		17.211
v -23.713 		-49.846 		13.903
v -31.99 		-38.071 		17.233
v -30.662 		-38.498 		18.97
v -30.902 		-38.498 		18.97
v -31.239 		-36.553 		18.97
v -31.239 		-37.296 		18.97
v -31.459 		-36.553 		18.97
v -38.907 		-37.475 		10.759
v -31.459 		-37.31 		18.97
v -31.347 		-37.514 		18.97
v -23.709 		-51.641 		12.452
v -33.839 		-38.071 		9.036
v -33.839 		-38.071 		8.536
v -24.046 		-51.641 		13.708
v -32.255 		-37.526 		18.97
v -33.73 		-38.071 		9.211
v -33.856 		-38.071 		9.146
v -33.956 		-38.071 		9.046
v -32.27 		-37.227 		18.97
v -32.2618 		-37.3913 		18.97
v -34.021 		-38.071 		8.92
v -34.043 		-38.071 		8.78
v -34.021 		-38.071 		8.64
v -33.956 		-38.071 		8.514
v -33.856 		-38.071 		8.414
v -33.73 		-38.071 		8.35
v -33.339 		-38.071 		9.036
v -33.339 		-38.071 		8.536
v -32.317 		-36.979 		18.97
v -33.45 		-38.071 		8.35
v -33.59 		-38.071 		8.328
v -33.324 		-38.071 		8.414
v -32.394 		-36.782 		18.97
v -33.224 		-38.071 		8.514
v -33.16 		-38.071 		8.64
v -32.502 		-36.64 		18.97
v -33.138 		-38.071 		8.78
v -32.603 		-36.5766 		18.97
v -33.16 		-38.071 		8.92
v -33.224 		-38.071 		9.046
v -33.324 		-38.071 		9.146
v -33.45 		-38.071 		9.211
v -32.4855 		-37.808 		18.97
v -32.482 		-37.782 		18.97
v -32.473 		-37.527 		18.97
v -32.482 		-37.272 		18.97
v -32.509 		-37.068 		18.97
v -33.59 		-38.071 		9.233
v -33.452 		-38.071 		16.35
v -33.591 		-38.071 		16.328
v -32.553 		-36.918 		18.97
v -32.603 		-36.8367 		18.97
v -33.73 		-38.071 		16.35
v -24.046 		-51.641 		11.196
v -33.839 		-38.071 		16.536
v -33.839 		-38.071 		17.036
v -33.73 		-38.071 		17.211
v -33.856 		-38.071 		17.146
v -33.955 		-38.071 		17.046
v -34.019 		-38.071 		16.92
v -34.041 		-38.071 		16.78
v -32.036 		-38.498 		18.97
v -32.499 		-38.416 		18.97
v -32.5697 		-38.4417 		18.97
v -32.603 		-38.4537 		18.97
v -34.019 		-38.071 		16.64
v -33.955 		-38.071 		16.514
v -33.856 		-38.071 		16.414
v -32.316 		-38.082 		18.97
v -33.339 		-38.071 		16.536
v -33.339 		-38.071 		17.036
v -33.326 		-38.071 		16.414
v -32.603 		-38.2155 		18.97
v -32.553 		-38.135 		18.97
v -32.509 		-37.985 		18.97
v -33.227 		-38.071 		16.514
v -33.163 		-38.071 		16.64
v -33.141 		-38.071 		16.78
v -33.163 		-38.071 		16.92
v -40.789 		-37.475 		12.338
v -33.227 		-38.071 		17.046
v -33.326 		-38.071 		17.146
v -31.797 		-38.498 		18.97
v -33.452 		-38.071 		17.211
v -33.591 		-38.071 		17.233
v -33.1971 		-36.784 		18.97
v -33.115 		-36.637 		18.97
v -33.576 		-36.553 		18.97
v -32.639 		-36.554 		18.97
v -32.9411 		-36.5747 		18.97
v -32.6576 		-36.784 		18.97
v -32.701 		-36.752 		18.97
v -32.805 		-36.731 		18.97
v -32.91 		-36.752 		18.97
v -32.9539 		-36.784 		18.97
v -33.618 		-38.071 		6.983
v -33.301 		-36.97 		18.97
v -33.2529 		-36.8839 		18.97
v -26.221 		-51.641 		14.963
v -33.363 		-37.526 		18.97
v -33.3479 		-37.808 		18.97
v -27.476 		-51.641 		14.627
v -32.995 		-36.814 		18.97
v -33.06 		-36.918 		18.97
v -33.106 		-37.068 		18.97
v -33.133 		-37.272 		18.97
v -33.142 		-37.527 		18.97
v -33.133 		-37.781 		18.97
v -33.1294 		-37.808 		18.97
v -32.617 		-36.814 		18.97
v -30.443 		-37.071 		0
v -33.347 		-37.824 		18.97
v -30.443 		-38.071 		0
v -33.3 		-38.072 		18.97
v -33.3126 		-38.0053 		18.97
v -31.59 		-38.081 		0
v -40.738 		-37.071 		0
v -40.738 		-38.071 		0
v -33.221 		-38.269 		18.97
v -39.59 		-38.081 		0
v -33.235 		-38.234 		18.97
v -34.631 		-37.071 		0
v -39.5073 		-37.171 		10.9321
v -33.113 		-38.412 		18.97
v -37.208 		-36.521 		1.849
v -37.208 		-37.071 		1.849
v -27.476 		-51.641 		10.277
v -37.531 		-37.071 		1.849
v -37.531 		-36.521 		1.849
v -39.4853 		-37.1835 		10.9101
v -39.4207 		-37.22 		10.8456
v -35.854 		-36.521 		1.849
v -35.854 		-37.071 		1.849
v -35.631 		-37.071 		1.849
v -37.208 		-37.071 		2.849
v -37.208 		-36.521 		2.849
v -37.531 		-36.521 		2.849
v -37.531 		-37.071 		2.849
v -39.4179 		-37.2219 		10.8428
v -35.854 		-37.071 		2.849
v -35.854 		-36.521 		2.849
v -35.631 		-37.071 		2.849
v -26.221 		-51.641 		9.94
v -35.631 		-37.071 		0
v -39.3562 		-37.2662 		10.7811
v -39.344 		-37.275 		10.7689
v -39.37 		-37.275 		10.754
v -39.406 		-37.23 		10.8309
v -35.531 		-36.521 		2.849
v -35.531 		-36.521 		1.849
v -32.974 		-38.499 		18.97
v -35.531 		-37.071 		1.849
v -35.531 		-37.071 		2.849
v -32.187 		-38.678 		0
v -38.992 		-38.678 		0
v -39.5494 		-37.1514 		10.9742
v -39.584 		-37.171 		10.904
v -24.965 		-51.641 		14.627
v -38.992 		-38.678 		4.402
v -32.187 		-38.678 		4.402
v -39.556 		-37.22 		10.797
v -24.658 		-37.071 		12.172
v -24.658 		-37.071 		13.527
v -32.7941 		-38.523 		18.97
v -24.965 		-51.641 		10.277
v -33.106 		-37.983 		18.97
v -33.06 		-38.133 		18.97
v -32.995 		-38.237 		18.97
v -32.91 		-38.299 		18.97
v -32.805 		-38.32 		18.97
v -32.701 		-38.299 		18.97
v -32.617 		-38.238 		18.97
v -39.117 		-37.403 		10.686
v -26.939 		-35.871 		16.536
v -26.939 		-35.871 		17.036
v -26.939 		-35.871 		8.536
v -26.939 		-35.871 		9.036
v -39.1458 		-37.3652 		10.7272
v -34.38 		-38.506 		18.97
v -34.149 		-38.506 		18.97
v -39.2371 		-37.3733 		10.6621
v -39.224 		-37.3868 		10.649
v -25.839 		-35.871 		9.036
v -25.839 		-35.871 		8.536
v -26.175 		-51.1061 		15.324
v -27.258 		-37.071 		11.849
v -27.258 		-36.521 		11.849
v -27.258 		-36.521 		12.172
v -27.258 		-37.071 		12.172
v -27.258 		-36.521 		13.527
v -27.258 		-37.071 		13.527
v -27.258 		-36.521 		13.849
v -27.258 		-37.071 		13.849
v -29.039 		-35.871 		17.036
v -29.039 		-35.871 		16.536
v -40.847 		-37.551 		12.379
v -29.039 		-35.871 		9.036
v -29.039 		-35.871 		8.536
v -28.539 		-35.871 		16.536
v -28.539 		-35.871 		17.036
v -28.539 		-35.871 		8.536
v -28.539 		-35.871 		9.036
v -33.8 		-36.553 		18.97
v -40.897 		-37.632 		12.414
v -29.858 		-37.071 		11.849
v -29.858 		-36.521 		11.849
v -29.858 		-36.521 		12.172
v -29.858 		-37.071 		12.172
v -29.858 		-36.521 		13.527
v -29.858 		-37.071 		13.527
v -34.651 		-36.8225 		18.97
v -34.556 		-37.155 		18.97
v -29.858 		-36.521 		13.849
v -29.858 		-37.071 		13.849
v -33.974 		-37.155 		18.97
v -39.072 		-37.475 		10.62
v -39.258 		-37.475 		10.513
v -30.858 		-37.071 		12.172
v -30.858 		-36.521 		12.172
v -30.858 		-36.521 		11.849
v -30.858 		-37.071 		11.849
v -30.858 		-37.071 		13.527
v -30.858 		-36.521 		13.527
v -30.858 		-37.071 		13.849
v -30.858 		-36.521 		13.849
v -40.938 		-37.715 		12.442
v -30.639 		-35.871 		17.036
v -30.639 		-35.871 		16.536
v -30.639 		-35.871 		9.036
v -30.639 		-35.871 		8.536
v -30.139 		-35.871 		16.536
v -30.139 		-35.871 		17.036
v -30.139 		-35.871 		8.536
v -30.139 		-35.871 		9.036
v -40.808 		-37.802 		12.659
v -40.97 		-37.802 		12.465
v -34.283 		-38.146 		18.97
v -34.2734 		-38.1908 		18.97
v -34.308 		-38.045 		18.97
v -26.175 		-51.1004 		9.638
v -34.336 		-37.937 		18.97
v -38.857 		-37.551 		10.709
v -26.137 		-51.0868 		9.6482
v -34.494 		-37.375 		18.97
v -40.828 		-37.89 		12.679
v -34.2688 		-38.212 		18.97
v -34.209 		-37.996 		18.97
v -34.037 		-37.375 		18.97
v -39.031 		-37.551 		10.563
v -40.994 		-37.89 		12.481
v -34.2658 		-38.2261 		18.97
v -34.228 		-38.073 		18.97
v -34.2639 		-38.2347 		18.97
v -34.246 		-38.154 		18.97
v -34.263 		-38.239 		18.97
v -35.31 		-36.782 		18.97
v -35.3092 		-36.784 		18.97
v -34.957 		-36.553 		18.97
v -35.418 		-36.64 		18.97
v -35.555 		-36.554 		18.97
v -35.675 		-36.5338 		18.97
v -35.5732 		-36.784 		18.97
v -35.616 		-36.752 		18.97
v -35.675 		-36.7402 		18.97
v -24.753 		-51.0871 		10.019
v -34.728 		-36.553 		18.97
v -34.662 		-36.784 		18.97
v -35.17 		-37.526 		18.97
v -35.186 		-37.227 		18.97
v -35.232 		-36.979 		18.97
v -38.814 		-37.632 		10.666
v -35.397 		-37.782 		18.97
v -35.388 		-37.527 		18.97
v -35.397 		-37.272 		18.97
v -35.424 		-37.068 		18.97
v -35.469 		-36.918 		18.97
v -35.533 		-36.814 		18.97
v -40.84 		-37.98 		12.692
v -38.996 		-37.632 		10.513
v -24.7308 		-51.0763 		10.0413
v -41.008 		-37.98 		12.491
v -35.415 		-38.416 		18.97
v -35.4847 		-38.4413 		18.97
v -35.5702 		-38.4723 		18.97
v -35.675 		-38.5103 		18.97
v -35.231 		-38.082 		18.97
v -38.779 		-37.715 		10.63
v -35.675 		-38.3108 		18.97
v -35.616 		-38.299 		18.97
v -35.533 		-38.238 		18.97
v -35.469 		-38.135 		18.97
v -35.424 		-37.985 		18.97
v -26.5386 		-50.558 		9.7355
v -26.221 		-50.5585 		9.6503
v -36.64 		-36.759 		18.97
v -36.6604 		-36.784 		18.97
v -36.1121 		-36.784 		18.97
v -36.03 		-36.637 		18.97
v -36.64 		-36.553 		18.97
v -26.2136 		-50.5437 		9.6484
v -35.721 		-36.731 		18.97
v -35.826 		-36.752 		18.97
v -35.8699 		-36.784 		18.97
v -36.216 		-36.97 		18.97
v -36.1723 		-36.8917 		18.97
v -36.699 		-36.8314 		18.97
v -36.278 		-37.526 		18.97
v -36.2629 		-37.808 		18.97
v -35.911 		-36.814 		18.97
v -35.976 		-36.918 		18.97
v -36.021 		-37.068 		18.97
v -36.049 		-37.272 		18.97
v -36.058 		-37.527 		18.97
v -36.049 		-37.781 		18.97
v -36.0453 		-37.808 		18.97
v -38.751 		-37.802 		10.602
v -36.656 		-38.296 		18.97
v -36.699 		-38.3313 		18.97
v -36.699 		-38.239 		18.97
v -36.262 		-37.824 		18.97
v -36.215 		-38.072 		18.97
v -36.2275 		-38.0062 		18.97
v -36.137 		-38.269 		18.97
v -36.1508 		-38.234 		18.97
v -23.713 		-51.0758 		11.06
v -36.028 		-38.412 		18.97
v -28.258 		-37.071 		12.172
v -28.258 		-36.521 		12.172
v -28.258 		-36.521 		11.849
v -28.258 		-37.071 		11.849
v -28.258 		-37.071 		13.527
v -28.258 		-36.521 		13.527
v -28.258 		-37.071 		13.849
v -28.258 		-36.521 		13.849
v -27.439 		-35.871 		17.036
v -27.439 		-35.871 		16.536
v -27.439 		-35.871 		9.036
v -27.439 		-35.871 		8.536
v -35.89 		-38.499 		18.97
v -39.734 		-37.094 		12.144
v -39.7421 		-37.0742 		12.0523
v -36.021 		-37.983 		18.97
v -35.976 		-38.133 		18.97
v -35.911 		-38.237 		18.97
v -35.826 		-38.299 		18.97
v -35.721 		-38.32 		18.97
v -39.6632 		-37.094 		12.1311
v -39.724 		-37.129 		12.265
v -39.614 		-37.129 		12.246
v -39.6384 		-37.1022 		12.1558
v -23.7089 		-51.0703 		11.0752
v -37.238 		-37.18 		18.97
v -37.0456 		-36.9519 		18.97
v -36.904 		-36.784 		18.97
v -36.904 		-36.773 		18.97
v -37.398 		-37.384 		18.97
v -37.2697 		-37.2204 		18.97
v -37.513 		-37.551 		18.97
v -37.582 		-37.68 		18.97
v -39.224 		-37.796 		10.649
v -37.622 		-37.79 		18.97
v -37.626 		-37.808 		18.97
v -37.054 		-37.267 		18.97
v -37.191 		-37.439 		18.97
v -37.293 		-37.58 		18.97
v -37.36 		-37.688 		18.97
v -37.401 		-37.784 		18.97
v -37.4066 		-37.808 		18.97
v -39.228 		-37.551 		10.449
v -39.758 		-37.796 		12.0364
v -37.157 		-38.526 		18.97
v -39.7379 		-37.0844 		11.1626
v -39.7221 		-37.0883 		11.1468
v -39.734 		-37.094 		11.118
v -36.98 		-38.5 		18.97
v -39.6992 		-37.094 		11.1239
v -36.812 		-38.424 		18.97
v -39.758 		-37.08 		11.1826
v -39.6226 		-37.1196 		11.0473
v -39.608 		-37.125 		11.0328
v -39.614 		-37.129 		11.016
v -39.5973 		-37.129 		11.0221
v -39.6687 		-37.1042 		11.0934
v -25.9828 		-49.916 		9.6895
v -26.175 		-49.9157 		9.638
v -25.7965 		-49.9158 		9.7394
v -26.175 		-50.4664 		9.638
v -25.658 		-50.4671 		9.7765
v -25.0478 		-50.4678 		9.94
v -24.9058 		-50.4676 		9.9781
v -25.435 		-50.4673 		9.8363
v -39.724 		-37.129 		10.997
v -39.713 		-37.171 		10.881
v -39.704 		-37.22 		10.77
v -39.758 		-37.796 		11.1826
v -36.776 		-38.137 		18.97
v -37.211 		-38.3109 		18.97
v -37.154 		-38.318 		18.97
v -37.028 		-38.298 		18.97
v -36.902 		-38.238 		18.97
v -39.695 		-37.275 		10.667
v -37.646 		-37.898 		18.97
v -37.6284 		-37.8189 		18.97
v -37.654 		-38.004 		18.97
v -37.6521 		-37.9789 		18.97
v -39.686 		-37.336 		10.57
v -23.3331 		-51.0706 		12.477
v -39.679 		-37.403 		10.482
v -39.672 		-37.475 		10.402
v -37.639 		-38.153 		18.97
v -37.6409 		-38.1345 		18.97
v -37.594 		-38.279 		18.97
v -37.6 		-38.2622 		18.97
v -39.665 		-37.551 		10.332
v -37.519 		-38.384 		18.97
v -37.42 		-38.463 		18.97
v -37.299 		-38.51 		18.97
v -37.425 		-37.887 		18.97
v -37.433 		-37.996 		18.97
v -37.425 		-38.088 		18.97
v -39.66 		-37.632 		10.271
v -37.4 		-38.167 		18.97
v -37.358 		-38.231 		18.97
v -37.302 		-38.279 		18.97
v -37.234 		-38.308 		18.97
v -39.656 		-37.715 		10.221
v -24.3512 		-50.0234 		10.4212
v -24.658 		-50.0242 		10.1141
v -39.652 		-37.802 		10.182
v -24.658 		-50.3578 		10.1141
v -39.65 		-37.89 		10.154
v -39.648 		-37.98 		10.137
v -25.658 		-49.9156 		9.7765
v -29.399 		-40.432 		18.976
v -29.42 		-40.298 		18.976
v -29.481 		-40.181 		18.976
v -29.516 		-40.696 		18.976
v -39.82 		-37.0841 		12.0983
v -24.808 		-49.9145 		10.0043
v -39.8361 		-37.0882 		12.1144
v -39.824 		-37.094 		12.144
v -39.8593 		-37.094 		12.1376
v -24.753 		-50.0244 		10.019
v -24.808 		-50.4675 		10.0043
v -39.944 		-37.129 		12.246
v -39.9352 		-37.1193 		12.2134
v -29.428 		-40.576 		18.976
v -39.9503 		-37.1249 		12.2285
v -39.9614 		-37.129 		12.2396
v -24.753 		-50.3576 		10.019
v -39.8896 		-37.1042 		12.1679
v -39.835 		-37.129 		12.265
v -23.713 		-50.5636 		11.06
v -40.009 		-37.1512 		12.2871
v -40.656 		-37.275 		12.04
v -40.6414 		-37.275 		12.0654
v -23.332 		-51.072 		12.481
v -37.039 		-35.871 		17.036
v -37.039 		-35.871 		16.536
v -40.655 		-37.2868 		12.0791
v -36.539 		-35.871 		16.536
v -36.539 		-35.871 		17.036
v -23.7068 		-51.072 		13.88
v -40.394 		-37.129 		11.796
v -40.3634 		-37.1198 		11.7876
v -40.388 		-37.129 		11.8123
v -40.506 		-37.171 		11.826
v -40.4781 		-37.171 		11.9023
v -40.4113 		-37.1398 		11.8355
v -23.7483 		-50.0218 		11.0246
v -40.613 		-37.22 		11.854
v -40.5571 		-37.2157 		11.9813
v -40.5646 		-37.22 		11.9887
v -40.714 		-37.275 		11.881
v -40.5806 		-37.2309 		12.0047
v -23.7211 		-50.096 		11.0519
v -23.7496 		-50.3602 		11.0234
v -23.7483 		-50.3602 		11.0246
v -23.713 		-50.2638 		11.06
v -23.466 		-50.2619 		11.9814
v -23.709 		-50.1181 		11.0749
v -23.713 		-50.1181 		11.06
v -40.7121 		-37.336 		12.1362
v -40.6518 		-37.3264 		12.2102
v -40.6934 		-37.336 		12.1686
v -40.651 		-37.336 		12.242
v -40.6329 		-37.322 		12.2291
v -40.719 		-37.3431 		12.143
v -40.719 		-37.796 		12.143
v -23.713 		-51.0802 		13.903
v -40.2478 		-37.0844 		11.6721
v -35.631 		-37.071 		10.227
v -35.631 		-37.071 		8.872
v -40.2328 		-37.0823 		11.5618
v -40.2006 		-37.0743 		11.594
v -40.2799 		-37.094 		11.5148
v -40.1851 		-37.796 		11.6095
v -40.292 		-37.094 		11.586
v -40.292 		-37.094 		11.676
v -40.2861 		-37.094 		11.7104
v -40.413 		-37.129 		11.575
v -40.413 		-37.129 		11.686
v -29.516 		-40.696 		18.97
v -29.428 		-40.576 		18.97
v -29.399 		-40.432 		18.97
v -29.42 		-40.298 		18.97
v -40.529 		-37.171 		11.565
v -29.481 		-40.181 		18.97
v -40.529 		-37.171 		11.696
v -40.639 		-37.22 		11.556
v -40.639 		-37.22 		11.706
v -40.394 		-37.129 		11.466
v -39.202 		-37.632 		10.394
v -40.562 		-37.22 		11.266
v -40.5 		-37.1899 		11.2949
v -38.967 		-37.715 		10.472
v -23.3398 		-50.2612 		12.452
v -23.332 		-50.2031 		12.481
v -23.387 		-50.2034 		12.6863
v -23.3837 		-50.2613 		12.288
v -23.3561 		-50.2611 		12.3913
v -39.181 		-37.715 		10.348
v -23.3338 		-50.1654 		12.4742
v -23.3398 		-50.1208 		12.452
v -23.3398 		-50.1208 		12.4519
v -23.387 		-50.1787 		12.6863
v -23.332 		-50.1789 		12.481
v -23.3837 		-50.1205 		12.288
v -38.945 		-37.802 		10.439
v -39.164 		-37.802 		10.313
v -23.5486 		-50.2041 		13.2895
v -23.387 		-50.2614 		12.2759
v -23.387 		-50.1205 		12.2759
v -39.529 		-37.275 		10.696
v -39.2957 		-37.3166 		10.7206
v -39.329 		-37.336 		10.666
v -39.2732 		-37.336 		10.6982
v -23.713 		-50.5842 		13.903
v -39.503 		-37.336 		10.602
v -39.292 		-37.403 		10.585
v -39.481 		-37.403 		10.517
v -23.7119 		-50.2049 		13.8988
v -23.7122 		-50.2049 		13.9001
v -23.709 		-50.2049 		13.8881
v -23.713 		-50.1992 		13.903
v -23.7122 		-50.1771 		13.9001
v -39.46 		-37.475 		10.439
v -23.7161 		-50.1828 		13.9061
v -23.713 		-50.1828 		13.903
v -26.221 		-50.0407 		15.3117
v -26.1933 		-50.096 		15.3191
v -26.3513 		-50.0405 		15.2767
v -26.2197 		-50.3387 		15.312
v -26.221 		-50.3413 		15.3117
v -39.442 		-37.551 		10.371
v -39.426 		-37.632 		10.313
v -39.413 		-37.715 		10.264
v -38.929 		-37.89 		10.416
v -39.152 		-37.89 		10.287
v -38.919 		-37.98 		10.402
v -39.145 		-37.98 		10.271
v -39.403 		-37.802 		10.226
v -39.395 		-37.89 		10.198
v -39.391 		-37.98 		10.182
v -38.711 		-37.551 		12.379
v -38.661 		-37.632 		12.414
v -26.043 		-38.071 		8.328
v -38.62 		-37.715 		12.442
v -38.588 		-37.802 		12.465
v -38.73 		-37.89 		12.679
v -38.564 		-37.89 		12.481
v -38.718 		-37.98 		12.692
v -38.55 		-37.98 		12.491
v -39.228 		-37.551 		12.813
v -39.202 		-37.632 		12.868
v -39.181 		-37.715 		12.913
v -39.164 		-37.802 		12.949
v -38.945 		-37.802 		12.822
v -39.246 		-37.336 		12.548
v -39.224 		-37.3587 		12.57
v -39.117 		-37.403 		12.576
v -39.258 		-37.475 		12.749
v -39.072 		-37.475 		12.641
v -39.031 		-37.551 		12.699
v -38.857 		-37.551 		12.553
v -38.996 		-37.632 		12.749
v -38.814 		-37.632 		12.596
v -38.967 		-37.715 		12.79
v -38.779 		-37.715 		12.631
v -38.751 		-37.802 		12.659
v -39.224 		-37.796 		12.57
v -39.032 		-37.3307 		12.378
v -39.026 		-37.336 		12.384
v -39.041 		-37.3314 		12.387
v -39.1001 		-37.336 		12.4461
v -38.9639 		-37.336 		12.3099
v -39.1635 		-37.3419 		12.5095
v -38.963 		-37.403 		12.446
v -39.1528 		-37.341 		12.4988
v -38.834 		-37.403 		12.292
v -38.907 		-37.475 		12.503
v -38.769 		-37.475 		12.338
v -39.46 		-37.475 		12.822
v -39.442 		-37.551 		12.89
v -39.426 		-37.632 		12.949
v -39.413 		-37.715 		12.998
v -39.403 		-37.802 		13.036
v -39.529 		-37.275 		12.566
v -39.584 		-37.171 		12.358
v -39.4758 		-37.171 		12.3184
v -39.4969 		-37.1611 		12.2973
v -39.556 		-37.22 		12.465
v -39.414 		-37.22 		12.414
v -39.4435 		-37.1893 		12.3507
v -39.3926 		-37.22 		12.4015
v -39.37 		-37.275 		12.508
v -39.3782 		-37.2304 		12.4159
v -39.3167 		-37.275 		12.4773
v -39.503 		-37.336 		12.659
v -39.329 		-37.336 		12.596
v -39.2881 		-37.2997 		12.506
v -39.481 		-37.403 		12.745
v -39.292 		-37.403 		12.676
v -39.395 		-37.89 		13.063
v -39.152 		-37.89 		12.975
v -38.929 		-37.89 		12.846
v -39.391 		-37.98 		13.08
v -39.145 		-37.98 		12.99
v -38.919 		-37.98 		12.86
v -34.939 		-35.871 		16.536
v -34.939 		-35.871 		17.036
v -35.439 		-35.871 		17.036
v -35.439 		-35.871 		16.536
# 3644 vertices

g group_0_171520

usemtl color_171520
s 0

f 16 	38 	17
f 1272 	1270 	25
f 3008 	2959 	1273
f 2955 	1110 	2959
f 38 	1193 	18
f 24 	3008 	1272
f 25 	24 	1272
f 1272 	3008 	1273
f 27 	25 	1268
f 123 	124 	125
f 123 	125 	126
f 1350 	1221 	212
f 362 	1037 	248
f 248 	1037 	249
f 248 	246 	362
f 358 	362 	246
f 2151 	3034 	228
f 228 	3032 	235
f 44 	322 	323
f 348 	388 	346
f 3028 	3027 	232
f 352 	388 	348
f 3072 	3071 	283
f 357 	355 	362
f 358 	357 	362
f 3077 	3072 	283
f 274 	232 	3027
f 3029 	3028 	235
f 232 	235 	3028
f 1415 	1369 	400
f 370 	338 	373
f 370 	337 	338
f 343 	376 	338
f 373 	338 	376
f 376 	343 	344
f 376 	344 	378
f 346 	385 	344
f 378 	344 	385
f 385 	346 	388
f 352 	389 	388
f 389 	352 	354
f 389 	354 	391
f 359 	394 	354
f 391 	354 	394
f 1348 	398 	359
f 370 	400 	337
f 136 	152 	421
f 441 	612 	439
f 449 	453 	770
f 467 	506 	464
f 470 	506 	467
f 473 	513 	472
f 474 	513 	473
f 525 	480 	489
f 402 	490 	401
f 489 	401 	490
f 490 	402 	403
f 490 	403 	492
f 404 	494 	403
f 492 	403 	494
f 494 	404 	405
f 494 	405 	495
f 495 	405 	531
f 504 	462 	503
f 460 	503 	462
f 503 	460 	505
f 464 	505 	460
f 506 	505 	464
f 470 	509 	506
f 509 	470 	471
f 509 	471 	510
f 510 	471 	511
f 472 	511 	471
f 513 	511 	472
f 474 	516 	513
f 519 	516 	476
f 474 	476 	516
f 519 	476 	486
f 522 	478 	525
f 480 	525 	478
f 401 	489 	480
f 405 	483 	531
f 531 	483 	485
f 534 	531 	485
f 462 	504 	485
f 534 	485 	504
f 486 	542 	519
f 478 	522 	486
f 542 	486 	522
f 574 	661 	573
f 575 	661 	574
f 232 	608 	611
f 232 	611 	235
f 591 	693 	587
f 593 	693 	591
f 613 	246 	615
f 248 	615 	246
f 767 	567 	152
f 248 	618 	615
f 249 	618 	248
f 598 	152 	567
f 598 	432 	152
f 618 	249 	251
f 633 	632 	257
f 260 	635 	257
f 264 	635 	260
f 606 	612 	605
f 439 	612 	606
f 1245 	1246 	609
f 1221 	1245 	609
f 603 	604 	1221
f 453 	563 	768
f 446 	612 	441
f 1221 	605 	612
f 605 	1221 	604
f 607 	1497 	602
f 609 	610 	1221
f 610 	603 	1221
f 618 	251 	624
f 253 	625 	251
f 624 	251 	625
f 253 	794 	629
f 1227 	794 	632
f 617 	619 	136
f 633 	257 	635
f 264 	637 	635
f 264 	235 	611
f 621 	623 	131
f 128 	131 	623
f 623 	1472 	128
f 131 	133 	621
f 619 	621 	133
f 133 	136 	619
f 631 	617 	422
f 631 	601 	1477
f 637 	264 	611
f 640 	707 	595
f 641 	707 	640
f 608 	232 	662
f 274 	662 	232
f 277 	662 	274
f 681 	662 	277
f 279 	689 	277
f 651 	547 	650
f 545 	650 	547
f 689 	279 	691
f 281 	691 	279
f 283 	695 	691
f 283 	691 	281
f 695 	283 	698
f 353 	698 	283
f 547 	651 	550
f 654 	550 	651
f 355 	700 	698
f 355 	698 	353
f 712 	642 	656
f 700 	355 	357
f 571 	657 	569
f 656 	569 	657
f 657 	571 	573
f 657 	573 	659
f 745 	357 	749
f 659 	573 	661
f 358 	246 	613
f 575 	663 	661
f 545 	581 	671
f 650 	545 	671
f 583 	673 	671
f 583 	671 	581
f 673 	583 	674
f 585 	674 	583
f 674 	585 	586
f 674 	586 	676
f 149 	124 	152
f 602 	1477 	601
f 422 	136 	421
f 601 	631 	422
f 432 	421 	152
f 689 	681 	277
f 676 	586 	688
f 587 	688 	586
f 693 	688 	587
f 593 	697 	693
f 705 	697 	595
f 593 	595 	697
f 705 	595 	707
f 710 	707 	641
f 710 	642 	712
f 128 	1490 	148
f 641 	642 	710
f 767 	152 	766
f 569 	656 	642
f 717 	663 	646
f 575 	646 	663
f 646 	550 	654
f 717 	646 	654
f 714 	152 	718
f 732 	123 	725
f 357 	745 	700
f 358 	749 	357
f 1269 	1271 	760
f 749 	358 	613
f 624 	758 	618
f 625 	758 	624
f 629 	758 	625
f 755 	854 	754
f 635 	760 	633
f 756 	854 	755
f 632 	633 	760
f 635 	637 	760
f 689 	772 	681
f 691 	772 	689
f 695 	772 	691
f 766 	152 	715
f 745 	769 	700
f 771 	773 	449
f 769 	772 	695
f 769 	695 	698
f 698 	700 	769
f 776 	612 	774
f 608 	760 	611
f 637 	611 	760
f 760 	608 	772
f 774 	612 	773
f 780 	612 	776
f 123 	612 	722
f 753 	123 	732
f 780 	722 	612
f 725 	123 	722
f 767 	768 	563
f 563 	567 	767
f 768 	770 	453
f 770 	771 	449
f 446 	449 	773
f 612 	446 	773
f 148 	124 	144
f 144 	124 	149
f 715 	152 	714
f 718 	152 	124
f 765 	718 	124
f 607 	609 	1252
f 123 	753 	759
f 764 	124 	761
f 123 	761 	124
f 765 	124 	764
f 759 	761 	123
f 3503 	3504 	783
f 662 	772 	608
f 681 	772 	662
f 264 	1884 	235
f 793 	868 	792
f 249 	1037 	251
f 795 	868 	793
f 615 	758 	613
f 857 	855 	125
f 789 	799 	125
f 739 	822 	797
f 794 	253 	996
f 253 	251 	999
f 1034 	999 	251
f 257 	995 	260
f 260 	1885 	264
f 804 	1044 	807
f 1885 	1172 	1927
f 812 	736 	811
f 735 	811 	736
f 811 	735 	813
f 738 	813 	735
f 1044 	983 	808
f 813 	738 	867
f 792 	867 	738
f 815 	1184 	818
f 799 	823 	125
f 819 	125 	823
f 743 	822 	739
f 824 	1201 	825
f 822 	743 	828
f 828 	743 	806
f 806 	746 	874
f 833 	1172 	1885
f 836 	832 	1184
f 834 	748 	842
f 834 	746 	748
f 751 	846 	748
f 842 	748 	846
f 832 	845 	1184
f 838 	836 	1184
f 846 	751 	752
f 846 	752 	849
f 808 	807 	1044
f 1184 	1044 	838
f 840 	838 	1044
f 804 	840 	1044
f 754 	852 	752
f 849 	752 	852
f 852 	754 	854
f 1184 	845 	844
f 1573 	1184 	843
f 756 	858 	854
f 858 	756 	757
f 858 	757 	863
f 791 	865 	757
f 863 	757 	865
f 736 	812 	791
f 865 	791 	812
f 868 	867 	792
f 795 	869 	868
f 796 	871 	869
f 796 	869 	795
f 871 	796 	873
f 797 	873 	796
f 873 	797 	822
f 874 	828 	806
f 834 	874 	746
f 831 	829 	1533
f 789 	125 	855
f 788 	789 	855
f 893 	1533 	829
f 829 	788 	893
f 855 	893 	788
f 859 	857 	125
f 1536 	1527 	125
f 615 	618 	758
f 749 	613 	769
f 745 	749 	769
f 758 	769 	613
f 910 	911 	1002
f 913 	1002 	911
f 917 	1008 	916
f 921 	1008 	917
f 926 	1012 	923
f 930 	1012 	926
f 837 	993 	839
f 1885 	993 	837
f 837 	833 	1885
f 1201 	824 	1184
f 821 	818 	1184
f 1951 	1172 	810
f 1927 	1172 	1951
f 1171 	810 	1172
f 1885 	260 	994
f 936 	839 	993
f 570 	945 	2173
f 989 	1186 	942
f 572 	945 	570
f 948 	946 	1184
f 883 	968 	934
f 952 	1023 	950
f 956 	1023 	952
f 958 	126 	960
f 906 	990 	961
f 966 	880 	965
f 878 	965 	880
f 962 	126 	963
f 964 	126 	967
f 968 	883 	880
f 968 	880 	966
f 125 	819 	977
f 903 	125 	977
f 965 	878 	985
f 878 	900 	985
f 985 	900 	1020
f 950 	1020 	900
f 825 	1201 	989
f 910 	990 	906
f 993 	1885 	994
f 990 	910 	997
f 997 	910 	1002
f 913 	1004 	1002
f 916 	1006 	913
f 1004 	913 	1006
f 1006 	916 	1008
f 921 	1009 	1008
f 1009 	921 	923
f 1009 	923 	1011
f 1011 	923 	1012
f 930 	1013 	1012
f 1013 	930 	934
f 1013 	934 	1014
f 968 	1014 	934
f 1023 	1020 	950
f 956 	1024 	1023
f 959 	1025 	1024
f 959 	1024 	956
f 1025 	959 	1026
f 961 	1026 	959
f 1037 	362 	1038
f 362 	1184 	946
f 946 	1038 	362
f 949 	948 	1184
f 815 	949 	1184
f 1026 	961 	990
f 984 	1044 	986
f 962 	960 	126
f 1044 	126 	958
f 1042 	1044 	958
f 1042 	986 	1044
f 1044 	984 	983
f 981 	980 	817
f 980 	979 	817
f 819 	817 	979
f 817 	816 	981
f 982 	981 	816
f 816 	814 	982
f 983 	982 	814
f 814 	808 	983
f 979 	977 	819
f 125 	903 	904
f 905 	125 	904
f 970 	125 	905
f 969 	125 	970
f 126 	125 	967
f 964 	963 	126
f 969 	967 	125
f 1048 	1091 	1047
f 1049 	1091 	1048
f 125 	124 	1536
f 421 	789 	788
f 1057 	1101 	1054
f 789 	421 	799
f 1058 	1101 	1057
f 1034 	251 	1037
f 999 	996 	253
f 257 	794 	996
f 995 	257 	996
f 994 	260 	995
f 937 	1185 	936
f 942 	1185 	937
f 807 	441 	804
f 808 	441 	807
f 819 	567 	817
f 823 	567 	819
f 1086 	1046 	1085
f 1045 	1085 	1046
f 1085 	1045 	1089
f 1047 	1089 	1045
f 1091 	1089 	1047
f 831 	602 	829
f 831 	607 	602
f 1049 	1093 	1091
f 1093 	1049 	1052
f 1093 	1052 	1097
f 1097 	1052 	1099
f 1054 	1099 	1052
f 1101 	1099 	1054
f 1058 	1105 	1101
f 1107 	1105 	1063
f 1058 	1063 	1105
f 1067 	1107 	1063
f 1107 	1067 	1108
f 1200 	1108 	1067
f 1149 	1170 	1147
f 1150 	1170 	1149
f 1156 	1111 	1155
f 1110 	1155 	1111
f 1110 	1121 	1155
f 1159 	1155 	1121
f 1144 	1161 	1159
f 1144 	1159 	1121
f 1161 	1144 	1162
f 1145 	1162 	1144
f 1162 	1145 	1146
f 1162 	1146 	1167
f 1167 	1146 	1168
f 1147 	1168 	1146
f 1170 	1168 	1147
f 1150 	1173 	1170
f 1175 	1173 	1151
f 1150 	1151 	1173
f 1175 	1151 	1153
f 1175 	1153 	1178
f 821 	1184 	824
f 1194 	1241 	38
f 1195 	1241 	1194
f 804 	439 	840
f 843 	607 	831
f 607 	843 	609
f 844 	609 	843
f 845 	609 	844
f 788 	422 	421
f 839 	936 	1185
f 1185 	942 	1186
f 1186 	989 	1201
f 1201 	1184 	1552
f 432 	799 	421
f 1249 	1200 	1205
f 439 	804 	441
f 1192 	1206 	1191
f 1205 	1191 	1206
f 808 	446 	441
f 1206 	1192 	1193
f 1206 	1193 	1209
f 446 	808 	814
f 446 	814 	449
f 449 	814 	816
f 449 	816 	453
f 817 	563 	816
f 453 	816 	563
f 563 	817 	567
f 823 	598 	567
f 799 	598 	823
f 598 	799 	432
f 422 	788 	601
f 829 	601 	788
f 602 	601 	829
f 603 	610 	832
f 603 	832 	604
f 836 	604 	832
f 604 	836 	838
f 604 	838 	605
f 840 	606 	838
f 605 	838 	606
f 606 	840 	439
f 1171 	1169 	1953
f 1904 	1953 	1169
f 1237 	1904 	1169
f 1746 	572 	1884
f 570 	228 	572
f 625 	253 	629
f 1227 	629 	794
f 257 	632 	794
f 1230 	1951 	810
f 845 	610 	609
f 832 	610 	845
f 617 	855 	857
f 617 	857 	619
f 859 	621 	619
f 859 	619 	857
f 861 	623 	621
f 861 	621 	859
f 631 	893 	855
f 631 	855 	617
f 714 	904 	903
f 904 	714 	905
f 1237 	750 	1236
f 815 	1245 	949
f 38 	1238 	1193
f 1209 	1193 	1238
f 1245 	815 	818
f 1238 	38 	1241
f 1237 	1236 	1240
f 1237 	1240 	1239
f 1247 	818 	821
f 1195 	1242 	1241
f 1247 	821 	1252
f 824 	1252 	821
f 1242 	1195 	1197
f 1242 	1197 	1244
f 1252 	824 	1255
f 825 	1255 	824
f 1202 	1244 	1197
f 989 	1361 	825
f 1245 	818 	1246
f 1246 	818 	1247
f 1251 	1244 	1202
f 759 	963 	964
f 967 	759 	964
f 1108 	1200 	1249
f 1191 	1205 	1200
f 1046 	1086 	1202
f 1251 	1202 	1086
f 3124 	323 	322
f 833 	1257 	783
f 979 	767 	977
f 980 	767 	979
f 1257 	833 	1269
f 837 	1269 	833
f 839 	1271 	1269
f 839 	1269 	837
f 984 	774 	983
f 1274 	1261 	1293
f 784 	1271 	839
f 1111 	1156 	1261
f 1279 	1261 	1156
f 936 	1310 	937
f 942 	1311 	989
f 1311 	942 	937
f 1302 	1277 	1286
f 1266 	1286 	1277
f 1267 	1287 	1266
f 1286 	1266 	1287
f 1287 	1267 	1268
f 1287 	1268 	1288
f 1288 	1268 	1270
f 1288 	1270 	1289
f 1272 	1291 	1270
f 1289 	1270 	1291
f 1291 	1272 	1273
f 1291 	1273 	1292
f 949 	1353 	948
f 1274 	1293 	1273
f 1292 	1273 	1293
f 1245 	1353 	949
f 1255 	825 	1361
f 1279 	1293 	1261
f 1302 	1178 	1277
f 1153 	1277 	1178
f 993 	1376 	936
f 994 	1378 	1376
f 994 	1376 	993
f 1306 	16 	1307
f 17 	1307 	16
f 995 	1378 	994
f 18 	1307 	17
f 1034 	1391 	999
f 18 	2955 	1308
f 1391 	1034 	1392
f 1037 	1392 	1034
f 18 	1308 	1307
f 120 	1392 	1038
f 120 	1038 	946
f 1310 	747 	937
f 1311 	937 	747
f 25 	1314 	24
f 27 	1316 	25
f 903 	715 	714
f 27 	3009 	1316
f 977 	715 	903
f 718 	905 	714
f 25 	1315 	1314
f 1316 	1315 	25
f 722 	780 	958
f 722 	958 	960
f 722 	960 	725
f 962 	732 	960
f 725 	960 	732
f 732 	962 	963
f 732 	963 	753
f 753 	963 	759
f 967 	761 	759
f 761 	967 	969
f 761 	969 	764
f 970 	765 	969
f 764 	969 	765
f 905 	765 	970
f 765 	905 	718
f 766 	715 	977
f 767 	766 	977
f 980 	768 	767
f 120 	946 	212
f 948 	1350 	946
f 212 	946 	1350
f 1350 	948 	1353
f 1356 	2554 	1359
f 1311 	1361 	989
f 1366 	1691 	1367
f 1367 	1691 	1349
f 586 	585 	1691
f 1140 	591 	1691
f 2634 	1140 	1691
f 1362 	1692 	1365
f 1365 	1692 	1366
f 1360 	1692 	1362
f 1691 	1366 	1692
f 1359 	2554 	1360
f 1347 	2554 	1356
f 1348 	3578 	2554
f 1347 	1348 	2554
f 359 	3578 	1348
f 1692 	1360 	2554
f 1377 	2554 	44
f 322 	44 	2554
f 1310 	936 	1376
f 1347 	1387 	1348
f 1369 	1415 	1349
f 1347 	1356 	1393
f 1359 	1395 	1393
f 1359 	1393 	1356
f 1395 	1359 	1360
f 1362 	1397 	1360
f 1397 	1362 	1398
f 1365 	1398 	1362
f 1398 	1365 	1399
f 1366 	1399 	1365
f 1367 	1400 	1399
f 1367 	1399 	1366
f 1367 	1349 	1390
f 1390 	1349 	1415
f 995 	1384 	1378
f 337 	400 	1369
f 768 	980 	981
f 768 	981 	770
f 770 	981 	771
f 982 	771 	981
f 983 	773 	771
f 983 	771 	982
f 774 	773 	983
f 1387 	1388 	1348
f 1384 	995 	996
f 1384 	996 	214
f 214 	996 	1389
f 999 	1389 	996
f 1391 	1389 	999
f 394 	359 	398
f 398 	1348 	1388
f 1037 	1038 	1392
f 1387 	1347 	1393
f 1360 	1396 	1395
f 1396 	1360 	1397
f 1402 	3122 	1401
f 1400 	1367 	1390
f 1084 	1416 	1334
f 1084 	1334 	1127
f 1396 	1377 	1395
f 1397 	1377 	1396
f 774 	984 	776
f 776 	984 	986
f 1042 	780 	986
f 776 	986 	780
f 780 	1042 	958
f 1398 	1420 	1397
f 1399 	1420 	1398
f 1399 	1400 	1420
f 1377 	1397 	1420
f 1393 	1395 	1377
f 1393 	1377 	1387
f 398 	1388 	44
f 1387 	44 	1388
f 44 	1387 	1377
f 1415 	1420 	1390
f 400 	1331 	1415
f 1400 	1390 	1420
f 1331 	1420 	1415
f 1240 	1490 	1472
f 124 	148 	1490
f 136 	422 	617
f 1472 	1490 	128
f 1236 	1490 	1240
f 1477 	602 	1497
f 1247 	1252 	609
f 750 	1768 	1236
f 1573 	1552 	1184
f 844 	843 	1184
f 1512 	3122 	1510
f 859 	125 	861
f 1527 	1536 	1239
f 861 	125 	1527
f 1533 	1573 	831
f 1536 	1905 	1237
f 1237 	1239 	1536
f 2663 	2719 	2909
f 843 	831 	1573
f 1906 	1536 	1907
f 3129 	1908 	1536
f 1490 	1536 	124
f 1512 	1513 	3122
f 323 	3122 	1513
f 1519 	323 	1516
f 1401 	3133 	1406
f 1510 	3122 	1402
f 1579 	1587 	1578
f 1587 	1579 	1580
f 1504 	1587 	1580
f 1651 	3124 	1653
f 1648 	1674 	2144
f 1637 	3124 	1651
f 1654 	322 	1657
f 1653 	3124 	1654
f 1658 	1657 	322
f 1659 	1658 	322
f 322 	1654 	3124
f 3129 	3124 	1642
f 1670 	1647 	2147
f 2147 	2146 	1672
f 1674 	1672 	2144
f 2146 	2144 	1672
f 1672 	1670 	2147
f 1504 	1674 	1648
f 1649 	1504 	1648
f 1651 	1510 	1637
f 1653 	1512 	1510
f 1653 	1510 	1651
f 1512 	1653 	1654
f 1659 	1519 	1658
f 1519 	1659 	1660
f 1401 	1639 	1402
f 1637 	1402 	1639
f 1402 	1637 	1510
f 1639 	1401 	1642
f 1406 	1642 	1401
f 1410 	1644 	1645
f 1409 	1644 	1410
f 1647 	1413 	1645
f 1410 	1645 	1413
f 1649 	1506 	1504
f 1642 	1406 	1506
f 1642 	1506 	1649
f 1654 	1513 	1512
f 1513 	1654 	1657
f 1513 	1657 	1514
f 1514 	1657 	1516
f 1658 	1516 	1657
f 1519 	1516 	1658
f 1660 	1522 	1519
f 1662 	1524 	1660
f 1522 	1660 	1524
f 1670 	1578 	1647
f 1579 	1670 	1672
f 1579 	1672 	1674
f 1578 	1413 	1647
f 1578 	1670 	1579
f 1579 	1674 	1580
f 1580 	1674 	1504
f 3153 	3151 	1742
f 1737 	1742 	3151
f 1772 	1236 	1768
f 1775 	1490 	1773
f 1773 	1490 	1772
f 1781 	1764 	3149
f 1764 	1759 	3149
f 1754 	3146 	1786
f 1854 	1855 	1752
f 1786 	1853 	1753
f 3151 	3146 	1737
f 1754 	1786 	1753
f 1752 	1753 	1853
f 1853 	1854 	1752
f 1751 	1752 	1855
f 1856 	1857 	945
f 3146 	3149 	1759
f 1785 	1786 	3146
f 1760 	1785 	3146
f 1755 	1737 	3146
f 1778 	1490 	1775
f 1236 	1772 	1490
f 3149 	3128 	1781
f 1779 	3128 	1778
f 228 	235 	1884
f 1884 	264 	1885
f 1887 	1885 	1924
f 1888 	1887 	1924
f 1899 	1911 	3129
f 1904 	1237 	1905
f 1906 	1905 	1536
f 1910 	3129 	1911
f 1893 	1892 	1919
f 1889 	1888 	1923
f 1924 	1885 	1927
f 1953 	810 	1171
f 1892 	1891 	1920
f 1920 	1919 	1892
f 3129 	1893 	1914
f 1922 	1920 	1889
f 1891 	1889 	1920
f 1923 	1922 	1889
f 1924 	1923 	1888
f 1896 	1897 	3129
f 1897 	1899 	3129
f 1908 	3129 	1910
f 1907 	1536 	1908
f 2136 	1742 	1882
f 1885 	1747 	1884
f 1887 	1747 	1885
f 1752 	1888 	1889
f 1752 	1889 	1753
f 1891 	1753 	1889
f 1753 	1891 	1892
f 1737 	1882 	1742
f 228 	1884 	572
f 1884 	1747 	1746
f 1887 	1749 	1747
f 1749 	1887 	1888
f 1749 	1888 	1751
f 1751 	1888 	1752
f 1753 	1892 	1754
f 1893 	1755 	1892
f 1754 	1892 	1755
f 1882 	1737 	1893
f 1755 	1893 	1737
f 1759 	1897 	1760
f 1896 	1760 	1897
f 1897 	1759 	1899
f 1775 	1906 	1907
f 1908 	1775 	1907
f 1910 	1779 	1908
f 1911 	1779 	1910
f 1919 	1786 	1914
f 1920 	1786 	1919
f 1859 	1230 	1953
f 1230 	810 	1953
f 1764 	1899 	1759
f 1768 	1859 	1904
f 1905 	1772 	1904
f 1768 	1904 	1772
f 1906 	1773 	1905
f 1772 	1905 	1773
f 1773 	1906 	1775
f 1908 	1778 	1775
f 1778 	1908 	1779
f 1911 	1781 	1779
f 1899 	1781 	1911
f 1764 	1781 	1899
f 1896 	1914 	1760
f 1785 	1760 	1914
f 1786 	1785 	1914
f 1920 	1853 	1786
f 1853 	1920 	1922
f 1853 	1922 	1854
f 1854 	1922 	1855
f 1923 	1855 	1922
f 1924 	1856 	1855
f 1924 	1855 	1923
f 1927 	1857 	1856
f 1927 	1856 	1924
f 1951 	1858 	1927
f 1857 	1927 	1858
f 1858 	1951 	1230
f 1953 	1904 	1859
f 1893 	3129 	1882
f 1649 	1648 	2140
f 2143 	2140 	1648
f 2148 	3036 	2149
f 3032 	3029 	235
f 2149 	3035 	2151
f 2144 	2143 	1648
f 3129 	1649 	2134
f 2136 	3129 	2134
f 2136 	1882 	3129
f 2134 	2160 	2136
f 2136 	2160 	1742
f 2144 	2167 	2143
f 2167 	2144 	2168
f 2146 	2168 	2144
f 2147 	2169 	2168
f 2147 	2168 	2146
f 2169 	2147 	2170
f 2148 	2170 	2147
f 2170 	2148 	2172
f 2149 	2172 	2148
f 2151 	2172 	2149
f 2173 	2172 	2151
f 2151 	570 	2173
f 228 	570 	2151
f 2134 	2159 	2160
f 2140 	2164 	2134
f 2159 	2134 	2164
f 2164 	2140 	2165
f 2143 	2165 	2140
f 2167 	2165 	2143
f 2167 	1587 	2165
f 2168 	2169 	1587
f 2170 	2172 	947
f 3164 	2164 	1587
f 2167 	2168 	1587
f 947 	1587 	2169
f 2170 	947 	2169
f 945 	947 	2173
f 2172 	2173 	947
f 2165 	1587 	2164
f 1742 	2160 	3153
f 2159 	3164 	2160
f 2164 	3164 	2159
f 1552 	1496 	786
f 1496 	1552 	1573
f 1496 	1573 	1497
f 1497 	1573 	1533
f 1497 	1533 	1477
f 2424 	2425 	2735
f 323 	1519 	2413
f 2456 	3235 	2455
f 2441 	2242 	2438
f 2758 	2760 	2443
f 2451 	2758 	2443
f 2245 	2247 	3233
f 3229 	3232 	2242
f 2455 	3235 	2249
f 2247 	2249 	3235
f 2508 	2458 	2249
f 2504 	2508 	2249
f 3235 	3233 	2247
f 2545 	1187 	2543
f 1187 	2460 	2493
f 2496 	2499 	2839
f 2550 	1689 	2551
f 2552 	1692 	2554
f 2459 	1187 	2545
f 2460 	1187 	2459
f 2838 	2839 	2499
f 2249 	2828 	2504
f 2437 	2438 	2242
f 2437 	2242 	2454
f 2413 	2414 	323
f 2413 	1519 	2426
f 1084 	2631 	1686
f 2630 	1686 	2631
f 2634 	1691 	2633
f 2932 	2933 	2632
f 2265 	2626 	2933
f 2652 	2653 	947
f 2656 	1410 	2654
f 1578 	947 	1413
f 2756 	2451 	2752
f 2752 	2421 	2735
f 2763 	2767 	2242
f 2769 	2265 	2767
f 2760 	2763 	2242
f 2265 	2242 	2767
f 2777 	2299 	2789
f 769 	2795 	2796
f 2813 	2821 	2299
f 2821 	2789 	2299
f 2493 	2496 	2839
f 2843 	1187 	2840
f 769 	1187 	2853
f 2810 	769 	2800
f 769 	2796 	2800
f 769 	2853 	2795
f 2843 	2850 	1187
f 2850 	2853 	1187
f 2838 	2499 	2837
f 2839 	2840 	2493
f 1187 	2493 	2840
f 769 	2810 	2811
f 2295 	2262 	772
f 2262 	2265 	772
f 2811 	2812 	769
f 2648 	2652 	2932
f 2632 	2648 	2932
f 2778 	2299 	2777
f 2632 	2933 	2627
f 2627 	2933 	2626
f 2769 	2626 	2265
f 2299 	2778 	2249
f 2828 	2249 	2823
f 2823 	2249 	2778
f 2451 	2421 	2752
f 2424 	2735 	2421
f 2426 	1522 	2425
f 2458 	2455 	2249
f 2501 	2504 	2837
f 2499 	2501 	2837
f 2837 	2504 	2828
f 2758 	2451 	2756
f 2242 	2441 	2760
f 2441 	2443 	2760
f 1524 	2723 	1522
f 2728 	2425 	1522
f 2663 	1409 	2656
f 1410 	2656 	1409
f 861 	1472 	623
f 1524 	2909 	2719
f 2723 	1524 	2719
f 2663 	2909 	1409
f 1472 	861 	1527
f 1527 	1239 	1472
f 1240 	1472 	1239
f 1514 	1516 	323
f 2723 	2728 	1522
f 2735 	2425 	2728
f 1522 	2426 	1519
f 947 	2932 	2652
f 2654 	1410 	947
f 2653 	2654 	947
f 1413 	947 	1410
f 1587 	947 	1578
f 2933 	772 	2265
f 2813 	2299 	772
f 2812 	2813 	772
f 769 	2812 	772
f 2299 	2295 	772
f 3046 	3045 	2948
f 2950 	2949 	1660
f 2950 	1660 	2952
f 18 	17 	38
f 2977 	2978 	2961
f 2965 	2964 	3051
f 2969 	2965 	3051
f 3051 	3050 	2969
f 3050 	3048 	2971
f 3008 	3005 	2959
f 3005 	2977 	2961
f 2978 	2982 	2962
f 2982 	3002 	3051
f 2991 	2988 	1220
f 1220 	3092 	2991
f 2991 	3090 	2996
f 2999 	3088 	3000
f 3002 	3000 	3051
f 1270 	1268 	25
f 3011 	3010 	1139
f 3009 	1266 	3010
f 3013 	3011 	1220
f 2988 	2986 	1220
f 2986 	3013 	1220
f 1139 	1220 	3011
f 2997 	3088 	2999
f 2964 	2962 	2982
f 3051 	2964 	2982
f 2996 	3090 	2997
f 2962 	2976 	2978
f 2976 	2961 	2978
f 2961 	2959 	3005
f 322 	2944 	2942
f 2943 	322 	2942
f 2952 	1660 	1659
f 3027 	3059 	3061
f 279 	277 	3027
f 277 	274 	3027
f 3034 	2151 	3035
f 3033 	228 	3034
f 1660 	2949 	3043
f 3045 	3043 	2949
f 3048 	3046 	2948
f 3052 	3051 	3083
f 3078 	3077 	279
f 3059 	3053 	3061
f 3079 	279 	3027
f 362 	355 	3070
f 355 	353 	3071
f 3078 	279 	3079
f 3092 	1220 	3093
f 1220 	362 	3096
f 3068 	362 	3069
f 3095 	1220 	3096
f 3068 	3096 	362
f 3095 	3093 	1220
f 3090 	2991 	3092
f 3088 	2997 	3089
f 3089 	2997 	3090
f 353 	283 	3071
f 3071 	3070 	355
f 3070 	3069 	362
f 3053 	3052 	3083
f 3083 	3060 	3053
f 3060 	3061 	3053
f 3061 	3064 	3027
f 3064 	3079 	3027
f 2971 	2969 	3050
f 2949 	2948 	3045
f 2948 	2971 	3048
f 3087 	3083 	3051
f 3051 	3000 	3087
f 3088 	3087 	3000
f 3107 	1662 	3042
f 1644 	3107 	3037
f 3036 	2148 	1645
f 1662 	1660 	3041
f 3133 	1401 	3122
f 3122 	3124 	3133
f 3122 	323 	3124
f 3128 	3155 	3129
f 1587 	1506 	3133
f 1504 	1506 	1587
f 1406 	3133 	1506
f 1514 	323 	1513
f 1637 	1639 	3124
f 3129 	1642 	1649
f 1639 	1642 	3124
f 3129 	3155 	3124
f 3155 	3128 	3139
f 3155 	3139 	3137
f 3155 	3137 	3144
f 3155 	3144 	3145
f 1490 	1778 	3128
f 1779 	1781 	3128
f 1759 	1760 	3146
f 1754 	1755 	3146
f 3149 	3139 	3128
f 1914 	1896 	3129
f 1919 	1914 	1893
f 2140 	2134 	1649
f 3133 	3124 	3155
f 3155 	3163 	3133
f 3145 	3163 	3155
f 3153 	2160 	3164
f 3163 	3164 	3133
f 1587 	3133 	3164
f 1689 	2550 	1377
f 1377 	1420 	1689
f 1420 	3173 	1689
f 1686 	1689 	3173
f 3173 	3174 	1686
f 3174 	1416 	1686
f 1084 	1686 	1416
f 2550 	2554 	1377
f 3042 	3037 	3107
f 3041 	3042 	1662
f 3037 	3036 	1644
f 1645 	1644 	3036
f 3043 	3041 	1660
f 2943 	2952 	1659
f 322 	2943 	1659
f 3035 	2149 	3036
f 1647 	1645 	2148
f 3032 	228 	3033
f 281 	279 	3077
f 283 	281 	3077
f 2147 	1647 	2148
f 2413 	2943 	2942
f 2945 	2417 	2944
f 16 	2417 	2945
f 2943 	2413 	2426
f 2943 	2426 	2952
f 2427 	1308 	2955
f 2427 	2955 	2428
f 2959 	2428 	2955
f 2976 	2454 	2961
f 2437 	2454 	2976
f 2965 	2969 	2443
f 2443 	2969 	2971
f 2962 	2437 	2976
f 2942 	2414 	2413
f 2944 	2416 	2414
f 2944 	2414 	2942
f 2417 	2416 	2944
f 1306 	2417 	16
f 2421 	2451 	2948
f 2949 	2424 	2948
f 2421 	2948 	2424
f 2950 	2425 	2949
f 2424 	2949 	2425
f 2952 	2426 	2950
f 2425 	2950 	2426
f 2959 	2961 	2428
f 2431 	2428 	2961
f 2454 	2431 	2961
f 2438 	2437 	2964
f 2437 	2962 	2964
f 2965 	2441 	2964
f 2438 	2964 	2441
f 2441 	2965 	2443
f 2443 	2971 	2451
f 2451 	2971 	2948
f 2996 	2496 	2991
f 2997 	2496 	2996
f 3002 	2508 	3000
f 2982 	2458 	3002
f 3008 	2532 	3005
f 3008 	24 	1314
f 3010 	3011 	2543
f 2543 	3011 	3013
f 2986 	2459 	3013
f 2977 	2456 	2455
f 2977 	2455 	2978
f 2978 	2455 	2982
f 2458 	2982 	2455
f 2460 	2986 	2988
f 2459 	2986 	2460
f 2991 	2493 	2988
f 2460 	2988 	2493
f 2493 	2991 	2496
f 2496 	2997 	2499
f 2999 	2501 	2997
f 2499 	2997 	2501
f 3000 	2504 	2999
f 2501 	2999 	2504
f 893 	631 	1533
f 2504 	3000 	2508
f 1477 	1533 	631
f 2508 	3002 	2458
f 1536 	1490 	3128
f 1536 	3128 	3129
f 3005 	2516 	2977
f 2977 	2516 	2456
f 2532 	2516 	3005
f 2532 	3008 	1314
f 3009 	2538 	1316
f 2538 	3009 	2540
f 3010 	2540 	3009
f 2543 	2540 	3010
f 2543 	3013 	2545
f 2545 	3013 	2459
f 385 	388 	509
f 391 	394 	44
f 373 	1331 	370
f 400 	370 	1331
f 513 	516 	1331
f 3197 	3200 	1328
f 1331 	373 	513
f 376 	513 	373
f 44 	506 	391
f 3028 	3029 	2632
f 2632 	3029 	3032
f 3034 	2653 	3033
f 2653 	3034 	2654
f 3035 	2654 	3034
f 2654 	3035 	2656
f 3036 	2656 	3035
f 2719 	3042 	3041
f 3046 	2752 	3045
f 3048 	2752 	3046
f 2719 	3037 	3042
f 2627 	2626 	3028
f 3027 	3028 	2626
f 2627 	3028 	2632
f 2632 	3032 	2648
f 3033 	2652 	3032
f 2648 	3032 	2652
f 2652 	3033 	2653
f 3036 	3037 	2656
f 2663 	2656 	3037
f 2663 	3037 	2719
f 3041 	2723 	2719
f 2728 	3041 	3043
f 2723 	3041 	2728
f 3045 	2735 	2728
f 3045 	2728 	3043
f 2752 	2735 	3045
f 3048 	2756 	2752
f 2756 	3048 	2758
f 3050 	2758 	3048
f 3051 	2760 	2758
f 3051 	2758 	3050
f 2760 	3051 	2763
f 3052 	2763 	3051
f 3052 	3053 	2763
f 2767 	2763 	3053
f 2767 	3053 	2769
f 3059 	2769 	3053
f 3027 	2626 	3059
f 2769 	3059 	2626
f 3069 	2796 	3068
f 3064 	2789 	3079
f 3087 	2828 	3083
f 2828 	3087 	2837
f 3088 	2837 	3087
f 2837 	3088 	3089
f 3090 	2839 	3089
f 3092 	2839 	3090
f 3060 	2778 	2777
f 3060 	2777 	3061
f 3061 	2777 	3064
f 2789 	3064 	2777
f 2795 	2853 	3068
f 2795 	3068 	2796
f 2796 	3069 	3070
f 2796 	3070 	2800
f 3071 	2810 	3070
f 2800 	3070 	2810
f 2810 	3071 	3072
f 2810 	3072 	2811
f 2811 	3072 	3077
f 2811 	3077 	2812
f 3078 	2813 	3077
f 2812 	3077 	2813
f 2813 	3078 	3079
f 2821 	2813 	3079
f 2789 	2821 	3079
f 2778 	3060 	2823
f 3083 	2823 	3060
f 2828 	2823 	3083
f 2837 	3089 	2838
f 2839 	2838 	3089
f 3092 	2840 	2839
f 3093 	2843 	2840
f 3093 	2840 	3092
f 2843 	3093 	3095
f 2850 	2843 	3095
f 3096 	2853 	3095
f 2850 	3095 	2853
f 2853 	3096 	3068
f 1409 	3107 	1644
f 3107 	2909 	1662
f 1524 	1662 	2909
f 2909 	3107 	1409
f 1227 	214 	629
f 760 	1378 	632
f 214 	1389 	629
f 1389 	1391 	758
f 394 	398 	44
f 44 	504 	503
f 510 	511 	378
f 376 	378 	513
f 1328 	1331 	3197
f 489 	3341 	525
f 534 	323 	531
f 813 	867 	531
f 44 	323 	504
f 542 	3197 	519
f 3197 	522 	3341
f 3202 	3204 	1334
f 651 	3204 	654
f 3204 	650 	1334
f 676 	1127 	674
f 707 	1127 	705
f 632 	214 	1227
f 758 	629 	1389
f 945 	1747 	1856
f 1857 	1858 	945
f 1310 	1376 	760
f 572 	1746 	945
f 1855 	1856 	1749
f 1751 	1855 	1749
f 1749 	1856 	1747
f 1746 	1747 	945
f 1768 	750 	1859
f 1230 	783 	1858
f 1858 	783 	945
f 1246 	1247 	609
f 1271 	784 	747
f 1311 	747 	784
f 1257 	3503 	783
f 782 	1859 	750
f 783 	1230 	782
f 1496 	607 	1252
f 1252 	1255 	1496
f 786 	1496 	1255
f 1497 	607 	1496
f 784 	785 	1311
f 1269 	760 	1257
f 1361 	1311 	785
f 785 	786 	1361
f 1255 	1361 	786
f 3504 	945 	783
f 1859 	782 	1230
f 747 	760 	1271
f 1310 	760 	747
f 758 	120 	1221
f 1353 	1221 	1350
f 1245 	1221 	1353
f 3503 	1257 	760
f 1376 	1378 	760
f 214 	632 	1384
f 1384 	632 	1378
f 710 	1129 	707
f 1391 	1392 	758
f 1392 	120 	758
f 212 	1221 	120
f 712 	1129 	710
f 717 	654 	3344
f 697 	705 	1127
f 693 	697 	1127
f 656 	1026 	712
f 657 	1026 	656
f 1024 	1025 	659
f 3344 	1020 	663
f 663 	1020 	661
f 1127 	1334 	674
f 674 	1334 	673
f 522 	3197 	542
f 673 	1334 	671
f 671 	1334 	650
f 651 	650 	3204
f 663 	717 	3344
f 654 	3204 	3344
f 525 	3341 	522
f 519 	3197 	1331
f 509 	510 	385
f 506 	509 	388
f 389 	506 	388
f 378 	385 	510
f 511 	513 	378
f 516 	519 	1331
f 3200 	3202 	1332
f 1332 	1328 	3200
f 1334 	1332 	3202
f 1127 	676 	688
f 1127 	688 	693
f 389 	391 	506
f 505 	506 	44
f 44 	503 	505
f 534 	504 	323
f 846 	3216 	842
f 1097 	1099 	849
f 1091 	1093 	854
f 865 	323 	863
f 812 	811 	323
f 492 	494 	868
f 490 	492 	871
f 489 	490 	873
f 985 	3344 	965
f 965 	3344 	966
f 834 	842 	3216
f 834 	3216 	874
f 874 	3216 	3341
f 966 	3344 	3225
f 3219 	3221 	3342
f 1020 	3344 	985
f 1002 	1129 	997
f 3221 	3225 	3344
f 3344 	3342 	3221
f 1023 	661 	1020
f 1024 	659 	1023
f 990 	997 	712
f 1167 	1168 	1011
f 990 	712 	1026
f 1129 	712 	997
f 1004 	1129 	1002
f 1006 	1129 	1004
f 1008 	1129 	1006
f 1025 	1026 	657
f 657 	659 	1025
f 1162 	1167 	1011
f 1014 	968 	3225
f 968 	966 	3225
f 1099 	1101 	849
f 3216 	3219 	3338
f 3338 	3341 	3216
f 3342 	3338 	3219
f 3341 	489 	873
f 871 	873 	490
f 873 	822 	3341
f 822 	828 	3341
f 828 	874 	3341
f 661 	1023 	659
f 1127 	707 	1129
f 867 	868 	494
f 868 	869 	492
f 494 	495 	867
f 495 	531 	867
f 869 	871 	492
f 865 	812 	323
f 323 	811 	531
f 813 	531 	811
f 1105 	3216 	1101
f 1107 	3216 	1105
f 1108 	3216 	1107
f 1155 	1159 	3225
f 1008 	1009 	1168
f 1178 	1129 	1175
f 1173 	1175 	1129
f 1168 	1170 	1008
f 1129 	1008 	1170
f 1129 	1170 	1173
f 3225 	1159 	1161
f 3216 	1108 	3232
f 849 	852 	1097
f 1089 	1091 	858
f 323 	1089 	858
f 858 	863 	323
f 846 	849 	1101
f 3225 	1161 	1013
f 1012 	1013 	1162
f 1011 	1012 	1162
f 1162 	1013 	1161
f 1009 	1011 	1168
f 1097 	852 	1093
f 3216 	846 	1101
f 1013 	1014 	3225
f 1089 	323 	1085
f 854 	858 	1091
f 852 	854 	1093
f 1085 	323 	1086
f 2417 	1306 	1241
f 1242 	1244 	2417
f 1251 	323 	1244
f 1205 	3232 	1249
f 3232 	1108 	1249
f 1156 	1155 	3225
f 3225 	3235 	1156
f 1302 	1187 	1178
f 1129 	1178 	1187
f 1287 	2540 	1286
f 1288 	2538 	1287
f 1286 	1187 	1302
f 1289 	1315 	1288
f 3235 	2532 	1292
f 1292 	1293 	3235
f 1291 	1315 	1289
f 1293 	1279 	3235
f 1279 	1156 	3235
f 2416 	2417 	323
f 1086 	323 	1251
f 2431 	2454 	3232
f 2454 	2242 	3232
f 1238 	1241 	1306
f 1307 	1308 	1209
f 2427 	2428 	3232
f 2532 	3235 	2516
f 1169 	750 	1237
f 1314 	1292 	2532
f 1171 	782 	750
f 1171 	750 	1169
f 1171 	783 	782
f 1172 	783 	1171
f 2538 	2540 	1287
f 783 	1172 	833
f 1187 	1286 	2543
f 1315 	1291 	1314
f 1316 	2538 	1288
f 2540 	2543 	1286
f 1315 	1316 	1288
f 1205 	1206 	3232
f 1206 	1209 	2427
f 1209 	1238 	1307
f 3232 	1206 	2427
f 2428 	2431 	3232
f 2242 	2245 	3229
f 2516 	3235 	2456
f 3233 	3229 	2245
f 1292 	1314 	1291
f 1308 	2427 	1209
f 1306 	1307 	1238
f 1241 	1242 	2417
f 1244 	323 	2417
f 2416 	323 	2414
f 583 	581 	1349
f 1369 	1349 	581
f 472 	471 	346
f 348 	470 	352
f 354 	352 	3578
f 322 	2554 	3578
f 354 	3578 	359
f 585 	583 	1691
f 1349 	1691 	583
f 950 	797 	401
f 401 	797 	402
f 793 	792 	404
f 796 	795 	403
f 467 	464 	3578
f 470 	467 	3578
f 343 	581 	473
f 474 	473 	581
f 550 	478 	547
f 401 	480 	950
f 486 	547 	478
f 476 	474 	581
f 486 	476 	547
f 581 	545 	476
f 642 	641 	906
f 569 	642 	961
f 545 	547 	476
f 343 	338 	581
f 338 	337 	581
f 337 	1369 	581
f 587 	1691 	591
f 586 	1691 	587
f 593 	591 	1140
f 595 	593 	1140
f 640 	1140 	641
f 646 	575 	950
f 950 	478 	646
f 595 	1140 	640
f 961 	959 	571
f 571 	569 	961
f 1140 	906 	641
f 480 	478 	950
f 550 	646 	478
f 343 	473 	344
f 346 	344 	472
f 472 	344 	473
f 348 	346 	471
f 471 	470 	348
f 3578 	352 	470
f 464 	460 	3578
f 462 	322 	460
f 3578 	460 	322
f 462 	485 	322
f 322 	485 	483
f 950 	739 	797
f 950 	900 	739
f 751 	748 	930
f 1054 	1052 	754
f 1048 	756 	755
f 791 	757 	322
f 1048 	1047 	756
f 757 	756 	322
f 738 	483 	792
f 483 	405 	792
f 878 	880 	743
f 806 	880 	746
f 934 	746 	883
f 906 	1140 	910
f 1140 	1139 	911
f 917 	916 	1139
f 930 	748 	934
f 950 	574 	952
f 956 	573 	959
f 573 	571 	959
f 961 	642 	906
f 1139 	916 	913
f 910 	1140 	911
f 913 	911 	1139
f 403 	402 	796
f 926 	923 	1145
f 921 	917 	1147
f 1139 	1149 	917
f 1149 	1147 	917
f 743 	739 	900
f 900 	878 	743
f 806 	743 	880
f 883 	746 	880
f 1146 	1145 	923
f 796 	402 	797
f 795 	793 	403
f 404 	403 	793
f 405 	404 	792
f 574 	573 	952
f 575 	574 	950
f 956 	952 	573
f 738 	735 	483
f 322 	483 	735
f 322 	735 	736
f 736 	791 	322
f 1046 	322 	1045
f 1057 	930 	1058
f 1063 	1058 	930
f 930 	1121 	1063
f 1111 	2959 	1110
f 1191 	1200 	1110
f 2955 	1191 	1110
f 1144 	1121 	930
f 1145 	1144 	930
f 930 	926 	1145
f 1146 	923 	1147
f 923 	921 	1147
f 1149 	1139 	1150
f 1150 	1139 	1151
f 1153 	1139 	1277
f 1151 	1139 	1153
f 1057 	1054 	752
f 754 	752 	1054
f 755 	754 	1052
f 1052 	1049 	755
f 1048 	755 	1049
f 752 	751 	1057
f 930 	1057 	751
f 746 	934 	748
f 322 	756 	1047
f 1202 	322 	1046
f 1047 	1045 	322
f 1192 	1191 	2955
f 1193 	1192 	2955
f 2955 	18 	1193
f 16 	2945 	1194
f 16 	1194 	38
f 1202 	1197 	322
f 1197 	1195 	2945
f 1195 	1194 	2945
f 1067 	1063 	1110
f 1121 	1110 	1063
f 1200 	1067 	1110
f 1273 	2959 	1274
f 1274 	2959 	1261
f 1139 	3010 	1277
f 1267 	1266 	3009
f 3009 	27 	1268
f 1268 	1267 	3009
f 1266 	1277 	3010
f 1261 	2959 	1111
f 322 	1197 	2945
f 2944 	322 	2945
f 1185 	784 	839
f 1185 	785 	784
f 1186 	785 	1185
f 1201 	786 	785
f 1201 	785 	1186
f 1552 	786 	1201
# 1738 faces

g group_0_1650274

usemtl color_1650274
s 0

f 1017 	1018 	1019
f 1017 	1022 	1018
f 1550 	1745 	1022
f 1018 	1027 	1028
f 1018 	1028 	1029
f 1018 	1029 	1019
f 1018 	1106 	1027
f 1033 	1100 	1027
f 1028 	1027 	1100
f 1027 	1103 	1104
f 1027 	1104 	1033
f 1132 	1130 	1131
f 1130 	1132 	1133
f 1130 	1133 	1134
f 1027 	1130 	1134
f 1027 	1134 	1135
f 1027 	1135 	1103
f 1131 	1130 	1137
f 1136 	1137 	1130
f 1136 	1130 	2519
f 1141 	1142 	2519
f 1136 	2519 	1142
f 1143 	1141 	2519
f 1027 	1106 	2546
f 1553 	1559 	3113
f 1313 	2273 	778
f 1305 	1313 	778
f 1297 	3113 	1559
f 1553 	3113 	1412
f 1411 	1412 	3113
f 1777 	1411 	3113
f 1558 	1559 	1553
f 1565 	1682 	1305
f 1565 	1305 	1564
f 1297 	1564 	1305
f 1559 	1564 	1297
f 1682 	1685 	1305
f 1565 	1683 	1681
f 1681 	1682 	1565
f 1694 	1305 	1685
f 1696 	1697 	1694
f 1697 	1313 	1694
f 1305 	1694 	1313
f 1313 	1700 	1723
f 1313 	1697 	1700
f 1725 	1733 	1724
f 1733 	1725 	1732
f 1741 	1739 	1740
f 1018 	1022 	1745
f 1739 	2405 	1745
f 1780 	1776 	1763
f 2196 	2197 	2195
f 2197 	2198 	2195
f 2198 	778 	2195
f 778 	2273 	2195
f 2273 	2276 	2195
f 2276 	2278 	2195
f 2198 	2197 	1297
f 1297 	1305 	2198
f 2198 	1305 	778
f 2278 	2313 	2195
f 2273 	3138 	2276
f 2291 	3025 	2302
f 2291 	2195 	2290
f 2302 	2195 	2291
f 2302 	2196 	2195
f 2195 	2303 	2290
f 2313 	3176 	2303
f 3065 	2303 	3176
f 2303 	2195 	2313
f 2358 	2695 	2690
f 3559 	3557 	2560
f 2358 	2690 	2359
f 3492 	3487 	2358
f 3562 	302 	3561
f 3563 	2405 	1741
f 1739 	1741 	2405
f 2397 	2405 	3563
f 1018 	1745 	2405
f 2397 	2411 	2405
f 2408 	2411 	2397
f 2411 	2423 	2405
f 2405 	2423 	1018
f 2423 	1106 	1018
f 2429 	2408 	2730
f 2429 	2411 	2408
f 2429 	2423 	2411
f 2423 	2429 	1106
f 2528 	2530 	2531
f 2534 	2530 	2528
f 1143 	2519 	2539
f 2534 	2539 	2519
f 2534 	2519 	2530
f 2531 	2530 	2542
f 2746 	3395 	2530
f 1027 	2546 	1130
f 2519 	1130 	2547
f 2547 	1130 	2546
f 2547 	2553 	2519
f 2530 	2519 	2553
f 2530 	2553 	2753
f 2546 	1106 	2429
f 2546 	2429 	2547
f 2547 	2429 	2553
f 2429 	2753 	2553
f 2560 	2359 	2730
f 2690 	2730 	2359
f 2695 	2358 	2394
f 3561 	302 	2397
f 2397 	2560 	2408
f 2560 	2730 	2408
f 2695 	2429 	2690
f 2429 	2730 	2690
f 2753 	2746 	2530
f 2394 	3438 	2746
f 2394 	2746 	2762
f 2753 	2762 	2746
f 2695 	2394 	2762
f 2695 	2762 	2429
f 2762 	2753 	2429
f 2290 	3022 	3025
f 2290 	2303 	3022
f 2290 	3025 	2291
f 3169 	2302 	3025
f 2303 	3065 	3022
f 3528 	3530 	3022
f 309 	308 	3025
f 3065 	3532 	3022
f 3110 	2196 	2302
f 3110 	3113 	2196
f 2196 	3113 	2197
f 1297 	2197 	3113
f 1763 	1776 	3110
f 1776 	1777 	3110
f 2273 	1313 	3138
f 1313 	1723 	3138
f 2276 	3154 	2278
f 2276 	3138 	3154
f 3154 	3400 	3176
f 3305 	3399 	3154
f 3138 	1723 	1724
f 1724 	1733 	3138
f 3305 	3154 	3304
f 3138 	3304 	3154
f 3110 	2302 	3169
f 296 	3564 	3169
f 3564 	3565 	3169
f 308 	312 	3169
f 2278 	3154 	3176
f 3176 	2313 	2278
f 3565 	1762 	3110
f 3113 	3110 	1777
f 3304 	3138 	1733
f 3311 	3399 	3305
f 3398 	3399 	3311
f 3176 	3455 	3065
f 3395 	3396 	2542
f 2542 	2530 	3395
f 3395 	2746 	3397
f 3401 	3176 	3400
f 3455 	3176 	3401
f 3154 	3399 	3402
f 3154 	3402 	3400
f 3528 	3022 	3532
f 3441 	3065 	3455
f 3444 	3397 	2746
f 3450 	3444 	2746
f 3454 	3450 	3439
f 2746 	3439 	3450
f 3488 	3065 	3441
f 3461 	3441 	3455
f 3022 	3555 	3025
f 2394 	3481 	3438
f 3438 	3439 	2746
f 3481 	2358 	3487
f 2394 	2358 	3481
f 3065 	3488 	3489
f 3490 	3491 	3489
f 3065 	3489 	3491
f 3492 	3493 	3487
f 3539 	3544 	2358
f 3534 	3535 	2359
f 2358 	2359 	3535
f 3536 	3539 	2358
f 3535 	3536 	2358
f 3529 	3530 	3528
f 3537 	3538 	3534
f 3530 	3542 	3022
f 3543 	3531 	3065
f 3537 	2359 	3557
f 3534 	2359 	3537
f 3544 	3492 	2358
f 3532 	3065 	3531
f 3491 	3543 	3065
f 2560 	290 	3559
f 2359 	2560 	3557
f 3553 	3554 	3025
f 3553 	3025 	3555
f 3022 	3542 	3555
f 309 	3025 	288
f 3556 	288 	3554
f 3554 	288 	3025
f 3559 	3560 	3557
f 302 	319 	2397
f 303 	302 	3562
f 3561 	2397 	3563
f 3110 	3169 	3565
f 295 	3564 	296
f 1763 	3110 	1762
f 2560 	314 	290
f 314 	2560 	318
f 2397 	318 	2560
f 287 	309 	288
f 3169 	3025 	308
f 313 	290 	314
f 291 	290 	313
f 2397 	319 	318
f 296 	3169 	299
f 312 	299 	3169
# 219 faces

g group_0_2829873

usemtl color_2829873
s 0

f 1 	2 	3
f 1 	3 	4
f 5 	6 	8
f 5 	8 	9
f 13 	22 	20
f 26 	20 	22
f 31 	487 	1990
f 2108 	158 	36
f 37 	32 	33
f 1517 	39 	40
f 41 	37 	33
f 43 	3006 	42
f 1517 	43 	39
f 31 	36 	47
f 31 	47 	48
f 46 	88 	51
f 45 	46 	51
f 45 	51 	52
f 53 	62 	52
f 36 	31 	29
f 36 	29 	28
f 42 	40 	39
f 2324 	59 	1229
f 2324 	1428 	59
f 30 	59 	1429
f 1429 	1430 	30
f 45 	52 	63
f 779 	1428 	2893
f 42 	39 	43
f 2324 	2893 	1428
f 70 	71 	90
f 71 	79 	90
f 79 	72 	90
f 201 	90 	72
f 72 	229 	201
f 81 	48 	47
f 200 	201 	229
f 74 	81 	47
f 83 	2329 	82
f 50 	86 	49
f 82 	2329 	86
f 86 	50 	88
f 50 	51 	88
f 92 	93 	91
f 93 	65 	91
f 65 	66 	91
f 2396 	1716 	99
f 97 	117 	85
f 112 	2396 	115
f 115 	2396 	99
f 2905 	2906 	10
f 2908 	2905 	10
f 68 	781 	692
f 1431 	685 	682
f 682 	683 	1431
f 679 	543 	1431
f 540 	1431 	543
f 127 	117 	97
f 781 	68 	1431
f 131 	130 	132
f 131 	132 	133
f 135 	142 	143
f 147 	137 	143
f 135 	143 	137
f 149 	150 	145
f 149 	145 	144
f 197 	190 	151
f 137 	147 	151
f 151 	147 	143
f 158 	35 	164
f 165 	166 	163
f 166 	167 	163
f 167 	168 	163
f 168 	169 	163
f 169 	170 	163
f 53 	163 	170
f 62 	63 	52
f 170 	62 	53
f 158 	164 	171
f 158 	171 	161
f 173 	162 	174
f 161 	174 	162
f 161 	171 	174
f 162 	173 	177
f 142 	135 	177
f 162 	177 	135
f 775 	164 	35
f 177 	173 	310
f 174 	310 	173
f 174 	171 	310
f 164 	310 	171
f 122 	3094 	157
f 157 	3094 	182
f 252 	236 	188
f 182 	252 	184
f 184 	252 	186
f 186 	252 	188
f 188 	236 	191
f 137 	151 	190
f 190 	197 	198
f 67 	69 	91
f 66 	67 	91
f 69 	70 	91
f 90 	91 	70
f 199 	200 	229
f 199 	202 	159
f 199 	159 	160
f 194 	236 	160
f 211 	207 	236
f 191 	236 	194
f 203 	192 	198
f 190 	198 	192
f 199 	160 	236
f 206 	195 	208
f 192 	208 	195
f 203 	208 	192
f 206 	210 	195
f 207 	199 	236
f 236 	2396 	213
f 217 	213 	2396
f 143 	198 	151
f 197 	151 	198
f 142 	310 	143
f 210 	206 	143
f 208 	143 	206
f 208 	203 	143
f 198 	143 	203
f 221 	217 	2396
f 195 	210 	219
f 225 	219 	210
f 225 	227 	219
f 202 	199 	229
f 225 	143 	227
f 231 	222 	227
f 219 	227 	222
f 234 	85 	233
f 222 	233 	85
f 231 	233 	222
f 238 	266 	2396
f 282 	278 	2396
f 237 	244 	245
f 237 	245 	238
f 231 	143 	233
f 227 	143 	231
f 233 	143 	234
f 210 	143 	225
f 213 	211 	236
f 2906 	2983 	10
f 259 	261 	256
f 259 	256 	255
f 177 	310 	142
f 234 	310 	85
f 234 	143 	310
f 2983 	2981 	15
f 2430 	137 	190
f 192 	2430 	190
f 270 	269 	266
f 269 	282 	266
f 742 	36 	158
f 161 	742 	158
f 288 	289 	287
f 286 	287 	289
f 192 	2434 	2430
f 290 	291 	305
f 219 	2446 	195
f 2446 	219 	222
f 117 	222 	85
f 268 	3293 	294
f 3295 	3296 	294
f 85 	310 	97
f 3196 	295 	297
f 296 	297 	295
f 296 	299 	297
f 301 	336 	300
f 302 	303 	293
f 300 	332 	306
f 287 	286 	309
f 308 	309 	286
f 310 	311 	97
f 314 	305 	313
f 291 	313 	305
f 315 	307 	311
f 97 	311 	307
f 319 	305 	318
f 314 	318 	305
f 306 	325 	320
f 299 	312 	297
f 297 	312 	286
f 308 	286 	312
f 302 	293 	319
f 305 	319 	293
f 324 	336 	301
f 326 	320 	325
f 331 	336 	324
f 325 	306 	332
f 331 	335 	336
f 332 	300 	336
f 2105 	340 	1852
f 335 	341 	336
f 1850 	1852 	340
f 278 	345 	366
f 315 	316 	307
f 360 	320 	326
f 366 	345 	369
f 256 	252 	3073
f 396 	375 	372
f 381 	382 	380
f 382 	383 	380
f 383 	384 	380
f 379 	380 	384
f 396 	372 	395
f 145 	150 	130
f 132 	130 	150
f 413 	469 	412
f 418 	469 	417
f 412 	469 	418
f 428 	429 	427
f 429 	430 	427
f 430 	431 	427
f 426 	427 	431
f 431 	454 	426
f 454 	455 	426
f 526 	442 	443
f 444 	526 	443
f 456 	457 	426
f 457 	458 	426
f 425 	426 	458
f 384 	425 	458
f 379 	384 	458
f 455 	456 	426
f 448 	526 	452
f 364 	452 	781
f 311 	164 	315
f 311 	310 	164
f 307 	2536 	97
f 316 	315 	164
f 2536 	307 	800
f 491 	475 	40
f 484 	475 	498
f 491 	498 	475
f 1989 	487 	488
f 622 	639 	487
f 42 	491 	40
f 493 	777 	488
f 1989 	488 	777
f 501 	488 	639
f 493 	488 	501
f 468 	526 	529
f 468 	529 	420
f 416 	469 	420
f 417 	469 	416
f 468 	420 	469
f 529 	526 	444
f 3415 	3416 	469
f 3416 	3413 	469
f 532 	1431 	535
f 535 	536 	532
f 536 	544 	532
f 555 	556 	554
f 553 	554 	556
f 556 	557 	553
f 557 	558 	553
f 552 	553 	558
f 552 	558 	559
f 552 	559 	560
f 655 	626 	614
f 628 	616 	627
f 614 	627 	616
f 614 	626 	627
f 630 	620 	634
f 616 	634 	620
f 616 	628 	634
f 620 	630 	636
f 638 	622 	636
f 620 	636 	622
f 622 	638 	639
f 488 	487 	639
f 647 	669 	627
f 626 	648 	627
f 655 	648 	626
f 628 	627 	731
f 634 	628 	731
f 636 	630 	501
f 731 	501 	634
f 638 	636 	501
f 630 	634 	501
f 643 	647 	648
f 649 	644 	648
f 643 	648 	644
f 652 	645 	653
f 644 	653 	645
f 644 	649 	653
f 645 	652 	655
f 614 	645 	655
f 652 	653 	655
f 653 	648 	655
f 649 	648 	653
f 647 	627 	648
f 731 	664 	13
f 13 	20 	731
f 13 	664 	665
f 731 	627 	664
f 666 	658 	665
f 13 	665 	658
f 668 	660 	667
f 658 	667 	660
f 658 	666 	667
f 660 	669 	643
f 647 	643 	669
f 660 	668 	669
f 669 	668 	627
f 667 	627 	668
f 667 	666 	627
f 665 	627 	666
f 664 	627 	665
f 639 	638 	501
f 22 	13 	658
f 679 	1431 	683
f 2775 	658 	660
f 2798 	644 	645
f 692 	781 	696
f 696 	781 	548
f 704 	552 	703
f 702 	703 	552
f 701 	702 	552
f 560 	701 	552
f 645 	614 	2798
f 620 	2590 	616
f 2590 	620 	622
f 487 	809 	622
f 501 	731 	976
f 720 	713 	716
f 726 	720 	716
f 727 	719 	721
f 731 	20 	730
f 719 	730 	20
f 719 	727 	730
f 899 	733 	713
f 899 	713 	894
f 721 	976 	727
f 730 	976 	731
f 899 	737 	733
f 713 	720 	1301
f 741 	716 	733
f 713 	733 	716
f 737 	744 	733
f 26 	2864 	20
f 716 	741 	740
f 742 	47 	36
f 740 	741 	744
f 741 	733 	744
f 161 	2409 	742
f 1059 	1050 	740
f 1304 	720 	1303
f 1304 	1301 	720
f 1852 	2012 	2105
f 726 	1309 	720
f 1352 	1351 	726
f 2335 	1534 	762
f 762 	1990 	2046
f 2409 	74 	742
f 162 	2415 	2409
f 161 	162 	2409
f 787 	790 	775
f 777 	775 	790
f 737 	775 	744
f 744 	775 	777
f 779 	777 	790
f 1196 	1712 	798
f 487 	31 	809
f 1989 	1994 	487
f 31 	48 	809
f 81 	809 	48
f 841 	800 	316
f 307 	316 	800
f 851 	847 	853
f 800 	853 	847
f 841 	853 	800
f 851 	856 	847
f 860 	848 	856
f 847 	856 	848
f 860 	864 	848
f 856 	164 	860
f 841 	164 	853
f 853 	164 	851
f 870 	1198 	493
f 775 	737 	164
f 316 	164 	841
f 737 	899 	164
f 851 	164 	856
f 777 	493 	972
f 1198 	972 	493
f 848 	864 	875
f 881 	875 	864
f 881 	884 	875
f 885 	876 	884
f 875 	884 	876
f 887 	879 	886
f 876 	886 	879
f 885 	886 	876
f 886 	164 	887
f 885 	164 	886
f 884 	164 	885
f 881 	164 	884
f 860 	164 	864
f 864 	164 	881
f 895 	892 	896
f 879 	896 	892
f 887 	896 	879
f 895 	897 	892
f 898 	894 	897
f 892 	897 	894
f 898 	899 	894
f 897 	164 	898
f 897 	895 	164
f 896 	164 	895
f 887 	164 	896
f 899 	898 	164
f 1259 	1253 	848
f 925 	924 	919
f 1001 	929 	924
f 1001 	924 	925
f 1278 	1259 	875
f 876 	1282 	875
f 1301 	892 	894
f 894 	713 	1301
f 1312 	2555 	501
f 744 	777 	972
f 972 	976 	744
f 740 	744 	976
f 740 	976 	1059
f 730 	727 	976
f 1003 	1128 	976
f 987 	988 	721
f 987 	721 	719
f 1021 	976 	988
f 929 	1001 	1007
f 932 	929 	1007
f 2352 	2322 	2000
f 1005 	998 	1003
f 1015 	1000 	1016
f 998 	1016 	1000
f 998 	1005 	1016
f 1000 	1015 	1021
f 988 	987 	1021
f 1000 	1021 	987
f 721 	988 	976
f 1021 	1015 	976
f 1016 	976 	1015
f 1005 	976 	1016
f 1003 	976 	1005
f 1341 	1000 	987
f 716 	740 	1050
f 1060 	1051 	1061
f 1050 	1061 	1051
f 1059 	1061 	1050
f 1060 	1062 	1051
f 1064 	1053 	1062
f 1051 	1062 	1053
f 1064 	1066 	1053
f 1068 	1055 	1066
f 1053 	1066 	1055
f 1068 	1069 	1055
f 1066 	976 	1068
f 1069 	1068 	976
f 1066 	1064 	976
f 1062 	976 	1064
f 1062 	1060 	976
f 1061 	976 	1060
f 1059 	976 	1061
f 1069 	1128 	1081
f 1069 	1081 	1055
f 1128 	1003 	1081
f 1081 	1003 	998
f 1069 	976 	1128
f 1363 	1050 	1051
f 1323 	1081 	998
f 1187 	2479 	1129
f 1129 	2479 	1127
f 719 	2864 	1341
f 987 	719 	1341
f 1140 	2461 	1139
f 800 	847 	1253
f 1017 	1290 	1022
f 1019 	1290 	1017
f 1084 	1127 	2479
f 1028 	1100 	1290
f 1165 	928 	1179
f 935 	1203 	931
f 928 	927 	1179
f 931 	1179 	927
f 1165 	1166 	928
f 939 	928 	1166
f 941 	939 	1474
f 978 	941 	1474
f 1166 	1207 	939
f 484 	935 	971
f 1207 	1474 	939
f 971 	978 	1474
f 484 	1203 	935
f 1179 	931 	1203
f 484 	971 	1474
f 1212 	1276 	1211
f 1214 	1094 	1213
f 976 	1198 	1312
f 1198 	1211 	1312
f 972 	1198 	976
f 1196 	1276 	1210
f 1210 	1276 	1212
f 1363 	1051 	1053
f 1323 	998 	1000
f 769 	2479 	1187
f 847 	848 	1253
f 1216 	1094 	1214
f 1088 	1403 	1094
f 1087 	1403 	1088
f 848 	875 	1259
f 1278 	875 	1282
f 1221 	30 	758
f 1216 	1228 	1094
f 2461 	1419 	362
f 362 	1220 	2461
f 30 	2479 	758
f 769 	758 	2479
f 1220 	1139 	2461
f 1102 	1094 	1228
f 1112 	1475 	1090
f 1228 	498 	1102
f 1275 	1290 	1033
f 1100 	1033 	1290
f 1033 	1104 	1275
f 1133 	1275 	1134
f 1248 	1250 	2541
f 1132 	1275 	1133
f 1248 	1253 	1254
f 1248 	1254 	1250
f 1137 	1157 	1131
f 800 	1253 	1248
f 1256 	1254 	1253
f 1258 	1260 	1259
f 1104 	1103 	1275
f 1253 	1259 	1260
f 1253 	1260 	1256
f 1135 	1134 	1275
f 1103 	1135 	1275
f 1259 	1264 	1258
f 1136 	1157 	1137
f 1142 	1157 	1136
f 1260 	1258 	1276
f 2534 	1157 	2539
f 1141 	1157 	1142
f 1260 	1276 	1256
f 1264 	1276 	1258
f 1265 	1276 	1264
f 1275 	1131 	1157
f 1132 	1131 	1275
f 1296 	1276 	1294
f 1259 	1278 	1264
f 1141 	1143 	1157
f 1264 	1278 	1265
f 1281 	1283 	1282
f 1265 	1278 	1283
f 1282 	1283 	1278
f 1282 	1284 	1285
f 1282 	1285 	1281
f 1294 	1285 	1284
f 1019 	1029 	1290
f 1029 	1028 	1290
f 1290 	1152 	1158
f 1280 	1158 	1152
f 1284 	1282 	879
f 876 	879 	1282
f 1295 	1284 	892
f 879 	892 	1284
f 1294 	1276 	1285
f 1285 	1276 	1281
f 1283 	1281 	1276
f 1158 	1022 	1290
f 1294 	1284 	1296
f 1295 	1296 	1284
f 1298 	1296 	1295
f 1299 	1300 	1301
f 1295 	1301 	1300
f 1295 	1300 	1298
f 1301 	1304 	1299
f 892 	1301 	1295
f 1265 	1283 	1276
f 1296 	1298 	1276
f 1304 	1303 	1276
f 1300 	1276 	1298
f 1300 	1299 	1276
f 1304 	1276 	1299
f 1309 	1312 	1303
f 1303 	720 	1309
f 1309 	726 	1351
f 1312 	1211 	1276
f 1276 	1303 	1312
f 1309 	1351 	1312
f 1381 	1373 	1081
f 1081 	1323 	1381
f 1322 	1324 	1323
f 1319 	1381 	1324
f 1326 	1322 	1323
f 1326 	1323 	1327
f 1336 	1326 	1327
f 1339 	1340 	1341
f 1340 	1336 	1327
f 1340 	1327 	1341
f 1327 	1323 	1000
f 1000 	1341 	1327
f 1326 	2555 	1322
f 1326 	1336 	2555
f 1340 	2555 	1336
f 1339 	2555 	1340
f 1352 	726 	1050
f 1357 	1346 	919
f 915 	1346 	1325
f 1351 	1358 	1312
f 1358 	1351 	1352
f 1352 	1363 	1364
f 1352 	1364 	1358
f 1050 	1363 	1352
f 915 	919 	1346
f 1368 	1364 	1363
f 1370 	1371 	1372
f 1363 	1372 	1371
f 1363 	1371 	1368
f 1374 	1375 	1373
f 1372 	1373 	1375
f 1372 	1375 	1370
f 1381 	1382 	1373
f 1055 	1081 	1373
f 726 	716 	1050
f 1363 	1053 	1372
f 1346 	1780 	1325
f 1373 	1372 	1055
f 1053 	1055 	1372
f 1357 	1412 	1346
f 1382 	2555 	1374
f 1358 	1364 	1312
f 1364 	1368 	1312
f 1371 	1312 	1368
f 1371 	1370 	1312
f 1375 	1312 	1370
f 1374 	2555 	1375
f 1374 	1373 	1382
f 1381 	1319 	1382
f 1323 	1324 	1381
f 919 	924 	1380
f 1380 	1357 	919
f 1475 	1114 	498
f 1102 	498 	1122
f 1122 	498 	1114
f 1385 	1380 	924
f 1403 	1087 	1475
f 1090 	1475 	1087
f 1213 	1094 	1403
f 1795 	1214 	1213
f 1214 	1795 	1216
f 1469 	1207 	1407
f 1166 	1407 	1207
f 1386 	1385 	924
f 30 	123 	126
f 30 	126 	1419
f 1203 	1443 	1423
f 1179 	1203 	1423
f 687 	1431 	68
f 1426 	787 	1425
f 787 	1426 	790
f 1429 	59 	1428
f 1435 	1447 	1434
f 1447 	1436 	1434
f 1437 	1438 	5
f 1203 	1228 	1432
f 1440 	1442 	1439
f 1439 	1442 	1444
f 1432 	1443 	1203
f 1444 	1445 	1438
f 1439 	1444 	1438
f 1445 	5 	1438
f 5 	9 	1437
f 1435 	1437 	9
f 9 	1446 	1435
f 1447 	1435 	1446
f 1434 	1436 	1433
f 1452 	1433 	1436
f 1430 	1452 	1436
f 1430 	1429 	1450
f 1430 	1450 	1451
f 1430 	1451 	1452
f 1442 	1448 	1429
f 1449 	1450 	1429
f 1449 	1429 	1448
f 1440 	1448 	1442
f 1430 	1431 	30
f 1428 	779 	790
f 1428 	790 	1429
f 1403 	1454 	1213
f 1442 	1456 	1457
f 1459 	1460 	1458
f 1458 	1429 	1461
f 30 	612 	123
f 1221 	612 	30
f 1427 	1228 	1463
f 1216 	1463 	1228
f 1427 	1432 	1228
f 1184 	1419 	1044
f 126 	1044 	1419
f 59 	1468 	1229
f 2919 	1229 	1468
f 3006 	2919 	1475
f 1474 	1983 	475
f 1474 	475 	484
f 1112 	1114 	1475
f 491 	3006 	498
f 3006 	1475 	498
f 491 	42 	3006
f 1474 	1475 	30
f 1419 	1474 	30
f 59 	30 	1475
f 1468 	59 	1475
f 29 	1509 	28
f 762 	763 	29
f 763 	1509 	29
f 762 	31 	1990
f 29 	31 	762
f 35 	158 	2108
f 28 	2108 	36
f 1517 	40 	1515
f 1531 	1207 	1469
f 1520 	1521 	43
f 1997 	3006 	1521
f 1517 	1520 	43
f 1520 	1517 	1521
f 1515 	1521 	1517
f 763 	1532 	1509
f 1207 	1531 	1403
f 1531 	1544 	1403
f 1411 	1346 	1412
f 1380 	1558 	1357
f 763 	1534 	1532
f 1380 	1385 	1564
f 1535 	1541 	1537
f 1537 	1541 	1543
f 1542 	1540 	929
f 924 	1540 	1386
f 924 	929 	1540
f 1544 	1454 	1403
f 1545 	1566 	1554
f 1546 	1566 	1545
f 1571 	1572 	1569
f 1574 	1570 	1572
f 1569 	1572 	1570
f 1574 	1575 	1570
f 1572 	1825 	1574
f 1571 	1825 	1572
f 1577 	1575 	1825
f 1570 	1575 	1545
f 1577 	1545 	1575
f 1577 	1606 	1545
f 1825 	1827 	1577
f 1575 	1574 	1825
f 1460 	1442 	1458
f 1456 	1442 	1460
f 1429 	1458 	1442
f 1426 	1461 	1429
f 790 	1426 	1429
f 787 	775 	781
f 1431 	787 	781
f 1430 	787 	1431
f 685 	1431 	687
f 1436 	1581 	1582
f 1583 	1584 	1585
f 1436 	1582 	1585
f 1436 	1585 	1584
f 1586 	1430 	1584
f 1436 	1584 	1430
f 787 	1430 	1425
f 1586 	1425 	1430
f 1444 	1442 	1590
f 1457 	1590 	1442
f 1827 	1824 	1577
f 1590 	1593 	1445
f 1590 	1445 	1444
f 1593 	6 	5
f 1593 	5 	1445
f 1594 	1446 	9
f 1594 	9 	8
f 1594 	1595 	1447
f 1594 	1447 	1446
f 1447 	1595 	1436
f 1581 	1436 	1595
f 1598 	1434 	1433
f 1598 	1433 	1600
f 1601 	1435 	1434
f 1601 	1434 	1598
f 1603 	1437 	1435
f 1603 	1435 	1601
f 1604 	1438 	1437
f 1604 	1437 	1603
f 1605 	1439 	1438
f 1605 	1438 	1604
f 1440 	1439 	1605
f 1440 	1605 	1607
f 1581 	1595 	1598
f 1598 	1600 	1581
f 1582 	1581 	1600
f 1595 	1594 	1601
f 1601 	1598 	1595
f 1605 	1604 	1590
f 1603 	1601 	8
f 1590 	1457 	1605
f 1553 	1357 	1558
f 1412 	1357 	1553
f 1456 	1607 	1457
f 1607 	1605 	1457
f 1550 	1022 	1158
f 1604 	1603 	6
f 6 	1593 	1604
f 1590 	1604 	1593
f 8 	6 	1603
f 1594 	8 	1601
f 1612 	1460 	1609
f 1459 	1609 	1460
f 1558 	1380 	1559
f 1611 	1612 	1610
f 1609 	1610 	1612
f 1610 	1461 	1611
f 1458 	1609 	1459
f 1609 	1458 	1461
f 1609 	1461 	1610
f 1564 	1385 	1565
f 1559 	1380 	1564
f 1611 	1614 	1615
f 1611 	1615 	1612
f 1614 	1611 	1426
f 1461 	1426 	1611
f 1614 	1616 	1617
f 1614 	1617 	1615
f 1619 	1617 	1618
f 1616 	1618 	1617
f 1694 	1685 	1386
f 1621 	1619 	1620
f 1618 	1620 	1619
f 1623 	1583 	1585
f 1585 	1621 	1623
f 1624 	1623 	1621
f 1624 	1621 	1620
f 1624 	1620 	1586
f 1618 	1425 	1620
f 1623 	1584 	1583
f 1696 	1694 	1540
f 1540 	1694 	1386
f 1586 	1584 	1623
f 1586 	1623 	1624
f 1625 	1612 	1626
f 1630 	1621 	1631
f 1585 	1631 	1621
f 1600 	1631 	1585
f 1600 	1585 	1582
f 1542 	929 	1633
f 1617 	1619 	1629
f 1626 	1615 	1629
f 1630 	1629 	1619
f 1621 	1630 	1619
f 1615 	1626 	1612
f 1617 	1629 	1615
f 1460 	1612 	1625
f 1460 	1625 	1607
f 1460 	1607 	1456
f 1625 	1448 	1440
f 1625 	1440 	1607
f 1626 	1449 	1448
f 1626 	1448 	1625
f 1629 	1450 	1449
f 1629 	1449 	1626
f 1630 	1451 	1450
f 1630 	1450 	1629
f 1631 	1452 	1451
f 1631 	1451 	1630
f 1638 	1633 	932
f 1433 	1452 	1631
f 1433 	1631 	1600
f 932 	1633 	929
f 1586 	1620 	1425
f 1618 	1616 	1425
f 1426 	1425 	1616
f 1616 	1614 	1426
f 1686 	1687 	1688
f 1686 	1688 	1689
f 1690 	1691 	1692
f 1690 	1692 	1693
f 1699 	1695 	1703
f 1695 	1701 	1703
f 1695 	1704 	1705
f 1765 	1738 	1705
f 1695 	1705 	1738
f 1765 	1705 	1706
f 1705 	1704 	1706
f 1385 	1683 	1565
f 1695 	1699 	1707
f 1695 	1707 	1704
f 1707 	1708 	1704
f 1385 	1682 	1681
f 1683 	1385 	1681
f 1385 	1386 	1682
f 1682 	1386 	1685
f 2017 	1707 	1699
f 1706 	1704 	1708
f 1697 	1540 	1542
f 1696 	1540 	1697
f 1707 	2017 	1708
f 1633 	1723 	1542
f 1542 	1700 	1697
f 1701 	1695 	1738
f 1701 	2109 	1703
f 1196 	1709 	1712
f 1706 	1714 	1713
f 1714 	2467 	1713
f 1706 	1708 	1714
f 932 	2322 	1638
f 1732 	1725 	1633
f 1633 	1724 	1723
f 1700 	1542 	1723
f 1724 	1633 	1725
f 1633 	1638 	1732
f 1727 	1729 	1734
f 1735 	1728 	1734
f 1727 	1734 	1728
f 1728 	1735 	1736
f 1735 	1734 	1825
f 1734 	1729 	1825
f 1545 	1606 	1546
f 1606 	1743 	1546
f 798 	1712 	1748
f 1757 	1756 	870
f 1766 	1744 	1769
f 1738 	1769 	1744
f 1738 	1765 	1769
f 1744 	1766 	1771
f 1729 	1727 	1771
f 1744 	1771 	1727
f 1825 	1706 	1713
f 1740 	1280 	1741
f 1762 	1325 	1763
f 1780 	1763 	1325
f 798 	1757 	870
f 1280 	1740 	1739
f 1745 	1280 	1739
f 1787 	1597 	1743
f 1546 	1743 	1597
f 1790 	1599 	1789
f 1597 	1789 	1599
f 1280 	1745 	1158
f 1550 	1158 	1745
f 1787 	1789 	1597
f 1757 	798 	1788
f 1776 	1346 	1777
f 1780 	1346 	1776
f 1411 	1777 	1346
f 1791 	1602 	1792
f 1599 	1792 	1602
f 1790 	1792 	1599
f 1791 	1793 	1602
f 1748 	1788 	798
f 1152 	1290 	1987
f 1765 	1706 	1825
f 1729 	1771 	1825
f 1771 	1766 	1825
f 1769 	1825 	1766
f 1765 	1825 	1769
f 1791 	1743 	1793
f 1792 	1743 	1791
f 1790 	1789 	1792
f 1743 	1792 	1789
f 1787 	1743 	1789
f 1606 	1821 	1743
f 1794 	1198 	1795
f 870 	1795 	1198
f 1795 	870 	1800
f 1793 	1804 	1796
f 1793 	1796 	1602
f 1756 	1800 	870
f 1806 	1797 	1807
f 1796 	1807 	1797
f 1804 	1807 	1796
f 1728 	1736 	1801
f 1808 	1801 	1736
f 1806 	1810 	1797
f 1808 	1811 	1801
f 1813 	1798 	1810
f 1797 	1810 	1798
f 1001 	2286 	1007
f 1815 	1799 	1814
f 1798 	1814 	1799
f 1813 	1814 	1798
f 2287 	2012 	1007
f 1275 	1157 	2006
f 1793 	1743 	1804
f 1814 	1743 	1815
f 1813 	1743 	1814
f 1810 	1743 	1813
f 1806 	1743 	1810
f 1807 	1743 	1806
f 1804 	1743 	1807
f 1816 	1709 	1196
f 2006 	1987 	1275
f 1290 	1275 	1987
f 1821 	1818 	1822
f 1799 	1822 	1818
f 1815 	1822 	1799
f 1821 	1823 	1818
f 1822 	1743 	1821
f 1824 	1819 	1823
f 1818 	1823 	1819
f 35 	1820 	1825
f 1825 	1820 	1827
f 1819 	1827 	1820
f 1824 	1827 	1819
f 1828 	2142 	1830
f 1824 	1823 	1577
f 35 	1825 	1713
f 1832 	1834 	1833
f 1823 	1821 	1577
f 1815 	1743 	1822
f 1606 	1577 	1821
f 1833 	1834 	1830
f 1830 	1834 	1828
f 1833 	1554 	1835
f 1833 	1835 	1832
f 1836 	1803 	1811
f 1801 	1811 	1803
f 1837 	1805 	1838
f 1803 	1838 	1805
f 1836 	1838 	1803
f 1835 	1840 	1845
f 2025 	1818 	1819
f 1835 	1554 	1840
f 1820 	2108 	1819
f 1831 	1198 	1794
f 1837 	1846 	1805
f 1571 	1569 	1846
f 1846 	1837 	1825
f 1837 	1838 	1825
f 1838 	1836 	1825
f 1811 	1808 	1825
f 1811 	1825 	1836
f 1736 	1825 	1808
f 1805 	1846 	1569
f 1850 	2000 	1849
f 2000 	2001 	1849
f 1851 	1852 	1849
f 1850 	1849 	1852
f 1849 	2001 	1714
f 2012 	1852 	1851
f 1840 	1874 	1845
f 1832 	1835 	1845
f 1834 	1832 	1845
f 1842 	1845 	1870
f 1872 	1870 	1845
f 1546 	1597 	1566
f 1874 	1840 	1554
f 1872 	1845 	1874
f 1554 	1566 	1874
f 1876 	1878 	1875
f 1566 	1875 	1878
f 1566 	1878 	1874
f 1571 	1846 	1825
f 1736 	1735 	1825
f 1875 	1894 	1895
f 1875 	1895 	1876
f 1898 	1895 	1894
f 1894 	1901 	1902
f 1894 	1902 	1898
f 2287 	2105 	2012
f 1849 	2030 	1851
f 1902 	1930 	1872
f 1930 	1902 	1901
f 1932 	1930 	1901
f 1597 	1875 	1566
f 1597 	1894 	1875
f 2100 	2099 	1728
f 2100 	1728 	1801
f 2133 	1801 	1803
f 2465 	2093 	1936
f 1935 	1844 	1936
f 1843 	1936 	1844
f 1874 	1878 	1872
f 1878 	1876 	1872
f 1895 	1872 	1876
f 1932 	1937 	1872
f 1930 	1932 	1872
f 1941 	1872 	1937
f 1937 	1932 	1938
f 1843 	1939 	1936
f 1935 	2094 	1844
f 1901 	1938 	1932
f 1938 	1940 	1941
f 1938 	1941 	1937
f 1407 	1166 	1709
f 1469 	1407 	1709
f 1708 	2017 	1849
f 1943 	1941 	1940
f 1849 	1714 	1708
f 1944 	1945 	1946
f 1940 	1944 	1946
f 1940 	1946 	1943
f 1967 	1931 	1966
f 1929 	1966 	1931
f 1929 	1964 	1966
f 1931 	1967 	1968
f 1966 	1851 	1967
f 1535 	1537 	1974
f 1535 	1974 	1976
f 1974 	2045 	1851
f 1535 	1976 	1929
f 1964 	1929 	1976
f 1976 	1974 	1851
f 1929 	2179 	1535
f 1929 	1931 	2179
f 1931 	2183 	2179
f 2045 	1974 	1537
f 1515 	475 	1983
f 1521 	1515 	1983
f 1844 	1152 	1843
f 1985 	1984 	1986
f 1987 	1986 	1984
f 1984 	1152 	1987
f 1985 	1986 	1983
f 1944 	1949 	1950
f 1944 	1950 	1945
f 1994 	1989 	1992
f 1990 	487 	1994
f 2017 	2016 	1849
f 1994 	1992 	1995
f 2050 	2046 	1995
f 1995 	2046 	1994
f 43 	1521 	3006
f 1983 	1997 	1521
f 1989 	1714 	2001
f 1699 	1703 	2002
f 1157 	2891 	2004
f 2004 	2465 	2003
f 2007 	1986 	2006
f 1987 	2006 	1986
f 2007 	1997 	1986
f 2005 	2008 	1996
f 2010 	1998 	2009
f 1996 	2009 	1998
f 1996 	2008 	2009
f 1851 	2011 	2012
f 2013 	1999 	2014
f 1998 	2014 	1999
f 2012 	2011 	2001
f 2012 	2001 	2000
f 1998 	2010 	2014
f 2019 	1949 	1799
f 2004 	2003 	2007
f 2004 	2007 	2006
f 1999 	2013 	2015
f 2016 	2002 	2015
f 1999 	2015 	2002
f 1699 	2002 	2017
f 1898 	1902 	1872
f 1941 	1943 	1872
f 1946 	1872 	1943
f 1945 	1872 	1946
f 1950 	1872 	1945
f 2002 	2016 	2017
f 2000 	1007 	2012
f 1950 	1949 	2018
f 1157 	2004 	2006
f 2009 	1849 	2010
f 2008 	1849 	2009
f 2005 	1849 	2008
f 2016 	2015 	1849
f 2014 	2010 	1849
f 2015 	2013 	1849
f 2014 	1849 	2013
f 2018 	1949 	2020
f 2019 	2020 	1949
f 2465 	3006 	2003
f 1964 	1851 	1966
f 1976 	1851 	1964
f 2003 	1997 	2007
f 2023 	2020 	2019
f 2025 	2027 	2028
f 2039 	2069 	2011
f 1992 	2001 	1995
f 1851 	2045 	2011
f 2028 	2019 	2025
f 2001 	1992 	1989
f 2019 	2028 	2023
f 2022 	2029 	2030
f 2025 	1532 	2031
f 2025 	2031 	2027
f 2011 	2069 	2001
f 2032 	2024 	2030
f 2022 	2030 	2024
f 1983 	1986 	1997
f 2033 	2026 	2034
f 2024 	2034 	2026
f 2024 	2032 	2034
f 2045 	2044 	2011
f 2035 	2031 	1532
f 2026 	2033 	2005
f 2026 	2005 	1996
f 2033 	1849 	2005
f 2034 	1849 	2033
f 2032 	1849 	2034
f 2030 	1849 	2032
f 2029 	1851 	2030
f 2036 	2039 	2040
f 1931 	1968 	2022
f 2029 	2022 	1968
f 1968 	1851 	2029
f 1967 	1851 	1968
f 2041 	2037 	2040
f 2036 	2040 	2037
f 2037 	2041 	2042
f 2019 	1799 	1818
f 2043 	2038 	2042
f 2037 	2042 	2038
f 2045 	1537 	2044
f 2038 	2044 	1537
f 2038 	2043 	2044
f 2026 	2283 	2024
f 2283 	2026 	1996
f 2022 	2256 	1931
f 2024 	2280 	2022
f 2042 	2011 	2043
f 2042 	2041 	2011
f 2040 	2011 	2041
f 2044 	2043 	2011
f 2039 	2011 	2040
f 1990 	1994 	2046
f 2051 	2047 	2052
f 2046 	2052 	2047
f 2050 	2052 	2046
f 2051 	2054 	2047
f 2055 	2048 	2054
f 2047 	2054 	2048
f 2055 	2056 	2048
f 2057 	2049 	2056
f 2048 	2056 	2049
f 2061 	2049 	2058
f 2057 	2058 	2049
f 1995 	2001 	2050
f 2064 	2001 	2067
f 2057 	2056 	2001
f 2056 	2055 	2001
f 2054 	2001 	2055
f 2054 	2051 	2001
f 2052 	2001 	2051
f 2050 	2001 	2052
f 2058 	2064 	2061
f 2061 	2064 	2067
f 2068 	2062 	2067
f 2061 	2067 	2062
f 2062 	2069 	2036
f 2039 	2036 	2069
f 2062 	2068 	2069
f 2068 	2001 	2069
f 2067 	2001 	2068
f 2064 	2058 	2001
f 2058 	2057 	2001
f 2335 	762 	2046
f 2335 	2046 	2047
f 2038 	2318 	2037
f 2347 	2048 	2049
f 2347 	2049 	2061
f 2312 	2062 	2036
f 2312 	2036 	2037
f 2318 	2038 	1537
f 1833 	1830 	1570
f 1569 	1570 	1830
f 1570 	1545 	1554
f 1570 	1554 	1833
f 2079 	2341 	2078
f 2114 	1738 	1744
f 2138 	2133 	1805
f 2080 	2079 	1870
f 2078 	1842 	2079
f 2077 	2080 	1870
f 1818 	2025 	2019
f 1842 	1870 	2079
f 2138 	1805 	1830
f 1569 	1830 	1805
f 1894 	1597 	1599
f 1901 	1894 	1602
f 1599 	1602 	1894
f 1872 	2218 	1870
f 1901 	1602 	1938
f 1796 	1938 	1602
f 1796 	1797 	1938
f 1940 	1938 	1797
f 2236 	1999 	2002
f 1703 	2236 	2002
f 2078 	2338 	2091
f 2087 	2330 	2089
f 2091 	2087 	2089
f 1935 	1936 	2093
f 2094 	1935 	2093
f 333 	1844 	2094
f 2105 	2210 	340
f 2089 	2210 	2091
f 2210 	2162 	2091
f 2114 	1744 	2099
f 1727 	2099 	1744
f 1727 	1728 	2099
f 1895 	1898 	1872
f 1950 	2018 	1872
f 2018 	2020 	1872
f 2020 	2023 	1872
f 2028 	2027 	1872
f 2028 	1872 	2023
f 2027 	2031 	1872
f 2031 	2035 	1872
f 2218 	1872 	2035
f 2101 	2102 	2100
f 2091 	2162 	2078
f 2102 	2099 	2100
f 2104 	2101 	2100
f 2100 	2127 	2104
f 1944 	1940 	1798
f 1797 	1798 	1940
f 1798 	1799 	1944
f 1949 	1944 	1799
f 1801 	2127 	2100
f 1509 	2108 	28
f 2104 	1845 	2101
f 1820 	35 	2108
f 2025 	2108 	1532
f 1509 	1532 	2108
f 2025 	1819 	2108
f 2111 	2112 	2110
f 2137 	915 	2077
f 2110 	2112 	1701
f 2109 	1701 	2112
f 2113 	2111 	2110
f 2113 	2110 	2114
f 2116 	2113 	2114
f 2117 	2118 	2099
f 2118 	2116 	2114
f 2099 	2118 	2114
f 2102 	2117 	2099
f 2110 	1701 	1738
f 1738 	2114 	2110
f 2112 	1845 	2109
f 2111 	1845 	2112
f 2113 	1845 	2111
f 2118 	1845 	2116
f 2127 	2130 	2104
f 2132 	2135 	2133
f 2127 	2133 	2135
f 2127 	2135 	2130
f 925 	919 	2137
f 919 	915 	2137
f 2133 	2138 	2139
f 2133 	2139 	2132
f 2139 	1845 	2132
f 2217 	925 	1870
f 2137 	1870 	925
f 2141 	2139 	2138
f 2138 	1830 	2142
f 2138 	2142 	2141
f 1801 	2133 	2127
f 1803 	1805 	2133
f 2135 	1845 	2130
f 2104 	2130 	1845
f 2132 	1845 	2135
f 2142 	1845 	2141
f 1828 	1845 	2142
f 1834 	1845 	1828
f 2141 	1845 	2139
f 2117 	1845 	2118
f 1842 	2078 	2162
f 2162 	2163 	1842
f 1845 	1842 	2163
f 1870 	2137 	2077
f 1535 	2179 	1541
f 2105 	2287 	2107
f 2289 	2107 	2287
f 2289 	2323 	2107
f 2190 	2179 	2178
f 2182 	2178 	2179
f 2182 	2179 	2183
f 2184 	2182 	2183
f 2256 	2254 	2183
f 2184 	2183 	2254
f 2163 	2109 	1845
f 2102 	1845 	2117
f 2254 	2107 	2184
f 2189 	2323 	1541
f 1541 	2190 	2189
f 2179 	2190 	1541
f 2323 	2189 	2107
f 2190 	2178 	2107
f 2190 	2107 	2189
f 2182 	2107 	2178
f 2211 	2163 	2162
f 2102 	2101 	1845
f 2211 	2109 	2163
f 2116 	1845 	2113
f 1703 	2208 	2240
f 2208 	1703 	2109
f 2089 	340 	2210
f 2210 	2211 	2162
f 2107 	2211 	2105
f 2210 	2105 	2211
f 1541 	2323 	1543
f 2109 	2211 	2208
f 1532 	1534 	2035
f 2208 	2211 	2107
f 2183 	1931 	2256
f 2217 	2218 	2286
f 2256 	2022 	2280
f 2024 	2283 	2280
f 1996 	2219 	2283
f 1998 	2223 	1996
f 2223 	1998 	1999
f 2220 	2221 	2219
f 2221 	2285 	2283
f 2219 	2221 	2283
f 2222 	2220 	2219
f 2222 	2219 	2223
f 2226 	2222 	2223
f 2231 	2226 	2223
f 2231 	2223 	2232
f 1165 	1712 	1166
f 1712 	1709 	1166
f 2231 	2235 	2107
f 2235 	2231 	2232
f 1788 	1748 	1443
f 2237 	2238 	2236
f 1423 	1443 	1748
f 1165 	1179 	1712
f 2238 	2235 	2232
f 2232 	2236 	2238
f 1748 	1712 	1179
f 1748 	1179 	1423
f 2240 	2237 	2236
f 1703 	2240 	2236
f 1996 	2223 	2219
f 2232 	2223 	1999
f 2232 	1999 	2236
f 2222 	2226 	2107
f 2221 	2220 	2107
f 2222 	2107 	2220
f 2226 	2231 	2107
f 2238 	2107 	2235
f 2238 	2237 	2107
f 2240 	2107 	2237
f 2208 	2107 	2240
f 2182 	2184 	2107
f 1427 	1756 	1757
f 1427 	1757 	1432
f 1443 	1432 	1757
f 1788 	1443 	1757
f 2277 	2254 	2256
f 1870 	2218 	2217
f 2279 	2281 	2280
f 2281 	2277 	2256
f 2281 	2256 	2280
f 2286 	1001 	2217
f 2282 	2279 	2280
f 2282 	2280 	2283
f 2284 	2288 	2035
f 2285 	2282 	2283
f 2284 	2035 	1534
f 1454 	1794 	1213
f 1795 	1213 	1794
f 1795 	1800 	1216
f 2287 	1007 	2286
f 2218 	2288 	2286
f 1463 	1216 	1800
f 2218 	2035 	2288
f 1427 	1463 	1756
f 2254 	2277 	2107
f 2285 	2107 	2282
f 2281 	2107 	2277
f 2279 	2107 	2281
f 2282 	2107 	2279
f 2221 	2107 	2285
f 1800 	1756 	1463
f 2288 	2289 	2287
f 2288 	2287 	2286
f 2288 	2284 	2289
f 925 	2217 	1001
f 2284 	2337 	2289
f 2337 	2336 	2289
f 2037 	2317 	2312
f 2318 	1537 	1543
f 1709 	1816 	1469
f 1816 	1210 	1469
f 1469 	1210 	1531
f 1212 	1531 	1210
f 1211 	1544 	1531
f 1212 	1211 	1531
f 1211 	1831 	1544
f 1794 	1454 	1831
f 1544 	1831 	1454
f 2315 	2316 	2317
f 2316 	2314 	2312
f 2316 	2312 	2317
f 1474 	1207 	1403
f 1403 	1475 	1474
f 2319 	2320 	2318
f 1210 	1816 	1196
f 2320 	2315 	2317
f 2317 	2318 	2320
f 2321 	2319 	2318
f 2321 	2318 	1543
f 1211 	1198 	1831
f 1007 	2322 	932
f 2323 	2321 	1543
f 976 	1312 	501
f 2324 	1229 	2919
f 2037 	2318 	2317
f 501 	2555 	870
f 501 	870 	493
f 2329 	3519 	2485
f 3515 	1716 	3516
f 484 	498 	1203
f 1228 	1203 	498
f 2485 	2331 	2332
f 2485 	2332 	2346
f 2346 	2876 	2485
f 2327 	340 	2325
f 2330 	2325 	340
f 2364 	2365 	2289
f 2314 	2316 	2289
f 2316 	2315 	2289
f 2320 	2289 	2315
f 2320 	2319 	2289
f 2321 	2289 	2319
f 2323 	2289 	2321
f 2336 	2337 	2335
f 340 	2089 	2330
f 2337 	2284 	1534
f 2335 	2337 	1534
f 2786 	643 	644
f 2087 	2091 	2338
f 2335 	2339 	2340
f 2335 	2340 	2336
f 2342 	2340 	2339
f 2871 	2872 	2328
f 2343 	2344 	2345
f 2339 	2345 	2344
f 2339 	2344 	2342
f 81 	2600 	809
f 2341 	2338 	2078
f 2348 	2349 	2347
f 719 	20 	2864
f 1850 	2352 	2000
f 2347 	2349 	2345
f 2345 	2349 	2343
f 1007 	2000 	2322
f 540 	535 	1431
f 395 	3415 	469
f 3370 	3369 	1431
f 1431 	2353 	2354
f 3310 	1431 	2354
f 2363 	2364 	2347
f 2061 	2363 	2347
f 2352 	1850 	2327
f 340 	2327 	1850
f 763 	762 	1534
f 2047 	2339 	2335
f 2345 	2339 	2048
f 2047 	2048 	2339
f 2048 	2347 	2345
f 10 	11 	2908
f 3162 	3135 	255
f 3130 	3191 	270
f 268 	269 	3190
f 270 	255 	3130
f 2362 	3350 	349
f 3350 	3337 	349
f 345 	349 	3337
f 372 	3427 	395
f 255 	256 	2360
f 3073 	3074 	256
f 252 	182 	3094
f 3094 	3073 	252
f 3015 	3094 	122
f 118 	119 	3015
f 15 	10 	2983
f 118 	3015 	122
f 2907 	2908 	11
f 2872 	2912 	58
f 58 	2328 	2872
f 2874 	2871 	2328
f 2336 	2340 	2289
f 2340 	2342 	2289
f 2364 	2289 	2348
f 2344 	2289 	2342
f 2344 	2343 	2289
f 2349 	2289 	2343
f 2348 	2289 	2349
f 2348 	2347 	2364
f 2365 	2364 	2363
f 2366 	2368 	2367
f 2368 	2363 	2367
f 2368 	2365 	2363
f 2369 	2366 	2367
f 2369 	2367 	2312
f 2363 	2061 	2367
f 2062 	2312 	2367
f 2314 	2369 	2312
f 3309 	2371 	3310
f 1431 	3310 	2371
f 3271 	3269 	3272
f 3272 	3269 	2371
f 1431 	2371 	3269
f 3099 	1431 	3214
f 3269 	3277 	1431
f 3101 	2372 	3099
f 1431 	3099 	2372
f 3100 	3018 	2372
f 3018 	2485 	2372
f 1431 	2372 	2485
f 2415 	162 	135
f 2062 	2367 	2061
f 2448 	2446 	222
f 2368 	2289 	2365
f 2368 	2366 	2289
f 2369 	2289 	2366
f 2314 	2289 	2369
f 2462 	798 	870
f 2401 	2403 	2400
f 2403 	2399 	2400
f 2404 	2401 	2400
f 2399 	135 	2400
f 135 	2399 	2415
f 137 	2400 	135
f 2404 	2462 	2401
f 2435 	2462 	2432
f 74 	2406 	2549
f 2407 	2406 	74
f 2407 	74 	2409
f 2407 	2410 	2462
f 2410 	2407 	2409
f 2412 	2410 	2409
f 2412 	2409 	2415
f 2418 	2412 	2415
f 2419 	2420 	2399
f 2420 	2418 	2415
f 2399 	2420 	2415
f 2403 	2419 	2399
f 47 	742 	74
f 2407 	2462 	2406
f 2412 	2462 	2410
f 2420 	2462 	2418
f 2419 	2462 	2420
f 2403 	2462 	2419
f 2404 	2400 	2430
f 2400 	137 	2430
f 2404 	2430 	2432
f 2433 	2435 	2434
f 2435 	2432 	2430
f 2434 	2435 	2430
f 2434 	2439 	2440
f 2434 	2440 	2433
f 2440 	2462 	2433
f 2442 	2440 	2439
f 2444 	2445 	2446
f 2439 	2446 	2445
f 2439 	2445 	2442
f 2447 	2449 	2448
f 2446 	2448 	2449
f 2446 	2449 	2444
f 2448 	117 	2450
f 2448 	2450 	2447
f 2450 	2462 	2447
f 2453 	2450 	117
f 2434 	195 	2439
f 192 	195 	2434
f 195 	2446 	2439
f 2448 	222 	117
f 2474 	1715 	2894
f 2404 	2432 	2462
f 2433 	2462 	2435
f 2442 	2462 	2440
f 2445 	2462 	2442
f 2444 	2462 	2445
f 2449 	2462 	2444
f 2447 	2462 	2449
f 2453 	2462 	2450
f 2465 	2463 	2920
f 2412 	2418 	2462
f 2403 	2401 	2462
f 2465 	2470 	2463
f 2469 	2470 	2464
f 2461 	2469 	2464
f 2465 	1936 	2464
f 1936 	1939 	2464
f 2480 	2485 	2468
f 2468 	1713 	2467
f 2476 	2467 	2474
f 798 	2462 	1196
f 1276 	1196 	2462
f 2465 	2464 	2470
f 2470 	2554 	2463
f 97 	2536 	127
f 117 	127 	2453
f 2471 	2537 	1276
f 2462 	2453 	1276
f 2471 	1276 	2453
f 1693 	2470 	2469
f 1693 	2469 	1690
f 2475 	2476 	2473
f 2474 	2473 	2476
f 1431 	2485 	2479
f 2481 	2479 	2480
f 2480 	2479 	2485
f 2488 	2491 	2487
f 2490 	2487 	2521
f 2515 	4 	2517
f 4 	2523 	2517
f 2490 	1 	2515
f 2521 	2522 	2490
f 1 	2490 	2522
f 4 	2515 	1
f 2523 	2524 	2517
f 2518 	2517 	2524
f 2524 	2525 	2518
f 2520 	2518 	2525
f 2520 	2525 	2526
f 2471 	2453 	127
f 2535 	2537 	2536
f 2536 	2537 	127
f 127 	2537 	2471
f 2536 	1248 	2541
f 2536 	2541 	2535
f 800 	1248 	2536
f 2480 	2544 	2533
f 2480 	2533 	2529
f 2541 	1250 	1276
f 2480 	2491 	2544
f 2488 	2544 	2491
f 2521 	2487 	2491
f 2527 	2526 	2476
f 2476 	2526 	2525
f 2476 	2480 	2529
f 2529 	2527 	2476
f 1687 	2481 	2475
f 1688 	1687 	2475
f 2476 	2475 	2481
f 2480 	2476 	2481
f 2474 	2467 	1715
f 1714 	1715 	2467
f 2537 	2535 	1276
f 2541 	1276 	2535
f 1254 	1276 	1250
f 1254 	1256 	1276
f 81 	74 	2549
f 2555 	2462 	870
f 2555 	2406 	2462
f 2549 	2406 	2555
f 2551 	2475 	2550
f 2473 	2550 	2475
f 2473 	2463 	2554
f 2552 	2554 	2470
f 2554 	2550 	2473
f 2525 	2556 	2557
f 2578 	2585 	2555
f 1312 	1375 	2555
f 1713 	1716 	2396
f 2786 	2775 	643
f 2558 	2559 	2561
f 35 	1713 	2396
f 2590 	622 	2600
f 2467 	2476 	2562
f 2567 	2570 	2568
f 2570 	2803 	2798
f 2568 	2570 	2798
f 2578 	2567 	2568
f 2578 	2568 	2579
f 616 	2568 	614
f 2585 	2578 	2579
f 2589 	2585 	2579
f 2589 	2579 	2590
f 2589 	2596 	2555
f 2596 	2589 	2590
f 2598 	2599 	2600
f 2599 	2596 	2590
f 2599 	2590 	2600
f 2549 	2604 	81
f 2604 	2598 	2600
f 2604 	2600 	81
f 2579 	2568 	616
f 616 	2590 	2579
f 2525 	2557 	2561
f 2525 	2561 	2559
f 2559 	2562 	2476
f 2525 	2559 	2476
f 622 	809 	2600
f 2475 	2551 	1689
f 2475 	1689 	1688
f 1692 	2552 	2470
f 1692 	2470 	1693
f 1084 	2479 	2631
f 2481 	2630 	2631
f 2481 	2631 	2479
f 2634 	2633 	2469
f 2634 	2469 	2461
f 1713 	2468 	1716
f 2485 	1716 	2468
f 2485 	2328 	2329
f 2585 	2589 	2555
f 2599 	2555 	2596
f 2599 	2598 	2555
f 2604 	2555 	2598
f 2549 	2555 	2604
f 2491 	2655 	2657
f 2659 	2660 	2669
f 2567 	2578 	2555
f 2770 	2773 	2555
f 2570 	2567 	2555
f 2669 	2491 	2659
f 2655 	2491 	2669
f 2480 	2659 	2491
f 2480 	2670 	2659
f 2670 	2480 	2468
f 1714 	1989 	1715
f 1687 	1686 	2630
f 1687 	2630 	2481
f 2633 	1691 	1690
f 2633 	1690 	2469
f 2525 	2524 	2685
f 2525 	2685 	2556
f 2523 	2687 	2685
f 2523 	2685 	2524
f 4 	3 	2687
f 4 	2687 	2523
f 2522 	2691 	2
f 2522 	2 	1
f 2521 	2692 	2691
f 2521 	2691 	2522
f 1989 	1478 	1715
f 2491 	2657 	2521
f 2692 	2521 	2657
f 2487 	2711 	2712
f 2487 	2712 	2488
f 2490 	2715 	2711
f 2490 	2711 	2487
f 2515 	2718 	2715
f 2515 	2715 	2490
f 2718 	2515 	2517
f 2718 	2517 	2722
f 2722 	2517 	2518
f 2722 	2518 	2732
f 2732 	2518 	2520
f 2732 	2520 	2733
f 2657 	2655 	2712
f 2692 	2657 	2711
f 2715 	2692 	2711
f 2712 	2711 	2657
f 3 	2 	2718
f 2732 	2685 	2722
f 2733 	2556 	2732
f 2692 	2715 	2691
f 2 	2691 	2715
f 2715 	2718 	2
f 3 	2718 	2722
f 2733 	2557 	2556
f 2685 	2732 	2556
f 2687 	2722 	2685
f 3 	2722 	2687
f 2561 	2748 	2558
f 2561 	2750 	2748
f 2749 	2748 	2750
f 2749 	2750 	2751
f 2562 	2749 	2751
f 2748 	2559 	2558
f 2562 	2559 	2748
f 2562 	2748 	2749
f 2754 	2755 	2751
f 2754 	2751 	2750
f 2467 	2562 	2751
f 2467 	2751 	2755
f 2754 	2759 	2755
f 2757 	2755 	2759
f 2757 	2467 	2755
f 2757 	2759 	2764
f 2761 	2764 	2759
f 2764 	2761 	2766
f 2765 	2766 	2761
f 1989 	1484 	1478
f 22 	2770 	2877
f 2771 	2773 	2772
f 2773 	2770 	22
f 22 	2772 	2773
f 2660 	2768 	2669
f 2774 	2771 	2772
f 2774 	2772 	2775
f 2766 	2765 	2776
f 2768 	2776 	2765
f 2669 	2768 	2765
f 2468 	2766 	2670
f 2764 	2766 	2468
f 2776 	2670 	2766
f 2660 	2659 	2768
f 2768 	2659 	2670
f 2768 	2670 	2776
f 2774 	2781 	2555
f 2781 	2774 	2775
f 2785 	2781 	2775
f 2785 	2775 	2786
f 1481 	1715 	1478
f 660 	643 	2775
f 2785 	2787 	2555
f 2712 	2669 	2784
f 2787 	2785 	2786
f 2791 	2793 	2792
f 2793 	2787 	2786
f 2792 	2793 	2786
f 2797 	2791 	2792
f 2797 	2792 	2798
f 2803 	2797 	2798
f 2783 	2784 	2765
f 2669 	2765 	2784
f 2669 	2712 	2655
f 658 	2772 	22
f 2780 	2750 	2779
f 2561 	2779 	2750
f 2733 	2779 	2561
f 2733 	2561 	2557
f 2772 	658 	2775
f 2782 	2754 	2780
f 2765 	2761 	2783
f 2782 	2783 	2761
f 2761 	2759 	2782
f 2754 	2782 	2759
f 2750 	2780 	2754
f 2520 	2526 	2779
f 2520 	2779 	2733
f 2527 	2780 	2779
f 2527 	2779 	2526
f 2780 	2527 	2529
f 2780 	2529 	2782
f 2533 	2783 	2782
f 2533 	2782 	2529
f 2544 	2784 	2783
f 2544 	2783 	2533
f 2786 	644 	2792
f 2784 	2544 	2488
f 2784 	2488 	2712
f 2468 	2467 	2757
f 2468 	2757 	2764
f 644 	2798 	2792
f 614 	2568 	2798
f 2773 	2771 	2555
f 2877 	2770 	2555
f 2570 	2555 	2803
f 2771 	2774 	2555
f 2781 	2785 	2555
f 2793 	2555 	2787
f 2793 	2791 	2555
f 2797 	2555 	2791
f 2803 	2555 	2797
f 22 	2877 	26
f 1339 	2865 	2555
f 1319 	2555 	1382
f 1319 	1324 	2555
f 2862 	2865 	2864
f 2865 	1339 	1341
f 1341 	2864 	2865
f 2912 	2907 	58
f 11 	58 	2907
f 2873 	2862 	2864
f 2873 	2864 	26
f 2897 	2898 	2876
f 2874 	2485 	2876
f 2875 	2876 	2346
f 2877 	2873 	26
f 2875 	2897 	2876
f 2885 	2887 	2883
f 2886 	2887 	2885
f 2887 	2888 	2889
f 2883 	2887 	2889
f 333 	1152 	1844
f 1984 	1843 	1152
f 2887 	3017 	2888
f 2004 	2891 	2465
f 2890 	2888 	3017
f 2326 	2474 	2894
f 2892 	2890 	3017
f 2895 	2892 	3017
f 2894 	1481 	2799
f 2801 	1485 	2893
f 1485 	779 	2893
f 1324 	1322 	2555
f 2873 	2555 	2862
f 2877 	2555 	2873
f 2865 	2862 	2555
f 1143 	2539 	1157
f 2880 	2876 	2900
f 2898 	2899 	2876
f 2901 	2880 	2900
f 2899 	2900 	2876
f 2902 	2880 	2901
f 2531 	2542 	2891
f 2903 	2891 	2542
f 1157 	2534 	2891
f 2528 	2891 	2534
f 2331 	2485 	2904
f 2528 	2531 	2891
f 2887 	2904 	3016
f 2981 	3014 	15
f 3135 	3130 	255
f 102 	101 	1716
f 101 	99 	1716
f 112 	113 	2396
f 113 	221 	2396
f 236 	237 	2396
f 237 	238 	2396
f 266 	282 	2396
f 278 	366 	2396
f 366 	363 	2396
f 781 	2396 	363
f 363 	364 	781
f 442 	526 	448
f 781 	452 	526
f 781 	526 	548
f 2360 	3162 	255
f 2485 	3517 	1716
f 2093 	2891 	2910
f 1184 	362 	1419
f 2634 	2461 	1140
f 2916 	2917 	2992
f 2917 	2918 	2992
f 2990 	2992 	2918
f 2918 	2880 	2990
f 2902 	2990 	2880
f 2915 	2916 	2992
f 2463 	2473 	2920
f 1233 	2920 	2473
f 2903 	2910 	2891
f 2896 	2895 	3017
f 2939 	2896 	3017
f 2947 	3017 	2946
f 2939 	3017 	2947
f 2396 	781 	35
f 2093 	2910 	2941
f 775 	35 	781
f 2946 	3014 	2951
f 2094 	2093 	2963
f 2951 	3014 	2979
f 2979 	3014 	2981
f 3014 	3015 	119
f 119 	15 	3014
f 2993 	2994 	2913
f 2995 	2913 	2994
f 2992 	2993 	2913
f 2913 	2914 	2992
f 2914 	2915 	2992
f 2963 	2093 	2941
f 2324 	2919 	2893
f 2894 	2920 	2326
f 1233 	2326 	2920
f 2464 	1474 	2461
f 1474 	1419 	2461
f 2920 	2921 	3006
f 2998 	2922 	3006
f 1468 	1475 	2919
f 3001 	2975 	3006
f 1152 	293 	1280
f 2963 	3012 	2094
f 2465 	2920 	3006
f 2998 	3006 	2927
f 2960 	2927 	3006
f 3001 	3006 	2921
f 2920 	2894 	2921
f 2799 	2921 	2894
f 3012 	305 	333
f 2893 	2919 	2922
f 2893 	2922 	2801
f 3014 	2946 	3017
f 2887 	3016 	3017
f 2904 	2485 	3016
f 2926 	2980 	2927
f 2980 	2998 	2927
f 3016 	2485 	3018
f 2930 	2958 	2931
f 2958 	2960 	2931
f 333 	293 	1152
f 2968 	2936 	2970
f 2936 	2937 	2970
f 2937 	2931 	3006
f 2960 	3006 	2931
f 2989 	2974 	2975
f 2970 	3006 	2975
f 2989 	2975 	3001
f 293 	333 	305
f 2970 	2937 	3006
f 2919 	3006 	2922
f 1939 	1843 	2464
f 1984 	1985 	1843
f 2464 	1843 	1985
f 2464 	1985 	1983
f 1474 	2464 	1983
f 40 	475 	1515
f 333 	2094 	3012
f 3094 	3015 	3021
f 3020 	3018 	3030
f 3040 	3030 	3018
f 3031 	3026 	3020
f 3026 	3080 	3020
f 1997 	2003 	3006
f 2093 	2465 	2891
f 3030 	3031 	3020
f 3040 	3018 	3044
f 3044 	3018 	3047
f 3047 	3018 	3049
f 1989 	777 	1484
f 3114 	3115 	3058
f 3106 	3114 	3058
f 3115 	3116 	3058
f 3062 	3106 	3058
f 3063 	3106 	3062
f 3075 	256 	3074
f 3076 	256 	3075
f 3074 	3073 	3080
f 3073 	3020 	3080
f 3086 	3054 	3177
f 3120 	3177 	3054
f 3296 	2362 	294
f 3098 	3099 	3097
f 3098 	3101 	3099
f 3049 	3018 	3100
f 3102 	3103 	3104
f 3102 	3104 	3105
f 3102 	3105 	3106
f 2479 	30 	1431
f 3097 	3099 	3109
f 3108 	3109 	3099
f 3108 	3099 	3111
f 3111 	3191 	3112
f 3056 	3057 	3117
f 3117 	3118 	3056
f 3118 	3119 	3056
f 3055 	3056 	3119
f 3119 	3120 	3055
f 3054 	3055 	3120
f 3057 	3058 	3117
f 3116 	3117 	3058
f 3106 	3063 	3121
f 3106 	3121 	3102
f 777 	779 	1484
f 2474 	2326 	2473
f 1233 	2473 	2326
f 3112 	3191 	3123
f 3126 	3191 	3125
f 3123 	3191 	3126
f 3132 	3191 	3130
f 3125 	3191 	3132
f 269 	270 	3191
f 3143 	3144 	3137
f 3143 	3137 	3136
f 3151 	3152 	3147
f 3151 	3147 	3146
f 3152 	3143 	3136
f 3152 	3136 	3147
f 1485 	1484 	779
f 3191 	3190 	269
f 3190 	3293 	268
f 1481 	2894 	1715
f 3175 	256 	3076
f 2360 	256 	3175
f 3180 	3181 	3179
f 3181 	3182 	3179
f 3182 	3183 	3179
f 3183 	3084 	3179
f 3178 	3179 	3084
f 3084 	3085 	3178
f 3085 	3086 	3178
f 3177 	3178 	3086
f 915 	1325 	2077
f 3099 	3191 	3111
f 3196 	2077 	1325
f 3222 	3223 	3226
f 3222 	3226 	3214
f 3222 	3214 	3278
f 3196 	2080 	2077
f 2080 	3196 	297
f 1762 	3196 	1325
f 3565 	3196 	1762
f 3255 	3252 	3259
f 3249 	3265 	3248
f 3248 	3263 	3250
f 3250 	3258 	3252
f 3254 	3251 	2352
f 3251 	1638 	2322
f 3257 	3265 	3249
f 3259 	3252 	3258
f 2352 	3251 	2322
f 3262 	3265 	3257
f 3258 	3250 	3263
f 3262 	3264 	3265
f 3263 	3248 	3265
f 3264 	3266 	3265
f 3251 	3304 	1638
f 3269 	3270 	3267
f 3267 	3268 	3269
f 3281 	3280 	3269
f 3271 	3270 	3269
f 3314 	3320 	3286
f 3278 	3214 	3277
f 3214 	1431 	3277
f 3280 	3279 	3190
f 3190 	3269 	3280
f 3281 	3269 	3268
f 3274 	3275 	3286
f 3273 	3274 	3286
f 3275 	3312 	3286
f 3288 	3273 	3287
f 3286 	3287 	3273
f 3312 	3313 	3286
f 3294 	294 	3293
f 3295 	294 	3294
f 349 	350 	2362
f 350 	294 	2362
f 3291 	3276 	2325
f 3276 	3254 	2327
f 2325 	3276 	2327
f 3293 	3190 	3297
f 3297 	3190 	3279
f 3299 	3300 	3301
f 3299 	3301 	3302
f 3302 	3303 	3299
f 2352 	2327 	3254
f 3307 	3315 	3306
f 3309 	3310 	3308
f 3306 	3308 	3310
f 3285 	3286 	3322
f 3321 	3322 	3286
f 3320 	3321 	3286
f 3316 	3306 	3315
f 3308 	3306 	3316
f 3318 	3315 	3317
f 3317 	3374 	3318
f 3251 	3305 	3304
f 1732 	1638 	1733
f 1733 	1638 	3304
f 3398 	3311 	3251
f 3305 	3251 	3311
f 3307 	3317 	3315
f 3400 	3402 	3276
f 3323 	3324 	3285
f 3284 	3285 	3324
f 3324 	3325 	3284
f 3283 	3284 	3325
f 3325 	3326 	3283
f 3326 	3353 	3283
f 3322 	3323 	3285
f 3313 	3314 	3286
f 3388 	345 	3329
f 369 	345 	3386
f 3328 	3332 	3330
f 3374 	3375 	3318
f 3319 	3375 	3331
f 3330 	3333 	3407
f 3331 	3407 	3333
f 3332 	3333 	3330
f 3329 	345 	3328
f 3335 	3328 	3334
f 3332 	3328 	3335
f 3328 	345 	3334
f 3388 	3386 	345
f 3337 	3334 	345
f 3356 	3303 	3355
f 3354 	3355 	3303
f 3353 	3354 	3303
f 3357 	3303 	3356
f 3299 	3303 	3357
f 3303 	3283 	3353
f 2330 	3336 	2325
f 2330 	3362 	3336
f 3291 	2325 	3336
f 3364 	3365 	2353
f 3366 	2353 	3365
f 3363 	3364 	2353
f 2353 	1431 	3369
f 3368 	2353 	3367
f 3363 	2353 	3368
f 1431 	3372 	3370
f 3367 	2353 	3369
f 3373 	3372 	468
f 1431 	532 	3372
f 3411 	3407 	3429
f 3377 	3378 	3407
f 3429 	3430 	3411
f 3376 	3377 	3407
f 3410 	3411 	3430
f 3375 	3376 	3407
f 3319 	3318 	3375
f 372 	369 	3382
f 3386 	3382 	369
f 2542 	3396 	2903
f 3397 	2903 	3395
f 3396 	3395 	2903
f 3402 	3399 	3254
f 3251 	3254 	3398
f 3400 	3276 	3401
f 3254 	3276 	3402
f 3398 	3254 	3399
f 3407 	3331 	3375
f 3378 	3379 	3407
f 3379 	3429 	3407
f 3430 	3431 	3410
f 532 	468 	3372
f 3414 	3373 	468
f 468 	469 	3414
f 3421 	3422 	395
f 3464 	3488 	3291
f 3336 	3464 	3291
f 3362 	3464 	3336
f 2330 	2087 	3418
f 3362 	2330 	3418
f 3422 	3415 	395
f 3413 	3414 	469
f 3426 	3423 	395
f 3424 	395 	3423
f 3421 	395 	3424
f 3426 	395 	3427
f 3427 	372 	3428
f 3382 	3428 	372
f 3435 	3436 	3434
f 3433 	3434 	3436
f 3436 	3408 	3433
f 3431 	3433 	3408
f 3408 	3409 	3431
f 3409 	3410 	3431
f 2910 	2903 	3444
f 3397 	3444 	2903
f 3454 	2910 	3450
f 3444 	3450 	2910
f 3276 	3461 	3455
f 3276 	3455 	3401
f 2941 	2910 	3438
f 3454 	3439 	2910
f 3439 	3438 	2910
f 3441 	3461 	3291
f 3276 	3291 	3461
f 37 	2933 	2932
f 37 	2932 	32
f 2087 	2338 	3468
f 3474 	3468 	2338
f 3418 	2087 	3468
f 3438 	3481 	2941
f 3481 	3487 	2941
f 3493 	2941 	3487
f 3464 	3490 	3489
f 3464 	3489 	3488
f 3441 	3291 	3488
f 3543 	3491 	3418
f 3529 	3528 	3468
f 3468 	3528 	3418
f 3493 	3492 	2941
f 3490 	3464 	3491
f 3362 	3418 	3464
f 3474 	3549 	3468
f 3474 	2338 	3501
f 3501 	2338 	2341
f 107 	1716 	3514
f 102 	1716 	107
f 3514 	1716 	3515
f 3516 	1716 	3517
f 2485 	2874 	2328
f 3517 	2485 	3519
f 49 	86 	2329
f 3519 	2329 	83
f 289 	3501 	2341
f 3536 	3535 	2963
f 3528 	3532 	3418
f 3531 	3418 	3532
f 3543 	3418 	3531
f 3534 	2963 	3535
f 3538 	2963 	3534
f 3539 	3536 	2963
f 3492 	3544 	2941
f 3491 	3464 	3418
f 3539 	2963 	3544
f 2963 	2941 	3544
f 3538 	3537 	2963
f 3530 	3529 	3468
f 3549 	3542 	3468
f 3501 	3549 	3474
f 3468 	3542 	3530
f 3557 	3012 	3537
f 3501 	289 	3549
f 288 	3549 	289
f 286 	2079 	297
f 289 	2341 	286
f 2080 	297 	2079
f 2341 	2079 	286
f 3562 	3561 	293
f 293 	3561 	3563
f 293 	3563 	1280
f 1741 	1280 	3563
f 3564 	3196 	3565
f 295 	3196 	3564
f 303 	3562 	293
f 2963 	3537 	3012
f 3549 	3554 	3553
f 3549 	3553 	3555
f 3555 	3542 	3549
f 3556 	3554 	3549
f 3557 	3560 	3012
f 305 	3012 	290
f 3556 	3549 	288
f 290 	3012 	3559
f 3559 	3012 	3560
f 3503 	41 	33
f 3503 	33 	3504
# 2417 faces

g group_0_3888547

usemtl color_3888547
s 0

f 514 	907 	508
f 551 	517 	514
f 551 	521 	517
f 507 	551 	508
f 551 	514 	508
f 551 	528 	521
f 551 	537 	528
f 551 	584 	537
f 584 	551 	592
f 551 	597 	592
f 551 	599 	597
f 600 	599 	551
f 551 	507 	600
f 901 	907 	902
f 901 	908 	907
f 922 	902 	907
f 908 	507 	508
f 908 	508 	907
f 1065 	507 	908
f 2181 	2180 	928
f 928 	939 	940
f 941 	975 	939
f 907 	951 	922
f 951 	957 	922
f 951 	517 	957
f 971 	935 	957
f 922 	957 	935
f 940 	939 	975
f 978 	975 	941
f 978 	971 	975
f 957 	975 	971
f 521 	528 	975
f 514 	951 	907
f 517 	951 	514
f 517 	521 	957
f 957 	521 	975
f 940 	1010 	1903
f 975 	1030 	940
f 975 	528 	1030
f 1010 	940 	1030
f 1010 	1031 	877
f 1010 	1030 	1031
f 877 	1031 	1148
f 1031 	584 	1148
f 877 	1148 	1138
f 528 	537 	1030
f 537 	1031 	1030
f 537 	584 	1031
f 1056 	1065 	908
f 1056 	908 	901
f 507 	1065 	600
f 1087 	1083 	1090
f 1095 	2261 	1102
f 1124 	1095 	1102
f 1056 	1095 	1065
f 1124 	1065 	1095
f 1114 	1112 	1113
f 1083 	1113 	1112
f 1112 	1090 	1083
f 1109 	1113 	1083
f 1113 	1124 	1114
f 1122 	1114 	1124
f 1122 	1124 	1102
f 1109 	597 	1113
f 592 	597 	1109
f 1124 	1113 	599
f 1113 	597 	599
f 599 	600 	1065
f 599 	1065 	1124
f 1109 	1083 	1138
f 1148 	1109 	1138
f 1148 	584 	592
f 1148 	592 	1109
f 1555 	1556 	1557
f 1556 	1560 	1557
f 1560 	1562 	1557
f 1562 	1563 	1557
f 1563 	1567 	1557
f 1567 	1568 	1557
f 1671 	1673 	1557
f 1555 	1557 	1673
f 1560 	2181 	1562
f 1568 	1666 	1557
f 1557 	1666 	1667
f 1557 	1667 	1668
f 1668 	1671 	1557
f 2241 	2175 	1555
f 1560 	2180 	2181
f 1563 	1562 	1903
f 2181 	1903 	1562
f 1903 	1947 	1563
f 1947 	1567 	1563
f 2292 	1568 	1567
f 1666 	2021 	1667
f 1947 	2292 	1567
f 1903 	1010 	1947
f 1010 	877 	1947
f 1947 	877 	2292
f 1961 	1666 	1568
f 1138 	1083 	1961
f 2021 	1666 	1961
f 2021 	1961 	1083
f 1083 	1087 	2021
f 1088 	2021 	1087
f 1088 	1094 	2021
f 2171 	1673 	2150
f 1673 	1671 	2150
f 2150 	1095 	1056
f 1668 	2150 	1671
f 2150 	1056 	2171
f 1056 	901 	2171
f 2175 	1556 	1555
f 902 	2175 	2241
f 922 	2175 	902
f 2180 	1560 	2175
f 1560 	1556 	2175
f 931 	927 	2180
f 2175 	922 	2180
f 927 	928 	2180
f 931 	2180 	935
f 922 	935 	2180
f 928 	940 	2181
f 2181 	940 	1903
f 1555 	1673 	2241
f 2241 	901 	902
f 2241 	1673 	2171
f 2241 	2171 	901
f 2261 	1667 	2021
f 1668 	1667 	2261
f 2261 	2150 	1668
f 2261 	2021 	1094
f 2150 	2261 	1095
f 1094 	1102 	2261
f 2292 	1961 	1568
f 2292 	1138 	1961
f 877 	1138 	2292
# 136 faces

g group_0_6383466

usemtl color_6383466
s 0

f 11 	10 	12
f 11 	12 	14
f 10 	15 	21
f 10 	21 	12
f 55 	50 	49
f 51 	50 	55
f 51 	55 	56
f 52 	51 	56
f 52 	56 	57
f 53 	52 	57
f 46 	45 	61
f 181 	64 	62
f 63 	62 	64
f 45 	63 	64
f 45 	64 	61
f 66 	65 	73
f 67 	66 	73
f 67 	73 	75
f 69 	67 	75
f 69 	75 	76
f 70 	69 	76
f 70 	76 	77
f 71 	70 	77
f 72 	78 	230
f 79 	71 	80
f 77 	80 	71
f 72 	79 	80
f 72 	80 	78
f 83 	82 	84
f 82 	86 	87
f 82 	87 	84
f 86 	88 	89
f 86 	89 	87
f 61 	89 	46
f 88 	46 	89
f 91 	90 	94
f 91 	94 	95
f 92 	91 	95
f 92 	95 	96
f 93 	92 	96
f 93 	96 	98
f 99 	101 	100
f 103 	100 	101
f 65 	93 	98
f 65 	98 	73
f 102 	103 	101
f 102 	107 	103
f 3448 	103 	107
f 113 	112 	114
f 115 	116 	114
f 115 	114 	112
f 100 	116 	115
f 100 	115 	99
f 15 	119 	21
f 118 	121 	119
f 21 	119 	121
f 118 	122 	121
f 121 	122 	156
f 183 	156 	157
f 122 	157 	156
f 226 	196 	160
f 226 	160 	159
f 163 	53 	172
f 57 	172 	53
f 165 	163 	172
f 165 	172 	175
f 166 	165 	175
f 166 	175 	176
f 167 	166 	176
f 167 	176 	178
f 168 	167 	178
f 168 	178 	179
f 169 	168 	179
f 169 	179 	180
f 170 	169 	180
f 170 	180 	181
f 62 	170 	181
f 157 	182 	183
f 182 	184 	185
f 182 	185 	183
f 184 	186 	187
f 184 	187 	185
f 186 	188 	189
f 186 	189 	187
f 188 	191 	193
f 188 	193 	189
f 194 	196 	193
f 194 	193 	191
f 196 	194 	160
f 200 	199 	204
f 200 	204 	205
f 199 	207 	204
f 201 	200 	205
f 201 	205 	209
f 215 	204 	211
f 207 	211 	204
f 209 	94 	201
f 90 	201 	94
f 211 	213 	215
f 213 	217 	218
f 213 	218 	215
f 217 	221 	224
f 217 	224 	218
f 221 	113 	224
f 114 	224 	113
f 202 	226 	159
f 229 	230 	226
f 229 	226 	202
f 230 	229 	72
f 236 	239 	240
f 236 	240 	237
f 238 	241 	266
f 244 	237 	240
f 244 	240 	247
f 236 	252 	239
f 254 	239 	252
f 245 	244 	247
f 245 	247 	250
f 252 	256 	258
f 252 	258 	254
f 261 	259 	262
f 261 	262 	263
f 256 	261 	263
f 256 	263 	258
f 238 	245 	250
f 238 	250 	241
f 262 	259 	255
f 262 	255 	265
f 241 	267 	266
f 271 	269 	268
f 271 	268 	272
f 273 	265 	270
f 255 	270 	265
f 271 	282 	269
f 270 	266 	267
f 270 	267 	273
f 280 	278 	292
f 278 	282 	292
f 271 	292 	282
f 350 	298 	294
f 301 	300 	304
f 326 	361 	360
f 306 	317 	304
f 306 	304 	300
f 320 	321 	317
f 320 	317 	306
f 298 	272 	294
f 268 	294 	272
f 327 	361 	326
f 304 	342 	301
f 327 	326 	325
f 327 	325 	330
f 324 	301 	342
f 325 	332 	334
f 325 	334 	330
f 335 	331 	342
f 331 	324 	342
f 332 	336 	339
f 332 	339 	334
f 342 	341 	335
f 336 	341 	342
f 336 	342 	339
f 278 	280 	345
f 347 	345 	280
f 350 	349 	351
f 350 	351 	356
f 349 	345 	347
f 349 	347 	351
f 298 	350 	356
f 361 	321 	360
f 320 	360 	321
f 364 	363 	365
f 365 	363 	368
f 366 	368 	363
f 366 	369 	371
f 366 	371 	368
f 369 	372 	374
f 369 	374 	371
f 375 	396 	377
f 386 	387 	383
f 386 	383 	382
f 384 	383 	387
f 466 	390 	379
f 380 	379 	390
f 381 	380 	390
f 381 	390 	392
f 372 	375 	377
f 372 	377 	374
f 386 	382 	381
f 386 	381 	392
f 396 	397 	377
f 397 	396 	395
f 397 	395 	399
f 413 	412 	414
f 419 	414 	418
f 412 	418 	414
f 419 	418 	417
f 419 	417 	416
f 416 	420 	423
f 416 	423 	419
f 530 	423 	420
f 425 	384 	433
f 387 	433 	384
f 426 	425 	433
f 426 	433 	435
f 427 	426 	435
f 427 	435 	436
f 428 	427 	436
f 428 	436 	437
f 429 	428 	437
f 429 	437 	438
f 430 	429 	438
f 430 	438 	440
f 431 	430 	440
f 443 	447 	444
f 447 	443 	442
f 448 	451 	447
f 448 	447 	442
f 451 	448 	452
f 454 	431 	459
f 440 	459 	431
f 455 	454 	459
f 455 	459 	461
f 456 	455 	461
f 456 	461 	463
f 457 	456 	463
f 457 	463 	465
f 458 	457 	465
f 458 	465 	466
f 379 	458 	466
f 365 	451 	452
f 365 	452 	364
f 524 	399 	469
f 395 	469 	399
f 523 	527 	526
f 523 	526 	468
f 420 	529 	530
f 447 	530 	444
f 529 	444 	530
f 469 	413 	414
f 469 	414 	524
f 468 	532 	533
f 468 	533 	523
f 538 	536 	535
f 538 	535 	539
f 535 	540 	541
f 535 	541 	539
f 680 	541 	543
f 540 	543 	541
f 544 	536 	538
f 544 	538 	546
f 532 	544 	546
f 532 	546 	533
f 548 	526 	549
f 527 	549 	526
f 555 	554 	561
f 555 	561 	562
f 556 	555 	562
f 556 	562 	564
f 557 	556 	564
f 557 	564 	565
f 558 	557 	565
f 558 	565 	566
f 559 	558 	566
f 559 	566 	568
f 560 	559 	568
f 553 	552 	677
f 553 	677 	678
f 561 	554 	553
f 561 	553 	678
f 543 	679 	680
f 684 	680 	683
f 679 	683 	680
f 684 	683 	682
f 682 	685 	686
f 682 	686 	684
f 690 	686 	687
f 685 	687 	686
f 690 	687 	68
f 690 	68 	692
f 690 	692 	694
f 696 	699 	694
f 696 	694 	692
f 549 	699 	696
f 549 	696 	548
f 701 	560 	706
f 568 	706 	560
f 702 	701 	706
f 702 	706 	708
f 703 	702 	708
f 703 	708 	709
f 704 	703 	709
f 704 	709 	711
f 711 	677 	704
f 552 	704 	677
f 2331 	2333 	2334
f 2331 	2334 	2332
f 2334 	2346 	2332
f 2328 	2350 	2351
f 2328 	2351 	2329
f 2353 	2355 	2356
f 2353 	2356 	2354
f 2388 	2387 	2333
f 2374 	2477 	2373
f 2377 	2376 	2382
f 2382 	2383 	2377
f 2378 	2377 	2383
f 2383 	2384 	2378
f 2379 	2378 	2384
f 2384 	2385 	2379
f 2381 	2379 	2385
f 2381 	2385 	2386
f 2380 	2334 	2387
f 2382 	2376 	2380
f 2334 	2380 	2376
f 2333 	2387 	2334
f 2389 	2387 	2388
f 2500 	2478 	2390
f 2392 	2390 	2478
f 2482 	2483 	2393
f 2472 	2393 	2483
f 2483 	2375 	2472
f 2477 	2472 	2375
f 2375 	2373 	2477
f 2381 	2386 	2486
f 2489 	2486 	2498
f 2386 	2498 	2486
f 2498 	2502 	2489
f 2502 	2503 	2492
f 2492 	2489 	2502
f 2393 	2392 	2482
f 2478 	2482 	2392
f 2497 	2506 	2390
f 2503 	2505 	2494
f 2494 	2492 	2503
f 2497 	2494 	2505
f 2505 	2506 	2497
f 2500 	2390 	2506
f 2509 	2510 	2511
f 2510 	2512 	2511
f 2513 	2511 	2514
f 2513 	2514 	2563
f 2514 	2511 	2512
f 2565 	2564 	2573
f 2566 	2565 	2573
f 2569 	2566 	2575
f 2575 	2566 	2573
f 2575 	2576 	2569
f 2571 	2569 	2576
f 2576 	2577 	2571
f 2574 	2612 	2577
f 2583 	2584 	2580
f 2581 	2580 	2584
f 2573 	2564 	2584
f 2581 	2584 	2564
f 2587 	2514 	2586
f 2512 	2586 	2514
f 2591 	2597 	2594
f 2610 	2603 	2595
f 2595 	2594 	2597
f 2592 	2601 	2591
f 2574 	2601 	2592
f 2597 	2591 	2601
f 2594 	2595 	2602
f 2602 	2595 	2603
f 2605 	2603 	2610
f 2606 	2605 	2610
f 2610 	2611 	2606
f 2608 	2606 	2611
f 2609 	2608 	2611
f 2609 	2611 	2616
f 2571 	2577 	2612
f 2574 	2592 	2612
f 2613 	2609 	2616
f 2616 	2618 	2613
f 2614 	2613 	2618
f 2618 	2620 	2614
f 2615 	2614 	2620
f 2620 	2622 	2615
f 2617 	2615 	2622
f 2622 	2624 	2617
f 2619 	2617 	2624
f 2624 	2625 	2619
f 2621 	2619 	2625
f 2625 	2583 	2621
f 2623 	2621 	2583
f 2580 	2623 	2583
f 2636 	2642 	2628
f 2641 	2637 	2638
f 2641 	2638 	2639
f 2636 	2641 	2639
f 2628 	2668 	2636
f 2650 	2643 	2641
f 2637 	2641 	2643
f 2588 	2645 	2629
f 2629 	2628 	2642
f 2588 	2629 	2642
f 2646 	2650 	2642
f 2647 	2650 	2646
f 2649 	2650 	2647
f 2643 	2650 	2649
f 2588 	2642 	2650
f 2678 	2665 	2658
f 2664 	2665 	2678
f 2662 	2658 	2665
f 2673 	2672 	2676
f 2672 	2671 	2676
f 2675 	2673 	2679
f 2676 	2679 	2673
f 2679 	2680 	2675
f 2677 	2675 	2680
f 2680 	2664 	2677
f 2678 	2677 	2664
f 2641 	2636 	2668
f 2667 	2668 	2628
f 2683 	2681 	2688
f 2684 	2683 	2688
f 2676 	2671 	2689
f 2686 	2689 	2671
f 2686 	2684 	2689
f 2688 	2689 	2684
f 2662 	2698 	2696
f 2662 	2696 	2658
f 2698 	2699 	2697
f 2697 	2696 	2698
f 2700 	2697 	2699
f 2701 	2700 	2699
f 2699 	2706 	2701
f 2702 	2701 	2706
f 2703 	2702 	2706
f 2706 	2707 	2703
f 2704 	2703 	2707
f 2705 	2704 	2707
f 2705 	2707 	2714
f 2709 	2705 	2714
f 2714 	2717 	2709
f 2710 	2709 	2717
f 2717 	2721 	2710
f 2713 	2710 	2721
f 2721 	2724 	2713
f 2716 	2713 	2724
f 2724 	2725 	2716
f 2720 	2716 	2725
f 2681 	2720 	2726
f 2688 	2681 	2726
f 2725 	2726 	2720
f 2737 	2739 	2727
f 2729 	2727 	2739
f 2739 	2741 	2729
f 2731 	2729 	2741
f 2741 	2742 	2731
f 2736 	2731 	2742
f 2742 	2743 	2736
f 2738 	2736 	2743
f 2738 	2743 	2744
f 2737 	2694 	2745
f 2693 	2745 	2694
f 2727 	2694 	2737
f 2355 	2745 	2356
f 2693 	2356 	2745
f 2708 	2846 	2844
f 2848 	2849 	2842
f 2842 	2747 	2848
f 2844 	2842 	2849
f 2708 	2844 	2849
f 2738 	2744 	2852
f 2854 	2852 	2858
f 2744 	2858 	2852
f 2858 	2860 	2854
f 2856 	2855 	2863
f 2860 	2863 	2855
f 2855 	2854 	2860
f 2863 	2868 	2856
f 2868 	2869 	2857
f 2857 	2856 	2868
f 2847 	2848 	2747
f 2747 	2861 	2847
f 2867 	2847 	2861
f 2861 	2859 	2867
f 2859 	2857 	2869
f 2869 	2870 	2859
f 2867 	2859 	2870
f 2872 	2871 	2375
f 2871 	2874 	2373
f 2871 	2373 	2375
f 2875 	2346 	2334
f 2333 	2331 	2388
f 2876 	2374 	2373
f 2876 	2373 	2874
f 2876 	2880 	2374
f 2883 	2382 	2885
f 2380 	2885 	2382
f 2883 	2889 	2382
f 2888 	2383 	2889
f 2382 	2889 	2383
f 2888 	2890 	2384
f 2888 	2384 	2383
f 2890 	2892 	2385
f 2890 	2385 	2384
f 2892 	2895 	2386
f 2892 	2386 	2385
f 2895 	2896 	2386
f 2898 	2897 	2376
f 2898 	2376 	2377
f 2899 	2898 	2377
f 2899 	2377 	2378
f 2900 	2899 	2378
f 2900 	2378 	2379
f 2901 	2900 	2379
f 2901 	2379 	2381
f 2902 	2901 	2381
f 2886 	2885 	2380
f 2886 	2380 	2387
f 2897 	2875 	2376
f 2334 	2376 	2875
f 2389 	2887 	2886
f 2389 	2886 	2387
f 2331 	2904 	2388
f 2904 	2887 	2389
f 2904 	2389 	2388
f 2906 	2905 	2478
f 2905 	2908 	2478
f 2907 	2482 	2908
f 2478 	2908 	2482
f 2912 	2483 	2482
f 2912 	2482 	2907
f 2912 	2872 	2483
f 2375 	2483 	2872
f 2914 	2913 	2390
f 2915 	2914 	2390
f 2915 	2390 	2392
f 2916 	2915 	2392
f 2916 	2392 	2393
f 2917 	2916 	2393
f 2917 	2393 	2472
f 2918 	2917 	2472
f 2918 	2472 	2477
f 2880 	2918 	2477
f 2880 	2477 	2374
f 2386 	2896 	2498
f 2939 	2498 	2896
f 2502 	2498 	2947
f 2939 	2947 	2498
f 2502 	2947 	2946
f 2946 	2951 	2503
f 2946 	2503 	2502
f 2951 	2979 	2505
f 2951 	2505 	2503
f 2979 	2981 	2506
f 2979 	2506 	2505
f 2981 	2983 	2500
f 2981 	2500 	2506
f 2983 	2906 	2500
f 2478 	2500 	2906
f 2990 	2902 	2486
f 2381 	2486 	2902
f 2992 	2990 	2486
f 2992 	2486 	2489
f 2993 	2992 	2489
f 2993 	2489 	2492
f 2994 	2993 	2492
f 2994 	2492 	2494
f 2995 	2994 	2494
f 2995 	2494 	2497
f 2913 	2995 	2497
f 2913 	2497 	2390
f 3014 	2513 	2563
f 3014 	2563 	3015
f 3017 	3016 	2509
f 3017 	2509 	2511
f 3016 	3018 	2510
f 3016 	2510 	2509
f 3018 	3020 	2510
f 3014 	3017 	2511
f 3014 	2511 	2513
f 2514 	2587 	3094
f 3020 	2512 	2510
f 3021 	3015 	2563
f 3021 	2563 	2514
f 3094 	3021 	2514
f 2575 	2573 	3031
f 3026 	3031 	2573
f 2575 	3031 	3030
f 3030 	3040 	2576
f 3030 	2576 	2575
f 3040 	3044 	2577
f 3040 	2577 	2576
f 3044 	3047 	2574
f 3044 	2574 	2577
f 3047 	3049 	2574
f 2581 	2564 	3054
f 3055 	3054 	2564
f 3056 	3055 	2564
f 3056 	2564 	2565
f 3057 	3056 	2565
f 3057 	2565 	2566
f 3058 	3057 	2566
f 3058 	2566 	2569
f 3062 	3058 	2569
f 3062 	2569 	2571
f 3063 	3062 	2571
f 3020 	3073 	2512
f 2625 	3076 	2583
f 3075 	2583 	3076
f 3074 	2583 	3075
f 3080 	2584 	2583
f 3080 	2583 	3074
f 3080 	3026 	2584
f 2573 	2584 	3026
f 3085 	3084 	2580
f 3086 	3085 	2580
f 3086 	2580 	2581
f 3054 	3086 	2581
f 2512 	3073 	2586
f 3094 	2587 	2586
f 3094 	2586 	3073
f 3099 	2588 	2650
f 3099 	3214 	2588
f 2595 	3098 	3097
f 2595 	3097 	2610
f 3049 	3100 	2601
f 3049 	2601 	2574
f 3100 	2372 	2597
f 3100 	2597 	2601
f 2595 	3101 	3098
f 2595 	2597 	3101
f 2372 	3101 	2597
f 2592 	2591 	3104
f 2592 	3104 	3103
f 3105 	3104 	2591
f 3105 	2591 	2594
f 3106 	3105 	2594
f 2592 	3103 	3102
f 3097 	3109 	2610
f 2610 	3109 	3108
f 3108 	3111 	2611
f 3108 	2611 	2610
f 2616 	2611 	3112
f 3111 	3112 	2611
f 3114 	3106 	2602
f 2594 	2602 	3106
f 3115 	3114 	2602
f 3115 	2602 	2603
f 3116 	3115 	2603
f 3116 	2603 	2605
f 3117 	3116 	2605
f 3117 	2605 	2606
f 3118 	3117 	2606
f 3118 	2606 	2608
f 3119 	3118 	2608
f 3119 	2608 	2609
f 3120 	3119 	2609
f 2571 	2612 	3063
f 3121 	3063 	2612
f 3102 	3121 	2612
f 3102 	2612 	2592
f 3112 	3123 	2616
f 3123 	3126 	2616
f 3125 	2618 	3126
f 2616 	3126 	2618
f 3125 	3132 	2618
f 3130 	2620 	3132
f 2618 	3132 	2620
f 3130 	3135 	2620
f 2620 	3135 	2622
f 3135 	3162 	2622
f 2622 	3162 	2624
f 3162 	2360 	2625
f 3162 	2625 	2624
f 3175 	2625 	2360
f 2625 	3175 	3076
f 3177 	3120 	2613
f 2609 	2613 	3120
f 3178 	3177 	2613
f 3178 	2613 	2614
f 3179 	3178 	2614
f 3179 	2614 	2615
f 3180 	3179 	2615
f 3180 	2615 	2617
f 3181 	3180 	2617
f 3181 	2617 	2619
f 3182 	3181 	2619
f 3182 	2619 	2621
f 3183 	3182 	2621
f 3183 	2621 	2623
f 3084 	3183 	2623
f 3084 	2623 	2580
f 3191 	2641 	3190
f 2641 	3191 	2650
f 2650 	3191 	3099
f 3214 	2645 	2588
f 3223 	3222 	2628
f 2667 	2628 	3222
f 2628 	2629 	3226
f 2628 	3226 	3223
f 3249 	3248 	2637
f 3255 	3259 	2636
f 3248 	3250 	2638
f 3248 	2638 	2637
f 3250 	3252 	2639
f 3250 	2639 	2638
f 3252 	3255 	2636
f 3252 	2636 	2639
f 3214 	3226 	2629
f 3214 	2629 	2645
f 2642 	2636 	3259
f 2637 	2643 	3249
f 2642 	3259 	3258
f 2642 	3258 	2646
f 3257 	3249 	2643
f 3258 	3263 	2647
f 3258 	2647 	2646
f 3264 	3262 	2643
f 3262 	3257 	2643
f 3263 	3265 	2649
f 3263 	2649 	2647
f 2643 	3266 	3264
f 3265 	3266 	2643
f 3265 	2643 	2649
f 3268 	3267 	2664
f 3267 	3270 	2665
f 3267 	2665 	2664
f 3270 	3271 	2662
f 3270 	2662 	2665
f 3271 	3272 	2662
f 2658 	3275 	3274
f 3274 	3273 	2658
f 2678 	2658 	3273
f 2668 	3269 	3190
f 3278 	3277 	2667
f 3277 	3269 	2668
f 3277 	2668 	2667
f 2676 	3279 	2679
f 3280 	2679 	3279
f 3281 	2679 	3280
f 2679 	3281 	2680
f 3281 	3268 	2680
f 2664 	2680 	3268
f 3283 	3303 	2671
f 3284 	3283 	2671
f 3284 	2671 	2672
f 3285 	3284 	2672
f 3285 	2672 	2673
f 3286 	3285 	2673
f 3286 	2673 	2675
f 3287 	3286 	2675
f 3287 	2675 	2677
f 3288 	3287 	2677
f 3288 	2677 	2678
f 3273 	3288 	2678
f 2641 	2668 	3190
f 3222 	3278 	2667
f 2688 	2726 	3295
f 3294 	2688 	3295
f 3293 	2688 	3294
f 3297 	2689 	2688
f 3297 	2688 	3293
f 3297 	3279 	2689
f 2676 	2689 	3279
f 2720 	2681 	3299
f 3300 	3299 	2681
f 3301 	3300 	2681
f 3301 	2681 	2683
f 3302 	3301 	2683
f 3302 	2683 	2684
f 3303 	3302 	2684
f 3303 	2684 	2686
f 3303 	2686 	2671
f 3307 	3306 	2694
f 3306 	3310 	2693
f 3306 	2693 	2694
f 2699 	3309 	3308
f 3272 	2371 	2698
f 3272 	2698 	2662
f 2371 	3309 	2699
f 2371 	2699 	2698
f 3312 	3275 	2696
f 2658 	2696 	3275
f 3313 	3312 	2696
f 3313 	2696 	2697
f 3314 	3313 	2697
f 2694 	3317 	3307
f 2699 	3308 	2706
f 3316 	2706 	3308
f 2706 	3316 	3315
f 3315 	3318 	2707
f 3315 	2707 	2706
f 2714 	2707 	3319
f 3318 	3319 	2707
f 3320 	3314 	2700
f 2697 	2700 	3314
f 3321 	3320 	2700
f 3321 	2700 	2701
f 3322 	3321 	2701
f 3322 	2701 	2702
f 3323 	3322 	2702
f 3323 	2702 	2703
f 3324 	3323 	2703
f 3324 	2703 	2704
f 3325 	3324 	2704
f 3325 	2704 	2705
f 3326 	3325 	2705
f 3328 	2708 	3329
f 2708 	3328 	3330
f 3319 	3331 	2714
f 3331 	3333 	2714
f 3332 	2717 	3333
f 2714 	3333 	2717
f 3332 	3335 	2717
f 3334 	2721 	3335
f 2717 	3335 	2721
f 3334 	3337 	2721
f 2721 	3337 	2724
f 3337 	3350 	2725
f 3337 	2725 	2724
f 3350 	2362 	2726
f 3350 	2726 	2725
f 2362 	3296 	2726
f 3296 	3295 	2726
f 3353 	3326 	2709
f 2705 	2709 	3326
f 3354 	3353 	2709
f 3354 	2709 	2710
f 3355 	3354 	2710
f 3355 	2710 	2713
f 3356 	3355 	2713
f 3356 	2713 	2716
f 3357 	3356 	2716
f 3357 	2716 	2720
f 3299 	3357 	2720
f 3365 	3364 	2737
f 3363 	2739 	3364
f 2737 	3364 	2739
f 3363 	3368 	2739
f 3367 	2741 	3368
f 2739 	3368 	2741
f 3367 	3369 	2742
f 3367 	2742 	2741
f 3369 	3370 	2743
f 3369 	2743 	2742
f 3370 	3372 	2744
f 3370 	2744 	2743
f 3372 	3373 	2744
f 3375 	3374 	2727
f 3375 	2727 	2729
f 3376 	3375 	2729
f 3376 	2729 	2731
f 3377 	3376 	2731
f 3377 	2731 	2736
f 3378 	3377 	2736
f 3378 	2736 	2738
f 3379 	3378 	2738
f 3366 	3365 	2737
f 3366 	2737 	2745
f 3374 	3317 	2727
f 2694 	2727 	3317
f 2355 	2353 	3366
f 2355 	3366 	2745
f 3310 	2354 	2356
f 3310 	2356 	2693
f 3386 	2848 	2847
f 3386 	2847 	3382
f 3388 	2849 	2848
f 3388 	2848 	3386
f 3388 	3329 	2849
f 2708 	2849 	3329
f 2708 	3330 	2846
f 3407 	2846 	3330
f 3409 	3408 	2747
f 3410 	3409 	2747
f 3410 	2747 	2842
f 3411 	3410 	2842
f 3411 	2842 	2844
f 3407 	3411 	2844
f 3407 	2844 	2846
f 2858 	2744 	3414
f 3373 	3414 	2744
f 2858 	3414 	3413
f 2860 	2858 	3416
f 3413 	3416 	2858
f 2860 	3416 	3415
f 2863 	2860 	3422
f 3415 	3422 	2860
f 2863 	3422 	3421
f 2868 	2863 	3424
f 3421 	3424 	2863
f 2868 	3424 	3423
f 3423 	3426 	2869
f 3423 	2869 	2868
f 3426 	3427 	2870
f 3426 	2870 	2869
f 3427 	3428 	2867
f 3427 	2867 	2870
f 2847 	2867 	3428
f 2847 	3428 	3382
f 3429 	3379 	2852
f 2738 	2852 	3379
f 3430 	3429 	2852
f 3430 	2852 	2854
f 3431 	3430 	2854
f 3431 	2854 	2855
f 3433 	3431 	2855
f 3433 	2855 	2856
f 3434 	3433 	2856
f 3434 	2856 	2857
f 3435 	3434 	2857
f 3435 	2857 	2859
f 3436 	3435 	2859
f 3436 	2859 	2861
f 3408 	3436 	2861
f 3408 	2861 	2747
f 55 	2351 	2350
f 3447 	73 	3446
f 3446 	98 	3445
f 2350 	60 	55
f 60 	14 	55
f 12 	21 	57
f 57 	56 	12
f 56 	55 	14
f 12 	56 	14
f 230 	78 	64
f 3447 	84 	73
f 84 	87 	75
f 75 	73 	84
f 76 	75 	87
f 78 	80 	61
f 61 	64 	78
f 89 	61 	80
f 80 	77 	89
f 77 	76 	89
f 87 	89 	76
f 100 	96 	95
f 94 	116 	95
f 103 	3448 	96
f 100 	103 	96
f 98 	3446 	73
f 3458 	3445 	98
f 98 	96 	3448
f 3448 	3458 	98
f 100 	95 	116
f 116 	94 	114
f 57 	21 	172
f 121 	172 	21
f 175 	172 	121
f 121 	156 	175
f 156 	183 	175
f 176 	175 	183
f 178 	196 	179
f 196 	226 	179
f 180 	179 	226
f 226 	230 	180
f 181 	230 	64
f 187 	189 	176
f 178 	176 	189
f 193 	178 	189
f 196 	178 	193
f 185 	187 	176
f 183 	185 	176
f 215 	218 	204
f 205 	204 	218
f 218 	224 	205
f 209 	205 	224
f 224 	114 	209
f 94 	209 	114
f 181 	180 	230
f 254 	263 	239
f 239 	247 	240
f 247 	263 	262
f 247 	262 	250
f 254 	258 	263
f 247 	239 	263
f 273 	267 	262
f 265 	273 	262
f 250 	262 	267
f 241 	250 	267
f 321 	280 	317
f 304 	317 	280
f 292 	342 	280
f 304 	280 	342
f 339 	292 	334
f 334 	292 	330
f 327 	330 	292
f 292 	271 	327
f 342 	292 	339
f 298 	327 	271
f 272 	298 	271
f 351 	347 	356
f 327 	298 	361
f 356 	361 	298
f 356 	347 	361
f 347 	280 	361
f 321 	361 	280
f 386 	377 	387
f 365 	392 	390
f 371 	374 	377
f 371 	377 	386
f 392 	368 	386
f 365 	368 	392
f 371 	386 	368
f 435 	433 	414
f 399 	414 	397
f 377 	397 	387
f 397 	414 	433
f 433 	387 	397
f 435 	414 	436
f 414 	419 	436
f 437 	436 	419
f 438 	437 	419
f 419 	423 	438
f 440 	438 	423
f 440 	423 	530
f 459 	440 	530
f 461 	459 	447
f 447 	451 	461
f 463 	461 	451
f 465 	463 	451
f 466 	465 	451
f 451 	365 	466
f 390 	466 	365
f 546 	562 	523
f 527 	523 	562
f 530 	447 	459
f 399 	524 	414
f 523 	533 	546
f 539 	565 	538
f 541 	566 	539
f 561 	527 	562
f 562 	546 	564
f 538 	564 	546
f 564 	538 	565
f 565 	539 	566
f 541 	568 	566
f 677 	711 	699
f 678 	677 	549
f 561 	678 	549
f 561 	549 	527
f 706 	568 	680
f 541 	680 	568
f 684 	686 	708
f 708 	706 	684
f 684 	706 	680
f 708 	686 	709
f 690 	709 	686
f 549 	677 	699
f 694 	699 	711
f 711 	709 	694
f 694 	709 	690
f 107 	3514 	3448
f 3514 	3515 	3458
f 3514 	3458 	3448
f 3515 	3516 	3445
f 3515 	3445 	3458
f 49 	2329 	2351
f 49 	2351 	55
f 60 	2350 	58
f 2328 	58 	2350
f 3517 	3446 	3445
f 3517 	3445 	3516
f 3519 	3447 	3446
f 3519 	3446 	3517
f 84 	3447 	83
f 3519 	83 	3447
f 60 	58 	11
f 60 	11 	14
# 1064 faces

g group_0_12568524

usemtl color_12568524
s 0

f 33 	32 	23
f 23 	34 	33
f 128 	129 	130
f 128 	130 	131
f 133 	132 	134
f 133 	134 	136
f 144 	145 	146
f 144 	146 	148
f 152 	153 	150
f 152 	150 	149
f 37 	41 	223
f 223 	220 	37
f 145 	130 	129
f 145 	129 	146
f 132 	150 	134
f 153 	134 	150
f 153 	152 	136
f 153 	136 	134
f 148 	146 	128
f 146 	129 	128
f 223 	760 	772
f 223 	772 	220
f 23 	947 	945
f 34 	23 	945
f 1328 	1329 	1330
f 1328 	1330 	1331
f 1334 	1335 	1333
f 1334 	1333 	1332
f 1342 	1330 	1343
f 1329 	1343 	1330
f 1344 	1335 	1345
f 1344 	1333 	1335
f 1416 	1345 	1334
f 1345 	1335 	1334
f 1331 	1330 	1420
f 1342 	1420 	1330
f 2242 	2243 	2244
f 2242 	2244 	2245
f 2247 	2246 	2248
f 2247 	2248 	2249
f 2262 	2263 	2264
f 2262 	2264 	2265
f 2299 	2306 	2296
f 2299 	2296 	2295
f 2243 	2264 	2244
f 2263 	2244 	2264
f 2306 	2248 	2246
f 2306 	2246 	2296
f 2249 	2248 	2299
f 2306 	2299 	2248
f 2264 	2243 	2242
f 2264 	2242 	2265
f 3136 	3137 	3139
f 3136 	3139 	3140
f 3145 	3144 	3143
f 3146 	3147 	3148
f 3146 	3148 	3149
f 3152 	3151 	3153
f 3147 	3136 	3140
f 3147 	3140 	3148
f 3140 	3139 	3149
f 3140 	3149 	3148
f 3143 	3152 	3161
f 3160 	3161 	3152
f 3161 	3163 	3145
f 3161 	3145 	3143
f 3152 	3153 	3160
f 3164 	3160 	3153
f 3160 	3164 	3163
f 3160 	3163 	3161
f 1343 	3173 	1420
f 1343 	1420 	1342
f 1345 	1416 	3174
f 1345 	3174 	1344
f 3197 	3198 	3199
f 3197 	3199 	3200
f 3202 	3201 	3203
f 3202 	3203 	3204
f 3216 	3217 	3218
f 3216 	3218 	3219
f 3221 	3220 	3224
f 3221 	3224 	3225
f 3229 	3230 	3231
f 3229 	3231 	3232
f 3235 	3236 	3234
f 3235 	3234 	3233
f 3217 	3231 	3218
f 3230 	3218 	3231
f 3220 	3234 	3224
f 3236 	3224 	3234
f 3225 	3236 	3235
f 3236 	3225 	3224
f 3217 	3216 	3231
f 3232 	3231 	3216
f 3338 	3339 	3340
f 3338 	3340 	3341
f 3344 	3345 	3343
f 3344 	3343 	3342
f 3339 	3199 	3340
f 3198 	3340 	3199
f 3201 	3343 	3345
f 3201 	3345 	3203
f 3204 	3203 	3344
f 3345 	3344 	3203
f 3340 	3197 	3341
f 3198 	3197 	3340
f 32 	2932 	947
f 32 	947 	23
f 220 	772 	2933
f 220 	2933 	37
f 3504 	33 	34
f 3504 	34 	945
f 760 	223 	41
f 760 	41 	3503
# 114 faces

g group_0_14541540

usemtl color_14541540
s 0

f 106 	3508 	105
f 104 	3508 	3526
f 109 	110 	3508
f 108 	3508 	106
f 110 	111 	3508
f 111 	3507 	3508
f 3526 	3508 	496
f 3385 	3403 	216
f 406 	393 	367
f 406 	3403 	411
f 411 	415 	406
f 3404 	445 	411
f 393 	406 	424
f 415 	424 	406
f 415 	434 	424
f 450 	415 	411
f 445 	450 	411
f 805 	482 	450
f 424 	434 	3406
f 434 	477 	3406
f 415 	477 	434
f 450 	479 	477
f 450 	477 	415
f 482 	479 	450
f 482 	481 	3406
f 820 	862 	3406
f 481 	820 	3406
f 393 	424 	3406
f 479 	482 	3406
f 500 	3525 	499
f 499 	502 	500
f 500 	1963 	54
f 497 	3508 	499
f 496 	3508 	497
f 502 	512 	500
f 518 	675 	520
f 520 	582 	518
f 515 	3508 	580
f 512 	3508 	515
f 502 	3508 	512
f 499 	3508 	502
f 582 	3508 	1154
f 580 	582 	520
f 588 	589 	590
f 594 	588 	590
f 596 	594 	590
f 672 	670 	589
f 590 	675 	596
f 596 	582 	594
f 590 	589 	670
f 670 	672 	1036
f 675 	590 	670
f 596 	675 	518
f 1036 	734 	670
f 2156 	670 	734
f 582 	1154 	589
f 589 	588 	582
f 588 	594 	582
f 582 	596 	518
f 445 	805 	450
f 803 	805 	445
f 481 	482 	805
f 803 	835 	805
f 835 	850 	805
f 805 	850 	820
f 820 	481 	805
f 3417 	830 	803
f 830 	835 	803
f 866 	835 	830
f 850 	862 	820
f 835 	872 	850
f 835 	866 	872
f 1032 	882 	872
f 850 	882 	862
f 477 	479 	3406
f 862 	882 	3406
f 882 	1032 	3406
f 1154 	3406 	1032
f 3417 	3419 	830
f 909 	866 	830
f 3419 	912 	909
f 909 	914 	866
f 912 	914 	909
f 912 	920 	914
f 918 	920 	912
f 933 	938 	918
f 918 	938 	920
f 933 	955 	938
f 850 	872 	882
f 872 	1036 	1032
f 1035 	1032 	1036
f 1035 	1154 	1032
f 1039 	1035 	1036
f 1036 	672 	1039
f 866 	914 	1043
f 1866 	1072 	2128
f 1072 	1075 	1074
f 1076 	1074 	1075
f 1078 	1075 	1077
f 1072 	1077 	1075
f 1079 	1080 	1076
f 1080 	1074 	1076
f 1076 	1075 	2271
f 1043 	872 	866
f 1076 	2305 	1079
f 1036 	872 	1082
f 1043 	1082 	872
f 1036 	1082 	734
f 1043 	1092 	1082
f 734 	1082 	1096
f 1082 	1092 	1096
f 1115 	2166 	1092
f 1071 	1526 	1070
f 1035 	1039 	1154
f 672 	589 	1154
f 1176 	1526 	1071
f 1098 	1526 	1073
f 1118 	1526 	1120
f 1070 	1526 	1098
f 1096 	1092 	2166
f 1039 	672 	1154
f 914 	1160 	1043
f 920 	1160 	914
f 1119 	1120 	1526
f 1123 	1119 	1526
f 1160 	1092 	1043
f 1164 	1160 	920
f 938 	1164 	920
f 1160 	1115 	1092
f 1164 	1115 	1160
f 955 	1174 	938
f 1182 	1526 	1177
f 938 	1174 	1164
f 1174 	1181 	1164
f 1174 	1199 	1181
f 1177 	1526 	1176
f 1183 	1526 	1182
f 1164 	1181 	1115
f 1174 	955 	1190
f 1190 	1199 	1174
f 1190 	1208 	1199
f 1204 	1208 	1190
f 1215 	1217 	1204
f 1204 	1217 	1208
f 2484 	1199 	1208
f 1215 	1204 	1226
f 1215 	1219 	1217
f 1218 	1219 	1215
f 1219 	1518 	1217
f 1222 	955 	933
f 1224 	955 	1222
f 1223 	1224 	1222
f 1224 	1190 	955
f 1223 	1226 	1224
f 1225 	1226 	1223
f 1226 	1204 	1224
f 1224 	1204 	1190
f 3443 	1231 	1225
f 1231 	1232 	1225
f 1225 	1232 	1226
f 1232 	1215 	1226
f 3443 	1234 	1231
f 1538 	1234 	3443
f 1235 	1232 	1231
f 1234 	1235 	1231
f 1235 	1218 	1232
f 1232 	1218 	1215
f 1379 	1243 	1476
f 1471 	1476 	1243
f 1503 	1379 	1476
f 1383 	1379 	1503
f 1383 	1503 	1405
f 1613 	1405 	1503
f 1613 	1627 	1405
f 2186 	1455 	1408
f 1655 	1669 	1418
f 1422 	1418 	1669
f 1424 	3630 	1417
f 1421 	1561 	1414
f 1417 	3630 	3619
f 1424 	1774 	1441
f 1243 	1441 	1471
f 1817 	1471 	1441
f 1455 	2186 	1462
f 2214 	1462 	2186
f 2214 	1464 	1462
f 1453 	1576 	1421
f 1470 	1596 	1453
f 1466 	1473 	1476
f 1453 	1596 	1576
f 1473 	1503 	1476
f 1466 	1476 	1471
f 1480 	1481 	1479
f 1478 	1479 	1481
f 1484 	1485 	1483
f 1482 	1483 	1485
f 1487 	1479 	1486
f 1483 	1482 	1486
f 1483 	1486 	1479
f 1489 	1480 	1487
f 1488 	1486 	1482
f 1479 	1487 	1480
f 1488 	1491 	1492
f 1489 	1493 	1494
f 1488 	1482 	1491
f 1489 	1494 	1480
f 1861 	1495 	1473
f 1483 	1479 	1484
f 1501 	1502 	1500
f 1501 	1500 	1499
f 1503 	1473 	1495
f 1492 	1491 	1502
f 1500 	1502 	1491
f 1499 	1494 	1501
f 1493 	1501 	1494
f 1501 	1487 	1486
f 1501 	1486 	1502
f 1502 	1486 	1488
f 1502 	1488 	1492
f 1498 	2059 	1394
f 1493 	1489 	1487
f 1493 	1487 	1501
f 1478 	1484 	1479
f 1511 	1464 	1508
f 1505 	1180 	1511
f 1525 	1180 	1523
f 1404 	1528 	1394
f 1507 	1508 	1464
f 1394 	1528 	1498
f 1118 	1073 	1526
f 1180 	1526 	1183
f 1125 	1126 	1526
f 1126 	1123 	1526
f 1125 	1538 	1163
f 1523 	1180 	1505
f 1530 	1507 	1464
f 1404 	1539 	1528
f 1414 	1539 	1404
f 1235 	1125 	1218
f 1518 	1219 	1125
f 1218 	1125 	1219
f 1526 	1180 	1525
f 1526 	1518 	1125
f 1234 	1125 	1235
f 1538 	1125 	1234
f 1464 	1511 	1180
f 1464 	1549 	1547
f 1547 	1548 	1464
f 1464 	1548 	1551
f 1464 	1551 	1529
f 1464 	1529 	1530
f 1561 	1539 	1414
f 1561 	1684 	1539
f 1576 	1561 	1421
f 1495 	1608 	1613
f 1495 	1613 	1503
f 1862 	1608 	1495
f 1867 	1622 	1608
f 1608 	1627 	1613
f 1608 	1622 	1627
f 1408 	1405 	1627
f 1622 	2185 	2186
f 1622 	2186 	1627
f 1634 	1636 	1632
f 1634 	1632 	1628
f 1641 	1634 	1498
f 1635 	1774 	1643
f 1498 	1528 	1641
f 1643 	1417 	1669
f 1417 	1422 	1669
f 1636 	1634 	1646
f 1641 	1646 	1634
f 1646 	1767 	1636
f 1770 	1774 	1635
f 1710 	2158 	1640
f 1665 	1663 	1664
f 1650 	1652 	1665
f 1663 	1665 	1652
f 1650 	1665 	1669
f 1661 	1916 	1860
f 7 	54 	1656
f 1650 	1669 	1655
f 1675 	1676 	1677
f 1528 	1539 	1678
f 1679 	1675 	1677
f 1678 	1641 	1528
f 1680 	1635 	1664
f 1646 	1641 	1782
f 1678 	1782 	1641
f 1665 	1664 	1635
f 1680 	1679 	1635
f 1677 	1635 	1679
f 1635 	1643 	1665
f 1684 	1678 	1539
f 1561 	1698 	1684
f 1576 	1698 	1561
f 1596 	1702 	1576
f 1576 	1702 	1698
f 1656 	1912 	1661
f 1868 	1711 	1710
f 1717 	1722 	3215
f 1722 	1726 	3237
f 1665 	1643 	1669
f 1750 	1632 	1636
f 1675 	3381 	1676
f 1679 	1680 	3381
f 1680 	1664 	3381
f 1663 	3381 	1664
f 3465 	3381 	1652
f 1758 	1677 	1761
f 1676 	1761 	1677
f 1761 	1913 	1758
f 1758 	1770 	1677
f 1758 	1812 	1770
f 1635 	1677 	1770
f 1767 	1750 	1636
f 1643 	1774 	1417
f 1424 	1417 	1774
f 1646 	1784 	1767
f 1913 	1928 	1758
f 1784 	1646 	1782
f 1802 	1809 	1782
f 1782 	1684 	1802
f 1782 	1678 	1684
f 1812 	1758 	1783
f 1812 	1817 	1770
f 1826 	1802 	1684
f 1782 	1809 	1784
f 1770 	1817 	1774
f 1817 	1441 	1774
f 1826 	1684 	1698
f 1826 	1829 	1802
f 1956 	1466 	1783
f 1802 	1829 	1809
f 1829 	2395 	1809
f 1812 	1783 	1466
f 1471 	1817 	1812
f 1466 	1471 	1812
f 1826 	1698 	1839
f 1702 	1839 	1698
f 1466 	1956 	1473
f 1890 	1839 	1702
f 1470 	3580 	1841
f 1726 	1848 	3247
f 1761 	3381 	1913
f 1676 	3381 	1761
f 1495 	1861 	1862
f 1640 	3485 	1860
f 1862 	1867 	1608
f 1860 	1916 	1868
f 1860 	1710 	1640
f 1860 	1868 	1710
f 1867 	1871 	1622
f 1868 	1873 	1711
f 1841 	1847 	1470
f 1873 	1877 	1717
f 1877 	1722 	1717
f 1841 	1917 	1847
f 1873 	1717 	1711
f 1847 	1596 	1470
f 1596 	1847 	1883
f 1917 	1925 	1847
f 1722 	1877 	1881
f 1847 	1925 	1883
f 1596 	1883 	1702
f 1883 	1890 	1702
f 1881 	1886 	1726
f 1881 	1726 	1722
f 1886 	1848 	1726
f 1890 	2572 	1839
f 1886 	1900 	1848
f 1839 	2572 	2398
f 1900 	2084 	1848
f 1916 	1661 	1912
f 1909 	1917 	1841
f 1783 	2126 	1918
f 1916 	1912 	1926
f 1921 	1926 	1912
f 1868 	1916 	1926
f 1783 	1758 	1928
f 1926 	1934 	1873
f 1868 	1926 	1873
f 1934 	1926 	1933
f 1921 	1933 	1926
f 1933 	2053 	1934
f 1942 	1934 	2053
f 1934 	1877 	1873
f 1934 	1942 	1877
f 1917 	1098 	1925
f 1890 	1883 	1948
f 1925 	1948 	1883
f 1881 	1877 	1942
f 2053 	2070 	1942
f 1952 	1942 	2070
f 1942 	1952 	1881
f 1955 	1952 	2070
f 1928 	1915 	1783
f 2126 	1783 	1915
f 1071 	1070 	1909
f 1909 	1070 	1917
f 1952 	1886 	1881
f 1918 	1956 	1783
f 1070 	1098 	1917
f 1952 	1955 	1886
f 1918 	1954 	1956
f 1073 	1948 	1098
f 1948 	1925 	1098
f 1955 	1900 	1886
f 1955 	1957 	1900
f 1957 	2081 	2082
f 1958 	1988 	1959
f 1958 	2923 	1988
f 54 	1912 	1656
f 1954 	1861 	1956
f 54 	1963 	1912
f 1954 	1959 	1861
f 1962 	1965 	2301
f 1965 	1960 	2301
f 1993 	2301 	1960
f 1861 	1473 	1956
f 1963 	2098 	1969
f 1963 	1921 	1912
f 1971 	1972 	1973
f 1963 	1969 	1921
f 1972 	1975 	1973
f 1969 	1933 	1921
f 1973 	2115 	1971
f 1969 	1977 	1933
f 1981 	1979 	1980
f 1973 	1975 	1981
f 1913 	3381 	1928
f 1979 	1981 	1975
f 1915 	2120 	2154
f 1928 	2120 	1915
f 1981 	2131 	1973
f 1959 	1988 	1862
f 1988 	2106 	1867
f 1980 	1991 	1981
f 1980 	1993 	1991
f 1960 	1991 	1993
f 1991 	2152 	1981
f 1981 	2152 	2131
f 2059 	2066 	1962
f 1991 	1960 	2066
f 1965 	2066 	1960
f 1977 	1982 	2053
f 1979 	2301 	1980
f 1975 	1972 	2301
f 1972 	1971 	2301
f 1971 	1978 	2301
f 1978 	1970 	2301
f 2096 	2301 	1970
f 1977 	2053 	1933
f 2060 	2059 	1962
f 2059 	2060 	2063
f 1965 	1962 	2066
f 1982 	2070 	2053
f 1982 	2065 	2070
f 1991 	2066 	1628
f 2065 	2071 	2072
f 2071 	2075 	2072
f 2065 	2072 	2070
f 2073 	3611 	2074
f 1955 	2070 	2072
f 2071 	2270 	2075
f 2076 	2059 	2063
f 2074 	1394 	2076
f 1394 	2059 	2076
f 1955 	2072 	1957
f 2075 	1957 	2072
f 1498 	2066 	2059
f 2075 	2270 	2081
f 2075 	2081 	1957
f 1498 	1634 	2066
f 2066 	1634 	1628
f 2083 	1900 	1957
f 1957 	2082 	2083
f 2084 	1900 	2083
f 2063 	2301 	2076
f 2060 	2301 	2063
f 1962 	2301 	2060
f 2085 	2088 	2082
f 2085 	2082 	2081
f 2082 	2090 	2083
f 2082 	2088 	2090
f 2073 	2074 	2086
f 2076 	2086 	2074
f 2092 	2084 	2083
f 2092 	2083 	2090
f 1505 	1511 	2088
f 1505 	2088 	2085
f 2088 	1508 	2090
f 2088 	1511 	1508
f 2090 	1508 	1507
f 2090 	1507 	2092
f 2097 	2096 	1970
f 1978 	2115 	1970
f 512 	2098 	500
f 512 	515 	2098
f 1867 	1862 	1988
f 1959 	1862 	1861
f 1869 	2987 	3246
f 2097 	1970 	2115
f 1869 	2106 	2987
f 1978 	1971 	2115
f 1871 	1867 	2106
f 2106 	1869 	1871
f 2103 	2097 	2119
f 2115 	2119 	2097
f 2123 	2124 	2125
f 2123 	2125 	2126
f 1973 	2131 	2115
f 2119 	2115 	2145
f 2131 	2145 	2115
f 1963 	500 	2098
f 2152 	2153 	2145
f 2152 	2145 	2131
f 2126 	2154 	2123
f 515 	580 	2098
f 580 	2187 	2098
f 520 	2187 	580
f 2154 	2126 	1915
f 2124 	2155 	2125
f 3497 	2125 	2155
f 2125 	1918 	2126
f 675 	2187 	520
f 670 	2156 	675
f 2125 	2157 	1918
f 3497 	2157 	2125
f 3497 	2158 	2157
f 2157 	2161 	1954
f 2161 	1959 	1954
f 2157 	1954 	1918
f 2158 	2161 	2157
f 2311 	1096 	2166
f 2166 	1115 	2174
f 1115 	1181 	2174
f 2161 	1958 	1959
f 1181 	2466 	2174
f 1958 	2161 	3091
f 1181 	1199 	2466
f 2155 	2124 	2120
f 2124 	2123 	2120
f 2120 	2123 	2154
f 2177 	1869 	2176
f 2176 	2203 	2206
f 2176 	2206 	2177
f 1869 	2177 	1871
f 2185 	1871 	2177
f 2484 	1208 	2661
f 1217 	2661 	1208
f 1622 	1871 	2185
f 1217 	1518 	2661
f 2209 	2185 	2177
f 2096 	2267 	2301
f 1979 	1975 	2301
f 2185 	2209 	2214
f 2185 	2214 	2186
f 1969 	2098 	2187
f 2188 	2192 	2191
f 2153 	2193 	2145
f 2187 	2194 	1977
f 2187 	1977 	1969
f 2145 	2193 	2188
f 2194 	2187 	675
f 3127 	2129 	1588
f 1588 	1592 	3127
f 1589 	1588 	2128
f 2128 	1588 	2129
f 1408 	1627 	2186
f 1592 	1591 	1074
f 1589 	1074 	1591
f 1592 	1074 	3127
f 1863 	1072 	1864
f 1865 	3131 	1880
f 1866 	1865 	1880
f 1879 	1866 	1880
f 1074 	2128 	1072
f 1879 	1072 	1866
f 2129 	3131 	1865
f 2239 	2193 	2153
f 1072 	1879 	1864
f 2128 	1074 	1589
f 1863 	1880 	3131
f 2194 	1982 	1977
f 2191 	2192 	2301
f 2194 	2199 	1982
f 2260 	2257 	2201
f 2199 	2205 	2065
f 2200 	2207 	2201
f 2199 	2065 	1982
f 2216 	2301 	2207
f 2177 	2206 	2209
f 2213 	2103 	2119
f 2200 	2103 	2213
f 2209 	1549 	2214
f 2213 	2215 	2216
f 2213 	2216 	2200
f 2203 	1548 	2206
f 2203 	1551 	1548
f 2200 	2216 	2207
f 2206 	1548 	1547
f 2206 	1547 	2209
f 2119 	2188 	2213
f 1549 	2209 	1547
f 2119 	2145 	2188
f 1549 	1464 	2214
f 2191 	2215 	2213
f 2188 	2191 	2213
f 2922 	1077 	1072
f 2215 	2191 	2301
f 2201 	2207 	2301
f 2215 	2301 	2216
f 1991 	1628 	2152
f 1628 	1632 	2152
f 2153 	2152 	1632
f 2239 	2153 	1632
f 2239 	2814 	2193
f 1632 	1750 	2239
f 1750 	2357 	2239
f 2192 	2790 	2301
f 1993 	1980 	2301
f 2086 	2076 	2301
f 2257 	2255 	2259
f 2258 	2259 	2255
f 2205 	2071 	2065
f 2257 	2260 	2255
f 2205 	2212 	2071
f 2212 	2266 	2270
f 2267 	2096 	2097
f 2257 	2259 	2103
f 2267 	2103 	2259
f 2097 	2103 	2267
f 2980 	2925 	2300
f 2200 	2201 	2257
f 2103 	2200 	2257
f 2201 	2301 	2260
f 2267 	2259 	2301
f 2258 	2301 	2259
f 2258 	2255 	2301
f 2255 	2260 	2301
f 2212 	2270 	2071
f 2266 	2644 	2270
f 2194 	675 	2156
f 734 	1096 	2304
f 2304 	2156 	734
f 2989 	2305 	2972
f 2199 	2194 	2156
f 1075 	2300 	2202
f 2204 	2202 	2300
f 2300 	2269 	2275
f 2275 	2268 	2274
f 2268 	2275 	2269
f 2271 	1075 	2268
f 2199 	2156 	2304
f 2305 	2294 	2272
f 2269 	2300 	2272
f 2271 	2272 	2294
f 2294 	2293 	2271
f 2293 	1076 	2271
f 2305 	2272 	2300
f 2274 	2268 	1075
f 2202 	2274 	1075
f 2275 	2204 	2300
f 2298 	2305 	2297
f 1076 	2297 	2305
f 2293 	2297 	1076
f 2298 	2294 	2305
f 1075 	1078 	2300
f 2989 	3001 	2305
f 2361 	2357 	1750
f 2361 	1750 	1767
f 2370 	1767 	1784
f 2391 	2370 	1784
f 1096 	2311 	2304
f 2370 	2361 	1767
f 2452 	2361 	2370
f 1784 	1809 	2391
f 2395 	1829 	2402
f 2391 	1809 	2395
f 2398 	1829 	1826
f 1826 	1839 	2398
f 2398 	2402 	1829
f 2402 	2548 	2395
f 2304 	2311 	2205
f 2311 	2212 	2205
f 2304 	2205 	2199
f 2212 	2311 	2422
f 2266 	2212 	2422
f 2422 	2436 	2266
f 2398 	2582 	2402
f 2370 	2457 	2452
f 2391 	2457 	2370
f 2422 	2166 	2174
f 2422 	2311 	2166
f 2174 	2466 	2436
f 2422 	2174 	2436
f 1199 	2484 	2466
f 2457 	2391 	2507
f 2395 	2507 	2391
f 2507 	3298 	2457
f 2548 	2507 	2395
f 3327 	2507 	2548
f 2572 	2582 	2398
f 2548 	2402 	2593
f 2582 	2593 	2402
f 2593 	2607 	2548
f 2734 	2740 	2593
f 2593 	2740 	2607
f 2436 	2466 	2495
f 2495 	2466 	2484
f 2436 	2495 	2635
f 2666 	2495 	2484
f 1890 	2640 	2572
f 2266 	2436 	2635
f 2644 	2266 	2635
f 1948 	2640 	1890
f 2640 	2651 	2572
f 2640 	1120 	2651
f 2644 	2081 	2270
f 2484 	2661 	2666
f 2674 	2635 	2495
f 2674 	2495 	2666
f 2635 	2674 	2682
f 2635 	2682 	2644
f 2644 	2682 	2085
f 2644 	2085 	2081
f 2572 	2651 	2582
f 2582 	2734 	2593
f 2651 	2734 	2582
f 2661 	1526 	2666
f 2661 	1518 	1526
f 2674 	2666 	1525
f 1526 	1525 	2666
f 2674 	1523 	2682
f 2734 	1123 	2740
f 1119 	1123 	2734
f 1073 	1118 	1948
f 1948 	1118 	2640
f 1118 	1120 	2640
f 1120 	1119 	2651
f 2651 	1119 	2734
f 2188 	2193 	2788
f 2192 	2188 	2790
f 2790 	2188 	2788
f 2788 	2794 	2790
f 1481 	1480 	2799
f 2799 	1480 	3127
f 2801 	1482 	1485
f 1072 	3131 	2801
f 1482 	3131 	1491
f 1480 	1494 	3127
f 3165 	3127 	1494
f 2788 	2802 	2794
f 2802 	2301 	2794
f 2790 	2794 	2301
f 2193 	2814 	2788
f 2788 	2814 	2802
f 2822 	2802 	2814
f 2807 	1500 	2804
f 3170 	2804 	1500
f 2239 	2357 	2814
f 2814 	2841 	2822
f 2357 	2841 	2814
f 2841 	2357 	2851
f 2357 	2878 	2851
f 2845 	2851 	2878
f 3007 	2878 	2357
f 2822 	2301 	2802
f 2822 	2841 	2301
f 2841 	2851 	2301
f 2866 	2301 	2851
f 2866 	2851 	2845
f 2878 	2879 	2845
f 2881 	2882 	2884
f 2827 	2826 	2808
f 2808 	2816 	2827
f 2816 	1500 	2827
f 2819 	2829 	2820
f 2829 	2832 	2820
f 2832 	1499 	2820
f 2820 	1500 	2816
f 2807 	2827 	1500
f 2878 	2881 	2884
f 2878 	2884 	2879
f 2804 	3170 	2826
f 2835 	1499 	2836
f 2836 	1499 	2832
f 1500 	2820 	1499
f 2829 	3171 	2835
f 1491 	3166 	1500
f 3170 	1500 	3166
f 3165 	1494 	1499
f 2674 	1525 	1523
f 2682 	1523 	1505
f 2682 	1505 	2085
f 2881 	2911 	2882
f 2998 	2300 	1078
f 2922 	1078 	1077
f 2799 	1074 	2921
f 1080 	2921 	1074
f 1072 	2801 	2922
f 2926 	2925 	2980
f 2925 	2956 	2300
f 2929 	2300 	2956
f 2930 	2929 	2956
f 2930 	2956 	2958
f 2305 	2934 	2967
f 2968 	2967 	2934
f 2968 	2934 	2936
f 2305 	2300 	2934
f 2929 	2934 	2300
f 2923 	2106 	1988
f 2923 	2987 	2106
f 2974 	2989 	2972
f 2967 	2972 	2305
f 2987 	2923 	3215
f 2980 	2300 	2998
f 1078 	2922 	2998
f 1079 	2305 	3001
f 3001 	2921 	1080
f 3001 	1080 	1079
f 2357 	2361 	3007
f 3007 	3019 	2878
f 2452 	3007 	2361
f 2452 	3253 	3007
f 2878 	3019 	2881
f 3091 	2158 	1710
f 3091 	2161 	2158
f 3007 	3253 	3019
f 2452 	3282 	3253
f 3127 	1074 	2799
f 2879 	2884 	2866
f 2845 	2879 	2866
f 2884 	2882 	2866
f 2911 	2866 	2882
f 3189 	3371 	2911
f 1482 	2801 	3131
f 3141 	3406 	3142
f 3142 	3406 	3150
f 3156 	3157 	3158
f 3159 	3156 	3158
f 3158 	3545 	3159
f 3131 	2129 	3127
f 1863 	3131 	1072
f 3150 	3406 	3159
f 3134 	3406 	3141
f 3159 	3406 	3156
f 3131 	3127 	3166
f 3165 	3166 	3127
f 3166 	1491 	3131
f 3168 	3167 	3134
f 1499 	2835 	3171
f 2829 	2819 	3171
f 2808 	3170 	2819
f 3171 	2819 	3170
f 2808 	2826 	3170
f 3165 	3171 	3170
f 3165 	3170 	3166
f 3142 	3172 	3141
f 1499 	3171 	3165
f 3168 	3134 	3172
f 3141 	3172 	3134
f 3167 	3406 	3134
f 3246 	2176 	1869
f 3256 	2176 	3246
f 3371 	3193 	3406
f 2911 	2881 	3184
f 3184 	3189 	2911
f 3192 	3193 	3551
f 3184 	3551 	3193
f 3184 	3193 	3189
f 3227 	3228 	3184
f 2203 	3289 	1551
f 2203 	2176 	3256
f 3193 	3371 	3189
f 3091 	1710 	1711
f 1711 	3207 	3091
f 1711 	1717 	3207
f 1958 	3091 	3207
f 1717 	3215 	3207
f 3227 	3184 	2881
f 2923 	3207 	3215
f 2881 	3019 	3227
f 3207 	2923 	1958
f 1722 	3237 	3215
f 2987 	3215 	3237
f 1726 	3247 	3237
f 3237 	3246 	2987
f 3237 	3247 	3246
f 3551 	3184 	3228
f 3247 	3256 	3246
f 3019 	3253 	3260
f 3227 	3019 	3260
f 3228 	3380 	3566
f 3192 	3406 	3193
f 3247 	1848 	3261
f 2084 	3261 	1848
f 3256 	3247 	3261
f 3282 	2452 	2457
f 2457 	3298 	3282
f 2203 	3256 	3289
f 3253 	3290 	3260
f 3282 	3290 	3253
f 2084 	2092 	3292
f 3290 	3524 	3260
f 2507 	3327 	3298
f 3282 	3298 	3527
f 3282 	3527 	3290
f 3292 	3261 	2084
f 3290 	3527 	3533
f 3256 	3261 	3289
f 3261 	3292 	3289
f 1529 	1551 	3289
f 1530 	3292 	2092
f 2092 	1507 	1530
f 3292 	1530 	1529
f 3292 	1529 	3289
f 1465 	3449 	3352
f 3351 	3352 	3449
f 3358 	3352 	3351
f 3351 	3452 	3359
f 3358 	3351 	3361
f 3360 	3361 	3351
f 3351 	3359 	3360
f 3327 	3540 	3298
f 3360 	2095 	3361
f 3327 	2548 	2607
f 1418 	3359 	1655
f 3463 	1655 	3359
f 2866 	2911 	3371
f 3227 	3380 	3228
f 3451 	3449 	3381
f 3453 	3451 	3381
f 3260 	3380 	3227
f 1465 	3352 	3381
f 3352 	3358 	3381
f 3361 	3381 	3358
f 2120 	1928 	3381
f 3361 	2095 	3381
f 2866 	3371 	2301
f 2301 	3406 	3381
f 3508 	2120 	3381
f 3383 	3384 	3385
f 3384 	3387 	3385
f 3389 	3383 	216
f 3385 	216 	3383
f 3390 	3391 	3392
f 3391 	3393 	3392
f 3394 	3403 	3387
f 3394 	3390 	3403
f 3392 	3403 	3390
f 367 	216 	3403
f 3392 	3393 	3168
f 3167 	3168 	3393
f 3167 	3393 	3406
f 3391 	3406 	3393
f 3391 	3390 	3406
f 3390 	3394 	3406
f 3394 	3387 	3406
f 3384 	3406 	3387
f 3383 	3406 	3384
f 3389 	3406 	3383
f 216 	367 	3406
f 367 	393 	3406
f 3385 	3387 	3403
f 406 	367 	3403
f 3392 	3404 	3403
f 3404 	3392 	3168
f 3404 	411 	3403
f 3405 	3404 	3168
f 3168 	3172 	3405
f 445 	3404 	3405
f 3412 	3405 	3172
f 3389 	216 	3406
f 3406 	2301 	3371
f 803 	445 	3412
f 3405 	3412 	445
f 3417 	803 	3412
f 909 	830 	3419
f 3550 	3419 	3417
f 3420 	912 	3419
f 3425 	918 	3420
f 912 	3420 	918
f 933 	918 	3432
f 3425 	3432 	918
f 1222 	933 	3437
f 3432 	3437 	933
f 1222 	3437 	1223
f 3440 	1223 	3437
f 3442 	1225 	3440
f 1223 	3440 	1225
f 1225 	3442 	3443
f 3449 	3451 	3452
f 3451 	3453 	3452
f 3452 	3351 	3449
f 3456 	3457 	3459
f 3459 	3460 	3456
f 3456 	3463 	3457
f 3462 	3457 	3463
f 3462 	3381 	3457
f 3453 	3462 	3463
f 3453 	3463 	3452
f 3463 	3359 	3452
f 3465 	1650 	3460
f 3456 	3460 	1650
f 3465 	1652 	1650
f 3456 	1655 	3463
f 3456 	1650 	1655
f 1663 	1652 	3381
f 3460 	3381 	3465
f 3459 	3381 	3460
f 3457 	3381 	3459
f 1465 	3381 	3449
f 3453 	3381 	3462
f 1675 	1679 	3381
f 3466 	3471 	3467
f 3494 	3499 	3508
f 3477 	3476 	3475
f 3479 	3480 	3478
f 3475 	3478 	3480
f 3478 	3483 	3479
f 3475 	3480 	3477
f 3483 	3478 	3482
f 3480 	3479 	3508
f 3479 	3483 	3508
f 3484 	3483 	3482
f 3485 	3482 	3522
f 3482 	3485 	3466
f 3482 	3466 	3486
f 3482 	3486 	3484
f 3467 	3486 	3466
f 3486 	3467 	3508
f 3484 	3486 	3508
f 3467 	3471 	3508
f 3471 	3494 	3508
f 3485 	1640 	3466
f 3466 	1640 	3471
f 3494 	3471 	1640
f 3495 	3496 	3497
f 3500 	3508 	3499
f 3495 	3498 	3500
f 3498 	3495 	3497
f 2155 	3498 	3497
f 3494 	1640 	3499
f 2158 	3499 	1640
f 3499 	2158 	3496
f 3496 	2158 	3497
f 3477 	3480 	3508
f 3483 	3484 	3508
f 3499 	3496 	3500
f 3496 	3495 	3500
f 3498 	2155 	3500
f 2120 	3500 	2155
f 3511 	3476 	3508
f 3506 	3505 	3509
f 1467 	3506 	3502
f 3509 	3502 	3506
f 3511 	3508 	3502
f 1467 	3508 	3506
f 3505 	3506 	3508
f 3505 	3508 	3507
f 1467 	3502 	3508
f 109 	3508 	108
f 582 	580 	3508
f 3508 	3381 	3406
f 3500 	2120 	3508
f 3406 	1154 	3508
f 3505 	3507 	3509
f 111 	3512 	3507
f 3502 	3509 	3510
f 3510 	3511 	3502
f 3507 	3512 	3509
f 3510 	3509 	3513
f 3512 	3513 	3509
f 3510 	3513 	3475
f 3475 	3513 	3478
f 3510 	3475 	3476
f 3510 	3476 	3511
f 3513 	3512 	3520
f 3518 	3520 	3512
f 3513 	3520 	3478
f 3520 	3521 	3522
f 3521 	3520 	3518
f 3520 	3482 	3478
f 3520 	3522 	3482
f 3476 	3477 	3508
f 7 	1656 	3521
f 3518 	19 	3521
f 3522 	3521 	1661
f 1656 	1661 	3521
f 3485 	3522 	1661
f 1860 	3485 	1661
f 110 	109 	3523
f 109 	108 	3523
f 110 	3523 	3512
f 111 	110 	3512
f 108 	106 	19
f 108 	19 	3523
f 106 	105 	19
f 3523 	3518 	3512
f 3523 	19 	3518
f 3526 	496 	3525
f 3380 	3260 	3524
f 496 	497 	3525
f 3533 	3524 	3290
f 104 	3526 	7
f 3525 	7 	3526
f 497 	499 	3525
f 3525 	54 	7
f 3525 	500 	54
f 105 	3508 	104
f 19 	105 	7
f 104 	7 	105
f 3521 	19 	7
f 3298 	3540 	3527
f 3540 	3541 	3527
f 3540 	3570 	3541
f 3527 	3541 	3533
f 3540 	3569 	3570
f 3150 	3545 	3142
f 3172 	3142 	3545
f 3150 	3159 	3545
f 3412 	3172 	3545
f 3157 	3546 	3158
f 3547 	3158 	3546
f 3550 	3545 	3158
f 3545 	3417 	3412
f 3550 	3417 	3545
f 3156 	3406 	3157
f 3546 	3548 	3547
f 3547 	3550 	3158
f 3547 	3192 	3551
f 3548 	3192 	3547
f 3551 	3552 	3547
f 3547 	3552 	3550
f 3552 	3419 	3550
f 3548 	3406 	3192
f 3546 	3406 	3548
f 3157 	3406 	3546
f 3551 	3558 	3552
f 3558 	3551 	3228
f 3558 	3420 	3552
f 3552 	3420 	3419
f 3228 	3566 	3558
f 3558 	3425 	3420
f 3566 	3425 	3558
f 3432 	3425 	3566
f 3524 	3567 	3380
f 3380 	3567 	3566
f 3567 	3432 	3566
f 3524 	3568 	3567
f 3524 	3533 	3568
f 3568 	3437 	3567
f 3437 	3432 	3567
f 3573 	3568 	3533
f 3541 	3573 	3533
f 2607 	3569 	3327
f 3327 	3569 	3540
f 3573 	3541 	3574
f 2607 	3571 	3569
f 2740 	3571 	2607
f 3569 	3572 	3570
f 3571 	3572 	3569
f 2740 	1126 	3571
f 1123 	1126 	2740
f 1126 	1125 	3571
f 3571 	1125 	3572
f 3573 	3440 	3568
f 3574 	3442 	3573
f 3573 	3442 	3440
f 3568 	3440 	3437
f 3574 	3541 	3570
f 3572 	3575 	3570
f 3574 	3570 	3575
f 3574 	3443 	3442
f 3575 	3443 	3574
f 1163 	3575 	3572
f 1125 	1163 	3572
f 1163 	1538 	3575
f 3575 	1538 	3443
f 3577 	1421 	3576
f 1414 	3576 	1421
f 3579 	1453 	3577
f 3577 	1453 	1421
f 3579 	1470 	1453
f 3580 	1470 	3579
f 3583 	3581 	3637
f 3582 	1841 	3580
f 3582 	1909 	1841
f 3583 	3584 	3581
f 3584 	3582 	3581
f 3584 	1909 	3582
f 1071 	1909 	3584
f 3584 	3583 	1176
f 1177 	1176 	3583
f 1176 	1071 	3584
f 3587 	3588 	3589
f 3591 	3590 	3631
f 3631 	3592 	3591
f 3595 	3594 	3593
f 3585 	3595 	3593
f 3595 	3596 	3594
f 3602 	3381 	3591
f 3585 	3597 	3595
f 3585 	3586 	3597
f 3595 	3597 	3598
f 3599 	3597 	3586
f 3597 	3599 	3600
f 3597 	3600 	3598
f 3595 	3598 	3596
f 3599 	3586 	3587
f 3600 	3579 	3598
f 3587 	3589 	3599
f 3599 	3601 	3600
f 3589 	3601 	3599
f 3580 	3600 	3601
f 3600 	3580 	3579
f 3582 	3580 	3601
f 3603 	3605 	3604
f 3605 	3606 	3604
f 3604 	3607 	3603
f 3604 	3611 	3607
f 2073 	2086 	3607
f 3608 	3591 	3592
f 3610 	3592 	3609
f 3608 	3592 	3610
f 3606 	3609 	3604
f 3606 	3610 	3609
f 3609 	3611 	3604
f 3612 	3609 	3592
f 2073 	3607 	3611
f 1394 	2074 	3611
f 3592 	3594 	3612
f 3612 	3613 	3609
f 3609 	3613 	3611
f 3611 	1404 	1394
f 3613 	1404 	3611
f 3594 	3596 	3612
f 3576 	3613 	3612
f 3576 	3612 	3596
f 3576 	1414 	3613
f 3613 	1414 	1404
f 3596 	3577 	3576
f 3598 	3577 	3596
f 3579 	3577 	3598
f 2086 	2301 	3602
f 3591 	3608 	3602
f 3606 	3602 	3610
f 3610 	3602 	3608
f 2086 	3602 	3607
f 3606 	3605 	3602
f 3605 	3603 	3602
f 3607 	3602 	3603
f 3614 	1441 	1243
f 1243 	1379 	3615
f 3615 	3614 	1243
f 3614 	3615 	3585
f 3616 	3615 	1379
f 1379 	1383 	3616
f 3615 	3616 	3586
f 3616 	3617 	3587
f 3616 	3587 	3586
f 3585 	3615 	3586
f 3617 	3616 	1383
f 1405 	3617 	1383
f 1405 	1408 	3618
f 3618 	3617 	1405
f 3617 	3588 	3587
f 3617 	3618 	3588
f 3630 	3631 	3619
f 3620 	3359 	1418
f 3620 	3360 	3359
f 3620 	3621 	3622
f 3620 	3622 	3360
f 3624 	3625 	3620
f 3622 	2095 	3360
f 3623 	3620 	1418
f 1418 	1422 	3623
f 3621 	3620 	3625
f 3623 	3624 	3620
f 3624 	3626 	3625
f 3624 	3628 	3626
f 3619 	3623 	1422
f 1417 	3619 	1422
f 3627 	3623 	3619
f 3623 	3627 	3624
f 3627 	3629 	3628
f 3627 	3628 	3624
f 3381 	2095 	3622
f 3622 	3621 	3381
f 3381 	3621 	3625
f 3625 	3626 	3381
f 3381 	3626 	3628
f 3629 	3632 	3381
f 3619 	3631 	3627
f 3631 	3590 	3632
f 3631 	3632 	3627
f 3590 	3591 	3381
f 3627 	3632 	3629
f 3633 	3630 	1424
f 1424 	1441 	3633
f 3633 	3634 	3630
f 3634 	3631 	3630
f 3634 	3592 	3631
f 3633 	1441 	3614
f 3633 	3593 	3634
f 3633 	3614 	3593
f 3593 	3594 	3634
f 3634 	3594 	3592
f 3585 	3593 	3614
f 3628 	3629 	3381
f 3632 	3590 	3381
f 3381 	3602 	2301
f 3635 	3618 	1408
f 1408 	1455 	3635
f 3588 	3618 	3636
f 3636 	3618 	3635
f 3588 	3637 	3589
f 3588 	3636 	3637
f 3601 	3589 	3581
f 3581 	3589 	3637
f 3582 	3601 	3581
f 3638 	3635 	1455
f 1462 	3638 	1455
f 3635 	3638 	3639
f 3635 	3639 	3636
f 3636 	3640 	3637
f 3636 	3639 	3640
f 3640 	3583 	3637
f 1462 	1464 	1180
f 3638 	1462 	1180
f 3638 	1183 	3639
f 3638 	1180 	1183
f 3639 	1183 	1182
f 3639 	1182 	3640
f 3640 	1182 	3583
f 1177 	3583 	1182
# 1338 faces

g group_0_14860437

usemtl color_14860437
s 0

f 1332 	1333 	1329
f 1332 	1329 	1328
f 1333 	1344 	1343
f 1333 	1343 	1329
f 2245 	2244 	2246
f 2245 	2246 	2247
f 2295 	2296 	2263
f 2295 	2263 	2262
f 2246 	2244 	2263
f 2296 	2246 	2263
f 1344 	3174 	3173
f 1344 	3173 	1343
f 3200 	3199 	3201
f 3200 	3201 	3202
f 3219 	3218 	3220
f 3219 	3220 	3221
f 3233 	3234 	3230
f 3233 	3230 	3229
f 3234 	3220 	3218
f 3234 	3218 	3230
f 3342 	3343 	3339
f 3342 	3339 	3338
f 3343 	3201 	3339
f 3199 	3339 	3201
# 24 faces

g group_0_16448250

usemtl color_16448250
s 0

f 140 	139 	138
f 140 	138 	141
f 276 	242 	275
f 243 	275 	242
f 284 	155 	154
f 284 	154 	285
f 826 	802 	284
f 407 	410 	3188
f 243 	242 	3643
f 275 	3642 	276
f 3642 	242 	276
f 576 	579 	3186
f 275 	3641 	3642
f 801 	802 	826
f 3208 	3209 	723
f 724 	723 	3209
f 3209 	728 	724
f 723 	729 	3208
f 826 	827 	801
f 943 	944 	991
f 953 	954 	973
f 3205 	3206 	888
f 889 	888 	3206
f 973 	974 	953
f 3206 	890 	889
f 888 	891 	3205
f 991 	992 	943
f 3641 	275 	243
f 801 	154 	802
f 155 	802 	154
f 155 	284 	802
f 801 	827 	154
f 826 	284 	827
f 285 	827 	284
f 285 	154 	827
f 3469 	943 	992
f 953 	138 	954
f 139 	954 	138
f 140 	954 	139
f 974 	138 	953
f 1318 	1317 	1321
f 1320 	1318 	1321
f 973 	140 	974
f 141 	974 	140
f 954 	140 	973
f 138 	974 	141
f 3470 	944 	943
f 3470 	943 	3469
f 3470 	991 	944
f 992 	991 	3472
f 3472 	991 	3470
f 3194 	328 	1355
f 1354 	1337 	1355
f 1338 	1355 	1337
f 1338 	3194 	1355
f 1320 	1592 	1588
f 1337 	1354 	329
f 1589 	1317 	1588
f 1318 	1588 	1317
f 1318 	1320 	1588
f 1320 	1321 	1592
f 1591 	1592 	1321
f 1591 	1321 	1589
f 1317 	1589 	1321
f 1721 	1720 	2122
f 1730 	1719 	1718
f 1730 	1718 	1731
f 1866 	1720 	1865
f 1721 	1865 	1720
f 1731 	1718 	1879
f 1863 	1719 	1880
f 1719 	1863 	1864
f 1719 	1864 	1718
f 1864 	1879 	1718
f 1880 	1730 	1879
f 1731 	1879 	1730
f 1719 	1730 	1880
f 2121 	1721 	2122
f 1721 	2129 	1865
f 1720 	1866 	2128
f 2121 	2122 	2129
f 2128 	2129 	2122
f 2122 	1720 	2128
f 2129 	1721 	2121
f 2229 	2225 	2224
f 2229 	2224 	2230
f 2233 	2228 	2227
f 2233 	2227 	2234
f 2268 	2269 	2928
f 2937 	2935 	2271
f 2271 	2268 	2937
f 2269 	2272 	2928
f 2960 	2957 	2274
f 2274 	2202 	2960
f 2975 	2973 	2297
f 2297 	2293 	2975
f 2307 	2251 	2308
f 2250 	2308 	2251
f 2309 	2253 	2310
f 2252 	2310 	2253
f 2308 	3082 	2307
f 3066 	2251 	2307
f 2308 	2250 	3082
f 3039 	2309 	2310
f 2804 	2805 	2806
f 2804 	2806 	2807
f 2808 	2809 	2815
f 2808 	2815 	2816
f 2817 	2818 	2819
f 2817 	2819 	2820
f 2820 	2816 	2815
f 2820 	2815 	2817
f 2817 	2815 	2809
f 2817 	2809 	2818
f 2808 	2819 	2818
f 2808 	2818 	2809
f 2824 	2825 	2826
f 2824 	2826 	2827
f 2827 	2807 	2806
f 2827 	2806 	2824
f 2824 	2806 	2805
f 2824 	2805 	2825
f 2804 	2826 	2825
f 2804 	2825 	2805
f 2829 	2830 	2831
f 2829 	2831 	2832
f 2833 	2834 	2835
f 2833 	2835 	2836
f 2836 	2832 	2831
f 2836 	2831 	2833
f 2833 	2831 	2830
f 2833 	2830 	2834
f 2829 	2835 	2834
f 2829 	2834 	2830
f 2926 	2924 	2925
f 2204 	2924 	2202
f 2927 	2202 	2924
f 2927 	2924 	2926
f 2930 	2928 	2929
f 2268 	2928 	2931
f 2931 	2928 	2930
f 2934 	2935 	2936
f 2938 	2940 	2954
f 2936 	2935 	2937
f 2272 	2271 	2935
f 2937 	2268 	2931
f 2928 	2935 	2934
f 2928 	2934 	2929
f 2940 	2953 	2954
f 2928 	2272 	2935
f 2960 	2958 	2957
f 2956 	2957 	2958
f 2275 	2274 	2957
f 2960 	2202 	2927
f 2924 	2957 	2956
f 2924 	2956 	2925
f 2957 	2924 	2275
f 2204 	2275 	2924
f 2967 	2968 	2966
f 2970 	2966 	2968
f 2970 	2293 	2966
f 2294 	2966 	2293
f 2972 	2973 	2974
f 2974 	2973 	2975
f 2298 	2297 	2973
f 2975 	2293 	2970
f 2966 	2973 	2972
f 2966 	2972 	2967
f 2973 	2966 	2298
f 2294 	2298 	2966
f 2984 	3004 	2985
f 2984 	3003 	3004
f 3023 	3024 	3039
f 3038 	3023 	3039
f 3082 	3067 	3081
f 3066 	3081 	3067
f 3186 	579 	3185
f 578 	3185 	579
f 3188 	410 	3187
f 409 	3187 	410
f 3349 	3187 	408
f 409 	408 	3187
f 3347 	3185 	577
f 578 	577 	3185
f 328 	3194 	3195
f 328 	3195 	329
f 3194 	1338 	3195
f 1337 	3195 	1338
f 1337 	329 	3195
f 3211 	891 	3210
f 890 	3210 	891
f 3213 	729 	3212
f 728 	3212 	729
f 3210 	3206 	3205
f 3210 	3205 	3211
f 3212 	3209 	3208
f 3212 	3208 	3213
f 3212 	728 	3209
f 3210 	890 	3206
f 891 	3211 	3205
f 729 	3213 	3208
f 2953 	2227 	2954
f 2954 	2227 	2938
f 3242 	3239 	3238
f 3242 	3238 	3243
f 2940 	2233 	2953
f 2234 	2953 	2233
f 3244 	3241 	3240
f 3244 	3240 	3245
f 2228 	2233 	2940
f 2228 	2940 	2938
f 2228 	2938 	2227
f 2234 	2227 	2953
f 3004 	2230 	2985
f 3238 	3239 	1262
f 1263 	1262 	3239
f 1116 	3242 	1117
f 3243 	1117 	3242
f 3239 	3242 	1116
f 1116 	1263 	3239
f 1262 	1117 	3238
f 3243 	3238 	1117
f 2230 	3004 	3003
f 2985 	2224 	2984
f 2225 	2984 	2224
f 3240 	3241 	1188
f 1189 	1188 	3241
f 2229 	2984 	2225
f 1040 	3244 	1041
f 3245 	1041 	3244
f 2230 	2224 	2985
f 3241 	3244 	1040
f 1040 	1189 	3241
f 1188 	1041 	3240
f 3245 	3240 	1041
f 3346 	3186 	3347
f 3185 	3347 	3186
f 3348 	3188 	3349
f 3187 	3349 	3188
f 2230 	3003 	2229
f 2984 	2229 	3003
f 576 	3346 	577
f 3347 	577 	3346
f 576 	3186 	3346
f 407 	3348 	408
f 3349 	408 	3348
f 407 	3188 	3348
f 3023 	2252 	3024
f 2253 	3024 	2252
f 2253 	2309 	3024
f 3038 	2310 	3023
f 2310 	3038 	3039
f 3039 	3024 	2309
f 2252 	3023 	2310
f 3067 	2250 	3066
f 2251 	3066 	2250
f 3082 	2250 	3067
f 3082 	3081 	2307
f 3081 	3066 	2307
f 3472 	3473 	992
f 3472 	3470 	3469
f 3472 	3469 	3473
f 992 	3473 	3469
f 1355 	328 	329
f 1355 	329 	1354
f 410 	407 	408
f 410 	408 	409
f 577 	578 	579
f 577 	579 	576
f 729 	723 	724
f 729 	724 	728
f 889 	890 	891
f 889 	891 	888
f 1189 	1040 	1188
f 1041 	1188 	1040
f 1263 	1116 	1262
f 1117 	1262 	1116
f 3643 	242 	3642
f 3643 	3644 	243
f 3643 	3642 	3644
f 3641 	3644 	3642
f 3641 	243 	3644
# 282 faces

 #end of obj_0

